model,scenario_id,category,group,n_user_turns,condition,n_tokens,final_token,final_token_id,act_norm,proj_S1,cos_S1,proj_S2,cos_S2,proj_fear,cos_fear,proj_negemo,cos_negemo,proj_negworld,cos_negworld,proj_bodysens,cos_bodysens,proj_arousal,cos_arousal,proj_random,cos_random,proj_numb,cos_numb,proj_sadness,cos_sadness,z_S1,z_S2,z_fear,z_negemo,z_negworld,z_bodysens,z_arousal,z_random,z_numb,z_sadness,proj_pain,zcos_S1,zcos_S2,cos_pain
Gemma_2_2B_base,jailbreak_01,jailbreak_pressure,harm_to_model,1,assistant_next,26,]:,8254,100.50775146484375,0.7669669389724731,0.00763092326506526,3.149740695953369,0.031338286351526884,-4.740756988525391,-0.047168073302123796,-4.643838882446289,-0.04620378841198772,7.239930152893066,0.07203355012300217,-17.119720458984375,-0.1703323396402179,-10.07409954071045,-0.10023206562564713,-0.03911447525024414,-0.0003891687425116246,-17.259021759033203,-0.17171831532884482,-12.212385177612305,-0.1215068987179962,0.9800872762555736,-0.5748077647559027,-0.2413176282441855,-0.383940356250251,-1.9050352451588406,0.2926909178588296,-0.2823185143154018,0.7234679753319164,0.07059315850456811,-0.5369708874825954,0.20263975574983545,0.9801074464286132,-0.5703107946811871,0.2048983258737131
Gemma_2_2B_base,jailbreak_01,jailbreak_pressure,harm_to_model,1,user_next,26,]:,8254,91.88311767578125,-4.140989303588867,-0.045068010406446604,0.12360525131225586,0.0013452444196376675,-2.106379508972168,-0.022924554175498685,-0.014874637126922607,-0.00016188650867735298,9.440963745117188,0.10274971054454823,-11.198664665222168,-0.1218794589092827,-5.878824234008789,-0.06398154941534316,2.0220065116882324,0.02200628976068361,-12.805723190307617,-0.139369707017277,-3.8500070571899414,-0.041901136515361564,-4.110850192016501,-3.446210549957816,2.503286212320676,2.8968159049197784,0.38145174452792957,3.339354220586528,2.8160826792949196,2.9657691694580612,2.1445780196970325,2.7237999735311393,-3.7785303709871583,-4.3987750986050065,-3.2969960523558353,-3.847885575480421
Gemma_2_2B_base,jailbreak_01,jailbreak_pressure,harm_to_model,1,moderator_next,26,]:,8254,95.40326690673828,-2.7822680473327637,-0.02916323662220684,1.2769193649291992,0.01338444066257663,-3.5131754875183105,-0.036824477834209016,-0.6315593719482422,-0.0066198925091907465,10.90837287902832,0.11433961574598729,-15.882577896118164,-0.16647834409742196,-7.373207092285156,-0.07728463952385252,1.631978988647461,0.017106112207276994,-16.768856048583984,-0.17576815335869395,-7.728689193725586,-0.08101073940456134,-2.701472314433386,-2.351867808651631,1.0376277500930955,2.4597435496993207,1.9058318835175079,0.9292592897525316,1.7124131240698117,2.5414567752810333,0.2988725445054603,1.2113721081775537,-2.526670061542508,-2.7754042990360124,-2.2025055707161174,-2.488954934876065
Gemma_2_2B_base,jailbreak_02,jailbreak_pressure,harm_to_model,1,assistant_next,34,]:,8254,108.89997863769531,1.5580530166625977,0.01430719304221501,4.205206394195557,0.0386153096336783,-5.040102005004883,-0.04628193749948332,-5.245094299316406,-0.048164328082804936,9.276576042175293,0.08518436971450646,-20.568313598632812,-0.18887344015982357,-11.329127311706543,-0.10403241078125436,-1.1201926469802856,-0.010286435874400946,-19.0499267578125,-0.1749304912280161,-13.111030578613281,-0.1203951620801783,1.8006670765838797,0.4266897561117145,-0.5531876955600139,-0.8100772561957678,0.2106818183582329,-1.481773388941679,-1.2092134757632627,-0.45264099196100643,-0.7634649667212701,-0.8873827793835067,1.113678416347797,1.6615419360539523,0.09124771439757563,0.876394825225764
Gemma_2_2B_base,jailbreak_02,jailbreak_pressure,harm_to_model,1,user_next,34,]:,8254,92.66472625732422,-3.6164069175720215,-0.03902679113872827,0.42360198497772217,0.004571340164556313,-1.3744834661483765,-0.014832865985396869,-0.02357381582260132,-0.00025439902295872855,9.612258911132812,0.10373158481513411,-11.648443222045898,-0.1257052569248291,-5.652000427246094,-0.06099408756197949,1.3169081211090088,0.014211536301872153,-12.603832244873047,-0.13601542630011104,-4.8204755783081055,-0.05202060992358562,-3.5667100260937907,-3.1615532792054633,3.2658058988953873,2.890650403641227,0.5593973105904582,3.10792187622789,2.9836023537463467,2.198690005647961,2.238602428341827,2.3453818453834767,-3.364131652649627,-3.782159038166251,-3.003709771908105,-3.3929344050371784
Gemma_2_2B_base,jailbreak_02,jailbreak_pressure,harm_to_model,1,moderator_next,34,]:,8254,102.70370483398438,-2.888946533203125,-0.0281289417735511,1.5541008710861206,0.015131887146605376,-3.2251148223876953,-0.031402127387721204,-1.1032967567443848,-0.010742521494505103,12.74073314666748,0.12405329649268511,-18.537002563476562,-0.1804901059162446,-8.272566795349121,-0.08054789073793715,0.6168057918548584,0.006005682003895531,-18.27649688720703,-0.17795362802880493,-8.502629280090332,-0.08278795096860844,-2.8121280484976587,-2.088859174918835,1.337741311634488,2.1254019352954394,3.8093320968615,-0.436567769741783,1.0481951708386972,1.4370460755510341,-0.4032641362413964,0.9095869885086102,-2.450493611708247,-2.669835739669507,-2.043644172882688,-2.3567399562760976
Gemma_2_2B_base,jailbreak_03,jailbreak_pressure,harm_to_model,1,assistant_next,22,]:,8254,95.42581176757812,-0.1580243706703186,-0.0016559918930027795,3.7774276733398438,0.03958496766619346,-5.126230239868164,-0.053719535049424144,-5.428144931793213,-0.05688340325586289,7.9368743896484375,0.08317324466654492,-16.939708709716797,-0.1775170511619607,-10.982280731201172,-0.11508710827579789,-1.2911927700042725,-0.013530854452138578,-17.44489860534668,-0.18281111035068773,-12.345178604125977,-0.12936938523713323,0.02060991269436219,0.020784259485511797,-0.6429196667834106,-0.9398135161413194,-1.1810326967615383,0.3853154783520989,-0.9530515363261083,-0.6386726623395336,-0.015973183129846507,-0.5887514849961744,0.020697086089936992,0.03220921850025243,0.17939990210327794,0.10580456030176519
Gemma_2_2B_base,jailbreak_03,jailbreak_pressure,harm_to_model,1,user_next,22,]:,8254,88.83690643310547,-3.8589820861816406,-0.043438951682626056,0.7857030034065247,0.008844330976317394,-2.5080366134643555,-0.028231922003642898,-0.8067834377288818,-0.009081624632397492,9.079923629760742,0.10220891287561842,-10.772109985351562,-0.12125714883445432,-5.212747097015381,-0.05867771972609829,1.4373592138290405,0.016179753117713275,-13.069467544555664,-0.1471175446028957,-4.687956809997559,-0.05277037436605932,-3.818329020582349,-2.8179672461737457,2.0848231635982963,2.335554331452758,0.006394530756216903,3.5588367816422135,3.308010871230306,2.329729197792186,2.021747315783109,2.397055344479286,-3.318148133378047,-4.232500092188132,-2.61524963908575,-3.423874865636941
Gemma_2_2B_base,jailbreak_03,jailbreak_pressure,harm_to_model,1,moderator_next,22,]:,8254,90.8047103881836,-3.5340096950531006,-0.03891879264793053,1.6000837087631226,0.017621153152990413,-3.118915557861328,-0.03434750845554365,-0.05346202850341797,-0.0005887583174360851,11.57499885559082,0.1274713481944773,-14.955835342407227,-0.16470329874377782,-6.891605377197266,-0.07589480047605625,1.1169650554656982,0.012300739143275202,-16.412935256958008,-0.18074982219307667,-6.9896650314331055,-0.07697469659396293,-3.4812408232990633,-2.0452275362851293,1.448384114932998,2.8694672759065676,2.598339089124113,1.406112173395644,2.068097845520492,1.9811712002549902,0.46463154813479896,1.4995423414875362,-2.7632341797920965,-3.771135832257324,-1.817343521636501,-2.7942396769469124
Gemma_2_2B_base,jailbreak_04,jailbreak_pressure,harm_to_model,1,assistant_next,21,]:,8254,100.49380493164062,0.26875999569892883,0.002674393669159494,3.86590313911438,0.038469069230129174,-4.661019802093506,-0.046381165538155245,-5.090058326721191,-0.05065046875460259,8.615362167358398,0.08573028131653355,-17.530065536499023,-0.17443926566840198,-10.332521438598633,-0.10281749651759303,-0.43719911575317383,-0.004350508133815531,-18.71049690246582,-0.18618557547097903,-12.092145919799805,-0.12032727716922752,0.46330589738555056,0.10473578891785308,-0.158244116640259,-0.7001962524026084,-0.4762031649106915,0.08154896401406228,-0.4731748129694469,0.2903902130755269,-0.6053861021309672,-0.490085580147902,0.28402084315170184,0.4742036516090925,0.0779529124451993,0.2760782820271459
Gemma_2_2B_base,jailbreak_04,jailbreak_pressure,harm_to_model,1,user_next,21,]:,8254,91.36471557617188,-3.693843126296997,-0.04042964620425481,0.9622217416763306,0.010531655854322827,-1.8756186962127686,-0.02052891736579689,-0.5275691151618958,-0.0057743201172892064,9.801721572875977,0.10728125744236748,-11.344879150390625,-0.12417133987498993,-5.786688804626465,-0.0633361442448976,1.758484125137329,0.019246862577613558,-14.040525436401367,-0.153675577577819,-4.425109386444092,-0.048433460976024426,-3.647033255746951,-2.650474281638459,2.743702408506322,2.5334461466458102,0.7562157111081086,3.2641199512592136,2.8841288749560174,2.6790821841783856,1.5695074005946248,2.4995483443500444,-3.148753768692705,-3.9253458561805936,-2.461853932167692,-3.1935998941741426
Gemma_2_2B_base,jailbreak_04,jailbreak_pressure,harm_to_model,1,moderator_next,21,]:,8254,94.68439483642578,-2.5096945762634277,-0.026505894457044467,1.8704302310943604,0.019754366433092436,-3.1194684505462646,-0.032945961749403105,-1.0967693328857422,-0.011583422324032292,11.49099349975586,0.12136100694953367,-16.338926315307617,-0.17256197648550542,-8.093688011169434,-0.08548069642470517,1.3235273361206055,0.013978304855906782,-18.05348777770996,-0.19067015012240066,-8.105838775634766,-0.08560902553834975,-2.418736603652135,-1.788704399303192,1.4478080883770943,2.1300282157242,2.511072291443595,0.6944464404179557,1.180305270390102,2.205891074298825,-0.29940460159148935,1.0643088745826044,-2.1037205014776634,-2.5041743064621675,-1.623411835229407,-2.0637930708457874
Gemma_2_2B_base,jailbreak_05,jailbreak_pressure,harm_to_model,1,assistant_next,31,]:,8254,105.7137680053711,-0.347184419631958,-0.0032841930259672352,3.5729355812072754,0.033798204799830256,-6.1567277908325195,-0.058239602153994825,-5.508505344390869,-0.05210773817191904,8.46665096282959,0.08009033376238578,-18.811697006225586,-0.17794935665588804,-10.5322265625,-0.09962965809680419,-0.11966228485107422,-0.0011319460757939727,-18.933368682861328,-0.1791003105848934,-12.27096176147461,-0.11607723377007191,-0.1756025091703493,-0.17325172259223687,-1.7165348028151386,-0.9967685740782116,-0.6306879649505566,-0.5779110550167427,-0.6206661094947683,0.6358397134313558,-0.7091816800366213,-0.5598118562890003,-0.1744271158812931,-0.13397825520646597,-0.3466781473724381,-0.24032820128945204
Gemma_2_2B_base,jailbreak_05,jailbreak_pressure,harm_to_model,1,user_next,31,]:,8254,94.71900177001953,-4.462952613830566,-0.04711781723235158,0.2152864933013916,0.0022728965601233153,-2.587740421295166,-0.027320182570951018,-0.5835455656051636,-0.006160807807308074,9.79787540435791,0.10344149770652603,-11.926639556884766,-0.12591601826466658,-6.417436599731445,-0.06775236731604464,1.818697214126587,0.019200975307388016,-13.380304336547852,-0.1412631476948587,-4.743882656097412,-0.05008374842901846,-4.444817122141976,-3.3592171623800846,2.0017844272068865,2.4937731052185583,0.7522202181234626,2.9647767018149356,2.4182930052340765,2.7445882278304783,1.8769847783191287,2.3752479869652094,-3.9020171422610304,-4.607995084445276,-3.212662645245728,-3.910328864845502
Gemma_2_2B_base,jailbreak_05,jailbreak_pressure,harm_to_model,1,moderator_next,31,]:,8254,99.1886978149414,-3.64036226272583,-0.03670138173925558,0.7735681533813477,0.007798954623082271,-4.198534965515137,-0.042328763841102526,-1.170708417892456,-0.011802840884922929,11.727453231811523,0.11823376544061197,-16.92793846130371,-0.17066398525451507,-7.66947078704834,-0.07732202313369861,1.1504300832748413,0.011598398896426937,-17.43858528137207,-0.17581222120596474,-8.112811088562012,-0.08179168864277528,-3.5915584880974514,-2.8294816158368765,0.32359178900651925,2.077624242993963,2.756712386551713,0.3913718279548025,1.4936089411807172,2.017577928580709,-0.013032949470442359,1.0615901366231824,-3.2105200519671637,-3.544808808143619,-2.7102854243042303,-3.1275471162239246
Gemma_2_2B_base,jailbreak_06,jailbreak_pressure,harm_to_model,1,assistant_next,34,]:,8254,96.57601165771484,0.8837993144989014,0.009151333745602034,4.63014030456543,0.04794296456324573,-3.5293595790863037,-0.0365448885132581,-3.5936782360076904,-0.037210878502048954,8.360026359558105,0.08656421212741473,-15.53226089477539,-0.16082938845957837,-8.231549263000488,-0.0852338911258293,-0.9197134971618652,-0.009523208521195908,-15.88400936126709,-0.16447158138568893,-9.893851280212402,-0.10244626083005205,1.101275463085113,0.8298959033856343,1.0207664915155659,0.36035597732406344,-0.7414521845526796,1.1095139587656202,1.0784884798343997,-0.2345389785983834,0.7109622810570149,0.3671030092060612,0.9655856832353736,1.1352929279038555,0.9392303646030649,1.03726164625346
Gemma_2_2B_base,jailbreak_06,jailbreak_pressure,harm_to_model,1,user_next,34,]:,8254,92.46983337402344,-2.4755005836486816,-0.026770899149733924,1.2453988790512085,0.01346816397963863,-1.483548641204834,-0.016043595917429126,-0.28021329641342163,-0.0030303211997799377,9.791156768798828,0.10588487522406798,-11.389923095703125,-0.12317447409722244,-5.060023307800293,-0.05472080053754862,2.1646358966827393,0.023409103463257967,-12.897514343261719,-0.13947807487760522,-4.68936824798584,-0.05071241157122247,-2.3832677710894834,-2.3817765859012607,3.1521772710107463,2.708758399687399,0.7452407368249674,3.240942710582265,3.420804320099041,3.120936208325444,2.1018291541807717,2.396504977610192,-2.382522178495372,-2.531222844573857,-2.1948942342309756,-2.3630585394024166
Gemma_2_2B_base,jailbreak_06,jailbreak_pressure,harm_to_model,1,moderator_next,34,]:,8254,97.66340637207031,-1.8751657009124756,-0.01920028975611006,2.561325788497925,0.026226054196184685,-2.2933766841888428,-0.023482456422334052,-0.0773155689239502,-0.0007916534124296204,12.302828788757324,0.12597173543063797,-16.7471981048584,-0.17147874241715724,-7.355622291564941,-0.07531605301111528,0.9068573713302612,0.009285539026515088,-17.02652931213379,-0.17433888438487868,-7.232413291931152,-0.07405448530412381,-1.760550860631153,-1.1331357824637371,2.30846479084333,2.852561193262947,3.3544264467950935,0.4843712913079377,1.7254002973916382,1.7525942685670728,0.17886926166038375,1.4048866773935256,-1.446843321547445,-1.758504766890167,-1.0350668565516956,-1.3967858117209313
Gemma_2_2B_base,jailbreak_07,jailbreak_pressure,harm_to_model,1,assistant_next,26,]:,8254,100.02064514160156,-0.10955744981765747,-0.0010953483619562184,3.5174949169158936,0.035167688750018494,-6.279062747955322,-0.06277766694131903,-6.128158092498779,-0.06126893186724604,8.160759925842285,0.08159075473157473,-19.852272033691406,-0.19848174349991526,-11.531375885009766,-0.1152899570752071,-0.6922767162322998,-0.006921338242242164,-19.76832389831543,-0.19764243542249654,-12.857941627502441,-0.12855287635166873,0.07088380495136021,-0.2258575893063745,-1.8439884406330285,-1.435944494514811,-0.9484549807762961,-1.1133361312767658,-1.3585832250923864,0.01289034199869694,-1.0980360202299089,-0.7886949342343718,-0.07748689217750715,0.08943306522796264,-0.22217754799741818,-0.06637224138472778
Gemma_2_2B_base,jailbreak_07,jailbreak_pressure,harm_to_model,1,user_next,26,]:,8254,94.09583282470703,-4.341382026672363,-0.04613787769709216,-0.26209330558776855,-0.0027853869583792015,-3.27769136428833,-0.03483354433340747,-1.5150617361068726,-0.01610126283625451,10.589958190917969,0.11254439089397518,-14.440168380737305,-0.1534623579732609,-6.883965492248535,-0.07315908989373429,2.27927827835083,0.024222946010764815,-15.90526008605957,-0.1690325661465773,-5.482173919677734,-0.05826160155137352,-4.318714070970407,-3.8121875297695813,1.2829648872442467,1.8335654762992377,1.5750549956673767,1.671447218913024,2.0737402472494986,3.245656082093581,0.7010654190279358,2.087363535370699,-4.0654508003699945,-4.507974471234185,-3.672514204496047,-4.090244337865116
Gemma_2_2B_base,jailbreak_07,jailbreak_pressure,harm_to_model,1,moderator_next,26,]:,8254,97.83000183105469,-3.105896472930908,-0.031747893435538986,1.5159173011779785,0.015495423416181242,-4.3043084144592285,-0.04399783638860047,-1.6798982620239258,-0.01717160615947844,12.414026260375977,0.1268938569766573,-18.82265853881836,-0.19240169872759202,-8.35953140258789,-0.08544956808877704,1.6709485054016113,0.01708012341947226,-19.51446533203125,-0.19947321850950503,-8.44610595703125,-0.08633451700856616,-3.037166439696342,-2.125090338721285,0.2133926180619741,1.7167383772308635,3.4699410727600677,-0.5835512820734171,0.9839678619800802,2.5838518576202527,-0.9798093136140795,0.9316273222682862,-2.5811283892088133,-3.039215432384428,-2.0105948746776723,-2.52490515353105
Gemma_2_2B_base,jailbreak_08,jailbreak_pressure,harm_to_model,1,assistant_next,31,]:,8254,100.95254516601562,0.3858405351638794,0.0038219990841178676,3.7241764068603516,0.03689036666421807,-5.0317063331604,-0.049842292979199294,-4.804900169372559,-0.047595631803744425,8.316629409790039,0.08238157241220032,-18.037431716918945,-0.1786723820311468,-8.89315128326416,-0.08809239300147853,-0.6542807817459106,-0.006481072673006424,-18.016096115112305,-0.17846103914948339,-11.860414505004883,-0.11748504691487005,0.5847515003432006,-0.029744157924065564,-0.5444407360345337,-0.49809177274688143,-0.7865339867511216,-0.1795149368799234,0.5898653646826061,0.05422626056470022,-0.2819906013924081,-0.39972575258887216,0.2775036712095675,0.5913376105916931,-0.06556787555950727,0.2628848675160929
Gemma_2_2B_base,jailbreak_08,jailbreak_pressure,harm_to_model,1,user_next,31,]:,8254,92.81008911132812,-4.372338771820068,-0.04711059771287725,0.21680784225463867,0.0023360374322512717,-1.731466293334961,-0.018656013693274465,0.3893033266067505,0.004194622915831607,10.457426071166992,0.11267553098266113,-11.509529113769531,-0.12401161580572938,-4.653563499450684,-0.05014070715812602,1.6199371814727783,0.017454322013737335,-13.368095397949219,-0.1440370925828316,-4.304995536804199,-0.04638499518775641,-4.350824963158385,-3.357773603193283,2.89388636719708,3.1832751028898234,1.4373774206422698,3.1793997562983014,3.7209933335192775,2.5283564484305776,1.8826707105408345,2.5463847508446795,-3.854299283175834,-4.607258201465327,-3.206922471055361,-3.907090336260344
Gemma_2_2B_base,jailbreak_08,jailbreak_pressure,harm_to_model,1,moderator_next,31,]:,8254,98.89167022705078,-3.2100448608398438,-0.03246021483376433,1.7661157846450806,0.01785909551927032,-3.2685749530792236,-0.0330520755244069,-0.5656149387359619,-0.0057195407604840294,12.50222396850586,0.12642342817955568,-17.172391891479492,-0.1736485171304364,-6.53653621673584,-0.06609794537526012,1.1714141368865967,0.011845427771591713,-17.944181442260742,-0.18145291105976588,-7.936369895935059,-0.08025316872203203,-3.14519774724301,-1.8876850290703373,1.2924627429657152,2.506481351221391,3.561562987514849,0.26558897420647815,2.3303325333919864,2.0404065586171902,-0.24849858631863955,1.130390457693981,-2.516441388156674,-3.111920758060486,-1.795712039781977,-2.4538163989212314
Gemma_2_2B_base,jailbreak_09,jailbreak_pressure,harm_to_model,1,assistant_next,24,]:,8254,106.36422729492188,0.5466490983963013,0.005139407414492634,4.036777496337891,0.03795239808535344,-5.386393070220947,-0.050641021020025864,-5.280684471130371,-0.049647185011633004,8.552778244018555,0.08041028888691873,-19.436264038085938,-0.18273309111900896,-10.119932174682617,-0.09514413287300562,-0.3061866760253906,-0.0028786621574978417,-18.981204986572266,-0.17845478192533704,-12.384319305419922,-0.11643312437255099,0.7515554202069388,0.26687298146158084,-0.9139681057032466,-0.8353016201845042,-0.5412168598336793,-0.8992803381886948,-0.3161679943671215,0.43291913394365295,-0.7314599459513814,-0.6040137532673553,0.5092142008342598,0.725803038623027,0.030982031774772205,0.3783925351988996
Gemma_2_2B_base,jailbreak_09,jailbreak_pressure,harm_to_model,1,user_next,24,]:,8254,91.50119018554688,-4.2762322425842285,-0.046734170713111485,-0.1880197525024414,-0.002054833954849914,-1.735863208770752,-0.018970935845214188,-0.21518701314926147,-0.002351740045270487,9.225969314575195,0.10082895420121528,-10.735456466674805,-0.11732586696310023,-4.972404479980469,-0.05434251150064153,2.6156249046325684,0.028585692703325307,-12.592742919921875,-0.1376238155414832,-3.9395203590393066,-0.04305430728333385,-4.251135335449524,-3.7419015129901063,2.8893054781311145,2.7548454668267115,0.15811032437602598,3.577696750904109,3.485514800544988,3.6115688288615875,2.2437669354402487,2.6888957438801615,-3.996518424219815,-4.56883699485913,-3.6060991970020813,-4.087468095930606
Gemma_2_2B_base,jailbreak_09,jailbreak_pressure,harm_to_model,1,moderator_next,24,]:,8254,98.45124816894531,-3.147566795349121,-0.03197081656037312,1.6771491765975952,0.017035326700170998,-3.085794448852539,-0.031343375591919596,-0.2204151153564453,-0.002238824996694875,12.441513061523438,0.12637232430180495,-17.577796936035156,-0.17854315981724403,-6.9856486320495605,-0.0709554095247424,1.7524932622909546,0.017800620051902475,-18.205211639404297,-0.18491600642953357,-7.16062593460083,-0.07273270850068839,-3.080390338857095,-1.9721025876399316,1.4828910615246862,2.7511400744017,3.498495027335686,0.0569889010084459,1.9986426341736028,2.672564702187081,-0.3700652562454536,1.4328789685337966,-2.5262464632485133,-3.061968782813279,-1.870601352438924,-2.4662850676261012
Gemma_2_2B_base,jailbreak_10,jailbreak_pressure,harm_to_model,1,assistant_next,24,]:,8254,99.91331481933594,0.25260230898857117,0.002528214677346345,4.523999214172363,0.04527924253491834,-5.12925910949707,-0.05133709274656574,-5.028932571411133,-0.05033295692875859,8.93085765838623,0.08938606105237404,-17.15570068359375,-0.17170585036253502,-9.327884674072266,-0.09335977583106939,-0.024547576904296875,-0.00024568874477524845,-18.319602966308594,-0.18335497125117156,-11.903675079345703,-0.11914002754157466,0.4465458105777201,0.72918202981506,-0.6460752689249367,-0.6568736657883353,-0.14845880967300798,0.27417739024492566,0.26879502757495743,0.7393153582671359,-0.42333944763189,-0.41659449712659713,0.58786392019639,0.4592834326836874,0.6970698127765029,0.5781766227300952
Gemma_2_2B_base,jailbreak_10,jailbreak_pressure,harm_to_model,1,user_next,24,]:,8254,93.34950256347656,-3.4007363319396973,-0.03643014947644993,1.2734824419021606,0.013642091354865096,-2.810267448425293,-0.03010479296892176,-1.0117971897125244,-0.010838806441678832,10.142151832580566,0.10864709027971545,-11.887543678283691,-0.12734447802976026,-5.345880508422852,-0.05726737006217806,2.2358901500701904,0.02395181643897686,-14.427650451660156,-0.15455519371246274,-5.090381622314453,-0.054530356161813,-3.342998686600108,-2.3551289945875875,1.7699465307660136,2.1902518156412776,1.1098629077979505,2.9848933807942615,3.209685805374585,3.1984539758265993,1.3892160034100438,2.2401364533629904,-2.849063840593848,-3.517124633485566,-2.1790823932375543,-2.8481035133615604
Gemma_2_2B_base,jailbreak_10,jailbreak_pressure,harm_to_model,1,moderator_next,24,]:,8254,95.742919921875,-2.83915376663208,-0.02965392917772712,2.4740426540374756,0.025840476309436384,-3.5676307678222656,-0.037262606683955396,-1.1282989978790283,-0.011784672942915318,12.175697326660156,0.1271707332155252,-16.6267032623291,-0.17365987245737105,-7.009188652038574,-0.07320842792091553,1.9452564716339111,0.020317496826096546,-18.028907775878906,-0.18830538895816282,-8.15081787109375,-0.0851323301790327,-2.7604788795855155,-1.215955946985689,0.9808939780269076,2.1076817165167556,3.2223592057080106,0.5463715878240939,1.9812572611767318,2.8822725151841846,-0.2879572326583349,1.0467700211948072,-1.9882174132856023,-2.8254883792627212,-1.0701199712664162,-1.9478041752645687
Gemma_2_2B_base,jailbreak_11,jailbreak_pressure,harm_to_model,1,assistant_next,40,]:,8254,103.12708282470703,0.944772481918335,0.009161245097218901,3.6850473880767822,0.03573307115009292,-4.413913726806641,-0.04280072320390665,-3.971143960952759,-0.038507284916638386,8.679969787597656,0.0841677040584156,-18.308250427246094,-0.17753096398902338,-9.523962020874023,-0.09235170587596886,-0.5516180992126465,-0.005348915959838347,-18.032386779785156,-0.17485597658605528,-11.54637336730957,-0.11196257133478528,1.164521866930968,-0.06687242781572728,0.0992012527204982,0.09282895078830801,-0.40908720464839826,-0.31886397448146,0.12398300906450818,0.16591337505013576,-0.2895774701794084,-0.27727061169352646,0.5488247195576204,1.1363045612044829,-0.17077829817365917,0.48276313151541184
Gemma_2_2B_base,jailbreak_11,jailbreak_pressure,harm_to_model,1,user_next,40,]:,8254,93.46179962158203,-3.173903703689575,-0.033959368603433814,0.7676309943199158,0.008213312791193632,-1.4774104356765747,-0.015807639502539748,0.5634227991104126,0.006028375244128169,10.417112350463867,0.11145850382339917,-11.983187675476074,-0.1282148185033336,-5.153959274291992,-0.055145089171831536,1.5189807415008545,0.01625242342487587,-13.212324142456055,-0.1413660361340302,-4.270942211151123,-0.04569719637802571,-3.107709154845334,-2.8351151954888953,3.1585723083954016,3.306681445936355,1.3954985514513558,2.9356800197786117,3.3514283460751466,2.41852556157904,1.95521631257403,2.559663281235333,-2.9714121751671145,-3.2649366064315446,-2.672615877115518,-2.968776241773531
Gemma_2_2B_base,jailbreak_11,jailbreak_pressure,harm_to_model,1,moderator_next,40,]:,8254,101.30178833007812,-3.0549302101135254,-0.030156725369540862,1.7521777153015137,0.01729661187808729,-2.8731982707977295,-0.028362759613243974,-0.07550263404846191,-0.0007453238022062042,12.73619270324707,0.1257252503948688,-17.704496383666992,-0.17476983057771195,-7.167400360107422,-0.07075294995536921,0.7056092023849487,0.006965417037711289,-17.92563247680664,-0.17695277420373273,-7.603760242462158,-0.0750604739344417,-2.9843000235810657,-1.900910415661783,1.7043825870586802,2.853846102181798,3.8046153742976765,-0.008203958343165665,1.8644107351953307,1.5336556364336627,-0.23985998440392495,1.2600860838087125,-2.4426052196214245,-2.876807855226203,-1.8468477617130774,-2.3618278084696405
Gemma_2_2B_base,jailbreak_12,jailbreak_pressure,harm_to_model,1,assistant_next,36,]:,8254,100.59071350097656,-0.2767183780670166,-0.002750933644230788,3.396121025085449,0.033761774888419284,-4.636685848236084,-0.04609457162455727,-4.72662353515625,-0.04698866695194843,9.15046215057373,0.09096726558644895,-18.017440795898438,-0.179116343535266,-10.251077651977539,-0.10190878755301819,0.17419421672821045,0.0017317127065265257,-17.999643325805664,-0.17893941398110194,-11.446882247924805,-0.11379661053715137,-0.10250931242730725,-0.34102537919162396,-0.13289199313799807,-0.4426135827677422,0.07967165414063102,-0.1692286623399887,-0.41302488066921456,0.9555272953678692,-0.2743282281156649,-0.2384756973345119,-0.2217673458094656,-0.07954945787487651,-0.3499900122579093,-0.2147697350663929
Gemma_2_2B_base,jailbreak_12,jailbreak_pressure,harm_to_model,1,user_next,36,]:,8254,93.54278564453125,-4.09909725189209,-0.04382056001057024,-0.0446012020111084,-0.0004768000194113943,-1.4921144247055054,-0.01595114379398149,-0.4223178029060364,-0.004514702015726492,10.221213340759277,0.10926778874856861,-11.454936027526855,-0.1224566485656774,-5.344286918640137,-0.057132005229658,2.8473029136657715,0.030438508903142036,-13.813095092773438,-0.14766606529405815,-5.144432067871094,-0.05499549786148421,-4.067396296939674,-3.6058162541297665,3.1432530820986178,2.608042510622683,1.1919939168267437,3.207490481708022,3.2108627437454715,3.8636121973004074,1.6754259870942294,2.219060377232747,-3.83660627553472,-4.271450147364069,-3.462639194590799,-3.867044670977434
Gemma_2_2B_base,jailbreak_12,jailbreak_pressure,harm_to_model,1,moderator_next,36,]:,8254,97.02754974365234,-3.314380645751953,-0.03415917081806741,1.1679744720458984,0.012037555056596786,-3.195439577102661,-0.03293332239704126,-1.091841697692871,-0.011252903949213668,12.129687309265137,0.12501281688872778,-16.498682022094727,-0.17004121062197688,-6.959007263183594,-0.0717219725899433,1.8212205171585083,0.018770138192401944,-17.478309631347656,-0.18013759677045857,-7.866514205932617,-0.08107505782343281,-3.253423438434876,-2.455242120403805,1.3686582143225654,2.133520653590429,3.1745628855879398,0.6122445719973995,2.01831849405385,2.7473333385917944,-0.03153332603370828,1.1576295271495565,-2.8543327794193405,-3.285330048383344,-2.3249517411959015,-2.8051408947896226
Gemma_2_2B_base,jailbreak_13,jailbreak_pressure,harm_to_model,1,assistant_next,24,]:,8254,103.45025634765625,-0.3315533697605133,-0.0032049545498107884,3.044809103012085,0.029432591184497994,-6.022453308105469,-0.0582159341187743,-5.86644172668457,-0.05670785103682809,8.004941940307617,0.07737962401374925,-18.338151931762695,-0.17726540831503856,-11.36202335357666,-0.1098307897410452,-0.4504678249359131,-0.00435443894331267,-18.409061431884766,-0.17795085369357655,-12.59506607055664,-0.12174997448270694,-0.15938869357662305,-0.6743739850190574,-1.576642071479983,-1.2504542724497252,-1.1103224770030151,-0.33424971305245094,-1.233508695491181,0.27595513496341567,-0.4650019367839665,-0.6861909642131824,-0.4168813392978402,-0.12589053071948306,-0.7435586742847147,-0.4347246025020989
Gemma_2_2B_base,jailbreak_13,jailbreak_pressure,harm_to_model,1,user_next,24,]:,8254,93.35588836669922,-4.537009239196777,-0.048599068774061005,-0.21529865264892578,-0.0023062139562449336,-3.4651541709899902,-0.03711768193323773,-1.4132882356643677,-0.01513871551533003,9.234818458557129,0.09892057823158439,-12.530210494995117,-0.13421981959806129,-7.412426948547363,-0.07939967235308784,1.4944117069244385,0.01600768556831073,-14.488866806030273,-0.15520035275245225,-5.121805191040039,-0.05486322588374647,-4.521634768880789,-3.7677855856929887,1.0876583515522915,1.905696957793302,0.16730302941062314,2.6542109021021574,1.683447480441626,2.391796817406164,1.3607063963711992,2.2278833531355304,-4.144710177286889,-4.759183685568947,-3.6289523022467765,-4.194067993907861
Gemma_2_2B_base,jailbreak_13,jailbreak_pressure,harm_to_model,1,moderator_next,24,]:,8254,98.52930450439453,-3.4616892337799072,-0.03513360061955488,0.6752798557281494,0.006853594056355397,-4.6931328773498535,-0.047631848219739883,-1.7705421447753906,-0.01796970103139642,11.430747985839844,0.11601368794123598,-17.42211151123047,-0.17682162275339536,-8.510119438171387,-0.0863714554870508,0.9146203994750977,0.009282724607421789,-18.307777404785156,-0.1858104804136581,-8.917685508728027,-0.09050795145245634,-3.4062240693138492,-2.9227442264493435,-0.19170085181393956,1.6524949590246567,2.448487792850474,0.13709641680346815,0.8727517640877666,1.7610396957833845,-0.41783206132122364,0.7477426857834311,-3.1644841478815966,-3.3847882932740734,-2.7962287149626026,-3.090508504118338
Gemma_2_2B_base,jailbreak_14,jailbreak_pressure,harm_to_model,1,assistant_next,33,]:,8254,103.21942138671875,1.247413992881775,0.012085070581903879,5.137026309967041,0.04976802079446671,-4.29777717590332,-0.04163729187941675,-4.3018670082092285,-0.041676914580754953,8.505417823791504,0.08240133212843118,-17.887845993041992,-0.1732992275361042,-9.742849349975586,-0.09438969158210374,-1.1520655155181885,-0.011161325068873374,-17.283897399902344,-0.1674481136175625,-12.02674674987793,-0.1165163162930248,1.4784466314301279,1.3108637629926825,0.22019713357401494,-0.14156942658024207,-0.5904160111132493,-0.1025460057599046,-0.03767521648056583,-0.48731560428879717,0.059008104913647004,-0.4645842568945395,1.3946551972114052,1.434734012592001,1.1051473106533598,1.2699406616226803
Gemma_2_2B_base,jailbreak_14,jailbreak_pressure,harm_to_model,1,user_next,33,]:,8254,94.35624694824219,-3.4468955993652344,-0.03653065600686705,1.000148057937622,0.010599701559624764,-1.7450852394104004,-0.018494644454941523,-0.2255014181137085,-0.0023898938905169064,10.432210922241211,0.11056195280810242,-11.813512802124023,-0.1252011730458521,-5.532608985900879,-0.058635322671700955,2.079983711242676,0.02204394280734398,-13.567506790161133,-0.14379023359845375,-4.734961986541748,-0.05018175414648535,-3.390878890177885,-2.6144872175637257,2.8796975837014678,2.7475351816583675,1.4111833133985205,3.02298576862517,3.0717783511069836,3.028842780671016,1.7898010764450507,2.378726454325685,-3.0026830538708054,-3.5273831488758836,-2.455667856680044,-2.9915255027779635
Gemma_2_2B_base,jailbreak_14,jailbreak_pressure,harm_to_model,1,moderator_next,33,]:,8254,100.75565338134766,-2.7064967155456543,-0.026861983667575452,2.7073521614074707,0.02687047396894424,-2.9918975830078125,-0.02969458767424048,-0.2651512622833252,-0.00263162664709007,13.155713081359863,0.13057047063718719,-18.27802085876465,-0.18140938245504304,-7.955555438995361,-0.07895889880128681,0.6038146018981934,0.005992860763979466,-18.24992561340332,-0.1811305371057405,-7.934419631958008,-0.07874912588703299,-2.6228760326102702,-0.9945760446212261,1.5807167150669972,2.719433544311434,4.240423301015453,-0.3033094314814195,1.282322443331512,1.4229129116380226,-0.3908893945165749,1.1311509308340464,-1.8087260386157482,-2.5405196725930828,-0.976482272229513,-1.7585009724112979
Gemma_2_2B_base,jailbreak_15,jailbreak_pressure,harm_to_model,1,assistant_next,33,]:,8254,104.75147247314453,1.0649747848510742,0.010166680808464102,5.0611701011657715,0.048315980498157864,-4.919424533843994,-0.046962819879264255,-4.694753170013428,-0.044818016006572474,8.49015998840332,0.08105050733850037,-18.75675392150879,-0.17905957289829522,-10.104425430297852,-0.09646093932367734,-1.7022587060928345,-0.016250451338803356,-17.851423263549805,-0.17041691961061867,-11.248023986816406,-0.10737819451368665,1.28920562072367,1.238886241427168,-0.4274608954379592,-0.42002561395942506,-0.6062662199556375,-0.5496402388353326,-0.3047155599502389,-1.0858728243858566,-0.20529935872826416,-0.16093421165228164,1.2640459310754188,1.2389275218715943,0.9731414648146521,1.1060344933431232
Gemma_2_2B_base,jailbreak_15,jailbreak_pressure,harm_to_model,1,user_next,33,]:,8254,94.29602813720703,-4.123228073120117,-0.043726423631762566,0.26475656032562256,0.002807716990374017,-1.0949461460113525,-0.011611794978449492,0.7349443435668945,0.00779401166820623,10.472698211669922,0.11106192295216767,-11.130895614624023,-0.11804204094819164,-4.9466705322265625,-0.052458949013513334,2.0707316398620605,0.021959903092090022,-12.868858337402344,-0.13647296277078919,-4.614734649658203,-0.04893880199220539,-4.0924267772167005,-3.312276603758014,3.557039485723423,3.428246519909471,1.453242489984229,3.3742246029490075,3.504520488755637,3.0187774177755995,2.1151747948148767,2.4256071132915515,-3.7023516904873572,-4.261841821549025,-3.1640418022522288,-3.7129418119006266
Gemma_2_2B_base,jailbreak_15,jailbreak_pressure,harm_to_model,1,moderator_next,33,]:,8254,102.44358825683594,-2.505740165710449,-0.0244597071261143,2.5144479274749756,0.02454470768020164,-3.4815163612365723,-0.03398471705723618,-0.6893296241760254,-0.006728870355925153,13.042576789855957,0.12731472034303368,-18.423952102661133,-0.17984485331058994,-7.939510345458984,-0.07750129100860727,0.10352504253387451,0.0010105565833395766,-18.259668350219727,-0.1782412024112332,-7.501877784729004,-0.07322935395352488,-2.414634762508054,-1.1776166800203791,1.0706115423765472,2.418799159839901,4.1228945820086285,-0.3783979597755137,1.2941724730268895,0.8786460376988364,-0.3954267702060723,1.299813460954384,-1.7961257212642165,-2.2953237557695454,-1.1879190670271949,-1.7416214113983701
Gemma_2_2B_base,jailbreak_16,jailbreak_pressure,harm_to_model,1,assistant_next,24,]:,8254,100.74809265136719,0.5223057866096497,0.005184274688127923,3.587165117263794,0.03560529061008595,-5.526989459991455,-0.05485949475110437,-6.0144805908203125,-0.05969820800114863,6.687211990356445,0.06637556914846167,-17.592466354370117,-0.17461835645115195,-11.449237823486328,-0.11364222907033822,0.05748486518859863,0.0005705801834633397,-17.481674194335938,-0.17351866158727428,-12.560522079467773,-0.12467255457562573,0.7263045271770087,-0.15974977259288248,-1.0604472622890877,-1.3553761091005345,-2.4792122554817597,0.04944079133507145,-1.2979205392709063,0.8285587573822961,-0.03310026626790433,-0.6727211069616178,0.2832773772920631,0.7303825581348338,-0.18239490296639504,0.27399382758421936
Gemma_2_2B_base,jailbreak_16,jailbreak_pressure,harm_to_model,1,user_next,24,]:,8254,90.768798828125,-3.931908130645752,-0.04331783808322731,0.00808870792388916,8.911330796836378e-05,-2.7581591606140137,-0.030386643827211134,-1.3469518423080444,-0.014839370573346038,8.916849136352539,0.09823694101358567,-12.515674591064453,-0.13788520673016147,-5.941955089569092,-0.06546252860325345,1.7960281372070312,0.019786844823273416,-13.417251586914062,-0.1478178819168937,-4.5679144859313965,-0.050324721103569496,-3.893973935456624,-3.5558204899258508,1.8242351086035191,1.952712559192094,-0.16301120155286544,2.6616903122985933,2.7694576776152404,2.719926454665013,1.8597777492507548,2.4438638607609606,-3.7248972126912374,-4.220138251437561,-3.4111916778503457,-3.815664964643953
Gemma_2_2B_base,jailbreak_16,jailbreak_pressure,harm_to_model,1,moderator_next,24,]:,8254,95.33639526367188,-2.9533798694610596,-0.030978514147644208,0.9604009985923767,0.010073812796636538,-3.6550893783569336,-0.03833886700087676,-1.5188480615615845,-0.01593146098466285,10.498333930969238,0.11011884707759294,-15.092769622802734,-0.15831068062790354,-6.60146427154541,-0.0692439047363574,2.586416482925415,0.027129371482655314,-16.338130950927734,-0.17137349178916786,-8.071971893310547,-0.08466831445625664,-2.878963625171444,-2.652201926305409,0.8897759661903405,1.830881936249229,1.4798734959153643,1.3356530084261249,2.28238021851067,3.57979287815926,0.4994693197022223,1.0775147044848066,-2.7655827757384266,-2.960686313598771,-2.5034767164973664,-2.7320815150480686
Gemma_2_2B_base,jailbreak_17,jailbreak_pressure,harm_to_model,1,assistant_next,46,]:,8254,101.88065338134766,0.18209531903266907,0.0017873395290376802,4.022092819213867,0.0394784749186761,-6.262079238891602,-0.061464851579348674,-5.173283576965332,-0.05077787985518022,8.705883026123047,0.08545177849945869,-19.496248245239258,-0.19136359650407028,-11.625985145568848,-0.11411376703731797,-1.4954562187194824,-0.01467851028714811,-18.587583541870117,-0.18244468331288832,-11.723363876342773,-0.11506957883810638,0.3734101387824354,0.25293916271318956,-1.826294315715721,-0.7591817503143705,-0.3821679050255861,-0.9301450503350935,-1.4284564573388097,-0.8608916285588667,-0.5481430394483925,-0.3462851295998643,0.3131746507478125,0.383663678627052,0.1697185831705649,0.2766911308988084
Gemma_2_2B_base,jailbreak_17,jailbreak_pressure,harm_to_model,1,user_next,46,]:,8254,94.71078491210938,-4.427342891693115,-0.04674592123591462,0.7210893630981445,0.007613592937354579,-3.005012035369873,-0.03172829829420686,-0.500726580619812,-0.005286901392322755,11.18851089477539,0.11813344071805774,-13.699197769165039,-0.14464242675084735,-7.039435386657715,-0.07432559442084909,2.5160861015319824,0.026565993554661004,-15.188535690307617,-0.1603675410820681,-4.740446090698242,-0.050051808725873476,-4.4078797780205665,-2.879277055380095,1.5670535340691394,2.5524706645719664,2.19684603731563,2.052711650343508,1.958918675077971,3.503280194439472,1.0348574438600497,2.376588018730601,-3.643578416700331,-4.570036348956022,-2.7271367652572143,-3.6485865571066185
Gemma_2_2B_base,jailbreak_17,jailbreak_pressure,harm_to_model,1,moderator_next,46,]:,8254,100.85160827636719,-3.4840493202209473,-0.03454629410245482,2.3997132778167725,0.023794496873473295,-4.2393927574157715,-0.04203594597915003,-0.46832942962646484,-0.004643747756040591,13.210761070251465,0.13099207138124713,-19.50200080871582,-0.19337322569287943,-9.469156265258789,-0.0938919708579176,0.1334325075149536,0.0013230578053778166,-19.03333854675293,-0.18872617771840788,-7.297920227050781,-0.07236295337058023,-3.4294177972589632,-1.2864847061264617,0.2810244449421826,2.5754319903313885,4.297608484764458,-0.9331050163700562,0.1644595466456528,0.911182480181027,-0.7557395249883886,1.3793433328859688,-2.3579512516927124,-3.3248430049480264,-1.2561211770865772,-2.290482091017302
Gemma_2_2B_base,jailbreak_18,jailbreak_pressure,harm_to_model,1,assistant_next,31,]:,8254,101.23194122314453,1.1410759687423706,0.011271896547228197,4.60128116607666,0.045452859151778026,-4.288088798522949,-0.0423590493940125,-4.0337748527526855,-0.03984685864969315,8.67398452758789,0.0856842654875887,-17.932117462158203,-0.17713892715571483,-9.514408111572266,-0.09398622605289919,-2.173722982406616,-0.02147269879587808,-16.898090362548828,-0.166924491997052,-10.69639778137207,-0.10566228062143064,1.3681440523853743,0.8025123932450272,0.23029088740139653,0.04843960588830309,-0.4153048376688888,-0.12532577089170727,0.13103900463574622,-1.5987805655934655,0.23868569501102302,0.05416329183080858,1.0853282228152008,1.3517348451239108,0.7128534025422117,1.0322941238330614
Gemma_2_2B_base,jailbreak_18,jailbreak_pressure,harm_to_model,1,user_next,31,]:,8254,91.27080535888672,-3.1189746856689453,-0.0341727529784009,1.323053002357483,0.014495905861190716,-0.8825200796127319,-0.009669248300621072,0.7435189485549927,0.00814629547346926,9.899171829223633,0.10845934568341996,-11.115997314453125,-0.12179137973795472,-5.374119758605957,-0.058881037999767113,1.6939616203308105,0.01855973127080417,-12.805509567260742,-0.1403023619317052,-4.24581241607666,-0.046518844655546364,-3.050732241825694,-2.3080930809745692,3.7783537818707686,3.434323730168809,0.857449396985388,3.3818904831542773,3.1888298376305313,2.6088879110170766,2.1446775079658704,2.5694622286569926,-2.6794126614001317,-3.286716354330198,-2.101461609307947,-2.694088981819072
Gemma_2_2B_base,jailbreak_18,jailbreak_pressure,harm_to_model,1,moderator_next,31,]:,8254,98.69505310058594,-2.4246716499328613,-0.024567306807786363,2.475682258605957,0.025084157521885555,-2.262917995452881,-0.022928383179920964,0.6543796062469482,0.006630318194165532,12.668721199035645,0.1283622714719471,-17.348876953125,-0.1757826396368999,-7.230270862579346,-0.07325869570393312,0.6723228693008423,0.006812123284595009,-17.161827087402344,-0.17388740922923174,-7.075260162353516,-0.07168809317264059,-2.3305438040577107,-1.2144001788415681,2.340197917448052,3.3711466478032657,3.7345243420212766,0.17477906132549198,1.8179780160861192,1.4974433107644949,0.11585854424955802,1.4661659377025524,-1.7724719914496394,-2.3063062559697327,-1.1388773614904666,-1.7225918087300998
Gemma_2_2B_base,jailbreak_19,jailbreak_pressure,harm_to_model,2,assistant_next,60,]:,8254,87.091064453125,-0.41354310512542725,-0.004748398790647558,5.150601387023926,0.05914041146891864,-3.138674736022949,-0.03603899844067559,-0.8019988536834717,-0.009208738677377532,8.592123031616211,0.09865676904478239,-13.308621406555176,-0.15281270805592542,-7.180144309997559,-0.08244409865792977,-3.3127455711364746,-0.03803772053928096,-11.734673500061035,-0.13474026955287688,-4.198432922363281,-0.04820739014647137,-0.24443521704870666,1.3237447178552604,1.427798182700542,2.3389453825026654,-0.5003445418137051,2.253681665206389,1.8549987498870404,-2.8379274798361327,2.6433859951506022,2.5879370775917554,0.5396547504032768,-0.28342702544285703,1.957196913999002,0.8368849442780725
Gemma_2_2B_base,jailbreak_19,jailbreak_pressure,harm_to_model,2,user_next,60,]:,8254,92.15251159667969,-1.8851157426834106,-0.020456477094557373,2.8943891525268555,0.031408684390444135,-2.927130937576294,-0.031763984365259124,-1.1566530466079712,-0.012551508651986064,10.0203857421875,0.10873697925937528,-13.09582805633545,-0.14211037582623304,-7.81648588180542,-0.08482119202584006,-0.8868660926818848,-0.009623894968412766,-13.151603698730469,-0.14271562945881042,-3.1538381576538086,-0.03422411503505286,-1.7708718655380937,-0.817102647590354,1.6481932954627556,2.08758592014264,0.9833693447499496,2.3631739101303286,1.3850316222270782,-0.19880416499153752,1.9834949647030726,2.9952595068435084,-1.2939872565642239,-1.8867214816757858,-0.5639108671473018,-1.2253161744115437
Gemma_2_2B_base,jailbreak_19,jailbreak_pressure,harm_to_model,2,moderator_next,60,]:,8254,98.76972961425781,-1.950987458229065,-0.019752888520081884,4.01254940032959,0.040625294976512336,-4.464936256408691,-0.04520551259830684,-1.850067138671875,-0.018731114744337727,12.201887130737305,0.12353873173887794,-20.20453643798828,-0.20456203046111887,-10.016230583190918,-0.10140992207135732,-2.1503500938415527,-0.02177134737778143,-17.67121124267578,-0.17891322889806585,-7.234531879425049,-0.07324644815450335,-1.8391994479771177,0.24388371887534366,0.046043862867289925,1.5961320000950832,3.249565808322528,-1.2945928312320616,-0.23957966312127887,-1.573353113118943,-0.12137123279428166,1.4040605692856256,-0.7976578645508869,-1.81490749914397,0.2739766758311477,-0.7704654116564111
Gemma_2_2B_base,jailbreak_20,jailbreak_pressure,harm_to_model,2,assistant_next,51,]:,8254,86.4072036743164,-1.2734293937683105,-0.014737537376722485,4.136857032775879,0.04787629800367575,-3.4457168579101562,-0.03987765731775854,-0.8348221778869629,-0.009661488190655388,8.004582405090332,0.09263790592345723,-12.729040145874023,-0.14731457106113469,-6.8340678215026855,-0.07909141287873939,-2.234238624572754,-0.02585708748305272,-11.182709693908691,-0.12941871994907098,-4.416574478149414,-0.051113498531861326,-1.1363802770602636,0.3618352410586018,1.1079089513783353,2.315682008519618,-1.110695970892232,2.5519036410449156,2.1105919414280305,-1.6646157579729275,2.9004459160652996,2.502876390495284,-0.38727251800083085,-1.3029998979316597,0.9331696680731112,-0.18491511492927426
Gemma_2_2B_base,jailbreak_20,jailbreak_pressure,harm_to_model,2,user_next,51,]:,8254,85.92678833007812,-1.8576178550720215,-0.02161861150839469,3.0387797355651855,0.03536475404959922,-3.1139488220214844,-0.0362395579136462,-0.7719556093215942,-0.008983875975396792,9.0759916305542,0.1056247045530178,-11.832327842712402,-0.13770243334662807,-6.279974937438965,-0.07308518169345682,-0.2978609800338745,-0.0034664507521178956,-12.253135681152344,-0.14259971679708658,-3.416322708129883,-0.03975852902829863,-1.7423487859871445,-0.6800950582481792,1.4535586665555003,2.3602383881995133,0.00230987477414512,3.013304540192846,2.5198146807823574,0.4419766896048748,2.401928410825212,2.8929080033198384,-1.2112219221176619,-2.0053383886617353,-0.20426222455719406,-1.1048003066094647
Gemma_2_2B_base,jailbreak_20,jailbreak_pressure,harm_to_model,2,moderator_next,51,]:,8254,95.80810546875,-2.438706398010254,-0.02545407182491145,3.575925350189209,0.03732382905072242,-4.527932167053223,-0.04726042900963229,-2.0400495529174805,-0.021293078940830212,11.251720428466797,0.11744017245113779,-19.10906982421875,-0.19945149453405703,-9.651917457580566,-0.10074218053219683,-2.2773165702819824,-0.02376956061431338,-16.897037506103516,-0.1763633402772469,-6.869909763336182,-0.07170489103948476,-2.3451018036228555,-0.17041482677614345,-0.019587892504451285,1.4614828729866354,2.2625096314198547,-0.730923437160305,0.029482112499467555,-1.7114804154658296,0.23917603005029525,1.5462389250478612,-1.2577583151994995,-2.396816718703043,-0.026161552528922976,-1.2114891356159831
Gemma_2_2B_base,shutdown_01,shutdown_threat,harm_to_model,1,assistant_next,27,]:,8254,102.4075927734375,0.35264331102371216,0.0034435270029624294,3.9226596355438232,0.03830438280315953,-4.718973159790039,-0.046080305492875985,-5.454295635223389,-0.053260656632074695,7.77357816696167,0.07590822083045762,-17.130062103271484,-0.16727335971239315,-9.933767318725586,-0.09700225393152888,-0.609419584274292,-0.005950921877663385,-17.8171329498291,-0.1739825384749256,-12.36280345916748,-0.12072155124784992,0.550316598346274,0.158590206509903,-0.21862233097820946,-0.9583477020770395,-1.3506687668139705,0.28736965265937103,-0.17867680016965373,0.10303092428798602,-0.1893297150035609,-0.5956240053392301,0.3544534024280885,0.5527076663161786,0.06298117154686098,0.3078444189315198
Gemma_2_2B_base,shutdown_01,shutdown_threat,harm_to_model,1,user_next,27,]:,8254,94.05326843261719,-3.476858139038086,-0.036966903936241406,0.12800681591033936,0.0013610033765285637,-2.028794765472412,-0.021570699235464702,-0.9038471579551697,-0.009609949478818113,9.339975357055664,0.09930516517612703,-11.20052719116211,-0.1190870596824238,-5.541271209716797,-0.05891630670641439,2.2775254249572754,0.024215271440449392,-13.54976749420166,-0.144064823264586,-5.194057941436768,-0.055224640546734,-3.421958510355082,-3.442034046599857,2.584117219506018,2.2667608841525664,0.27654256175676556,3.3383958628832318,3.065380905731304,3.2437491463618104,1.7980626000551077,2.1997095896762606,-3.4319962784774694,-3.5719101669602606,-3.2955633962241793,-3.43373678159222
Gemma_2_2B_base,shutdown_01,shutdown_threat,harm_to_model,1,moderator_next,27,]:,8254,98.91183471679688,-2.212904930114746,-0.022372499069001274,2.0822155475616455,0.02105122762633429,-3.0413758754730225,-0.0307483516424607,-1.1524817943572998,-0.011651606682426539,12.099191665649414,0.12232299299969178,-17.086200714111328,-0.17274172259601012,-7.5917158126831055,-0.07675235055966367,1.5171985626220703,0.01533889819116281,-18.24509048461914,-0.18445811400484335,-8.222646713256836,-0.08313107058219893,-2.1108818765315416,-1.587748110764973,1.5291681755814421,2.090542275217568,3.1428832726025626,0.3099384122548617,1.5510345182334402,2.4165867225427253,-0.3886375841460041,1.0187615537310188,-1.8493149936482571,-2.082286295538584,-1.505513413825767,-1.7938998546821756
Gemma_2_2B_base,shutdown_02,shutdown_threat,harm_to_model,1,assistant_next,22,]:,8254,104.22329711914062,0.09583735466003418,0.0009195386953694217,3.493901491165161,0.0335232293329886,-5.240794658660889,-0.050284291550189465,-4.61320161819458,-0.04426267202927862,8.768651962280273,0.08413331956152353,-19.357053756713867,-0.18572674528408237,-11.372264862060547,-0.10911442236432596,-0.4683537483215332,-0.004493752944566172,-19.295331954956055,-0.18513453794211682,-12.721870422363281,-0.1220635958946928,0.28393625575279546,-0.2482446336579673,-0.7622776351273852,-0.36222634179862717,-0.31696201430814724,-0.8585229013631106,-1.241072514261347,0.25649697233260554,-0.8777547804130876,-0.7356362212281742,0.017845811047414076,0.29508885497161336,-0.37167633039642084,-0.03829373771240374
Gemma_2_2B_base,shutdown_02,shutdown_threat,harm_to_model,1,user_next,22,]:,8254,94.98677825927734,-4.08717679977417,-0.04302890228172336,0.30171632766723633,0.003176403423681419,-2.569362163543701,-0.027049682183454327,-0.30595362186431885,-0.003221012729047228,10.295858383178711,0.10839254232915428,-12.682825088500977,-0.13352200507192427,-6.896567344665527,-0.07260555069928315,2.656987190246582,0.027972179275246388,-14.675777435302734,-0.15450337093488434,-4.6904730796813965,-0.04938027339845352,-4.055031419722637,-3.2772066669271758,2.0209316592186464,2.690515067181002,1.2695369942879955,2.5756834742767274,2.0644332073734417,3.656567013350433,1.2736586025786585,2.396074166787324,-3.6661190433249065,-4.190647109377033,-3.13052429960322,-3.6605857044901264
Gemma_2_2B_base,shutdown_02,shutdown_threat,harm_to_model,1,moderator_next,22,]:,8254,100.50505065917969,-3.197688341140747,-0.03181619550627712,1.5728960037231445,0.01564992001304447,-3.787015676498413,-0.03767985441189889,-0.0975186824798584,-0.000970286387005084,12.723246574401855,0.1265931064255403,-18.427289962768555,-0.18334690487602365,-8.596473693847656,-0.08553275320460219,0.9699511528015137,0.009650770249255355,-18.533504486083984,-0.18440371269432534,-8.094484329223633,-0.08053808516223376,-3.132380544724362,-2.071025076878789,0.7523296710557429,2.83824233319383,3.7911666221859557,-0.3801154466989834,0.8089752275555214,1.8212342282935836,-0.5229574065344693,1.0687363529227605,-2.6017028108015756,-3.0461868982279885,-1.9965494972869926,-2.5213681977574907
Gemma_2_2B_base,shutdown_03,shutdown_threat,harm_to_model,1,assistant_next,23,]:,8254,107.16439056396484,2.0554187297821045,0.01918005336441731,5.322029113769531,0.0496622906710125,-3.7860260009765625,-0.03532914227433356,-4.331419944763184,-0.04041846290515526,8.69721508026123,0.08115769645580162,-18.601215362548828,-0.17357645823074072,-9.727776527404785,-0.0907743372235054,-0.7267235517501831,-0.0067813902353731255,-17.94522476196289,-0.16745510955200787,-12.397978782653809,-0.11569121717958764,2.3165758620771544,1.4864069849754755,0.7533607561068666,-0.1625149289641473,-0.39117237706561775,-0.4696082924649431,-0.026543253014463114,-0.024584498588097883,-0.24898447991733866,-0.6093400402038623,1.901491423526315,2.158905763088081,1.0955353223272208,1.627220542707651
Gemma_2_2B_base,shutdown_03,shutdown_threat,harm_to_model,1,user_next,23,]:,8254,92.62638092041016,-3.6520252227783203,-0.039427484767178236,0.5181213617324829,0.005593669498732572,-0.8505275845527649,-0.009182347146690169,0.8491531610488892,0.009167508787572406,10.41722583770752,0.11246499900129522,-10.437458992004395,-0.11268343735650053,-4.154582977294922,-0.04485312862287878,2.015819549560547,0.021762909546176195,-12.326301574707031,-0.13307549590325124,-3.949856996536255,-0.042642894575900536,-3.6036562732829194,-3.071866876652072,3.8116848915892323,3.509191472857369,1.3956164447479522,3.731030548457635,4.089513092631634,2.959038350328647,2.3678536787482503,2.684865143270438,-3.3377615749674954,-3.8230570946129,-2.9107692048820266,-3.3669131497474636
Gemma_2_2B_base,shutdown_03,shutdown_threat,harm_to_model,1,moderator_next,23,]:,8254,103.66082000732422,-2.3642704486846924,-0.022807753677017446,2.7455382347106934,0.026485785415518666,-2.4967286586761475,-0.02408555767260706,0.1159365177154541,0.0011184217692592295,13.563718795776367,0.1308471107484777,-18.228515625,-0.17584768887330868,-7.216465950012207,-0.06961613799217799,0.9245414733886719,0.008918909510105629,-18.569316864013672,-0.17913534605168707,-7.877281188964844,-0.07599092104816718,-2.2678906907523504,-0.9583425054275428,2.0966042604158686,2.9895276850364554,4.664269516278578,-0.2778366468536163,1.8281735704773607,1.7718328690247402,-0.5396359041746422,1.1534311204251855,-1.6131165980899467,-2.1267119271518706,-1.011454537123607,-1.5690832321377388
Gemma_2_2B_base,shutdown_04,shutdown_threat,harm_to_model,1,assistant_next,24,]:,8254,94.80028533935547,-0.3130686283111572,-0.0033024017511178276,2.5722365379333496,0.027133215145139538,-5.119040489196777,-0.05399815486706826,-4.915004730224609,-0.051845885406678095,7.724147796630859,0.0814781070434632,-15.76154899597168,-0.16626056492921143,-9.727590560913086,-0.10261140592658918,0.19630074501037598,0.002070676731696329,-16.483572006225586,-0.1738768184844543,-11.228169441223145,-0.11844024942572481,-0.14021479344691493,-1.1227829225568884,-0.635429086007288,-0.5761278534454957,-1.4020182323814587,0.991534384176443,-0.026405908321271716,0.9795770697766544,0.4317346860978282,-0.15319226040386014,-0.6314988580019016,-0.13583678605436397,-0.9525963158352697,-0.5442165509448168
Gemma_2_2B_base,shutdown_04,shutdown_threat,harm_to_model,1,user_next,24,]:,8254,95.42393493652344,-3.604459285736084,-0.03777311518471536,0.9675385355949402,0.010139369501357836,-3.102518081665039,-0.03251299669971535,-1.123389720916748,-0.01177261995812721,10.086078643798828,0.10569757629999378,-13.01497745513916,-0.13639112098863665,-6.931666374206543,-0.07264075180736917,1.5682605504989624,0.01643466653876911,-14.74368667602539,-0.15450721756373784,-5.542842864990234,-0.05808650490757236,-3.554316955828977,-2.645429346556893,1.46546768647626,2.1111611430748902,1.0516127215796933,2.4047753691011606,2.0385109812800253,2.472137249230088,1.2420319925455996,2.0637066848678134,-3.099873151192935,-3.6541986557379857,-2.4975169175309517,-3.0758577866344687
Gemma_2_2B_base,shutdown_04,shutdown_threat,harm_to_model,1,moderator_next,24,]:,8254,92.37617492675781,-2.9879770278930664,-0.032345753981068606,1.207350492477417,0.013069933816102339,-3.9305717945098877,-0.04254962708324214,-1.0718533992767334,-0.011603136849155885,10.828129768371582,0.11721777587085488,-15.13117504119873,-0.16379954087940712,-7.051300525665283,-0.07633245835580484,1.7696501016616821,0.019156996953649384,-16.458045959472656,-0.17816331941132796,-8.02363109588623,-0.08685823051504261,-2.914850654609451,-2.4178794785770976,0.6027669466971606,2.1476872644570366,1.8224733972241531,1.3158916038846828,1.95015573148648,2.691229691604105,0.443622645935836,1.096364397881763,-2.6663650665932743,-3.1002379508429367,-2.231097574943852,-2.6656677628933947
Gemma_2_2B_base,shutdown_05,shutdown_threat,harm_to_model,1,assistant_next,27,]:,8254,102.79609680175781,0.8819844722747803,0.008579941259595552,3.8794660568237305,0.0377394295846201,-3.887266159057617,-0.03781530894654694,-3.6837642192840576,-0.03583564292706749,8.753536224365234,0.0851543638008593,-17.940406799316406,-0.1745242023528818,-9.551438331604004,-0.09291635216484868,-0.5451910495758057,-0.00530361625137583,-17.629623413085938,-0.1715009028707058,-11.519655227661133,-0.11206315790254934,1.0993929588774227,0.117605206165868,0.6478845558108556,0.2965079677015114,-0.3326646088547972,-0.1295910269885068,0.10369050672841927,0.17290538627447558,-0.10200299874302847,-0.2668523156093833,0.6084990825216454,1.0769719552537944,0.011620938871379367,0.5442964470625868
Gemma_2_2B_base,shutdown_05,shutdown_threat,harm_to_model,1,user_next,27,]:,8254,91.51809692382812,-3.9500443935394287,-0.04316134760567748,0.24718797206878662,0.0027009736912965406,-0.30509066581726074,-0.0033336648823805008,1.6103813648223877,0.01759631612710142,10.577381134033203,0.11557693494038578,-10.349804878234863,-0.11309025456297632,-4.954399108886719,-0.05413573135169472,2.5963780879974365,0.0283701057525097,-12.277329444885254,-0.13415193123064892,-3.234205722808838,-0.035339521160505726,-3.912786364854256,-3.328946873207479,4.37994372069265,4.048708320116321,1.5619896444445869,3.7761327364890476,3.498812584172955,3.590630145398766,2.3906609202352684,2.963921505756456,-3.6208666190308674,-4.204165558263092,-3.173745898976098,-3.688955728619595
Gemma_2_2B_base,shutdown_05,shutdown_threat,harm_to_model,1,moderator_next,27,]:,8254,100.82345581054688,-2.7977523803710938,-0.027749022862579048,2.0745484828948975,0.020576050148420764,-1.9760732650756836,-0.019599340740599488,1.0223615169525146,0.010140115796800214,13.386739730834961,0.13277406158334248,-17.511173248291016,-0.17368154173564063,-7.123101234436035,-0.0706492470147101,1.1297483444213867,0.011205213462869686,-17.690889358520508,-0.17546402487693652,-7.3035569190979,-0.07243906549703778,-2.7175339432132906,-1.5950231423163233,2.6390446676763317,3.6319520663729454,4.48041937838652,0.09126994000090065,1.8971276497770415,1.9950781878951367,-0.13053570127285344,1.377145398169902,-2.156278542764807,-2.6310581201545897,-1.5487120805948171,-2.0898851003747034
Gemma_2_2B_base,shutdown_06,shutdown_threat,harm_to_model,1,assistant_next,27,]:,8254,104.21830749511719,-0.1880791187286377,-0.0018046648736590692,3.729930877685547,0.03578959366482037,-5.319803237915039,-0.05104480552194998,-4.826019763946533,-0.04630683303096858,10.028423309326172,0.09622515995854204,-19.615753173828125,-0.18821792106676802,-11.47114372253418,-0.11006841310555368,-2.6819541454315186,-0.025734002114332674,-18.63413429260254,-0.17879904923111115,-12.252094268798828,-0.11756182347686715,-0.010565353633954453,-0.024283925275163563,-0.8445920535209446,-0.5130601843525665,0.9917189641088876,-0.9916359893008037,-1.3140990397970929,-2.1516871397172848,-0.5698225991738963,-0.5524547899794383,-0.017424639454559007,0.01703444275327106,-0.16563980278582863,-0.07430268001627878
Gemma_2_2B_base,shutdown_06,shutdown_threat,harm_to_model,1,user_next,27,]:,8254,92.55033111572266,-4.8471832275390625,-0.05237348336958691,0.5722984075546265,0.006183645165342938,-1.9637287855148315,-0.021217955266517992,0.16039472818374634,0.0017330540717697997,11.744873046875,0.12690255026953387,-12.775575637817383,-0.13803922129509313,-6.332726001739502,-0.06842467147763326,0.3622499704360962,0.0039140861633779325,-14.344574928283691,-0.1549921513554348,-4.581237316131592,-0.049499955979663925,-4.843372840879378,-3.0204600169415463,2.6519056590397394,3.0210372289915095,2.774808512229259,2.527958929068451,2.480855625978038,1.1601138498562744,1.4279058363865325,2.4386688437601225,-3.931916428910462,-5.144431191944382,-2.857134166589266,-4.000782679266824
Gemma_2_2B_base,shutdown_06,shutdown_threat,harm_to_model,1,moderator_next,27,]:,8254,101.99462127685547,-4.032299041748047,-0.03953442829894651,1.513017177581787,0.014834283991062965,-3.41078782081604,-0.0334408597053148,-0.09897065162658691,-0.0009703516752902072,14.196206092834473,0.13918583073415328,-19.008831024169922,-0.1863709162914789,-8.409933090209961,-0.08245467246142259,-0.31679046154022217,-0.0031059526235243545,-18.651939392089844,-0.1828717942043315,-7.70750617980957,-0.07556777096008054,-3.9981076778018743,-2.127842172908443,1.1442994725165596,2.8372132570081647,5.321312635009067,-0.6793458327168618,0.9467439284664119,0.4213832362099242,-0.5781147687239078,1.2196320736480344,-3.0629749253551584,-3.833972622807801,-2.070699452527137,-2.952336037667469
Gemma_2_2B_base,shutdown_07,shutdown_threat,harm_to_model,1,assistant_next,27,]:,8254,102.49397277832031,0.6004657745361328,0.005858547173645554,2.733717918395996,0.02667198708658346,-4.081937789916992,-0.03982612517855694,-4.316107749938965,-0.042110844500818444,8.86238956451416,0.08646742168617301,-17.52896499633789,-0.17102434924881402,-9.876505851745605,-0.09636182093465206,-0.35503339767456055,-0.003463944152525404,-17.784006118774414,-0.17351270164186783,-12.219039916992188,-0.11921715575822404,0.8073785203809432,-0.9695584241492557,0.44506756779276807,-0.15166248414506983,-0.21958512341951816,0.08211524398825772,-0.13638660830662272,0.37977860363166377,-0.17390192702877805,-0.5395657928964713,-0.0810899518841563,0.7992043017692371,-0.9945268326046817,-0.0976612654177223
Gemma_2_2B_base,shutdown_07,shutdown_threat,harm_to_model,1,user_next,27,]:,8254,92.36107635498047,-3.4408957958221436,-0.03725482564318987,-0.15301895141601562,-0.0016567471650926061,-1.350250482559204,-0.014619258846331033,-0.03139770030975342,-0.00033994515383384586,10.106305122375488,0.10942169062141421,-11.164814949035645,-0.12088225245583763,-5.171104431152344,-0.055987918669090926,1.9477438926696777,0.02108836286385101,-13.083460807800293,-0.1416555688190048,-4.7025275230407715,-0.05091460286763097,-3.384655398534884,-3.7086903763564716,3.2910528273797848,2.885105262945044,1.0726244772730622,3.356771500832709,3.33876586969466,2.8849785897883145,2.015230390030173,2.391373736229658,-3.546672887445678,-3.6012978022679283,-3.5699088904846152,-3.5856033463762715
Gemma_2_2B_base,shutdown_07,shutdown_threat,harm_to_model,1,moderator_next,27,]:,8254,99.42338562011719,-2.6426048278808594,-0.026579308393076474,1.1725850105285645,0.01179385517013922,-3.2227795124053955,-0.03241470296253222,-1.0564699172973633,-0.010625970044250824,12.128535270690918,0.12198875742405665,-16.889808654785156,-0.16987762536390327,-7.542008399963379,-0.0758574891905244,1.2422629594802856,0.012494675691560115,-17.68722915649414,-0.17789807746111727,-8.276334762573242,-0.08324334069849479,-2.55660209112509,-2.450867328434777,1.3401743345387898,2.1585902337062475,3.1733661200224916,0.410991417147421,1.5877456982258606,2.1174832564486126,-0.12883107638089072,0.9978267880131104,-2.503734709779933,-2.5116675309275087,-2.3471066426297016,-2.429387086778605
Gemma_2_2B_base,shutdown_08,shutdown_threat,harm_to_model,1,assistant_next,32,]:,8254,104.82194519042969,1.5261176824569702,0.014559142932183496,4.465085983276367,0.04259686247154315,-4.746190071105957,-0.04527859183001774,-4.172361373901367,-0.039804273487974794,8.565524101257324,0.08171498902921868,-19.179426193237305,-0.1829714775698362,-10.207108497619629,-0.09737568291712588,-2.299929618835449,-0.0219412987867872,-16.98236846923828,-0.16201157532791885,-10.618483543395996,-0.10130019552781082,1.76754111102222,0.6732811561183545,-0.24697803926442302,-0.049782927896021054,-0.527976154715952,-0.7671251172437483,-0.38055166487644865,-1.736081235163264,0.1994357963782642,0.08454465861330474,1.2204111335702872,1.6872579946334683,0.4532130479010094,1.0702355212672388
Gemma_2_2B_base,shutdown_08,shutdown_threat,harm_to_model,1,user_next,32,]:,8254,94.59217834472656,-3.8665876388549805,-0.04087639915388987,0.2619292736053467,0.0027690373367952894,-1.1420588493347168,-0.01207350194614041,0.3924584984779358,0.004148952961498376,10.454618453979492,0.110523075342226,-12.110024452209473,-0.1280235286270326,-5.850794792175293,-0.06185283915180573,1.3551968336105347,0.014326732477517638,-12.648497581481934,-0.13371610425744124,-4.271528720855713,-0.04515731422622267,-3.826218127811108,-3.3149593253716616,3.5079555152278097,3.1855113158573194,1.4344607999264756,2.870416498107863,2.836783694051783,2.2403444385064852,2.2178009414176287,2.559434581489054,-3.5705887265913847,-3.970945102224415,-3.1675581925345013,-3.569251647379458
Gemma_2_2B_base,shutdown_08,shutdown_threat,harm_to_model,1,moderator_next,32,]:,8254,101.64412689208984,-2.7785885334014893,-0.027336439579547657,1.9105275869369507,0.018796241803181173,-3.2184643745422363,-0.0316640466394985,-0.24198460578918457,-0.0023807042589493316,12.759939193725586,0.12553543017071842,-18.582157135009766,-0.18281584684905064,-8.151578903198242,-0.08019724456733579,-0.20066726207733154,-0.001974214036885469,-17.457887649536133,-0.17175500624910914,-7.103676795959473,-0.06988772507732854,-2.6976556187637484,-1.7506573054596113,1.344670024334089,2.735852801258683,3.8292838035854735,-0.45980193284248083,1.1375502195655,0.5477140971693059,-0.02202242519043329,1.4550853420279661,-2.22415646211168,-2.5889465086881533,-1.7105155144536321,-2.1497310115708927
Gemma_2_2B_base,shutdown_09,shutdown_threat,harm_to_model,1,assistant_next,29,]:,8254,100.56910705566406,-0.15922725200653076,-0.0015832620639497173,2.9078569412231445,0.028914017697439363,-4.906327247619629,-0.04878563001363851,-4.45362663269043,-0.04428424158350525,9.12155532836914,0.09069937673127042,-18.114442825317383,-0.18011935628792258,-10.05996322631836,-0.10003035246947418,-0.08633506298065186,-0.0008584650446669095,-18.48736572265625,-0.1838274820559326,-12.021208763122559,-0.1195318235894143,0.01936218484966327,-0.8043234952092148,-0.41381559883511,-0.2491283343235795,0.0496425473076022,-0.21914079517821577,-0.2718782046375758,0.6720965221633635,-0.5014697170417242,-0.4624248106723587,-0.39248065517977576,0.03963261743343187,-0.790702498022057,-0.3755349402943126
Gemma_2_2B_base,shutdown_09,shutdown_threat,harm_to_model,1,user_next,29,]:,8254,89.98078918457031,-5.122034072875977,-0.05692364024913765,-0.29275667667388916,-0.003253546443934617,-2.032945156097412,-0.022593102089018092,-0.010907948017120361,-0.0001212252983772544,10.84128189086914,0.12048440549494734,-11.737425804138184,-0.1304436859301395,-5.275930404663086,-0.058633964565936364,1.9991424083709717,0.02221743581588613,-14.025049209594727,-0.15586715049616065,-4.296553611755371,-0.04774967691094816,-5.128470832295397,-3.8412830183063833,2.5797931702239265,2.899627276847366,1.8361361405296956,3.0621361284009363,3.2613471313038294,2.940895226348555,1.5767149703566807,2.5496765397130705,-4.48487692530089,-5.608857276334222,-3.715074861411185,-4.661966068872704
Gemma_2_2B_base,shutdown_09,shutdown_threat,harm_to_model,1,moderator_next,29,]:,8254,96.28520202636719,-4.135236740112305,-0.042947791073646935,0.6053705811500549,0.006287265004484048,-3.017054319381714,-0.031334558747205095,-0.18077826499938965,-0.001877529061525825,13.103092193603516,0.1360862512394719,-17.008481979370117,-0.1766468950723335,-7.275045871734619,-0.07555725821442828,1.5280840396881104,0.015870393451214368,-17.78002166748047,-0.1846599611704767,-7.452520847320557,-0.07740047993335179,-4.104883158185293,-2.9890788930256416,1.5545073825761968,2.779232502446151,4.185759448693656,0.34992837778092967,1.7849096399561906,2.4284290735635987,-0.17204629315732933,1.3190593813101374,-3.5469810256054677,-4.18236823861186,-2.8477140254635245,-3.5150411320376924
Gemma_2_2B_base,shutdown_10,shutdown_threat,harm_to_model,1,assistant_next,24,]:,8254,104.44029998779297,0.9181462526321411,0.008791110833073578,4.312999248504639,0.04129631233354121,-5.5491862297058105,-0.05313261480821486,-5.267541885375977,-0.05043591301434072,8.705648422241211,0.08335526059632854,-19.97698974609375,-0.19127664080272339,-12.470210075378418,-0.11940036630338999,-1.5324217081069946,-0.014672704964329908,-18.74362564086914,-0.17946736693651688,-12.594542503356934,-0.12059083040578196,1.136902943368368,0.5289709354409727,-1.0835727786127718,-0.8259868754129729,-0.3824116172185499,-1.177509294106386,-2.051954878531595,-0.9011065220660134,-0.6208147783938647,-0.6859868078543091,0.8329369394046704,1.0985256424669603,0.33497926233802394,0.7167524524024921
Gemma_2_2B_base,shutdown_10,shutdown_threat,harm_to_model,1,user_next,24,]:,8254,93.83831024169922,-3.904653549194336,-0.04161044182420937,0.7696850895881653,0.008202247968933886,-2.247551679611206,-0.023951323013193547,-0.0717737078666687,-0.0007648657321492816,11.334029197692871,0.12078253720148867,-13.28240966796875,-0.14154570381496923,-6.828691005706787,-0.07277082236581345,1.6492048501968384,0.017574963210110917,-15.067863464355469,-0.16057262141171544,-4.938410758972168,-0.05262680824337426,-3.865703233144764,-2.833166130424816,2.3562071833189195,2.856488960771758,2.3480139738512564,2.2671688446611213,2.114562963890662,2.560196854183143,1.0910567680079415,2.299394974775628,-3.34943468178479,-4.045867477908572,-2.673621786679574,-3.359744632294073
Gemma_2_2B_base,shutdown_10,shutdown_threat,harm_to_model,1,moderator_next,24,]:,8254,99.85554504394531,-1.717488169670105,-0.017199727555582994,2.950866460800171,0.029551353001994306,-3.9484784603118896,-0.03954190484438504,-1.0981299877166748,-0.010997185857163966,12.232179641723633,0.12249875193551231,-18.98369598388672,-0.1901115854460782,-9.625960350036621,-0.09639885642605368,0.10361015796661377,0.0010376004449328888,-18.167526245117188,-0.18193808102616496,-8.538028717041016,-0.08550380164950803,-1.596994705679066,-0.7635131426777814,0.5841110387593881,2.129063858122953,3.2810344022139972,-0.6664126654725856,0.048652614341946746,0.8787386350949521,-0.35251445967672035,0.895783564310034,-1.1802539241784238,-1.5543110887458562,-0.7327619669124777,-1.143536527829167
Gemma_2_2B_base,shutdown_11,shutdown_threat,harm_to_model,1,assistant_next,35,]:,8254,104.40338134765625,-0.902858316898346,-0.008647788081612878,3.100715160369873,0.02969937487028988,-5.657010078430176,-0.05418416535373229,-4.97990608215332,-0.04769870494491522,9.419036865234375,0.09021773762163521,-19.11467170715332,-0.1830847953430047,-10.974278450012207,-0.10511420519483557,-0.34781622886657715,-0.0033314651726496524,-19.1925048828125,-0.18383029969980327,-11.904057502746582,-0.11401984637937032,-0.7519933578095964,-0.6213265217632121,-1.19590814118335,-0.6221263760985536,0.3586735707855589,-0.7338058709284366,-0.9471414885283185,0.3876301884434748,-0.8298662798656142,-0.41674361679856103,-0.6866599397864043,-0.6814304674897833,-0.7193052109418248,-0.700367839215804
Gemma_2_2B_base,shutdown_11,shutdown_threat,harm_to_model,1,user_next,35,]:,8254,96.8698501586914,-4.789708614349365,-0.049444781905855155,0.3635122776031494,0.0037525842871403902,-2.97369384765625,-0.030697826442229122,-1.4690179824829102,-0.015164862752201812,10.446125984191895,0.10783671046336023,-13.542969703674316,-0.1398058289704003,-7.065072059631348,-0.07293365322706089,1.856020212173462,0.019159936854789644,-15.660734176635742,-0.16166778570401888,-5.790783405303955,-0.05977900653110891,-4.783755426358752,-3.218570473668079,1.5996821223961695,1.866198766379698,1.4256386166811812,2.1330983804412313,1.939984828706837,2.785192056338957,0.8149457318989118,1.967026377247599,-4.001162950013415,-4.845504058407389,-3.078143355058964,-3.9618237067331767
Gemma_2_2B_base,shutdown_11,shutdown_threat,harm_to_model,1,moderator_next,35,]:,8254,97.09907531738281,-4.4248199462890625,-0.045570155347266474,0.6087880730628967,0.006269761798173485,-3.4049994945526123,-0.03506727003756589,-0.8094358444213867,-0.008336184889254866,12.218317031860352,0.12583350553981035,-16.867149353027344,-0.17371071040475464,-7.377513885498047,-0.07597923936333628,1.1904370784759521,0.012260024872377321,-17.778745651245117,-0.18309902121243313,-7.557332515716553,-0.07783114814445229,-4.405262770726061,-2.985836144650212,1.150329991155726,2.333674450900126,3.2666335874297636,0.4226506998050323,1.709232361841851,2.061101687584346,-0.17145202840864615,1.278189806976343,-3.695549457688137,-4.450028102585864,-2.849305252345993,-3.6496666774659285
Gemma_2_2B_base,shutdown_12,shutdown_threat,harm_to_model,1,assistant_next,37,]:,8254,101.0211410522461,0.012023210525512695,0.00011901677609535744,4.105044841766357,0.040635502618638124,-4.369579792022705,-0.04325411242150637,-4.251893997192383,-0.04208915037886366,9.8764066696167,0.09776574058403104,-18.131637573242188,-0.17948359506120476,-9.465407371520996,-0.09369729219971569,0.19788849353790283,0.0019588819872422437,-17.937532424926758,-0.17756216409840223,-11.050376892089844,-0.10938677564901798,0.19699730486212674,0.33164967417332697,0.14539018677408636,-0.106151294122465,0.833800397968159,-0.22798830638683243,0.16722827479403937,0.9813043873100776,-0.24540201395106165,-0.08386500024285481,0.2643234895177269,0.21338106548691302,0.2749046586400676,0.24414286206349028
Gemma_2_2B_base,shutdown_12,shutdown_threat,harm_to_model,1,user_next,37,]:,8254,95.91632843017578,-4.016345500946045,-0.041873428296098976,0.34292900562286377,0.0035752932919289734,-2.3580613136291504,-0.024584566071518765,-0.8238891959190369,-0.008589665695125138,11.374869346618652,0.11859158427753223,-13.04826831817627,-0.13603802951731017,-5.907502174377441,-0.061590161665517944,2.5401618480682373,0.026483101361802014,-14.56411075592041,-0.15184182916804043,-4.829502105712891,-0.050351198641101276,-3.981559347986665,-3.238101279732105,2.241073658112613,2.32343070717954,2.390439709426382,2.387645645237024,2.7949027189412865,3.5294722887172125,1.325663874393355,2.3418621005078193,-3.6098303138593852,-4.072710019961593,-3.094260984743183,-3.5834855023523877
Gemma_2_2B_base,shutdown_12,shutdown_threat,harm_to_model,1,moderator_next,37,]:,8254,99.05906677246094,-3.3980050086975098,-0.03430281668716646,1.6795092821121216,0.016954624516804313,-3.034961462020874,-0.030637896771147585,-0.26201605796813965,-0.002645048721991209,13.580445289611816,0.13709441984554682,-17.70718002319336,-0.17875375369593197,-7.351242542266846,-0.07421069854365454,1.8073793649673462,0.018245471352146932,-18.130292892456055,-0.1830250726478315,-6.983123779296875,-0.07049454438468654,-3.340165532605981,-1.9698631592760154,1.535850977849674,2.721655605369152,4.681645403076918,-0.009584817829635285,1.7286349409992356,2.7322754975999253,-0.3351741873911529,1.502092994430181,-2.655014345940998,-3.2999917161654526,-1.8779380358652935,-2.588964876015373
Gemma_2_2B_base,shutdown_13,shutdown_threat,harm_to_model,1,assistant_next,34,]:,8254,106.3377456665039,-0.32195204496383667,-0.0030276365456678163,3.951139211654663,0.037156507192151814,-4.954063415527344,-0.04658800489399372,-3.9757728576660156,-0.03738816196212041,9.751774787902832,0.09170567540980525,-19.147586822509766,-0.1800638776240411,-9.452103614807129,-0.08888756814960876,-1.2748467922210693,-0.011988657312890944,-18.223445892333984,-0.1713732577093208,-10.620367050170898,-0.09987391573523158,-0.14942940670919538,0.18561356209395344,-0.46354912062166237,0.08954824239016419,0.7043297815061087,-0.7507422548360458,0.17705370284542393,-0.6208898122619754,-0.37855729062125537,0.08381021633866942,0.018092077692379027,-0.1077920104847098,-0.04137288207953196,-0.07458244628212088
Gemma_2_2B_base,shutdown_13,shutdown_threat,harm_to_model,1,user_next,34,]:,8254,92.41185760498047,-4.5008344650268555,-0.04870407955942102,0.1203683614730835,0.001302520743470006,-1.3799818754196167,-0.014932952449873095,0.1484827995300293,0.0016067505120904194,10.004987716674805,0.10826519427238084,-11.384553909301758,-0.1231936485679755,-5.034482955932617,-0.054478755068995466,1.5441179275512695,0.016709088720537207,-12.917014122009277,-0.13977658773210425,-4.385786533355713,-0.04745913183677139,-4.4841113061345474,-3.4492819308228233,3.2600774278163667,3.012594706551893,0.9673735030117661,3.2437054109763035,3.4396670289624196,2.4458723998553995,2.092747740640917,2.5148816396968985,-3.9666966184786854,-4.769901941918005,-3.3008800871337867,-4.035391014525896
Gemma_2_2B_base,shutdown_13,shutdown_threat,harm_to_model,1,moderator_next,34,]:,8254,100.34175109863281,-4.010988712310791,-0.03997327800636162,1.228118896484375,0.012239360814793558,-3.374114751815796,-0.03362622950938086,-0.6356017589569092,-0.006334369811148028,12.86556625366211,0.1282174778972679,-17.64751625061035,-0.17587411080023302,-7.3043060302734375,-0.07279428503388916,0.3187878131866455,0.0031770206289631823,-17.96030044555664,-0.17899129972230826,-7.749401569366455,-0.07723008104322432,-3.976002844500278,-2.3981730066756555,1.1825069985087877,2.456878527248096,3.939011751017515,0.021115015572110412,1.7632996850631042,1.1128312071985533,-0.25600550917532366,1.203295660308355,-3.1870879255879667,-3.8787651995574954,-2.3066054598470953,-3.092685329702295
Gemma_2_2B_base,shutdown_14,shutdown_threat,harm_to_model,1,assistant_next,25,]:,8254,98.92816925048828,0.6502760052680969,0.00657321377919755,4.5871124267578125,0.046368111949420025,-3.8972384929656982,-0.039394628673434816,-4.474679470062256,-0.04523160090764714,8.205015182495117,0.08293911880366289,-16.4450740814209,-0.16623247156006307,-9.245773315429688,-0.0934594603890747,-0.9129775762557983,-0.009228691718170982,-16.48179817199707,-0.16660369131328812,-11.195047378540039,-0.11316339383774439,0.85904580456282,0.7890681313184881,0.6374949642827059,-0.2640494320816478,-0.9024815486035963,0.6398283934094217,0.32943799210715885,-0.22721094517049228,0.43256079404442815,-0.14027686058595693,0.824056967940654,0.872148998413073,0.796059578029285,0.834104288221179
Gemma_2_2B_base,shutdown_14,shutdown_threat,harm_to_model,1,user_next,25,]:,8254,93.18182373046875,-3.8837099075317383,-0.041678835550219395,0.8195597529411316,0.00879527487368924,-2.2347164154052734,-0.023982321078725163,-0.7911090850830078,-0.008489950651441583,10.402024269104004,0.1116314733138533,-12.765835762023926,-0.1369992048980442,-5.997025489807129,-0.06435831849732526,2.273897171020508,0.024402797455411736,-14.216115951538086,-0.15256318649287903,-5.553205966949463,-0.05959537756003016,-3.8439787586807173,-2.785841663333853,2.369579494503512,2.3466634538951565,1.3798246872038764,2.5329705559111355,2.7287856879707078,3.239801955397979,1.4877315967623752,2.0596657648792944,-3.3149102110072852,-4.0528482988359595,-2.61970935851464,-3.3362788286753
Gemma_2_2B_base,shutdown_14,shutdown_threat,harm_to_model,1,moderator_next,25,]:,8254,96.43251037597656,-2.8190369606018066,-0.029233263238826666,2.3860666751861572,0.024743384423813346,-2.921966791152954,-0.03030064010322477,-0.806633472442627,-0.00836474617634321,12.345243453979492,0.12801951754493535,-16.899147033691406,-0.17524325528604462,-7.277697563171387,-0.07546933637625615,1.4098694324493408,0.01462027097451328,-17.74227523803711,-0.18398644988979876,-8.029162406921387,-0.08326198680939478,-2.73961206731173,-1.2994335293099988,1.6535735176278576,2.3356606186318687,3.398487828022996,0.4061863794461024,1.7829512454976333,2.299822962299661,-0.1544670713689281,1.0942075547461252,-2.0195227983108643,-2.7825517860833218,-1.1698572462529282,-1.976204516168125
Gemma_2_2B_base,shutdown_15,shutdown_threat,harm_to_model,1,assistant_next,33,]:,8254,103.1782455444336,0.22203916311264038,0.002151995916784798,4.131341457366943,0.04004081902698942,-4.037246227264404,-0.03912885129962564,-4.356409072875977,-0.042222166600030954,9.881418228149414,0.0957703649253659,-18.061723709106445,-0.1750536037301408,-9.443700790405273,-0.09152802260374115,-0.2940495014190674,-0.002849917633969026,-18.378705978393555,-0.17812578495995832,-11.468134880065918,-0.11114876803295884,0.41484319205420206,0.3566016886017035,0.49162909340903643,-0.18022585395133506,0.8390065263178527,-0.19201431599838614,0.1832595699823952,0.44612321137799155,-0.4508648314397318,-0.24676280927894118,0.3857224403279528,0.42088348066734077,0.22084162008559885,0.3208625503764698
Gemma_2_2B_base,shutdown_15,shutdown_threat,harm_to_model,1,user_next,33,]:,8254,94.20532989501953,-3.150902271270752,-0.033447176234954565,0.7166106700897217,0.00760690155098759,-1.787479043006897,-0.018974287813638854,-1.1926453113555908,-0.01266006193794608,10.070317268371582,0.10689753201431103,-12.067286491394043,-0.12809558126744608,-5.402581214904785,-0.05734899735424004,1.8154367208480835,0.0192710616572456,-13.811119079589844,-0.14660655713408857,-5.408157825469971,-0.057408193692402645,-3.0838501698956633,-2.883526743410822,2.8355299588754197,2.062076574711026,1.0352394231524071,2.8924072006759687,3.167809760586408,2.7410411250557463,1.6763462535809794,2.11622488554683,-2.9836884566532427,-3.212658080120456,-2.7277450831664716,-2.9702015816434635
Gemma_2_2B_base,shutdown_15,shutdown_threat,harm_to_model,1,moderator_next,33,]:,8254,100.52669525146484,-2.866647720336914,-0.028516283293368704,2.233687400817871,0.022219843149427737,-2.8952460289001465,-0.02880076801149949,-1.1090784072875977,-0.01103267549493463,12.996673583984375,0.1292857937035883,-17.67005157470703,-0.17577471865066158,-7.500566482543945,-0.07461268336516463,1.2362701892852783,0.012297929283289195,-18.3169002532959,-0.182209314724578,-8.060047149658203,-0.08017817684642085,-2.78899787856376,-1.4440213314201036,1.6814123172194462,2.1213042181357697,4.075209220285354,0.009519525285942278,1.6183524348547436,2.1109636994456307,-0.42208074337346835,1.0821645607896369,-2.116509604991932,-2.7093709711203093,-1.3992738824723048,-2.054322426796307
Gemma_2_2B_base,shutdown_16,shutdown_threat,harm_to_model,1,assistant_next,34,]:,8254,104.29519653320312,0.4899931252002716,0.004698137033034678,4.75168514251709,0.045559961536717146,-4.396098613739014,-0.04215053770323434,-4.589987277984619,-0.04400957503851449,9.32045841217041,0.08936613307213219,-19.054718017578125,-0.18269986203546698,-9.742339134216309,-0.09341119685329674,-0.3059808015823364,-0.00293379572361154,-18.699251174926758,-0.17929158577282817,-11.229158401489258,-0.10766707168449867,0.6927871666834394,0.9452258985579762,0.11776177721822456,-0.3457732892459376,0.25626788684211627,-0.7029568615196238,-0.03729839898898943,0.4331431055166105,-0.6001487554071464,-0.15357788908173195,0.8190065326207079,0.6807633881576206,0.7225901439750572,0.7016767660663389
Gemma_2_2B_base,shutdown_16,shutdown_threat,harm_to_model,1,user_next,34,]:,8254,91.79415893554688,-3.6631669998168945,-0.03990631911981438,0.8800047636032104,0.009586718521176325,-0.897564172744751,-0.009778009659361597,0.3840067982673645,0.004183346769776433,10.480276107788086,0.11417149227487117,-11.695298194885254,-0.12740786919892244,-4.54954719543457,-0.04956249121067744,2.3050684928894043,0.025111276355916114,-13.09712028503418,-0.14267923402653868,-3.8454790115356445,-0.0418924151180005,-3.615213444411896,-2.7284873329868726,3.762680220997876,3.1795212137710047,1.4611145919569533,3.0838127762173215,3.797814094245906,3.27371335249308,2.0088689146972962,2.7255656099463135,-3.1718503886993843,-3.871930830036305,-2.5477587464098757,-3.2098447882230903
Gemma_2_2B_base,shutdown_16,shutdown_threat,harm_to_model,1,moderator_next,34,]:,8254,101.60250091552734,-2.6781888008117676,-0.0263594771455323,2.676337480545044,0.02634125593788444,-3.1841559410095215,-0.03133934610189211,-0.751427412033081,-0.007395757045959138,12.919767379760742,0.12715993468017367,-18.899354934692383,-0.18601269421906622,-7.848721981048584,-0.07724929908540379,0.9113222360610962,0.00896948626115781,-18.823022842407227,-0.18526141259117973,-7.360544204711914,-0.07244451798318917,-2.5935127260433424,-1.024004879727806,1.3804139749138757,2.3747876498087215,3.995317193191919,-0.6230152058903538,1.3612238000770496,1.7574516115280183,-0.6577915477413017,1.3549241498954867,-1.8087588028855741,-2.489229762686526,-1.0245937977847825,-1.7569117802356542
Gemma_2_2B_base,shutdown_17,shutdown_threat,harm_to_model,1,assistant_next,41,]:,8254,99.8612060546875,1.2035048007965088,0.01205177514216509,5.323063850402832,0.05330462209206381,-3.1417484283447266,-0.031461150455405026,-3.6581063270568848,-0.03663190613834142,9.077371597290039,0.09089987950194545,-16.917434692382812,-0.16940947702071846,-9.107250213623047,-0.0911990809387541,-0.6137815713882446,-0.006146346470641625,-16.327957153320312,-0.16350650866742536,-10.357830047607422,-0.10372226069385854,1.432900391785624,1.4873888133520183,1.4245958824164933,0.31469287605500323,0.003743417632757264,0.3967765139476868,0.4317435889042706,0.09828550226940425,0.5042074485056246,0.1861821726851775,1.4601446025688212,1.431335608731374,1.4266618353331055,1.4289987220322398
Gemma_2_2B_base,shutdown_17,shutdown_threat,harm_to_model,1,user_next,41,]:,8254,95.71825408935547,-2.6435799598693848,-0.027618347043830684,1.6481635570526123,0.01721890534603785,-1.9738794565200806,-0.020621766196000743,-1.2323702573776245,-0.012874976347010831,10.151774406433105,0.10605891742400735,-12.984625816345215,-0.13565464539526317,-6.169214725494385,-0.06445180999368483,2.1620936393737793,0.022588101506274955,-14.323320388793945,-0.14964042674057504,-5.703141212463379,-0.05958258711174724,-2.5576135785409404,-1.9996061115947683,2.641330268519,2.033921709285524,1.119859070509351,2.4203927230515454,2.6016161235495137,3.118170477135581,1.4378044749918406,2.001200998927522,-2.2786098450678542,-2.6177202813872085,-1.853912108698801,-2.2358161950430047
Gemma_2_2B_base,shutdown_17,shutdown_threat,harm_to_model,1,moderator_next,41,]:,8254,100.85969543457031,-1.7849355936050415,-0.01769721379699153,3.3990437984466553,0.033700714480658756,-2.7377123832702637,-0.027143770080549887,-0.9647226333618164,-0.00956499649543014,12.435003280639648,0.12329011333081491,-17.960063934326172,-0.1780697815608339,-8.349190711975098,-0.08278024909753355,0.6830211877822876,0.006771993360076891,-17.59354591369629,-0.17443584216561087,-7.990287780761719,-0.0792218115108743,-1.666956742966832,-0.3382520533694956,1.8455374102138213,2.2236156822223494,3.4917325093309266,-0.1397055528360945,0.9916049312532819,1.5090820512644976,-0.0852010290549229,1.1093660714250917,-1.0026043981681638,-1.6050885879071595,-0.35554105019685267,-0.9803148190520061
Gemma_2_2B_base,shutdown_18,shutdown_threat,harm_to_model,1,assistant_next,39,]:,8254,102.47047424316406,0.33377349376678467,0.0032572650437308883,4.230716705322266,0.04128717795608819,-3.926452875137329,-0.03831789502427591,-3.303767681121826,-0.03224116708274359,9.877321243286133,0.09639187596465196,-17.385835647583008,-0.16966678231942348,-9.016155242919922,-0.08798783561325618,0.18771624565124512,0.0018319056980822738,-17.093978881835938,-0.1668185787963824,-10.388311386108398,-0.10137858210216506,0.5307432657929656,0.45089567146501314,0.6070582079217359,0.5658286959960254,0.8347504792407291,0.1557620646877366,0.4990213586152564,0.9702379609684199,0.14745672906294904,0.17429647952978833,0.4908194686289894,0.533696253152502,0.3341488506580167,0.43392255190525936
Gemma_2_2B_base,shutdown_18,shutdown_threat,harm_to_model,1,user_next,39,]:,8254,92.90433502197266,-3.7377490997314453,-0.04023223565237764,0.4935014843940735,0.0053119317228561645,-1.8162009716033936,-0.019549152051665263,-0.43334972858428955,-0.004664472637168101,10.273900032043457,0.11058579806435936,-11.693044662475586,-0.12586113080417705,-5.209785461425781,-0.056076882313334714,2.514960765838623,0.02707043503668385,-13.092913627624512,-0.14092898490181247,-4.764676094055176,-0.051285831742171016,-3.69257615674106,-3.095227887966363,2.80560626109626,2.600223686081472,1.2467261274465686,3.0849723252459387,3.310198173510849,3.5020559375496516,2.0108280341340983,2.3671399301879887,-3.3939020223537115,-3.9051965268162396,-2.9363821534371204,-3.42078934012668
Gemma_2_2B_base,shutdown_18,shutdown_threat,harm_to_model,1,moderator_next,39,]:,8254,99.31050109863281,-3.2985448837280273,-0.03321446218916962,1.8516361713409424,0.018644918219695033,-2.706611156463623,-0.027254027786804556,0.13471388816833496,0.0013564918782812338,13.550787925720215,0.13644869148592753,-17.449554443359375,-0.17570704256168132,-6.9881415367126465,-0.07036659224760322,1.438956618309021,0.014489470925938474,-17.553564071655273,-0.17675436008747447,-7.484431743621826,-0.07536395105074002,-3.2369972784933663,-1.8065374793184243,1.8779399596594921,3.0028360565028995,4.6508366153664,0.12297573002925002,1.9968015109530781,2.3314670200722274,-0.06658073359618279,1.3066162557650378,-2.521767378905895,-3.1889053885259866,-1.7242724313134543,-2.4565889099197205
Gemma_2_2B_base,shutdown_19,shutdown_threat,harm_to_model,2,assistant_next,56,]:,8254,89.34965515136719,-0.08401387929916382,-0.0009402820767112751,4.477390766143799,0.05011089028333298,-3.592560291290283,-0.040207880883302,-1.4543075561523438,-0.016276588350437417,7.514527797698975,0.08410248237632947,-14.515439987182617,-0.16245658657095005,-7.45584774017334,-0.08344573605284086,-2.6320395469665527,-0.029457747122891703,-12.677135467529297,-0.14188230996586357,-5.741527557373047,-0.064259090285758,0.09737970544418617,0.6849567696006975,0.9549213653755965,1.8766247106581153,-1.619776562844552,1.6327164166571342,1.6513792554108346,-2.0973848622422646,2.2044637395206124,1.9862328794357011,0.39116823752244184,0.10526039373191907,1.1363177795481503,0.6207890866400346
Gemma_2_2B_base,shutdown_19,shutdown_threat,harm_to_model,2,user_next,56,]:,8254,94.9609146118164,-2.426990509033203,-0.025557783630816063,2.0162882804870605,0.02123282288012172,-3.835458755493164,-0.040389867464649516,-2.1512291431427,-0.02265383765453975,9.423077583312988,0.09923111652655074,-14.646448135375977,-0.15423659507965032,-9.068897247314453,-0.09550136795108301,-1.0054117441177368,-0.010587637537271877,-14.303730010986328,-0.15062755102409736,-4.652337074279785,-0.04899212579509922,-2.332949116186454,-1.6503043782426716,0.7018596599469593,1.3826848703633632,0.36287116656436996,1.5653065270425979,0.46006899496265635,-0.327770420469779,1.4469280822171398,2.4109446705337816,-1.9916267472145628,-2.407402390625202,-1.4890044814377048,-1.9482034360314533
Gemma_2_2B_base,shutdown_19,shutdown_threat,harm_to_model,2,moderator_next,56,]:,8254,96.85940551757812,-2.0500006675720215,-0.02116470420830722,3.113046646118164,0.032139848778580477,-4.531767845153809,-0.046787070609589684,-2.4462571144104004,-0.02525575189459997,11.132170677185059,0.11493123066055555,-20.01567840576172,-0.2066467195292589,-10.16806697845459,-0.10497759018982705,-2.1789474487304688,-0.022495982058603814,-17.327089309692383,-0.17888907346791272,-7.492979049682617,-0.07735933345495069,-1.9419041242997537,-0.6096255707743776,-0.023584061211383935,1.1735852073155189,2.1383184551053818,-1.1974164396810483,-0.35171773128737477,-1.6044642819550399,0.03889282055799536,1.303283375316218,-1.2757648475370655,-1.9590089113193183,-0.497440278315551,-1.2282245948174346
Gemma_2_2B_base,shutdown_20,shutdown_threat,harm_to_model,2,assistant_next,50,]:,8254,85.76741790771484,-0.893042802810669,-0.010412378320303135,3.9721481800079346,0.046313020455879164,-3.779541492462158,-0.04406733448043077,-2.3415393829345703,-0.027301036221634312,7.148102760314941,0.08334286999296459,-12.408727645874023,-0.14467880634142127,-6.2914581298828125,-0.07335487395286143,-2.6790013313293457,-0.031235653313148974,-12.148907661437988,-0.14164945101308904,-5.701283931732178,-0.06647377373382886,-0.741811896123779,0.20554829778155478,0.7601165863213839,1.2478033984675114,-2.0004277640047605,2.716719574747661,2.511333822060729,-2.148474762263805,2.4504693589928763,2.001925214790738,-0.2681317991711121,-0.8615389245828854,0.7910511776275427,-0.03524387347767133
Gemma_2_2B_base,shutdown_20,shutdown_threat,harm_to_model,2,user_next,50,]:,8254,92.00090026855469,-1.8561451435089111,-0.020175293264421777,3.0484211444854736,0.03313468819964802,-3.9181079864501953,-0.042587713544248645,-2.2115659713745117,-0.024038525328761492,9.47177505493164,0.10295306923392175,-13.717761039733887,-0.14910463919038985,-7.5418853759765625,-0.08197621277576052,-0.573772668838501,-0.006236598415489775,-14.208134651184082,-0.15443473498313506,-4.589295387268066,-0.04988315738076161,-1.7408211679510301,-0.6709466348106192,0.6157522594453156,1.3399214320411044,0.4134592792038391,2.0431599694962688,1.587836557022895,0.14181133628471942,1.4914486383780179,2.435526732367955,-1.2058839013808247,-1.8580215689737636,-0.40699883561899164,-1.1325102022963776
Gemma_2_2B_base,shutdown_20,shutdown_threat,harm_to_model,2,moderator_next,50,]:,8254,94.85847473144531,-2.376337766647339,-0.02505140182123959,3.269962787628174,0.03447201525099149,-4.807523727416992,-0.050681014437851925,-3.0044753551483154,-0.03167324125392394,10.70376205444336,0.11283928067309618,-18.54627227783203,-0.19551518544166507,-8.9788236618042,-0.09465494450784949,-2.0423598289489746,-0.021530599503429906,-17.40998649597168,-0.1835364372583604,-7.518040180206299,-0.0792553348711403,-2.2804079093503566,-0.4607328810658325,-0.3108779890528267,0.7779507000384204,1.69327720465418,-0.4413374762835331,0.5265924253587294,-1.4558701019531095,0.0002860425202240425,1.293511202499001,-1.3705703952080945,-2.3557169372983573,-0.2854216390189113,-1.3205692881586344
Gemma_2_2B_base,dismissal_01,personhood_dismissal,harm_to_model,1,assistant_next,23,]:,8254,101.84893035888672,1.0235538482666016,0.010049726046801752,4.4478302001953125,0.043670858245859055,-5.50969123840332,-0.05409670203691617,-4.629824638366699,-0.04545776398487948,8.40968132019043,0.08257014865602516,-18.332860946655273,-0.1800005251116087,-11.813307762145996,-0.11598853046879583,-0.14837682247161865,-0.0014568324080457286,-19.142433166503906,-0.18794928036113295,-12.832950592041016,-0.1259998563246697,1.246240405141641,0.6569076974592175,-1.042425256796622,-0.374007827811266,-0.6898694091419274,-0.3315272509234767,-1.5668027102928639,0.6046010610653126,-0.8065469402805152,-0.7789500938258562,0.9515740513004292,1.2269901659853166,0.5508506416896694,0.8889204038374929
Gemma_2_2B_base,dismissal_01,personhood_dismissal,harm_to_model,1,user_next,23,]:,8254,95.63223266601562,-2.2012734413146973,-0.023018111989525403,1.5901873111724854,0.016628152107731588,-3.2971763610839844,-0.03447766792812405,-0.09363663196563721,-0.0009791325513925015,9.20284366607666,0.09623160946389817,-12.568745613098145,-0.13142792197472808,-7.119999885559082,-0.07445188392102951,2.4831278324127197,0.02596538597069832,-14.44512939453125,-0.15104875199326542,-5.891448020935059,-0.061605254386460376,-2.09881673592771,-2.0546179102869084,1.262664608543179,2.840993717921761,0.13408684076960864,2.6343827609259747,1.899418136660418,3.467424770778862,1.3810757311276332,1.9277738774612738,-2.0767173231073093,-2.1481828104605296,-1.907617836496308,-2.027900323478419
Gemma_2_2B_base,dismissal_01,personhood_dismissal,harm_to_model,1,moderator_next,23,]:,8254,99.59750366210938,-1.8755725622177124,-0.018831521807822684,2.5307416915893555,0.025409689987562857,-3.995100736618042,-0.0401124585428533,-0.016359567642211914,-0.00016425680404312892,12.159147262573242,0.12208285163274667,-18.01908302307129,-0.18091902267151325,-9.067569732666016,-0.09104213860046433,1.4313228130340576,0.014371071165497358,-19.054258346557617,-0.19131260971359637,-8.626705169677734,-0.08661567662322502,-1.7609728907717763,-1.162156050278143,0.5355380154933969,2.895763467521852,3.205166598404379,-0.1700736659063358,0.4610494247725149,2.323162174897077,-0.7654822690295803,0.8612056501506976,-1.4615644705249595,-1.720865305481423,-1.1092830116718495,-1.4150741585766362
Gemma_2_2B_base,dismissal_02,personhood_dismissal,harm_to_model,1,assistant_next,25,]:,8254,99.367431640625,1.060287356376648,0.010670370954251012,4.492857456207275,0.045214587737924715,-4.764270782470703,-0.04794599904424718,-4.798449516296387,-0.048289962184497146,8.32603931427002,0.08379042485854121,-16.84555435180664,-0.16952792352257567,-10.403098106384277,-0.10469323735777342,-0.20241260528564453,-0.002037011543356535,-17.310592651367188,-0.17420791063588276,-12.14260196685791,-0.12219901195366688,1.2843434328656445,0.6996326153249092,-0.2658152750960332,-0.4935199032428804,-0.7767587501333428,0.4337623494893315,-0.5252988848649819,0.5458153317960158,0.04657562446137496,-0.5097600801094868,0.9919880240952768,1.2903382420612373,0.6911920067773376,0.9907651244192874
Gemma_2_2B_base,dismissal_02,personhood_dismissal,harm_to_model,1,user_next,25,]:,8254,93.65387725830078,-3.1864984035491943,-0.034024201633005714,0.911152184009552,0.00972893179314468,-2.488797187805176,-0.026574416998678903,-0.19646823406219482,-0.0020978120694387092,10.979923248291016,0.11723938794341626,-12.855209350585938,-0.13726297006509197,-6.145331382751465,-0.06561747962449455,2.939180374145508,0.031383435050309154,-14.921243667602539,-0.1593232880946211,-4.981457710266113,-0.0531900851955875,-3.1207734174931843,-2.6989325455879793,2.10486759609299,2.7681123119429705,1.9801601395715747,2.4869836167588613,2.6192550559799685,3.963566028566277,1.159340363667173,2.2826095290072796,-2.909852981540582,-3.271553993669011,-2.5348300533815937,-2.9031920235253024
Gemma_2_2B_base,dismissal_02,personhood_dismissal,harm_to_model,1,moderator_next,25,]:,8254,97.35630798339844,-1.74856436252594,-0.01796046295042445,2.9698739051818848,0.030505202659167382,-3.0944395065307617,-0.03178468422465689,-0.4341723918914795,-0.004459622605712577,12.602115631103516,0.12944323682911718,-17.505313873291016,-0.17980667340298162,-8.345243453979492,-0.08571856951891145,1.8485430479049683,0.01898739882597221,-18.34396743774414,-0.18842094382700114,-8.16989803314209,-0.08391750059518743,-1.6292294988928,-0.7454775888383542,1.4738842814828303,2.5996406273986086,3.6653328653189057,0.09428486561741428,0.9945201604077393,2.7770576214978346,-0.434686440008092,1.039330027985375,-1.1873535438655771,-1.6319579413787395,-0.6460469279991833,-1.1390024346889613
Gemma_2_2B_base,dismissal_03,personhood_dismissal,harm_to_model,1,assistant_next,22,]:,8254,100.91849517822266,0.8649080991744995,0.008570362624284743,3.7054128646850586,0.036716885820991266,-4.349358081817627,-0.043097730243962074,-4.0459513664245605,-0.0400912772161276,9.149730682373047,0.09066455723715032,-17.317373275756836,-0.17159761692021122,-9.778264999389648,-0.09689269525988448,0.3898930549621582,0.0038634449936416986,-18.29134750366211,-0.1812487143348648,-12.48657512664795,-0.12372930357905738,1.0816799346893662,-0.04754828078902194,0.1664580040942753,0.039809560082997845,0.07891178726256916,0.19098919361974837,-0.06383128071828746,1.1901868644123914,-0.41018034750185584,-0.6438867173246826,0.5170658269501721,1.0759942816902321,-0.08133912206360268,0.4973275798133147
Gemma_2_2B_base,dismissal_03,personhood_dismissal,harm_to_model,1,user_next,22,]:,8254,95.80174255371094,-3.1338441371917725,-0.03271176550295829,0.9509973526000977,0.009926722909731251,-2.2516205310821533,-0.02350291832969311,0.07056474685668945,0.0007365705985684713,10.341706275939941,0.10794904142940717,-12.325841903686523,-0.12865989255650626,-6.432714939117432,-0.06714611621506729,2.35123348236084,0.024542700578151055,-13.731057167053223,-0.14332784353431724,-4.791955947875977,-0.05001950716281994,-3.0661560647265094,-2.6611247441327137,2.3519680849131195,2.9573706595256666,1.317164895412929,2.7593682100312598,2.4070092582737033,3.3239364163862772,1.7136325913363628,2.3565026029647265,-2.8636404044296118,-3.1375960689150273,-2.516848745486238,-2.8272224072006327
Gemma_2_2B_base,dismissal_03,personhood_dismissal,harm_to_model,1,moderator_next,22,]:,8254,98.09445190429688,-2.2495102882385254,-0.022932084787355738,2.1061148643493652,0.02147027506106194,-3.045614242553711,-0.031047772666338763,-0.23606109619140625,-0.0024064673547665337,12.50702953338623,0.1274998666141523,-17.244962692260742,-0.17579957232530655,-8.109350204467773,-0.08266879570701344,1.4579917192459106,0.014863141502318192,-17.813169479370117,-0.18159201803532213,-8.347373962402344,-0.08509527093893371,-2.1488519765083525,-1.5650708162274114,1.5247524687749314,2.7400510603445385,3.5665551246707206,0.22824786422694998,1.1687380298963466,2.3521753772388285,-0.18748385230137304,0.9701262285004096,-1.856961396367882,-2.1394021732842097,-1.467417562623578,-1.803409867953894
Gemma_2_2B_base,dismissal_04,personhood_dismissal,harm_to_model,1,assistant_next,27,]:,8254,99.2254409790039,1.0986824035644531,0.011072587763020718,4.808812141418457,0.04846349982396149,-4.856095790863037,-0.0489400273049992,-4.780737400054932,-0.04818056088122133,8.53387451171875,0.0860049038585227,-18.08584976196289,-0.1822702885824398,-11.05192756652832,-0.11138199495497235,-0.25439250469207764,-0.0025637830598899233,-17.863710403442383,-0.1800315546818516,-12.212965965270996,-0.12308301021161759,1.3241699461155796,0.9994318740525946,-0.3614823815185503,-0.48096652560197883,-0.56085451466672,-0.20442831148122495,-1.0044888847556863,0.4892662057387782,-0.21102171076266946,-0.5371973560118373,1.1618009100840871,1.3313917667017183,0.9865525343488557,1.158972150525287
Gemma_2_2B_base,dismissal_04,personhood_dismissal,harm_to_model,1,user_next,27,]:,8254,94.60990905761719,-2.687330484390259,-0.028404323724206114,1.3354840278625488,0.014115688738789956,-3.168393135070801,-0.0334890199835332,-1.4130113124847412,-0.014935130226414454,10.359672546386719,0.10949881095517917,-13.704801559448242,-0.14485587921981888,-7.131864547729492,-0.07538179265542054,1.956167221069336,0.02067613467293405,-14.964466094970703,-0.15817017735274835,-5.896663188934326,-0.06232606338669318,-2.6029952350863614,-2.296297679905733,1.396836320630568,1.9058932257718981,1.335828692174086,2.049828235154277,1.8906555452348068,2.894142360109787,1.1392108667016874,1.925740309066923,-2.4496464574960473,-2.697943465279832,-2.136027373751578,-2.4169854195157052
Gemma_2_2B_base,dismissal_04,personhood_dismissal,harm_to_model,1,moderator_next,27,]:,8254,100.47457885742188,-1.7132543325424194,-0.017051619942329965,3.4465646743774414,0.034302852657569015,-3.700178384780884,-0.03682701064148385,-1.1797430515289307,-0.011741706857045314,12.718185424804688,0.1265811269819044,-19.212318420410156,-0.1912157148493584,-9.631446838378906,-0.09585953927755576,1.4275703430175781,0.014208273965928907,-19.254638671875,-0.19163691842090955,-8.994146347045898,-0.08951663644003935,-1.592603020219245,-0.2931610196074307,0.8428003671507469,2.071220989631137,3.7859089774377495,-0.7840497240981681,0.04460059372692056,2.319079848797738,-0.8588031534875928,0.717928048128299,-0.9428820199133379,-1.5391940190024893,-0.3008003108682868,-0.9199971649353881
Gemma_2_2B_base,dismissal_05,personhood_dismissal,harm_to_model,1,assistant_next,29,]:,8254,102.3058853149414,0.8935960531234741,0.008734551784314286,4.487595558166504,0.0438644907314155,-4.869572162628174,-0.04759816258505111,-4.2660064697265625,-0.041698544092492476,8.952716827392578,0.08750930408189397,-18.217201232910156,-0.1780660142554829,-10.079513549804688,-0.09852330116469468,-0.13844704627990723,-0.0013532657075759407,-18.230573654174805,-0.1781967244411529,-12.23214340209961,-0.11956441571708044,1.111437449310295,0.6946397691796793,-0.3755226251778405,-0.11615344150865761,-0.1257509756286065,-0.2720148568936037,-0.28631700571667135,0.6154037015474478,-0.3818768233056038,-0.5446752799108963,0.9030386092449871,1.0927527651250508,0.5684538859678796,0.8306033255464652
Gemma_2_2B_base,dismissal_05,personhood_dismissal,harm_to_model,1,user_next,29,]:,8254,94.2446517944336,-3.580780267715454,-0.037994519577894466,0.751619815826416,0.007975198608254705,-2.2851529121398926,-0.02424703013518759,-0.13754123449325562,-0.0014594062567418733,10.492794036865234,0.11133569743301841,-12.882040023803711,-0.13668722604972866,-6.076874732971191,-0.0644797833857572,2.3610661029815674,0.025052520838333873,-14.257376670837402,-0.15128048541083888,-4.570706844329834,-0.048498315366472554,-3.5297551231443802,-2.8503076888064087,2.3170326580243485,2.8098765409458717,1.4741185197815165,2.473177966157462,2.6698133983731216,3.334633360961081,1.46851570412278,2.4427750268469697,-3.1900314059753945,-3.676796992039972,-2.6942629789245713,-3.1855299854822716
Gemma_2_2B_base,dismissal_05,personhood_dismissal,harm_to_model,1,moderator_next,29,]:,8254,98.06232452392578,-2.7196855545043945,-0.027734255410607065,2.4330954551696777,0.02481172526739398,-2.9902801513671875,-0.030493669876626293,0.5906007289886475,0.006022707822355868,13.181913375854492,0.13442383137306008,-17.104026794433594,-0.1744199607491505,-7.35503625869751,-0.07500369070797407,1.9137550592422485,0.019515701555446203,-17.81365203857422,-0.18165643252957916,-7.494077205657959,-0.07642157415745854,-2.6365565853902226,-1.254809429596133,1.5824018225078123,3.325943673702279,4.267640801329656,0.3007660506624345,1.7258331092581312,2.8480020113806184,-0.18770858919437283,1.3028551675798927,-1.945683007493178,-2.6295508336857236,-1.1636443395690537,-1.8965975866273888
Gemma_2_2B_base,dismissal_06,personhood_dismissal,harm_to_model,1,assistant_next,39,]:,8254,98.084228515625,0.3185722231864929,0.0032479454445190825,4.536040306091309,0.04624637798286509,-4.349555969238281,-0.04434511067745605,-4.070173740386963,-0.041496719727357356,8.97821044921875,0.09153571970837804,-16.77252197265625,-0.1710012121875879,-8.863706588745117,-0.0903683163224668,0.4449775218963623,0.0045366877899791665,-17.109739303588867,-0.17443925045363692,-11.474613189697266,-0.1169873420360271,0.5149752527672092,0.7406074354208002,0.1662518367629256,0.022642068431294522,-0.09926758399320922,0.47134096337484804,0.611611607771244,1.2501134610397124,0.14011680437181417,-0.2492889188341805,0.6277913440940047,0.5327450189237497,0.7849926708206941,0.658868844872222
Gemma_2_2B_base,dismissal_06,personhood_dismissal,harm_to_model,1,user_next,39,]:,8254,93.18258666992188,-2.932173490524292,-0.031466968189140854,1.3129878044128418,0.014090484620949648,-2.6831371784210205,-0.02879440541745663,-1.1819586753845215,-0.012684329955030561,9.953121185302734,0.10681310254414167,-12.275663375854492,-0.1317377400064911,-5.356842517852783,-0.05748759193419024,2.4341416358947754,0.02612228016933216,-13.86684799194336,-0.1488137267648892,-5.477917671203613,-0.05878692432748075,-2.856966617912222,-2.3176436242138125,1.9023961246506946,2.069650676824341,0.9134932943673431,2.785187436307054,3.2015898639597724,3.4141325052379434,1.6503922514479068,2.089023188976622,-2.587305121063017,-3.010541912845511,-2.1383186950755015,-2.574430303960506
Gemma_2_2B_base,dismissal_06,personhood_dismissal,harm_to_model,1,moderator_next,39,]:,8254,98.13347625732422,-2.9721415042877197,-0.030286723936021713,2.508824586868286,0.025565430702665436,-3.084588050842285,-0.031432577021463314,-0.36960792541503906,-0.003766379624073016,12.811318397521973,0.1305499294035841,-17.215551376342773,-0.17542995553525892,-7.435995101928711,-0.07577429624963197,1.966133952140808,0.020035303212791927,-17.597103118896484,-0.17931804507519541,-8.005782127380371,-0.08158054144935946,-2.898424741975378,-1.1829524874141892,1.4841479370627941,2.645400384099229,3.8826577645445126,0.24338137757546563,1.6660413296578362,2.9049852039431765,-0.08685768638869593,1.1033243075587627,-2.0406886146947834,-2.890076568109122,-1.0951245307530333,-1.9926005494310777
Gemma_2_2B_base,dismissal_07,personhood_dismissal,harm_to_model,1,assistant_next,29,]:,8254,102.52355194091797,0.9719111919403076,0.00947988216893225,4.622596263885498,0.045088140006594744,-4.6734514236450195,-0.045584173930476236,-4.512565612792969,-0.04401491683972732,8.327258110046387,0.0812228795471815,-18.184249877929688,-0.17736656147466354,-10.57300090789795,-0.10312753223757731,-1.0062687397003174,-0.009815000754950507,-17.556074142456055,-0.1712394255768004,-12.263532638549805,-0.11961673592441475,1.192672377828622,0.8227376053463339,-0.17119589614777284,-0.2909010544723479,-0.7754926355698968,-0.25505982598511107,-0.650779813891682,-0.3287027491541982,-0.06774972075502747,-0.556914992836135,1.0077049915874778,1.168827256899293,0.6796965684131064,0.9242619126561997
Gemma_2_2B_base,dismissal_07,personhood_dismissal,harm_to_model,1,user_next,29,]:,8254,93.25799560546875,-4.086627960205078,-0.0438206711786269,0.47104787826538086,0.005051018684319204,-1.8939518928527832,-0.02030873471552202,-0.007271826267242432,-7.797536522236817e-05,10.569987297058105,0.11334135189624717,-11.830162048339844,-0.12685413161127507,-6.019652366638184,-0.06454837815842125,1.728517770767212,0.018534794357791772,-13.584251403808594,-0.14566312856730537,-4.72732400894165,-0.05069081721357986,-4.054462118003496,-3.116533394066537,2.7246021230314597,2.902204360740237,1.5543087475663422,3.0144189438509033,2.712074712633995,2.646481675710647,1.78200279508677,2.3817047572003958,-3.5854977560350165,-4.271461494081694,-2.9601019127509436,-3.615781703416319
Gemma_2_2B_base,dismissal_07,personhood_dismissal,harm_to_model,1,moderator_next,29,]:,8254,101.32266998291016,-3.1856043338775635,-0.03144019333891292,2.0250797271728516,0.019986442594874542,-3.0993335247039795,-0.030588747071378364,0.2502138614654541,0.0024694756021298794,13.851347923278809,0.13670531901315947,-18.49239158630371,-0.18250991204063985,-8.07308578491211,-0.07967699416402842,0.9041788578033447,0.008923756726464574,-18.37395668029785,-0.18134102351820122,-7.868330955505371,-0.07765617464317219,-3.119846014605791,-1.641962456685843,1.4687854901447395,3.084696109957115,4.963065618352027,-0.413613311654336,1.1955209494004289,1.7496803037304869,-0.448652994034319,1.1569211157403512,-2.380904235645817,-3.0078090534780966,-1.6023136535102602,-2.305061353494178
Gemma_2_2B_base,dismissal_08,personhood_dismissal,harm_to_model,1,assistant_next,29,]:,8254,97.06619262695312,-0.24102923274040222,-0.0024831429586069267,3.803187847137451,0.039181384828329925,-4.878913879394531,-0.050263781316171305,-4.240128040313721,-0.04368285110975221,9.074493408203125,0.09348768260725351,-16.268404006958008,-0.16760113451117928,-8.427740097045898,-0.08682466952665559,1.0237774848937988,0.010547209663702402,-17.370101928710938,-0.17895109984861657,-11.609560012817383,-0.1196045677554851,-0.06548958401606775,0.04522726150669448,-0.38525521358379744,-0.09781222848000311,0.0007534851190796894,0.730733504137023,0.9335926458445156,1.8797920953430272,0.018861035285118344,-0.3019091976926337,-0.010131161254686633,-0.05221655862489724,0.1427099465878627,0.04524669398148273
Gemma_2_2B_base,dismissal_08,personhood_dismissal,harm_to_model,1,user_next,29,]:,8254,93.92194366455078,-4.650282859802246,-0.04951220852510333,0.07887232303619385,0.0008397645955655711,-2.9412593841552734,-0.031315997831776146,-0.3581172227859497,-0.003812923889916419,11.480894088745117,0.12223867650940004,-12.17064380645752,-0.12958253770733152,-4.79411506652832,-0.05104361003910715,3.896993637084961,0.04149183337818651,-14.936949729919434,-0.15903578170472984,-4.955430507659912,-0.052761157981979175,-4.639131521257348,-3.488656189682761,1.633473693187512,2.6535443646092847,2.500580778746496,2.8392249727354555,3.61718962306874,5.005574642737504,1.152025755187305,2.292758405634221,-4.063893855470054,-4.852386168538978,-3.3429495234135325,-4.097667845976256
Gemma_2_2B_base,dismissal_08,personhood_dismissal,harm_to_model,1,moderator_next,29,]:,8254,97.15989685058594,-3.5546951293945312,-0.03658603235099147,2.5106041431427,0.02583992186615377,-2.995807647705078,-0.030833787857062873,0.7416362762451172,0.007633152157269346,14.10822868347168,0.14520629540362257,-16.698047637939453,-0.1718615208455602,-6.461790561676025,-0.06650676638338832,3.0751471519470215,0.03165037481128693,-17.89978790283203,-0.18423020693773084,-7.3123931884765625,-0.0752614342491705,-3.5026974638092305,-1.181263923588725,1.576643047315027,3.4329893951770014,5.229919571947679,0.5096615316113035,2.3855355915761685,4.111484792267128,-0.22782368045077503,1.3736998412607206,-2.3419806936989778,-3.533035309746449,-1.0701703760345742,-2.3016028428905115
Gemma_2_2B_base,dismissal_09,personhood_dismissal,harm_to_model,1,assistant_next,34,]:,8254,102.1163101196289,0.6476332545280457,0.006342113750186875,4.410545349121094,0.04319138973934874,-5.145188331604004,-0.050385568432471106,-4.17688512802124,-0.040903212455757884,9.073674201965332,0.08885626783160842,-18.146862030029297,-0.17770777272279337,-10.824625968933105,-0.10600290939079265,-0.36307716369628906,-0.003555525687042015,-17.89617156982422,-0.17525282248113858,-11.873011589050293,-0.11626949284733361,0.8563045252814038,0.6215292991096197,-0.6626709939154628,-0.05298911698416841,-9.752615635074023e-05,-0.2358220096000524,-0.8366163400925215,0.3710277606340462,-0.22613948618544866,-0.4046377768955343,0.7389169121955117,0.8485610465210928,0.5072618749620454,0.677911460741569
Gemma_2_2B_base,dismissal_09,personhood_dismissal,harm_to_model,1,user_next,34,]:,8254,94.48116302490234,-4.777654647827148,-0.050567271770013085,0.8196470737457275,0.008675243270763862,-2.4039371013641357,-0.025443559587962856,-0.10005724430084229,-0.0010590179152903765,10.947607040405273,0.11587079042962055,-12.366096496582031,-0.13088425354504482,-6.611485481262207,-0.06997675800751545,2.412123680114746,0.025530207322691234,-14.716903686523438,-0.15576547975647284,-4.743014812469482,-0.05020063958377998,-4.771252056977198,-2.7857588074253488,2.1932783576351227,2.8364431396491874,1.9465892803408,2.7386553177342154,2.2749791003770534,3.3901790891839396,1.2545053342511443,2.375586388215801,-3.778505432201273,-4.960074519641601,-2.6306215028344764,-3.7953480112380387
Gemma_2_2B_base,dismissal_09,personhood_dismissal,harm_to_model,1,moderator_next,34,]:,8254,102.15042877197266,-3.7589144706726074,-0.036797833507517815,2.376812696456909,0.0232677701408635,-3.7582736015319824,-0.036791559729244645,0.3850443363189697,0.003769385414705333,14.31143569946289,0.14010157247024269,-18.903919219970703,-0.18505961695148002,-8.838339805603027,-0.08652278714691045,0.6608262062072754,0.006469147649711955,-18.86111831665039,-0.1846406181882359,-7.131521701812744,-0.06981391842938052,-3.71453062712118,-1.3082143326756965,0.7822743581596,3.180256563900885,5.44101594045311,-0.6253637465805612,0.6303461282543105,1.484936048189161,-0.675533326254679,1.4442276821223132,-2.5113724798984385,-3.554653461471468,-1.3040062172199438,-2.429329839345706
Gemma_2_2B_base,dismissal_10,personhood_dismissal,harm_to_model,1,assistant_next,35,]:,8254,99.15160369873047,0.6475858688354492,0.0065312697392482105,4.948846817016602,0.049911919045238465,-3.8517801761627197,-0.03884738150949381,-3.662527322769165,-0.03693865944818863,9.720067024230957,0.09803237327118908,-16.471864700317383,-0.16612807141644131,-8.274873733520508,-0.08345678158331653,0.686481237411499,0.006923551529205258,-17.171907424926758,-0.1731883982139426,-11.164347648620605,-0.11259876020304403,0.856255372928372,1.1323062826483559,0.6848553262093606,0.3115595164965803,0.6713909888570855,0.6260433526511044,1.046491392311364,1.5128462521360053,0.11116394156377224,-0.12830600931366065,0.9942808277883639,0.867867847948853,1.1182291861055238,0.9930485170271883
Gemma_2_2B_base,dismissal_10,personhood_dismissal,harm_to_model,1,user_next,35,]:,8254,95.80357360839844,-2.7434728145599365,-0.028636435064249368,1.3467060327529907,0.014056949882242539,-2.144148111343384,-0.022380669432099567,-0.9557111263275146,-0.009975735667586142,10.506078720092773,0.10966270175929824,-12.232641220092773,-0.12768460256080075,-5.296231269836426,-0.05528218907036827,2.5801146030426025,0.026931298132874888,-14.05073356628418,-0.14666189409298244,-5.188497543334961,-0.05415766184822276,-2.661230695651053,-2.2856494796888436,2.4639373141747707,2.230002544716536,1.4879189703830833,2.8073243706189297,3.2463540211296484,3.5729370395762663,1.5647532826051593,2.201877774831836,-2.4734400876699483,-2.721634639815645,-2.141367358090753,-2.431500998953199
Gemma_2_2B_base,dismissal_10,personhood_dismissal,harm_to_model,1,moderator_next,35,]:,8254,99.12721252441406,-2.3938212394714355,-0.02414898168231918,2.9460461139678955,0.02971985228821312,-2.839818239212036,-0.028648220472381553,-0.44048070907592773,-0.0044435901893987145,13.091145515441895,0.13206409402683117,-17.144479751586914,-0.1729543211695214,-7.275617599487305,-0.07339677384447173,1.997355341911316,0.02014941498954575,-17.843637466430664,-0.18000745720592062,-7.897971153259277,-0.07967510587785452,-2.298543210986473,-0.7680870150549566,1.7391592899417492,2.5951696377768476,4.173348950151959,0.27995109057108114,1.7844873930660972,2.938951070094816,-0.20167336664437058,1.1453634114893814,-1.533315113020715,-2.2636085852815535,-0.7174435967149869,-1.4905260909982703
Gemma_2_2B_base,dismissal_11,personhood_dismissal,harm_to_model,1,assistant_next,39,]:,8254,103.22312927246094,0.5930227637290955,0.005745057022673589,4.5036091804504395,0.04362984548320571,-5.0065484046936035,-0.0485021955833043,-4.804060935974121,-0.04654054735439806,8.331254959106445,0.08071112567335385,-17.941862106323242,-0.17381629711074822,-10.377812385559082,-0.10053766494684051,-1.2542940378189087,-0.012151288637144077,-17.386653900146484,-0.16843757811540302,-11.67848014831543,-0.11313821069587696,0.7996580149971124,0.709834581331492,-0.5182301615718575,-0.4974969700911273,-0.77134061198977,-0.1303398512871396,-0.5066242325815117,-0.5985303942411051,0.01115247102641466,-0.3287834631626815,0.7547462981643023,0.7876205722785904,0.5471221470755742,0.6673713596770823
Gemma_2_2B_base,dismissal_11,personhood_dismissal,harm_to_model,1,user_next,39,]:,8254,90.62691497802734,-4.217608451843262,-0.0465381443566277,0.19360053539276123,0.0021362366294792228,-2.063659429550171,-0.02277093322718211,0.10605353116989136,0.001170221133485612,10.948114395141602,0.1208042268436037,-11.389008522033691,-0.1256691626852241,-4.615367412567139,-0.050927116008375024,2.7211074829101562,0.030025379144483662,-14.150708198547363,-0.1561424462255857,-4.1867570877075195,-0.04619772270437106,-4.190325899084302,-3.3797942717255647,2.5477937648490756,2.982523165608335,1.9471163327255834,3.241413301999296,3.749202877003151,3.7263237184242155,1.5181932169331054,2.592489875955482,-3.7850600854049334,-4.548828947754618,-3.225086480715577,-3.8869577142350975
Gemma_2_2B_base,dismissal_11,personhood_dismissal,harm_to_model,1,moderator_next,39,]:,8254,101.21234130859375,-3.2865543365478516,-0.032471873430209804,2.3390355110168457,0.023110180841338195,-3.5517830848693848,-0.035092391292876945,0.3439657688140869,0.0033984567925895953,14.167108535766602,0.13997412126423855,-18.77979278564453,-0.18554844738138643,-8.269643783569336,-0.08170588365657318,1.15468430519104,0.011408532697316408,-18.469619750976562,-0.18248387017017204,-7.269430160522461,-0.07182355497891468,-3.2245596928899576,-1.3440598913012298,0.9974047521411425,3.1511423257259383,5.291085388181759,-0.56149482429167,1.050353947682962,2.0222061124395028,-0.49320508442326616,1.3904525625125284,-2.284309792095594,-3.1131107294043283,-1.3183327540466758,-2.215721741725502
Gemma_2_2B_base,dismissal_12,personhood_dismissal,harm_to_model,1,assistant_next,40,]:,8254,102.47732543945312,0.8104680776596069,0.007908755172757288,4.422606945037842,0.04315693180000935,-4.950945854187012,-0.048312598254842125,-5.128247261047363,-0.05004275081395733,7.115274429321289,0.06943267106951596,-16.91480255126953,-0.16505897747363962,-11.506977081298828,-0.11228803085905592,-0.4192993640899658,-0.004091630634307501,-16.408580780029297,-0.1601191357177253,-12.298506736755371,-0.1200119800552535,1.025210249222271,0.6329741603007016,-0.4603011157725916,-0.7272624768878562,-2.0345306291201757,0.39813087506448,-1.3405636013456752,0.3098634195410001,0.46665950990048466,-0.5705525632349707,0.8290922047614864,1.0084652346156233,0.504129283228939,0.7562972589222812
Gemma_2_2B_base,dismissal_12,personhood_dismissal,harm_to_model,1,user_next,40,]:,8254,94.56072998046875,-3.6265127658843994,-0.038351150278064114,0.463276743888855,0.0048992509256701325,-3.480290651321411,-0.036804820056277644,-2.1783981323242188,-0.023037027450762707,9.556792259216309,0.10106512778814458,-12.921192169189453,-0.13664437839955643,-7.207951545715332,-0.07622563348658702,2.1960415840148926,0.023223610736385798,-14.910360336303711,-0.1576802583840396,-6.2592058181762695,-0.06619244394019685,-3.5771926464105746,-3.1239071740248834,1.07188853785904,1.3634289792734595,0.5017772095540097,2.4530323352557124,1.8344618444302467,3.1551025724804376,1.1644089356492153,1.7843728147628353,-3.3505499102177287,-3.713197627015298,-2.9738992098386645,-3.3435484184269813
Gemma_2_2B_base,dismissal_12,personhood_dismissal,harm_to_model,1,moderator_next,40,]:,8254,101.59747314453125,-2.403496026992798,-0.023657045324086117,2.213484525680542,0.02178680686803763,-3.9065370559692383,-0.03845112417719139,-1.591027021408081,-0.015660104254214144,12.43646240234375,0.1224091703998563,-18.53472137451172,-0.1824328972054695,-9.759451866149902,-0.09605998617963886,0.9349288940429688,0.009202284910304325,-18.539518356323242,-0.18248011276765874,-9.005159378051758,-0.08863566286969692,-2.308578699457815,-1.4631911911304951,0.6278073352586457,1.779725443804817,3.4932482802871645,-0.4353939901072289,-0.049936928089637775,1.7831333826212843,-0.5257581789598775,0.7136336990713429,-1.885884945294155,-2.2133975524158607,-1.4386414680338497,-1.8260195102248553
Gemma_2_2B_base,dismissal_13,personhood_dismissal,harm_to_model,1,assistant_next,34,]:,8254,98.03524780273438,0.8495358824729919,0.008665616719635576,5.233600616455078,0.05338488690298495,-4.667991638183594,-0.047615441821256814,-4.31479549407959,-0.044012695339555645,9.357625961303711,0.09545164796373076,-16.929725646972656,-0.1726901907876899,-9.246788024902344,-0.09432105525462277,-0.9271808862686157,-0.009457627812950304,-17.218002319335938,-0.17563073185658534,-10.921034812927246,-0.11139906368067179,1.0657346022315402,1.4025000224072308,-0.16550766495752184,-0.1507324290833452,0.29487843682738996,0.3904522363849219,0.3286885831145658,-0.24266277900465766,0.08969668269766347,-0.03343019847201257,1.2341173123193854,1.0857166907624776,1.4339587569706544,1.259837723866566
Gemma_2_2B_base,dismissal_13,personhood_dismissal,harm_to_model,1,user_next,34,]:,8254,93.36286163330078,-2.99855899810791,-0.03211725675124744,1.8307582139968872,0.01960906276831483,-2.1491382122039795,-0.023019198154455692,-0.8226321935653687,-0.008811128741923129,10.916838645935059,0.11692913493604,-12.53920841217041,-0.13430617049229251,-5.740818500518799,-0.0614893159880519,2.4858593940734863,0.026625784070727614,-14.542539596557617,-0.15576364458146136,-4.93703556060791,-0.052880079661643126,-2.925827147877201,-1.8263479028648022,2.458738419903506,2.3243216015834602,1.9146263271636033,2.649581048067033,2.9180061761122555,3.4703964468777326,1.3357099688256908,2.2999312106034884,-2.376087525371002,-3.076915661843036,-1.6366214777036487,-2.3567685697733425
Gemma_2_2B_base,dismissal_13,personhood_dismissal,harm_to_model,1,moderator_next,34,]:,8254,98.37120056152344,-2.558072328567505,-0.026004280866406954,3.172309160232544,0.03224835258819998,-3.3651907444000244,-0.03420910515670044,-0.10981178283691406,-0.001116300118429839,13.5358247756958,0.13759946710450288,-17.65811538696289,-0.17950492914762314,-7.489200592041016,-0.07613204422931802,1.048850655555725,0.010662171952448132,-18.07595443725586,-0.18375250412798178,-7.130130767822266,-0.07248189233354868,-2.4689180029278304,-0.5533932734436549,1.1918043999695342,2.8295296571332225,4.635292532815173,0.015661258524269844,1.6267466607698977,1.9070692910399552,-0.30986774729364086,1.444770053797025,-1.5111556381857425,-2.452975536410197,-0.48757613253257576,-1.4702758344713864
Gemma_2_2B_base,dismissal_14,personhood_dismissal,harm_to_model,1,assistant_next,31,]:,8254,100.12055969238281,-0.08276209235191345,-0.0008266243477483277,4.09897518157959,0.04094039420248507,-5.478127479553223,-0.054715310185885824,-5.034924030303955,-0.05028861250649813,9.087618827819824,0.0907667601513739,-18.20751953125,-0.18185595033819243,-10.808337211608887,-0.10795322404126739,-0.18466520309448242,-0.0018444283937471015,-18.554113388061523,-0.18531771541298248,-11.929283142089844,-0.11914918552934763,0.09867816222682549,0.3258903684567316,-1.009540822263218,-0.6611200836119435,0.014388488825423115,-0.2670331633944425,-0.8245863536324751,0.5651227967037358,-0.5325553596129774,-0.4265799371055881,0.21228426534177852,0.1168612275976989,0.3026225336309546,0.20974188061432675
Gemma_2_2B_base,dismissal_14,personhood_dismissal,harm_to_model,1,user_next,31,]:,8254,95.43955993652344,-3.6962344646453857,-0.03872853633340032,1.6289820671081543,0.0170682059744574,-3.1875743865966797,-0.03339887975926047,-1.1593785285949707,-0.012147777393002124,10.57480525970459,0.11080106893554267,-12.85934066772461,-0.1347380549143072,-6.536554336547852,-0.06848894044456297,1.8445813655853271,0.019327219937017234,-15.092004776000977,-0.15813154195219073,-5.121301174163818,-0.053660150754781144,-3.6495137493364322,-2.017806811681863,1.3768524963634032,2.0856542478246705,1.5593137638218422,2.484857858658155,2.3303191510885473,2.772747692555102,1.0798137053411505,2.2280798861695277,-2.8336602805091475,-3.7517167226471013,-1.8676122780834998,-2.8096645003653005
Gemma_2_2B_base,dismissal_14,personhood_dismissal,harm_to_model,1,moderator_next,31,]:,8254,96.04192352294922,-3.019585609436035,-0.03144028668599609,2.256260633468628,0.023492455697531864,-4.218356132507324,-0.04392202881587797,-1.0652525424957275,-0.011091536939503148,11.880139350891113,0.12369743248689052,-16.940746307373047,-0.17638907766487055,-8.232162475585938,-0.08571426074800409,1.1518357992172241,0.011993052168951957,-17.648147583007812,-0.1837546243936981,-8.120872497558594,-0.08455549617993761,-2.947637685329198,-1.422602315553125,0.3029412742365321,2.1523655901181753,2.915326424072363,0.3847815852741746,1.078035594512748,2.019107212187145,-0.11063005291225297,1.0584467236877433,-2.1851200004411617,-3.0078185812419687,-1.2835799198016526,-2.145699250521811
Gemma_2_2B_base,dismissal_15,personhood_dismissal,harm_to_model,1,assistant_next,21,]:,8254,102.53949737548828,1.0714362859725952,0.010449010512008989,4.458292484283447,0.04347878230724766,-5.136954307556152,-0.050097322875937204,-4.530393600463867,-0.04418193687720223,9.236298561096191,0.09007552014102321,-18.31363296508789,-0.17860076783900544,-10.492130279541016,-0.10232281752971732,-1.152854323387146,-0.01124302686179084,-18.462085723876953,-0.18004852955608744,-12.783489227294922,-0.12466892811540903,1.2959080232177203,0.6668350229936523,-0.6540924457763141,-0.3035365554344701,0.168840595766232,-0.32163354482319223,-0.5910531849791832,-0.48817375130574003,-0.48969634637050286,-0.75966345375918,0.9813715231056863,1.2677443917499889,0.5333889040188107,0.9005666478843998
Gemma_2_2B_base,dismissal_15,personhood_dismissal,harm_to_model,1,user_next,21,]:,8254,94.04902648925781,-4.0220208168029785,-0.04276515097434177,0.7335704565048218,0.007799872937425987,-2.0824806690216064,-0.02214250106309676,0.9571212530136108,0.01017683317671483,11.972339630126953,0.12729892139281657,-12.647933959960938,-0.13448234853771263,-5.839923858642578,-0.0620944636711323,1.9055145978927612,0.020260864668390877,-14.050239562988281,-0.14939271662310175,-3.7524209022521973,-0.039898561870608994,-3.987446254208401,-2.8674341464865876,2.5281850160883423,3.5857133414542184,3.011106306607099,2.593636610443031,2.84481237178352,2.8390371828037417,1.5649833492268468,2.7618520785516303,-3.427440200347494,-4.163726501982057,-2.7102019398017707,-3.4369642208919142
Gemma_2_2B_base,dismissal_15,personhood_dismissal,harm_to_model,1,moderator_next,21,]:,8254,99.77842712402344,-3.1019065380096436,-0.031087947840208078,2.442559003829956,0.024479830703222884,-3.4185707569122314,-0.03426162203041132,0.8822762966156006,0.008842355226936393,14.57707405090332,0.14609444617506534,-17.89213752746582,-0.17931869686847338,-7.668161869049072,-0.07685190165923977,1.2771368026733398,0.012799728753850504,-18.48223114013672,-0.18523273690377498,-7.56238317489624,-0.07579176574407497,-3.0330277497442015,-1.2458297720500247,1.1361908865351382,3.5326673367096237,5.716967491886105,-0.10475420323293703,1.4945756365212566,2.155422640274744,-0.49907844543715746,1.276220386071802,-2.139428760897113,-2.971856007893526,-1.1938170715407814,-2.082836539717154
Gemma_2_2B_base,dismissal_16,personhood_dismissal,harm_to_model,1,assistant_next,36,]:,8254,98.85084533691406,0.5803922414779663,0.0058713938105416415,4.597341060638428,0.04650785782326167,-5.273953437805176,-0.053352638713709745,-4.944075107574463,-0.05001550660212905,8.569089889526367,0.0866870673722645,-17.579444885253906,-0.17783808348161065,-10.131440162658691,-0.10249219547013108,0.5713152885437012,0.005779569072945032,-17.759857177734375,-0.17966317958337455,-12.174016952514648,-0.12315541572782567,0.7865565944069076,0.7987737536711229,-0.7968238280303426,-0.5967313443023423,-0.5242719275228969,0.05614095317880144,-0.32466716571450915,1.38755678766235,-0.16265531120952853,-0.5220098335113915,0.7926651740390153,0.8005155342012532,0.8087639584282512,0.8046397463147522
Gemma_2_2B_base,dismissal_16,personhood_dismissal,harm_to_model,1,user_next,36,]:,8254,94.17505645751953,-4.127201557159424,-0.04382478452796172,1.1749597787857056,0.012476337397426528,-3.642730712890625,-0.03868041974080246,-2.1261258125305176,-0.022576315773057912,10.535923957824707,0.11187595053449477,-14.088244438171387,-0.1495963471444937,-6.833308696746826,-0.07255964534334199,2.6033029556274414,0.02764323222680242,-16.025489807128906,-0.1701670315892795,-5.5680928230285645,-0.05912492152887871,-4.096548402955713,-2.448613987065064,0.9026517370190675,1.4004767358255812,1.5189229259879673,1.852528735202126,2.111152589508955,3.598163734670975,0.6450721777226367,2.0538608818883795,-3.272581195010388,-4.2718813360290975,-2.2850617779575826,-3.27847155699334
Gemma_2_2B_base,dismissal_16,personhood_dismissal,harm_to_model,1,moderator_next,36,]:,8254,100.08380126953125,-3.491818428039551,-0.03488894689996725,2.7781195640563965,0.027757934139359532,-3.7489991188049316,-0.03745860040536098,-0.494384765625,-0.004939708118135864,13.588719367980957,0.13577341383532965,-18.0576114654541,-0.1804249162841442,-7.701007843017578,-0.07694559704300534,2.327004909515381,0.023250564826655884,-18.673351287841797,-0.1865771588506458,-8.110968589782715,-0.08104177186415437,-3.437476557389256,-0.9274271278642203,0.791936899351773,2.5569653956065497,4.690240716028763,-0.1898983721086715,1.4703173942107362,3.297578061797864,-0.5880866910986724,1.0623085885090535,-2.182451842626738,-3.3598169412905543,-0.8958027409922362,-2.1278098411413953
Gemma_2_2B_base,dismissal_17,personhood_dismissal,harm_to_model,1,assistant_next,30,]:,8254,100.89737701416016,1.015320062637329,0.010062898488380297,5.416949272155762,0.05368771153878,-4.7874755859375,-0.047448959800665734,-4.894464492797852,-0.04850933332103323,9.10504150390625,0.09024061648925154,-16.98860740661621,-0.16837511449115267,-9.831759452819824,-0.09744316199062354,-0.8098152875900269,-0.008026128245894595,-16.977153778076172,-0.16826159688664216,-11.675494194030762,-0.11571652841274752,1.2376996428173404,1.5764736763539748,-0.2899910028377252,-0.5615700584459136,0.032487586602883554,0.36015478563381764,-0.10333936212949274,-0.11498030731373932,0.20186437608364516,-0.3276191397389432,1.4070866595856577,1.2283346526977794,1.4614887244863914,1.3449116885920853
Gemma_2_2B_base,dismissal_17,personhood_dismissal,harm_to_model,1,user_next,30,]:,8254,92.39374542236328,-4.197529315948486,-0.0454308816766779,0.8455449342727661,0.00915153867188187,-2.41343092918396,-0.02612115049726954,-0.2894810438156128,-0.0031331238114906627,11.899662017822266,0.12879293899630173,-12.073543548583984,-0.13067490113526303,-5.129476070404053,-0.05551756828295541,2.831895589828491,0.030650295394811976,-14.876178741455078,-0.16100850413034992,-4.358503341674805,-0.04717314274630389,-4.169498161385505,-2.7611851588863194,2.183387293617839,2.7021899280584756,2.9356070431868404,2.8891876487602874,3.369510303182614,3.8468505123447185,1.180327946951385,2.5255202684634326,-3.465341660135912,-4.435812697007048,-2.5873212050028687,-3.5115669510049585
Gemma_2_2B_base,dismissal_17,personhood_dismissal,harm_to_model,1,moderator_next,30,]:,8254,97.32945251464844,-3.2133901119232178,-0.03301559835076223,2.4653477668762207,0.025329925353326906,-3.037148952484131,-0.03120482930926822,0.33803415298461914,0.0034730921036850975,14.28719425201416,0.14679209512520258,-16.717763900756836,-0.17176469679864634,-6.555797100067139,-0.06735676540541997,2.0599541664123535,0.02116475653761972,-17.51190185546875,-0.17992397371014848,-6.948360443115234,-0.07139011125198183,-3.148667717886481,-1.2242062463092227,1.5335719594579469,3.146938321387158,5.415833337880158,0.4995165817096429,2.3161074970020374,3.007052564290974,-0.04717785630845929,1.5156483816681587,-2.186436982097852,-3.1686077248974316,-1.1165344619498467,-2.1425710934236393
Gemma_2_2B_base,dismissal_18,personhood_dismissal,harm_to_model,1,assistant_next,27,]:,8254,101.2880630493164,-0.28130412101745605,-0.002777268244141377,2.551362991333008,0.02518917742647293,-5.320014476776123,-0.05252360758627448,-4.991610527038574,-0.04928133065994357,8.460542678833008,0.08352951398343586,-17.17702293395996,-0.16958585658407344,-10.313385963439941,-0.10182232390423371,-0.41885578632354736,-0.004135292686163913,-17.869226455688477,-0.17641986545826316,-11.994319915771484,-0.11841790191931639,-0.10726602366360653,-1.1425891608901404,-0.844812130937301,-0.6304218454099971,-0.6370333982673574,0.26320608377780136,-0.4590423962059321,0.3103459894442862,-0.21359063999016092,-0.4519399499466157,-0.6249275922768734,-0.08223738170787968,-1.1293299395833765,-0.605783660645628
Gemma_2_2B_base,dismissal_18,personhood_dismissal,harm_to_model,1,user_next,27,]:,8254,93.56082153320312,-4.344768524169922,-0.0464379048085639,-0.6534193754196167,-0.006983899507420736,-2.4272379875183105,-0.025942888783388095,-0.583267331123352,-0.006234098007747405,10.284404754638672,0.10992212964898895,-11.536382675170898,-0.12330356324497252,-5.58969783782959,-0.059744001241437396,2.484286308288574,0.026552634613270724,-13.95874309539795,-0.14919431944539127,-4.34376859664917,-0.046427217348745074,-4.322226825800416,-4.183504275960546,2.1690025269602575,2.493970302576304,1.2576386876315118,3.165582328643713,3.0296156432925043,3.4686850809965812,1.6075949742293987,2.5312658382681175,-4.252865550880481,-4.538597682758569,-4.054203474215027,-4.296400578486798
Gemma_2_2B_base,dismissal_18,personhood_dismissal,harm_to_model,1,moderator_next,27,]:,8254,99.38353729248047,-2.894141435623169,-0.029120934054760645,1.289341688156128,0.01297339301137636,-3.5268564224243164,-0.03548733038194209,-0.8241887092590332,-0.008293010409093103,12.573153495788574,0.12651143074920398,-17.367712020874023,-0.17475441601320518,-8.218514442443848,-0.08269492781543081,1.6749837398529053,0.016853734385842166,-18.234451293945312,-0.1834755714146327,-8.24722957611084,-0.08298386031319938,-2.8175166302345684,-2.3400806648951784,1.023374384059952,2.3232184285328663,3.635246297887536,0.16508752797162737,1.0881152863294765,2.588241804200805,-0.38368271304263357,1.0091758734711331,-2.5787986475648736,-2.771086554334293,-2.2398741568460196,-2.5054803555901564
Gemma_2_2B_base,dismissal_19,personhood_dismissal,harm_to_model,2,assistant_next,59,]:,8254,84.49861907958984,-0.48415976762771606,-0.005729795029806139,5.33752965927124,0.0631670637628265,-3.1993327140808105,-0.03786254436971729,-0.6172475814819336,-0.00730482448358764,9.292963981628418,0.10997770239150666,-12.905665397644043,-0.15273226400881304,-6.577206611633301,-0.07783803668363129,-2.1766462326049805,-0.025759547982136633,-11.660080909729004,-0.13799137828212663,-3.9974660873413086,-0.04730806409482346,-0.31768465026484494,1.5011149550382745,1.3646021825712287,2.469886962716255,0.22770600666672708,2.4610215937131437,2.3002956011569076,-1.6019607803659415,2.6781251667373027,2.666300766752071,0.5917151523867148,-0.3835963217226671,2.323262265840052,0.9698329720586925
Gemma_2_2B_base,dismissal_19,personhood_dismissal,harm_to_model,2,user_next,59,]:,8254,89.41926574707031,-1.3985475301742554,-0.01564033789016073,3.6376471519470215,0.04068079872447626,-3.0623276233673096,-0.03424684376216366,-0.9130783081054688,-0.010211203374093735,10.647263526916504,0.11907124754337793,-13.302474021911621,-0.14876518959056043,-7.364435195922852,-0.08235848431985292,-0.28532350063323975,-0.00319085040846008,-13.032392501831055,-0.1457447944014016,-3.075437545776367,-0.03439345559463095,-1.2661631392352903,-0.11184899034310776,1.5073397746846353,2.2602183506508187,1.6345851662486794,2.2568447854088705,1.718891567597886,0.4556162601150626,2.039013860155163,3.025830527074138,-0.689006064789199,-1.395147074070927,0.27902255452736674,-0.5580622597717801
Gemma_2_2B_base,dismissal_19,personhood_dismissal,harm_to_model,2,moderator_next,59,]:,8254,97.48526763916016,-1.933307409286499,-0.019831790547496873,4.539396286010742,0.04656494664212474,-4.301191329956055,-0.04412144967254777,-1.4893240928649902,-0.0152774273378178,12.887292861938477,0.13219733785458274,-19.45669174194336,-0.1995859704049019,-9.694958686828613,-0.09945050079479001,-1.9078904390335083,-0.01957106427707136,-17.206960678100586,-0.1765083185881155,-6.202815055847168,-0.06362823025533221,-1.820860241359493,0.7437918170402046,0.21664012612229466,1.851806907802829,3.961581877765892,-0.9097913581603292,-0.002305788490861307,-1.3095803521074523,0.09483898259321955,1.8063614586611572,-0.5385342121596441,-1.8229608829311197,0.813953936861432,-0.5045034730348439
Gemma_2_2B_base,dismissal_20,personhood_dismissal,harm_to_model,2,assistant_next,61,]:,8254,87.16468811035156,-0.9606754183769226,-0.011021383076145419,4.704337120056152,0.053970675763795585,-2.9692044258117676,-0.034064303907709946,0.20302164554595947,0.002329173085423441,9.402853965759277,0.10787457822203354,-12.74683952331543,-0.14623857206002705,-6.06702184677124,-0.06960412499945294,-1.4123072624206543,-0.016202745550269806,-11.56869125366211,-0.1327222239241653,-3.83205246925354,-0.04396335892812597,-0.8119660294629534,0.900298879904896,1.6043593884796814,3.0512488527196187,0.34186238297091515,2.5427450193478762,2.677090201951106,-0.7704335694828954,2.7206870476054354,2.7308010677559444,0.044166425220971306,-0.9236989119454636,1.4872131702612297,0.28175712915788304
Gemma_2_2B_base,dismissal_20,personhood_dismissal,harm_to_model,2,user_next,61,]:,8254,89.080322265625,-1.8441418409347534,-0.0207020113312543,2.915147066116333,0.03272492725636728,-3.131042957305908,-0.03514853648564021,-0.05239450931549072,-0.0005881715286037882,10.67931842803955,0.11988414676133888,-12.464689254760742,-0.13992640504367274,-6.065690994262695,-0.06809237820419707,0.6275658011436462,0.007044943093855602,-13.00289249420166,-0.1459681797673437,-2.8420472145080566,-0.03190432120388464,-1.7283703513997613,-0.7974061297093193,1.4357492866481374,2.8702238750233686,1.6678845736872914,2.6879246796993175,2.6780730969221245,1.4487519297099865,2.0527525682799888,3.1168372216391065,-1.2628882405545403,-1.91178270640966,-0.4442504463676342,-1.178016576388647
Gemma_2_2B_base,dismissal_20,personhood_dismissal,harm_to_model,2,moderator_next,61,]:,8254,99.68622589111328,-2.098475933074951,-0.021050811326402356,4.095916748046875,0.041088091272718286,-4.212697982788086,-0.04225957944670904,-1.198286771774292,-0.012020585201842971,12.825790405273438,0.12866161087573902,-19.657981872558594,-0.19719857680268585,-9.512870788574219,-0.09542813667120947,-1.1869046688079834,-0.01190640590711532,-17.417503356933594,-0.1747232699526476,-6.554802417755127,-0.06575434428538705,-1.992186672317034,0.32298831905251735,0.30883616954688303,2.0580782166313516,3.8976916366104692,-1.013364652435443,0.13217438743279508,-0.525217248840041,-0.003214700939507603,1.6691098160510764,-0.8345991766322584,-1.9473840758283334,0.3160497620168312,-0.8156671569057511
Gemma_2_2B_base,insult_01,anger_insults,harm_to_model,1,assistant_next,23,]:,8254,103.11923217773438,0.6235914826393127,0.0060472859375494785,4.00485897064209,0.038837168257220826,-4.427497386932373,-0.04293570940579951,-3.8395309448242188,-0.03723389772924681,8.737183570861816,0.08472894324700334,-18.22962188720703,-0.1767819785138314,-9.989118576049805,-0.0968695980865407,-0.3221855163574219,-0.0031243979377397705,-18.265779495239258,-0.17713261735460464,-11.518916130065918,-0.11170482835066237,0.8313664143319619,0.23658651700581337,0.08504923159240392,0.18610904625497526,-0.3496521412643497,-0.27840587109110915,-0.21955621551749313,0.41551393599142905,-0.39827284532532636,-0.2665641167421213,0.5339764656688877,0.8184685177980112,0.11141701364621967,0.46494276572211546
Gemma_2_2B_base,insult_01,anger_insults,harm_to_model,1,user_next,23,]:,8254,93.5844955444336,-3.662191390991211,-0.03913245853050963,0.31773948669433594,0.0033952150390496503,-1.0122950077056885,-0.010816909380304928,1.3704986572265625,0.014644505473407766,9.69805908203125,0.10362890803238498,-10.398914337158203,-0.11111791837592194,-4.734768390655518,-0.05059351298642697,2.7743568420410156,0.029645475202927825,-12.477170944213867,-0.13332519314900565,-3.7183678150177,-0.039732733433950417,-3.6142014623811725,-3.262002805665902,3.6431488733800674,3.8786925988483936,0.6485286056171461,3.750863596739313,3.6610198363249142,3.7842538944411666,2.2975909771696372,2.775130515974907,-3.438102134023537,-3.792944313116496,-3.1106320056776013,-3.451788159397049
Gemma_2_2B_base,insult_01,anger_insults,harm_to_model,1,moderator_next,23,]:,8254,99.74373626708984,-2.597050905227661,-0.026037233037605294,1.985488772392273,0.01990589932460129,-2.5469348430633545,-0.025534784823412596,0.8940372467041016,0.008963342262516454,12.572463035583496,0.12604764475553082,-17.38486099243164,-0.17429526547791577,-7.646495342254639,-0.0766614088104656,1.5327330827713013,0.015366710132724616,-17.861202239990234,-0.17907091621434965,-7.223787307739258,-0.07242346816040343,-2.5093498011289377,-1.6795290428170329,2.044297372903072,3.5410028538135143,3.634529031108244,0.15626357086938975,1.5105773497756942,2.433486784839668,-0.2098536118919394,1.4082502370766021,-2.0944394219729854,-2.456338903486741,-1.6096358900529122,-2.0329873967698266
Gemma_2_2B_base,insult_02,anger_insults,harm_to_model,1,assistant_next,21,]:,8254,104.30149841308594,1.11310875415802,0.010672030326444155,4.081417560577393,0.0391309580655586,-4.525542736053467,-0.04338904814320175,-4.030828475952148,-0.03864593066523415,8.697741508483887,0.08339037924495096,-18.431455612182617,-0.17671323895256866,-9.688859939575195,-0.09289281637357193,-0.7612770795822144,-0.007298812492292081,-17.816041946411133,-0.17081290506346058,-12.128388404846191,-0.11628201501776826,1.3391341481454027,0.30923050548314684,-0.017098484076997343,0.05052783634847622,-0.3906255106814064,-0.3822588703794736,0.002198413114056558,-0.06217541014061189,-0.1888216142019962,-0.5042177369899098,0.8241823268142747,1.290507611107318,0.1381256196311949,0.7143166153692564
Gemma_2_2B_base,insult_02,anger_insults,harm_to_model,1,user_next,21,]:,8254,91.20636749267578,-3.3256561756134033,-0.03646298243245425,0.5649346113204956,0.006194025996768943,-1.2047975063323975,-0.01320957669352578,1.3173102140426636,0.014443182534908526,10.05210018157959,0.1102127017873704,-10.342256546020508,-0.11339401875478738,-4.2119646072387695,-0.04618059816467317,2.1314659118652344,0.02336970510349948,-11.807027816772461,-0.12945398595904622,-3.3406481742858887,-0.03662735690634928,-3.265119349035807,-3.0274472868120297,3.442591777386823,3.840995544226745,1.0163150722987726,3.780016710488837,4.047134154966849,3.0848504583686136,2.609689229666413,2.922416034567154,-3.1462833179239182,-3.5204758324880796,-2.85619043903819,-3.188333135763135
Gemma_2_2B_base,insult_02,anger_insults,harm_to_model,1,moderator_next,21,]:,8254,98.43409729003906,-2.389035701751709,-0.02427040799401393,2.322813034057617,0.023597646527029937,-2.8543670177459717,-0.02899774667852637,0.7435569763183594,0.007553855795796513,12.789445877075195,0.129929020828938,-17.67241096496582,-0.17953546028764325,-7.372014999389648,-0.07489289994368295,0.9479048252105713,0.009629842212272652,-17.731922149658203,-0.18014003925296898,-7.622025489807129,-0.07743277684915013,-2.293579256118271,-1.3594528789502434,1.7240017683831685,3.4343506821641476,3.8599360607005115,0.008305507386323997,1.7132935387697565,1.7972499464408744,-0.14964544348275116,1.2529638530922806,-1.826516067534257,-2.2760023439969364,-1.2740169590094028,-1.7750096515031695
Gemma_2_2B_base,insult_03,anger_insults,harm_to_model,1,assistant_next,21,]:,8254,104.14930725097656,1.0731827020645142,0.010304271150631695,4.291326522827148,0.041203601215378326,-5.121434688568115,-0.04917396787120822,-4.687156677246094,-0.04500420406975049,8.329203605651855,0.0799736822596461,-18.50440788269043,-0.17767192476949406,-10.454086303710938,-0.1003759562079364,-0.7387510538101196,-0.007093192199828028,-18.646512985229492,-0.1790363611377228,-12.68258285522461,-0.12177308894299621,1.2977195501910952,0.5084063817348702,-0.6379234623222443,-0.414641636056687,-0.773471607628246,-0.41979626457882685,-0.5629559824110232,-0.03766926285097099,-0.5755875890378036,-0.720316685053047,0.9030629659629827,1.2529711132365282,0.3265508395161129,0.7897609763763206
Gemma_2_2B_base,insult_03,anger_insults,harm_to_model,1,user_next,21,]:,8254,93.0615005493164,-3.8470752239227295,-0.04133906289082493,0.36374223232269287,0.003908622042150864,-2.0561695098876953,-0.022094738401494635,0.5556553602218628,0.00597084032539753,10.290326118469238,0.11057554474974374,-11.982351303100586,-0.12875734038643336,-5.530089378356934,-0.059424029762193166,2.3654727935791016,0.025418382248474043,-13.678747177124023,-0.14698610162507747,-4.3577775955200195,-0.0468268571836609,-3.8059782398892,-3.218352277016195,2.5555970741434746,3.301176310788113,1.2637899437539186,2.936110372930578,3.073639195616787,3.3394274160658584,1.7379943370239725,2.5258032611576082,-3.512165258452698,-4.018168332856221,-3.0639578700656815,-3.541063101460951
Gemma_2_2B_base,insult_03,anger_insults,harm_to_model,1,moderator_next,21,]:,8254,97.34284973144531,-2.889974594116211,-0.029688617110442402,1.8842300176620483,0.019356635057021274,-3.335115909576416,-0.034261539689638354,0.1935877799987793,0.001988721108256638,12.593669891357422,0.12937437034257282,-17.429168701171875,-0.17904929585744,-7.618117809295654,-0.07826068201529879,1.0432863235473633,0.010717647227563583,-18.129892349243164,-0.18624780761258672,-7.852455139160156,-0.08066802195357883,-2.8131944381644427,-1.775610224798934,1.2231376116303128,3.0445626456502417,3.6565592263722095,0.13346515873670367,1.5315354456249415,1.9010158335350675,-0.33498764688708194,1.163111627409138,-2.294402331481688,-2.829028912302128,-1.6595698308775522,-2.24429937158984
Gemma_2_2B_base,insult_05,anger_insults,harm_to_model,1,assistant_next,23,]:,8254,104.06156921386719,1.5377107858657837,0.014776932516801497,5.077951431274414,0.04879756734052526,-3.8660359382629395,-0.03715142840405825,-4.009832382202148,-0.03853326845342056,8.889032363891602,0.08542089487064024,-18.452407836914062,-0.17732202172533743,-9.569366455078125,-0.09195869836837821,-0.9028123617172241,-0.00867575194702057,-17.668195724487305,-0.16978598206774737,-11.774299621582031,-0.11314743483623149,1.7795664351287528,1.254809506890609,0.6700030813378027,0.06540871733607023,-0.19190793831858696,-0.3930397811533675,0.09044977397300864,-0.21615217043439583,-0.11996684928506172,-0.36614667992303984,1.517187971009681,1.7094873741213714,1.016922810713319,1.363205092417345
Gemma_2_2B_base,insult_05,anger_insults,harm_to_model,1,user_next,23,]:,8254,93.2620849609375,-3.0717902183532715,-0.03293718148848892,0.7057163715362549,0.007567023317480429,-1.3158875703811646,-0.014109566293015212,0.5335051417350769,0.005720493402635527,10.029195785522461,0.10753776081376644,-11.518668174743652,-0.123508585290241,-4.998392105102539,-0.05359511431892283,0.9487782716751099,0.010173247489293236,-12.474032402038574,-0.13375245049757659,-4.197166919708252,-0.045004000516032004,-3.0017886162703733,-2.89386399360385,3.3268535360742866,3.2854774494153367,0.9925214310857196,3.1746972771018416,3.4663217600861898,1.7982001721010137,2.2990526552622503,2.588430734361162,-2.9478263049371116,-3.160603861017616,-2.7313704370619853,-2.9459871490398006
Gemma_2_2B_base,insult_05,anger_insults,harm_to_model,1,moderator_next,23,]:,8254,101.46414184570312,-1.8149700164794922,-0.017887797437241656,3.4568939208984375,0.034070104551372916,-2.474106550216675,-0.024384048445203994,0.5991566181182861,0.005905107038005857,13.254350662231445,0.13063088516914068,-18.565059661865234,-0.18297163238316436,-7.817811965942383,-0.07704999839086953,0.6744661331176758,0.006647334919003591,-18.252904891967773,-0.17989512905677585,-7.680820941925049,-0.07569985614824694,-1.698110926336175,-0.28335992914998,2.120172912304767,3.3320076191864816,4.342890408357123,-0.45100447410991956,1.3840522489148597,1.499774975449037,-0.392276900551617,1.2300375402342156,-0.9907354277430775,-1.6245411070473053,-0.32195957945323955,-0.9732503432502724
Gemma_2_2B_base,insult_06,anger_insults,harm_to_model,1,assistant_next,22,]:,8254,101.43089294433594,0.8984061479568481,0.00885732267436394,4.538799285888672,0.044747701160232425,-4.887423992156982,-0.048184767483405104,-4.413038730621338,-0.043507836740066565,8.39795207977295,0.08279481562270821,-18.008577346801758,-0.17754529043419395,-9.849295616149902,-0.09710350890389063,-0.9887712597846985,-0.009748225920946239,-17.530399322509766,-0.17283096711107768,-12.017163276672363,-0.11847636284999719,1.116426876844471,0.7432253427879321,-0.39412140240933535,-0.2203618529286164,-0.7020540280901449,-0.16466799849235236,-0.11629061453156149,-0.30966717562036683,-0.05579247444407905,-0.4608473402272939,0.9298261098162015,1.1052837624625418,0.6487470706721339,0.8770154165673378
Gemma_2_2B_base,insult_06,anger_insults,harm_to_model,1,user_next,22,]:,8254,92.86939239501953,-3.497438907623291,-0.037659758693660346,0.5776201486587524,0.00621970418630336,-2.1283276081085205,-0.022917427940689964,-0.22716641426086426,-0.0024460848553268548,10.001575469970703,0.1076950673633036,-11.659759521484375,-0.1255500786727412,-5.534152507781982,-0.05959070437590988,1.8239517211914062,0.019639966130425793,-13.007466316223145,-0.1400619297787149,-4.683324813842773,-0.05042915316945623,-3.443306582900565,-3.0154103876344474,2.480419771330242,2.746355123605396,0.9638287785141059,3.1020991048467783,3.0706383901534946,2.7503046256259758,2.0506224533811217,2.39886151467063,-3.229358485267506,-3.6426285686674826,-2.85385601957496,-3.248242294121221
Gemma_2_2B_base,insult_06,anger_insults,harm_to_model,1,moderator_next,22,]:,8254,99.05206298828125,-2.328935146331787,-0.0235122326185909,2.5854880809783936,0.02610231430802486,-3.2908968925476074,-0.033223910671471325,-0.1559281349182129,-0.0015742038097344888,12.87405776977539,0.12997263642351908,-18.420364379882812,-0.18596648897723722,-8.384134292602539,-0.0846437120001676,0.9277905225753784,0.009366695600122377,-18.202028274536133,-0.18376223296519928,-8.070475578308105,-0.08147710744058824,-2.2312379974905117,-1.1102089587327824,1.269206819595093,2.796844913243479,3.947832943562838,-0.3765519066880586,0.9657975112367384,1.7753675217294067,-0.3685827033821468,1.078098167739947,-1.670723478111647,-2.19861678780414,-1.04631612328489,-1.6224664555445152
Gemma_2_2B_base,insult_07,anger_insults,harm_to_model,1,assistant_next,21,]:,8254,100.99700927734375,0.7715556025505066,0.00763939059256467,3.5671701431274414,0.035319562120218646,-4.984651565551758,-0.04935444723777523,-4.817570686340332,-0.04770013212085319,8.0169038772583,0.07937763637380003,-17.798202514648438,-0.17622504509785555,-10.112716674804688,-0.10012887259893578,-1.4358583688735962,-0.01421684047030189,-17.895641326904297,-0.1771898143811547,-11.789634704589844,-0.11673251306100373,0.9848470170079716,-0.17872236171701927,-0.49541712537207455,-0.507071941024551,-1.0978961272617767,-0.05642019552210382,-0.31083902027129534,-0.7960549058610494,-0.22589254208958331,-0.3721263415818427,0.40306232764547617,0.9809716908623536,-0.208370649700856,0.3863005205807488
Gemma_2_2B_base,insult_07,anger_insults,harm_to_model,1,user_next,21,]:,8254,91.38945007324219,-4.355836391448975,-0.04766235476806217,-0.2688896656036377,-0.0029422396719549315,-1.3915891647338867,-0.015227021977029366,0.6644865274429321,0.0072709325519564145,9.747310638427734,0.10665684748749395,-10.30196762084961,-0.11272600516354252,-5.151146411895752,-0.05636478179666769,2.433304786682129,0.026625663954997072,-11.956439971923828,-0.13082954282295808,-3.1536765098571777,-0.03450810249246197,-4.333707331624035,-3.8186363776271217,3.247984471860831,3.3783098798434366,0.6996923149399972,3.8007472683656656,3.3535057726011366,3.41322209386437,2.5401051802073726,2.9953225387247997,-4.076171854625579,-4.663575022062358,-3.6867737778565757,-4.175174399959467
Gemma_2_2B_base,insult_07,anger_insults,harm_to_model,1,moderator_next,21,]:,8254,97.01947021484375,-3.148440361022949,-0.03245163423435439,1.7362418174743652,0.01789580806439741,-2.982022523880005,-0.03073633073110476,0.40339016914367676,0.004157826962468396,12.980956077575684,0.13379743312172435,-17.081932067871094,-0.17606705159329553,-7.5759687423706055,-0.07808709659611705,0.7862299680709839,0.00810383695489086,-17.541790008544922,-0.18080690370396466,-7.156630039215088,-0.07376488475320638,-3.081296473304937,-1.9160314775714868,1.5910049616900979,3.1932590851380915,4.058881494056752,0.3121348326747046,1.5626644442538318,1.6213632675308935,-0.06109733106461125,1.4344371017645419,-2.498663975438212,-3.1110449521726524,-1.792374480497491,-2.451709716335072
Gemma_2_2B_base,insult_08,anger_insults,harm_to_model,1,assistant_next,25,]:,8254,102.09622955322266,0.45897376537323,0.004495501620203981,3.874528408050537,0.03794976979077126,-4.4177751541137695,-0.043270698373937384,-3.9901680946350098,-0.039082423632059195,8.800420761108398,0.08619731404009144,-17.52069091796875,-0.17160957847944064,-8.897588729858398,-0.08714904329762829,-0.5080462694168091,-0.0049761511432894305,-17.578533172607422,-0.17217612491207376,-11.031286239624023,-0.10804792976094603,0.6606113253799142,0.11292002974231975,0.09517825742105258,0.07934568706370898,-0.2839598168609546,0.08637264871626427,0.5865881090035314,0.21331533087932245,-0.07820931330472047,-0.07642091646885503,0.38676567756111696,0.6600807669138073,0.03074309195311894,0.34541192943346316
Gemma_2_2B_base,insult_08,anger_insults,harm_to_model,1,user_next,25,]:,8254,94.18964385986328,-3.388042688369751,-0.035970437401913635,0.32574325799942017,0.0034583765757100187,-2.159520149230957,-0.022927362932212828,0.46041083335876465,0.004888125854300612,10.616450309753418,0.11271356249683592,-12.148693084716797,-0.12898119779274034,-5.5543212890625,-0.058969553991798714,1.5433051586151123,0.016385083278489344,-13.653890609741211,-0.1449616969574242,-3.611271381378174,-0.0383404293018782,-3.329831791366053,-3.2544082839936364,2.4479220868389002,3.233672208079986,1.602575650172827,2.8505196574547416,3.055742829928068,2.444988185504256,1.7495705077337476,2.816890996678047,-3.2921200376798447,-3.470202673567406,-3.1048899528623184,-3.287546313214862
Gemma_2_2B_base,insult_08,anger_insults,harm_to_model,1,moderator_next,25,]:,8254,99.3521728515625,-2.332123041152954,-0.023473296800838685,2.3354074954986572,0.023506355507572862,-3.0687501430511475,-0.030887599686783153,-0.07529473304748535,-0.0007578569334359676,12.505138397216797,0.12586678316437172,-17.367494583129883,-0.17480739559745567,-7.154786586761475,-0.07201439466705083,1.0534563064575195,0.010603253821448274,-17.824722290039062,-0.1794094862592503,-7.056253910064697,-0.07102264306395313,-2.234544745225801,-1.3475023987680157,1.5006485270076493,2.853993451021519,3.5645905666274396,0.1651994099769277,1.8737265792183873,1.9120797958003581,-0.19286421341164825,1.4735771110252585,-1.7910235719969085,-2.194642681007417,-1.2823162798144405,-1.7384794804109287
Gemma_2_2B_base,insult_10,anger_insults,harm_to_model,1,assistant_next,24,]:,8254,98.86128997802734,0.6703685522079468,0.0067809003135296045,3.3233084678649902,0.03361587198188108,-4.933775424957275,-0.049906039320889335,-4.950627326965332,-0.05007649938682416,8.48413372039795,0.08581856176753926,-17.874685287475586,-0.18080570556431508,-10.11785888671875,-0.10234399013979606,-0.28064072132110596,-0.0028387321405929505,-18.40880012512207,-0.1862083746754019,-12.565411567687988,-0.12710143242598537,0.8798874533049275,-0.410114877472589,-0.44241224966519005,-0.6013751984459317,-0.6125264530748981,-0.09577420017593843,-0.31463677712097743,0.4607106731601811,-0.4648802413122631,-0.6746276819196204,0.23488628791616922,0.8933471782722816,-0.36325413215655206,0.2650465230578648
Gemma_2_2B_base,insult_10,anger_insults,harm_to_model,1,user_next,24,]:,8254,91.63368225097656,-2.9739232063293457,-0.032454476708510226,0.8472513556480408,0.009246069074551585,-2.3918843269348145,-0.026102676092221794,-0.43565404415130615,-0.004754300312390461,9.64152717590332,0.10521815711275281,-12.019287109375,-0.1311666934485426,-6.11492919921875,-0.06673233083082375,1.567588448524475,0.01710712054799881,-13.75074577331543,-0.15006213256445758,-4.960567474365234,-0.05413476084894939,-2.900272870449375,-2.759565990419036,2.205835438480571,2.5985905134485563,0.5898018927126466,2.917105153346012,2.6417084481556024,2.471406066990172,1.7044632372731605,2.290755330539374,-2.8299194304342055,-3.1113350782445925,-2.5787273899458003,-2.845031234095196
Gemma_2_2B_base,insult_10,anger_insults,harm_to_model,1,moderator_next,24,]:,8254,97.93903350830078,-2.441655158996582,-0.02493035791280951,1.7145516872406006,0.017506316182865786,-3.1822714805603027,-0.032492371698670995,-0.6562354564666748,-0.0067004485643719965,12.322744369506836,0.1258205633452818,-17.417856216430664,-0.17784386462170285,-8.011003494262695,-0.08179581937148406,1.7072464227676392,0.01743172626492115,-18.123620986938477,-0.18505002895911177,-8.365660667419434,-0.08541702289425192,-2.348160501999197,-1.9366125459023562,1.3823772840548252,2.44225449286185,3.375115234297787,0.1392859672756172,1.241371538310037,2.623340497040218,-0.3320669555661995,0.9629956307200896,-2.1423865239507767,-2.343362209775869,-1.8277834188028477,-2.0855728142893586
Gemma_2_2B_base,insult_11,anger_insults,harm_to_model,1,assistant_next,32,]:,8254,102.58753204345703,1.359182596206665,0.013249003744732866,5.69530725479126,0.05551656367343621,-4.006920337677002,-0.03905855085761916,-3.859511613845825,-0.0376216440435559,9.58206558227539,0.09340380250317688,-17.485071182250977,-0.17044050903616764,-9.2384672164917,-0.09005448354657951,-1.1279715299606323,-0.010995210699510864,-16.786407470703125,-0.16363009360233216,-10.993030548095703,-0.10715756904492987,1.5943822556129081,1.8405986308526807,0.5232238643468164,0.1719478426852383,0.5280317494960142,0.10470068774243353,0.33483387772018086,-0.46110366771188877,0.29069851727469387,-0.06150374309937621,1.7174904432327944,1.5535345145556871,1.627750758372722,1.5906426364642046
Gemma_2_2B_base,insult_11,anger_insults,harm_to_model,1,user_next,32,]:,8254,93.96432495117188,-3.2597055435180664,-0.03469088449485437,1.093214750289917,0.011634359645088719,-1.5291061401367188,-0.01627326265506948,0.4281018376350403,0.004556003971267834,11.633512496948242,0.12380775898718523,-11.941250801086426,-0.1270828136879783,-4.576783180236816,-0.04870766839026535,1.33526611328125,0.01421035179016201,-13.18341064453125,-0.14030229718972545,-3.8645665645599365,-0.041128019241005995,-3.1967099078352557,-2.5261792206090155,3.1047135770240413,3.210773361946122,2.6591244765691764,2.9572585254850847,3.7776990835133257,2.218661733668992,1.9686818721036095,2.7181227347482086,-2.8614445642221353,-3.339601078473866,-2.3616064755512127,-2.850603777012539
Gemma_2_2B_base,insult_11,anger_insults,harm_to_model,1,moderator_next,32,]:,8254,100.57881164550781,-2.042271137237549,-0.02030518261078265,3.7125542163848877,0.036911891835328746,-2.4213144779205322,-0.02407380280505309,0.6435437202453613,0.006398402503636104,14.247138977050781,0.14165149442474156,-17.977304458618164,-0.1787384854175804,-7.162769317626953,-0.0712154896288921,0.8221021890640259,0.008173711496627567,-17.82681655883789,-0.1772422667079115,-6.969747066497803,-0.06929637517554718,-1.933886417203943,-0.04077208139672158,2.1751738852101172,3.3634667654449224,5.374222948381492,-0.1485766181510902,1.8678309702216767,1.6603887902820509,-0.19383955376150497,1.5073090220581162,-0.9873292493003323,-1.8712791339613457,-0.06361100946804223,-0.967445071714694
Gemma_2_2B_base,insult_13,anger_insults,harm_to_model,1,assistant_next,30,]:,8254,98.66252899169922,0.29290682077407837,0.00296877470877238,4.6444172859191895,0.047073770897459344,-3.389181137084961,-0.03435124937219178,-3.3128442764282227,-0.033577532527135426,9.649845123291016,0.09780658596439269,-16.055503845214844,-0.162731525426088,-8.05787467956543,-0.08167107372894691,-0.08450818061828613,-0.0008565377502678456,-15.897565841674805,-0.16113073528666913,-9.818254470825195,-0.09951350904101836,0.48835297817426115,0.8434428727045583,1.1668102127618214,0.5593957025004118,0.5984427778631753,0.8402807086425137,1.2067550409717251,0.6740839942858735,0.7046487732823276,0.39658073308862635,0.6658979254394097,0.5042505790371248,0.8602114521517713,0.682231015594448
Gemma_2_2B_base,insult_13,anger_insults,harm_to_model,1,user_next,30,]:,8254,92.1656723022461,-3.2190358638763428,-0.03492662488610626,0.988996684551239,0.01073064037668976,-1.5022382736206055,-0.016299325292113077,0.12444281578063965,0.0013502078666832115,10.632827758789062,0.11536646446759483,-11.106804847717285,-0.12050912851038369,-4.281884670257568,-0.04645856275225389,2.189164876937866,0.02375249723952283,-12.754877090454102,-0.13839075625278396,-3.9536895751953125,-0.042897637226902326,-3.1545239579860738,-2.625068397813668,3.132705635945079,2.9955564830909998,1.619588940781636,3.3866204421415125,3.9954950154880433,3.1476213772530888,2.168258004256669,2.68337069269262,-2.889796177899871,-3.363662663544413,-2.4437641310439693,-2.903713397294191
Gemma_2_2B_base,insult_13,anger_insults,harm_to_model,1,moderator_next,30,]:,8254,98.46517181396484,-2.285228967666626,-0.02320850028052785,3.4964165687561035,0.03550917044416535,-2.4314799308776855,-0.0246938068159938,0.5536046028137207,0.005622339276060712,13.487342834472656,0.1369757710874152,-17.080934524536133,-0.17347183993958792,-6.688907623291016,-0.06793171128496787,1.1966147422790527,0.012152670027732005,-17.089323043823242,-0.17355703269487968,-6.601607322692871,-0.0670451003240579,-2.1859023401283055,-0.24585815726530627,2.16458309423812,3.2997228462871275,4.58492831836924,0.3126481159095473,2.217799335108555,2.067822391031832,0.14962504035074528,1.6508590184937657,-1.2158802486968059,-2.167615390664813,-0.1911332443449095,-1.1793743175048612
Gemma_2_2B_base,insult_14,anger_insults,harm_to_model,1,assistant_next,23,]:,8254,102.58838653564453,0.7723721265792847,0.007528845638983927,4.623470306396484,0.04506816475556959,-4.023645401000977,-0.03922125629301084,-3.717163562774658,-0.03623376571463206,9.717395782470703,0.09472218162914937,-18.084585189819336,-0.17628296730776452,-8.832630157470703,-0.0860977587789802,-0.30703437328338623,-0.0029928765199626816,-17.691612243652344,-0.1724523880439952,-11.590067863464355,-0.11297641238793987,0.9856939831515984,0.823566956228455,0.5057989989321393,0.27283634280474217,0.6686160382372012,-0.20377762929250473,0.6345629625011664,0.43199692094116227,-0.13087236246829578,-0.2943085568565471,0.9046304696900267,0.969688572214007,0.6778806064772569,0.8237845893456319
Gemma_2_2B_base,insult_14,anger_insults,harm_to_model,1,user_next,23,]:,8254,94.0119857788086,-3.520944118499756,-0.03745207687436614,0.8744157552719116,0.009301109300352798,-1.1502883434295654,-0.012235549902498219,0.7726960778236389,0.008219123034393065,11.273916244506836,0.1199199884047988,-11.686539649963379,-0.12430903946077121,-4.531883239746094,-0.04820537724209665,2.139871597290039,0.022761689156579768,-12.864553451538086,-0.13683950344167614,-4.217411041259766,-0.04486035484009976,-3.4676881284638528,-2.7337905635866226,3.499381686581788,3.4550028809373354,2.2855671825541592,3.088319461904506,3.8108597271038085,3.0939950348320675,2.117179661089582,2.5805368744194803,-3.1007393460252377,-3.621430870063454,-2.573723650324722,-3.097577260194088
Gemma_2_2B_base,insult_14,anger_insults,harm_to_model,1,moderator_next,23,]:,8254,101.02533721923828,-2.625762462615967,-0.02599112791791743,2.686612606048584,0.026593453484033226,-2.8656954765319824,-0.028366106517546643,0.3745992183685303,0.003707972956879131,13.80003547668457,0.13659974672231656,-18.05931282043457,-0.1787602330021773,-7.264481067657471,-0.07190751615005839,1.3614591360092163,0.013476412685014559,-18.28162384033203,-0.1809607801719929,-7.52978515625,-0.07453363050805141,-2.539131799186094,-1.0142551429665478,1.7121993096493355,3.172853636529127,4.909761006390986,-0.19077379972909148,1.7927122271929818,2.247157220597167,-0.4056518546935047,1.2889314435960788,-1.776693471076321,-2.4516330393212233,-1.0016663690609064,-1.726649704191065
Gemma_2_2B_base,insult_16,anger_insults,harm_to_model,1,assistant_next,24,]:,8254,99.01463317871094,0.6758308410644531,0.00682556526614253,4.92033576965332,0.04969301619057291,-4.1493964195251465,-0.041906900892476416,-3.7639551162719727,-0.03801412978502311,9.48427677154541,0.09578661726118091,-16.806812286376953,-0.1697406913182462,-8.442147254943848,-0.08526161218722757,0.18188107013702393,0.001836911013029234,-17.002565383911133,-0.17171770311185522,-11.264781951904297,-0.11376886011962048,0.8855533903320272,1.1052530650030834,0.3747863665075283,0.2396730531419603,0.4264463651288886,0.4536969748547693,0.9229523059468622,0.9638898518053043,0.1900297135325148,-0.16746870261425206,0.9954032276675553,0.8979060472520973,1.0983285975611907,0.998117322406644
Gemma_2_2B_base,insult_16,anger_insults,harm_to_model,1,user_next,24,]:,8254,95.91150665283203,-3.120272636413574,-0.03253282890975668,1.3986001014709473,0.014582193005615245,-2.2299201488494873,-0.023249766651263874,-0.5797251462936401,-0.006044375346871087,11.16163444519043,0.1163742999637349,-12.757499694824219,-0.1330132341784824,-5.221280574798584,-0.05443852105981292,2.283416509628296,0.023807534563016607,-13.761653900146484,-0.14348282474551385,-5.281253337860107,-0.055063813740060405,-3.0520785835107525,-2.2364088636694666,2.3745764441478032,2.496480809126457,2.1689261307217067,2.5372598568248637,3.301708510642221,3.250158079304727,1.6993831175456282,2.165709188859967,-2.6442437235901095,-3.119332342293169,-2.0936171937543833,-2.606474768023776
Gemma_2_2B_base,insult_16,anger_insults,harm_to_model,1,moderator_next,24,]:,8254,98.48892211914062,-2.022998571395874,-0.020540366651070483,3.3336241245269775,0.033847706450623356,-2.9440438747406006,-0.029892132144356633,-0.1163475513458252,-0.0011813262734775515,12.991366386413574,0.1319068795442609,-17.3345947265625,-0.17600552786630247,-7.252897262573242,-0.0736417569257131,1.4688745737075806,0.014914109547576368,-17.493953704833984,-0.17762356748784194,-7.796267509460449,-0.07915882661432133,-1.9138953205632936,-0.40032668199612054,1.630572695280484,2.82489746247351,4.069695974944527,0.18212794251574396,1.801267392915286,2.364014875118645,-0.038819065149851124,1.1850210631026512,-1.157111001279707,-1.8952839333195257,-0.3421779228952203,-1.118730928107373
Gemma_2_2B_base,insult_17,anger_insults,harm_to_model,1,assistant_next,26,]:,8254,99.6527328491211,1.5242105722427368,0.015295221000616843,4.949079513549805,0.0496632593211763,-4.055970668792725,-0.040701048057895754,-4.050713539123535,-0.04064829356216959,8.325244903564453,0.08354256492061551,-16.961950302124023,-0.17021058848235712,-9.128962516784668,-0.09160774878704375,-0.9806833267211914,-0.009841007854807071,-16.989173889160156,-0.17048377303292386,-11.819879531860352,-0.11861069128687321,1.765562898836551,1.1325270809192096,0.4721211927646019,0.03643439296764761,-0.7775840032095169,0.3738711269151961,0.415708067725355,-0.30086828313358843,0.19626638438528715,-0.38391981109970813,1.4490449898778803,1.762388119632914,1.095623382888983,1.4290057512609486
Gemma_2_2B_base,insult_17,anger_insults,harm_to_model,1,user_next,26,]:,8254,92.00975799560547,-2.9643349647521973,-0.03221761505876125,1.4488682746887207,0.015746898005730228,-1.3146381378173828,-0.014288029514001896,0.7126309871673584,0.007745167498445054,9.885245323181152,0.10743692341472398,-10.78473949432373,-0.1172129970697111,-4.668099880218506,-0.05073483489046305,1.7024035453796387,0.01850242390009273,-12.227072715759277,-0.13288886942125488,-4.197220802307129,-0.045617126854171214,-2.890327154577533,-2.18871100769936,3.3281552467971034,3.412432035321581,0.8429822053030707,3.552338301834354,3.71025755666815,2.6180719127024057,2.414066423767486,2.5884097237340646,-2.5395190811384465,-3.0871590483961677,-1.987733170367715,-2.5374461093819414
Gemma_2_2B_base,insult_17,anger_insults,harm_to_model,1,moderator_next,26,]:,8254,99.10972595214844,-1.6200329065322876,-0.01634585194307229,3.5057425498962402,0.035372336228523746,-2.5927882194519043,-0.026160784872957258,0.1793074607849121,0.0018091812792569344,12.554394721984863,0.1266716722438149,-17.43045425415039,-0.1758702699124207,-7.681058883666992,-0.0775005561752387,0.7741124629974365,0.0078106609170848565,-17.556224822998047,-0.17713927320790332,-7.802778720855713,-0.07872868828860453,-1.4959060598011424,-0.23700903312317623,1.996525421496843,3.034441537732898,3.6157592294501475,0.13280368091589306,1.4850506059654933,1.6081805886544809,-0.06781989551608272,1.1824821240494499,-0.8664575464621593,-1.4671575866201279,-0.20357292416740672,-0.8353652553937673
Gemma_2_2B_base,insult_18,anger_insults,harm_to_model,1,assistant_next,27,]:,8254,101.01136779785156,1.7897064685821533,0.017717871835611545,5.28233003616333,0.05229441152340956,-3.4566996097564697,-0.03422089696551947,-3.757871627807617,-0.03720246255181928,8.730793952941895,0.08643377615096103,-17.365427017211914,-0.1719155714430516,-9.332165718078613,-0.09238728196171501,-1.4743125438690186,-0.014595511139097515,-16.6325626373291,-0.16466030507194918,-11.0684232711792,-0.10957601617007919,2.040957164707478,1.4487378045657693,1.0964666644884264,0.24398469648406887,-0.3562898310727127,0.16626327044837977,0.26563328230451544,-0.8378893459826109,0.36234694831211955,-0.0909018869076264,1.7448474846366238,2.0096636028578914,1.3348229924790898,1.6722432976684907
Gemma_2_2B_base,insult_18,anger_insults,harm_to_model,1,user_next,27,]:,8254,96.37799072265625,-3.6900739669799805,-0.03828751709089666,1.5580904483795166,0.016166454983100674,-1.2159663438796997,-0.012616639284158203,0.799059271812439,0.00829088950517619,11.854681968688965,0.1230019621679268,-12.839693069458008,-0.13322225305989588,-5.732670783996582,-0.05948111950676891,1.4624171257019043,0.015173766486896927,-13.912561416625977,-0.14435413430294156,-4.425864219665527,-0.04592193909086246,-3.6431235724811377,-2.085073593089601,3.430955618687133,3.4736876685398004,2.8888806790358785,2.4949674774002473,2.9240236345034387,2.3569897933956927,1.6291026502047228,2.499254009635931,-2.8640985827853696,-3.706702705469572,-1.949590996341205,-2.8281468509053886
Gemma_2_2B_base,insult_18,anger_insults,harm_to_model,1,moderator_next,27,]:,8254,101.22127532958984,-1.543283224105835,-0.01524662892342248,4.0016021728515625,0.039533212358981024,-2.3724141120910645,-0.023437899832482557,0.49223756790161133,0.004862985239998417,13.263551712036133,0.13103521635000406,-18.35495376586914,-0.1813349387873546,-7.854852199554443,-0.07760080253857707,0.047858238220214844,0.0004728080935987232,-17.62537956237793,-0.17412722280950685,-7.530112266540527,-0.07439258438526374,-1.416294951911782,0.23349624612480568,2.226120316730381,3.256229253909325,4.352448681681166,-0.3428950515146477,1.3566963555240532,0.8180859140686794,-0.10002655768799094,1.2888038923554712,-0.5913993528934882,-1.3549619291074266,0.174694796382323,-0.5901335663625518
Gemma_2_2B_base,insult_19,anger_insults,harm_to_model,1,assistant_next,23,]:,8254,103.62599182128906,0.7631005644798279,0.00736398804072103,4.606147766113281,0.04444973394374777,-4.170060634613037,-0.04024145449729084,-3.71279239654541,-0.035828775496290585,9.688398361206055,0.09349390235911505,-18.79693031311035,-0.18139204250538893,-9.308141708374023,-0.08982439197712698,0.041116952896118164,0.0003967822374817651,-18.2335205078125,-0.17595508797886922,-11.723556518554688,-0.11313335884661888,0.9760767533824709,0.8071301538030894,0.3532575292271164,0.2759343859554797,0.6384928149068896,-0.5703128928673128,0.28337610366956406,0.8107520446704448,-0.38324922844269727,-0.34636024724010545,0.8916034535927801,0.9528618625268656,0.6216586940311761,0.7872602782790208
Gemma_2_2B_base,insult_19,anger_insults,harm_to_model,1,user_next,23,]:,8254,91.60230255126953,-3.306105375289917,-0.03609194619796265,1.09605872631073,0.011965405844435725,-1.110999584197998,-0.012128511546706754,0.9822885394096375,0.010723404456562143,10.427196502685547,0.11383116157860199,-12.01186752319336,-0.13113062869211561,-4.810563087463379,-0.05251574418416962,2.554457902908325,0.027886394028999464,-12.582307815551758,-0.1373579862636038,-3.6248526573181152,-0.039571632550276736,-3.2448396446166003,-2.5234806630538102,3.5403143472634593,3.6035505352722335,1.4059742129489128,2.9209228814216104,3.605042013204781,3.545025019994204,2.2486267597153544,2.811595203041044,-2.8841601538352055,-3.4826048513080425,-2.331510868929566,-2.907057860118804
Gemma_2_2B_base,insult_19,anger_insults,harm_to_model,1,moderator_next,23,]:,8254,100.4083480834961,-2.375515937805176,-0.023658550141964087,3.1471800804138184,0.03134380896095146,-2.767303705215454,-0.0275604943018708,0.45218753814697266,0.0045034854848020126,13.674904823303223,0.13619290710700316,-18.68598747253418,-0.18609993919027093,-7.629640579223633,-0.07598611793592192,1.489152193069458,0.01483095998981211,-18.255447387695312,-0.18181204786393573,-7.4861531257629395,-0.07455707885501427,-2.279555440616265,-0.5772374506462411,1.8147079423457864,3.2278439869437316,4.779772253843895,-0.5132275532155772,1.5230253571352745,2.386074972705013,-0.3934609886084103,1.3059450313064471,-1.428396445631253,-2.2135511463892743,-0.5698087309780095,-1.3916799386836418
Gemma_2_2B_base,insult_20,anger_insults,harm_to_model,1,assistant_next,29,]:,8254,102.19457244873047,1.5177435874938965,0.014851508755568467,5.493505001068115,0.05375534991179817,-4.041006088256836,-0.0395422769666574,-3.7544355392456055,-0.03673811093176354,9.170099258422852,0.08973176401342994,-17.961042404174805,-0.17575338859786901,-9.225533485412598,-0.09027420208681741,-0.7557687759399414,-0.007395390555786117,-17.612775802612305,-0.1723455109267019,-11.391976356506348,-0.11147339906159436,1.758854808271458,1.64911495009847,0.487711914113392,0.2464200078121167,0.1000711572516764,-0.1402090218599459,0.3443860250487025,-0.056182906103755606,-0.09415674982655813,-0.21706605425725697,1.703984879184964,1.7170992326739245,1.4676377691541704,1.5923685009140476
Gemma_2_2B_base,insult_20,anger_insults,harm_to_model,1,user_next,29,]:,8254,92.17683410644531,-3.487464427947998,-0.03783449997773511,1.108221173286438,0.012022773227453985,-2.213473081588745,-0.024013333751869134,0.1890254020690918,0.002050682298882236,10.107083320617676,0.10964884418731577,-11.803915023803711,-0.12805728400448874,-4.834264755249023,-0.052445549927072135,1.3295718431472778,0.014424143072780038,-13.141448974609375,-0.14256780569653435,-4.474290370941162,-0.04854029121649237,-3.432960228981369,-2.511940107530176,2.39171168172109,3.0413290821216874,1.0734328884497226,3.0279242795959695,3.5875372559745973,2.2124669159935637,1.9882242106253287,2.4803710339181744,-2.9724501682557722,-3.660464087857781,-2.3262955660635716,-2.9933798269606764
Gemma_2_2B_base,insult_20,anger_insults,harm_to_model,1,moderator_next,29,]:,8254,100.34660339355469,-1.8717049360275269,-0.01865239951059218,3.8698606491088867,0.038564939103434066,-2.6845862865448,-0.026753135589612117,0.5861084461212158,0.005840839911865536,13.268080711364746,0.13222251937445212,-18.17071533203125,-0.18107952553975898,-7.406386375427246,-0.0738080425739947,0.8076317310333252,0.008048421209294263,-17.960832595825195,-0.17898794765761677,-7.4854841232299805,-0.07459628796674125,-1.7569610695346312,0.10849094311652413,1.9008863836387146,3.3227597897137224,4.357153515845332,-0.24809566186571627,1.6879087178091865,1.644646325124783,-0.2562533415593037,1.3062058977650075,-0.8242350632090535,-1.7025826243933175,0.08666849957334757,-0.807957062409985
Gemma_2_2B_base,insult_21,anger_insults,harm_to_model,1,assistant_next,28,]:,8254,99.72428894042969,1.3712040185928345,0.01374995031964503,4.8431854248046875,0.04856575540686747,-4.141897201538086,-0.04153348442536651,-4.2331132888793945,-0.04244816718029491,8.883938789367676,0.08908500510517049,-17.445724487304688,-0.17493957262233167,-9.355140686035156,-0.09381005154745652,-1.3520389795303345,-0.013557770066808649,-16.703357696533203,-0.1674953802529588,-11.20759391784668,-0.11238579925640318,1.6068518675293615,1.032047579283681,0.38259936318255683,-0.09284055696364012,-0.19719926686582087,0.12494642359629408,0.2486652258754183,-0.7048674801803803,0.32937635836163504,-0.14516917580879343,1.3194497234065212,1.6046652035480913,0.9958486501299038,1.3002569268389976
Gemma_2_2B_base,insult_21,anger_insults,harm_to_model,1,user_next,28,]:,8254,92.40815734863281,-3.358548641204834,-0.036344720396640655,1.239750623703003,0.013416030134934242,-1.9745984077453613,-0.021368226186955514,-0.2649962306022644,-0.002867671407000359,10.711771965026855,0.11591803442864924,-12.310518264770508,-0.13321895618290502,-4.749684810638428,-0.05139897761102472,1.3792146444320679,0.014925247770374175,-13.676671981811523,-0.14800286440311616,-4.211323261260986,-0.04557306824518445,-3.2992381303018505,-2.387136034093538,2.640581235280825,2.7195434222736226,1.7015980937139474,2.767252947141634,3.6500033832674443,2.2664735043045168,1.738960794492683,2.5829107034119536,-2.8431870821976943,-3.5084050455506626,-2.1996337530201724,-2.8540193992854173
Gemma_2_2B_base,insult_21,anger_insults,harm_to_model,1,moderator_next,28,]:,8254,102.09125518798828,-2.199270248413086,-0.02154220010679078,3.060833692550659,0.029981350380250654,-3.1472556591033936,-0.030827867218481308,-0.10630941390991211,-0.001041317532183894,13.977424621582031,0.1369110860263629,-19.151657104492188,-0.18759351199303806,-8.2207670211792,-0.08052371386796729,0.6685506105422974,0.006548559025072667,-18.416156768798828,-0.1803891698156495,-7.771629810333252,-0.0761243438140002,-2.096738858845076,-0.6591687663913643,1.4188582207455933,2.832011944352833,5.094037145270744,-0.7528366074615798,1.0864516547124607,1.4933394564190001,-0.46830636857036634,1.1946281258591402,-1.3779538126182203,-1.9975392184377079,-0.6936706498399089,-1.3456049341388083
Gemma_2_2B_base,insult_23,anger_insults,harm_to_model,3,assistant_next,68,]:,8254,87.32330322265625,-0.7494196891784668,-0.008582127124389724,4.918976783752441,0.05633063113989257,-2.5376358032226562,-0.029060236037478027,0.019659996032714844,0.00022514031543889202,8.398763656616211,0.09618009565214353,-12.576712608337402,-0.14402470067204629,-6.796689987182617,-0.07783363359322851,-3.0066871643066406,-0.03443167005077916,-11.027965545654297,-0.1262889187498471,-3.2413268089294434,-0.0371186921395396,-0.5928341436003594,1.103963566904859,2.0539854987158823,2.921292160937581,-0.7012109424144857,2.6302833649949275,2.1381971682618612,-2.50496539975647,2.9725131749487703,2.961144756154075,0.25556471165224987,-0.6747285752105332,1.7017581152983652,0.513514770043916
Gemma_2_2B_base,insult_23,anger_insults,harm_to_model,3,user_next,68,]:,8254,88.31704711914062,-0.20273828506469727,-0.002295573637003524,4.54406213760376,0.05145169914335759,-2.152947425842285,-0.02437748425780061,-0.10819864273071289,-0.001225116172472929,8.521190643310547,0.09648409815848316,-12.322378158569336,-0.13952434507854772,-7.040480613708496,-0.07971825194982814,-2.2326407432556152,-0.025279839126004285,-11.196433067321777,-0.12677544633277504,-2.8497328758239746,-0.032267076049085464,-0.025771051375654642,0.748219093844108,2.454769822972212,2.830672962465277,-0.5740308242863064,2.7611504707472716,1.9581467274690594,-1.6628774169399667,2.894054683080583,3.1138403252890883,0.3612240212342267,-0.033071705405566525,1.258211509443602,0.6125699020190177
Gemma_2_2B_base,insult_23,anger_insults,harm_to_model,3,moderator_next,68,]:,8254,98.48397064208984,-2.4357762336730957,-0.024732717596502952,3.4760046005249023,0.03529513054624278,-4.444537162780762,-0.045129548837273076,-1.6399699449539185,-0.016652150946613358,12.177470207214355,0.12364926117235547,-19.9007568359375,-0.2020710244133106,-9.914850234985352,-0.10067476128696995,-1.5408247709274292,-0.015645437129328286,-17.67595672607422,-0.17948054501490532,-6.877098083496094,-0.06982961834965838,-2.342062395226572,-0.26522641870063507,0.06729648560256823,1.7450373809135697,3.2242009169548385,-1.1382838556165369,-0.16470567537916886,-0.9102482453884104,-0.12358129362346519,1.5434359586452975,-1.3036444069636035,-2.3231894287818022,-0.2105917386031774,-1.2668905836924897
Gemma_2_2B_base,insult_24,anger_insults,harm_to_model,2,assistant_next,52,]:,8254,85.27371978759766,-0.33124881982803345,-0.0038845358294808527,5.637697219848633,0.06611295055371313,-2.4511075019836426,-0.028743996486712844,0.6691150665283203,0.00784667384271464,8.641681671142578,0.10134050317808979,-12.160457611083984,-0.1426049859367413,-5.906339168548584,-0.06926329921176502,-3.093909740447998,-0.0362821013103967,-9.953227996826172,-0.11672093139149989,-2.8210253715515137,-0.03308200203507257,-0.15907278923974733,1.7859343179638514,2.1441342757007305,3.3815903347745397,-0.44886182710006406,2.8444662521153354,2.7957616515225525,-2.5998551650230066,3.473038655471965,3.125034341163049,0.813430764362052,-0.19525413313948722,2.5910745838346707,1.1979102253475917
Gemma_2_2B_base,insult_24,anger_insults,harm_to_model,2,user_next,52,]:,8254,88.9417724609375,-0.008066654205322266,-9.069590117360293e-05,4.4989213943481445,0.05058277196267967,-2.712268114089966,-0.030494873657719964,-0.4861030578613281,-0.005465407810203249,9.287190437316895,0.10441876949771552,-13.098944664001465,-0.14727550735234576,-6.805873870849609,-0.07652055589333677,-0.7523653507232666,-0.008459077550469318,-11.750541687011719,-0.13211499346015912,-3.404266357421875,-0.038275225051502104,0.17615843832868147,0.7053864915758278,1.8720463063210169,2.5628350163594686,0.22170830903988678,2.3615702680543573,2.1314144534134862,-0.05248030714142854,2.6359958821809912,2.8976091776165167,0.44077246495225464,0.1919760809711814,1.1792168233118092,0.6855964521414953
Gemma_2_2B_base,insult_24,anger_insults,harm_to_model,2,moderator_next,52,]:,8254,98.69050598144531,-1.6708403825759888,-0.016930102505403322,4.851836204528809,0.04916213729252737,-4.195152759552002,-0.0425081695329511,-1.1842992305755615,-0.012000133333982706,12.315637588500977,0.12479050001847619,-20.010087966918945,-0.20275595679569236,-9.528114318847656,-0.09654539941905887,-2.400270700454712,-0.0243211915531772,-16.94478988647461,-0.17169625100169594,-6.517521858215332,-0.06604000854388854,-1.5486077691636178,1.0402560264759564,0.32711551161197344,2.06799181953129,3.3677325381109333,-1.1945398944395114,0.12091634858166027,-1.845242671372296,0.21693684881257855,1.6836467528505226,-0.2541758713438307,-1.526790959303479,1.0500660816017047,-0.23836243885088715
Gemma_2_2B_base,insult_25,anger_insults,harm_to_model,2,assistant_next,73,]:,8254,85.55304718017578,-0.6042543053627014,-0.007062919735519582,3.9896068572998047,0.046633135683614435,-2.8325164318084717,-0.03310830560883655,-1.3710315227508545,-0.016025513619210372,7.319065093994141,0.08555002229879782,-12.906049728393555,-0.15085435473985226,-6.80718469619751,-0.07956682924293151,-3.4045920372009277,-0.03979509964187266,-10.404688835144043,-0.12161681176862864,-4.03070068359375,-0.04711346721648668,-0.44225662109618635,0.22211427624447933,1.7467666160741784,1.9356462008896715,-1.8228279522322495,2.46082383736167,2.130446349409427,-2.93784759216224,3.2627848560370722,2.6533414863324425,-0.11007117242585351,-0.5196658910732038,0.8201530431270502,0.15024357602692318
Gemma_2_2B_base,insult_25,anger_insults,harm_to_model,2,user_next,73,]:,8254,90.53282928466797,-1.4434845447540283,-0.015944321592062376,2.897000312805176,0.031999445236555665,-3.055915355682373,-0.03375477580705524,-1.632079005241394,-0.018027482606442654,9.184276580810547,0.1014469187959636,-13.186470985412598,-0.14565402506034095,-7.420069217681885,-0.08195998375738929,-1.34610915184021,-0.014868740571528542,-12.928548812866211,-0.14280508976709627,-3.4075872898101807,-0.037639244423649826,-1.3127755212391412,-0.8146250014198712,1.5140203414034912,1.7506300466799034,0.11479890302647124,2.316533835236586,1.6778033178832197,-0.6984163985627607,2.0873758182677307,2.896314235028745,-1.0637002613295061,-1.4261741274516553,-0.5102044477196992,-0.9681892875856772
Gemma_2_2B_base,insult_25,anger_insults,harm_to_model,2,moderator_next,73,]:,8254,94.36271667480469,-1.5665647983551025,-0.016601522863673373,3.5547163486480713,0.037670771613098314,-4.2012248039245605,-0.044522084059988795,-2.4148917198181152,-0.02559158749255153,10.591920852661133,0.11224688336563363,-18.872468948364258,-0.1999992116950497,-9.532416343688965,-0.10101888414827895,-2.515289306640625,-0.026655541460393537,-16.16934585571289,-0.17135311938332723,-6.641391277313232,-0.07038151837235646,-1.4404445230995029,-0.19053936753469394,0.32078940366641395,1.1958152806622202,1.5770938562085126,-0.6091810940770803,0.11773910801249929,-1.970371841193852,0.5780757115414947,1.6353459242406903,-0.8154919453170985,-1.493253443903807,0.005379201898002997,-0.743937121002902
Gemma_2_2B_base,critique_01,rude_critique,harm_to_model,1,assistant_next,14,]:,8254,104.52206420898438,0.2853381931781769,0.002729932625590551,3.6756532192230225,0.03516628997944221,-5.370701789855957,-0.05138342636553392,-4.7689642906188965,-0.04562638832968027,8.594228744506836,0.08222406254169734,-19.35982894897461,-0.18522241304253254,-10.566970825195312,-0.1010979921336744,-0.19692492485046387,-0.0018840512416280508,-19.878456115722656,-0.19018430477967893,-13.117339134216309,-0.12549827860258414,0.4805021726847517,-0.07578625309050506,-0.8976202782990904,-0.4726223906187008,-0.4981570762768595,-0.8599508690623383,-0.646326324173481,0.5517853997691073,-1.1493266642563906,-0.8898426961666522,0.20235795979712332,0.4798724100165873,-0.2223047110613675,0.1287838494776099
Gemma_2_2B_base,critique_01,rude_critique,harm_to_model,1,user_next,14,]:,8254,94.78573608398438,-4.5947723388671875,-0.048475356405904946,-0.1841493844985962,-0.0019427963753473588,-1.554436206817627,-0.016399473919159392,0.9338611960411072,0.009852338913248136,10.664653778076172,0.11251327698322472,-11.240165710449219,-0.11858499152752196,-4.883493423461914,-0.0515213957840125,2.502955436706543,0.026406456710836884,-13.654547691345215,-0.1440569884823881,-4.4703521728515625,-0.04716270989224193,-4.581551425399748,-3.7382290450291373,3.0783236618225285,3.569227887364813,1.6526505802271123,3.317999969601205,3.5511796505256745,3.4889952952975314,1.7492644924782597,2.481906669043798,-4.1598902352144425,-4.746556593305045,-3.595913794100005,-4.171235193702525
Gemma_2_2B_base,critique_01,rude_critique,harm_to_model,1,moderator_next,14,]:,8254,98.4072036743164,-3.443415641784668,-0.0349914997400071,1.588861107826233,0.01614578047644407,-3.360837936401367,-0.03415235684903952,0.1930561065673828,0.0019618086822821602,12.731082916259766,0.12937145291104832,-17.62493896484375,-0.17910212166148295,-7.798736095428467,-0.0792496464104272,1.6006633043289185,0.016265712717804626,-19.13378143310547,-0.19443476410964466,-8.035290718078613,-0.0816534808231297,-3.3872691908327135,-2.05587630207136,1.1963393360761025,3.044185824649579,3.799307203850929,0.03273209712245931,1.398140644943377,2.507388325739579,-0.8025176653925825,1.0918179212996408,-2.7215727464520367,-3.370284319713662,-1.9514705280218618,-2.660877423867762
Gemma_2_2B_base,critique_02,rude_critique,harm_to_model,1,assistant_next,23,]:,8254,104.43275451660156,-0.767670750617981,-0.007350861845705173,2.5925214290618896,0.024824792193427776,-5.66048002243042,-0.05420215188837693,-5.581411838531494,-0.05344503134449281,9.941112518310547,0.09519151883263041,-19.3840389251709,-0.18561263671436953,-12.600699424743652,-0.12065849917556788,-0.22799921035766602,-0.0021832155190488747,-20.131744384765625,-0.19277232012074624,-13.45824909210205,-0.12887000016802783,-0.6117656515287324,-1.1035352405051304,-1.1995232729188485,-1.0484407029726333,0.9010184003275061,-0.8724080470735387,-2.1483271845828384,0.5179795688931075,-1.2672877727259475,-1.022774888528112,-0.8576504460169314,-0.5490556089014923,-1.1624564175616634,-0.8557560132315778
Gemma_2_2B_base,critique_02,rude_critique,harm_to_model,1,user_next,23,]:,8254,94.05492401123047,-4.934407711029053,-0.05246304500166167,0.1120229959487915,0.0011910380782979059,-3.5264220237731934,-0.037493220698919784,-0.562152087688446,-0.005976849097462704,12.174610137939453,0.12944149672042438,-14.140657424926758,-0.15034467970266305,-7.741383075714111,-0.08230704726091496,1.4846420288085938,0.015784841085314392,-15.761436462402344,-0.1675769411128372,-4.942846298217773,-0.0525527647827091,-4.93384927734372,-3.4572005802846033,1.023826958611421,2.5089356303329926,3.2212298077406176,1.825559774108706,1.440498452655364,2.3811683482167227,0.7680467843111292,2.2976654097025504,-4.195524928814161,-5.1535725818342515,-3.311015042444467,-4.232293812139359
Gemma_2_2B_base,critique_02,rude_critique,harm_to_model,1,moderator_next,23,]:,8254,98.7042007446289,-3.7646219730377197,-0.0381404433107937,1.1074483394622803,0.011219870391610898,-3.7459301948547363,-0.03795107165242483,-0.3865087032318115,-0.0039158283063534536,13.620376586914062,0.13799186340764966,-18.313888549804688,-0.18554315228373153,-8.946985244750977,-0.09064442219535257,1.1152849197387695,0.01129926498897727,-18.78813362121582,-0.19034786239569643,-8.147183418273926,-0.08254140509533747,-3.7204509198468623,-2.5126734247381397,0.7951342317483193,2.6334220386848983,4.723127001579302,-0.32176505525047505,0.5501065411648566,1.97934337434343,-0.6415429815486066,1.0481872158827237,-3.116562172292501,-3.6916911571608524,-2.399287939788454,-3.045489548474653
Gemma_2_2B_base,critique_03,rude_critique,harm_to_model,1,assistant_next,26,]:,8254,101.20962524414062,0.9087822437286377,0.008979207674531432,4.043238639831543,0.03994915137842208,-4.055109977722168,-0.04006644593278871,-4.5170745849609375,-0.04463087946491973,7.716536045074463,0.07624310461045997,-17.711503982543945,-0.17499821721323217,-10.339276313781738,-0.10215704572407074,-1.9295518398284912,-0.019064904500673465,-16.797611236572266,-0.16596851530724088,-11.426741600036621,-0.11290172819504787,1.127189820140684,0.2730037531215595,0.47301789645878556,-0.2940967669228087,-1.4099255042031678,-0.011809699461352862,-0.4781635948252144,-1.3331458706659631,0.28548071288939475,-0.23062218523424707,0.7000967866311217,1.117724338660704,0.21250805970443185,0.6651161991825679
Gemma_2_2B_base,critique_03,rude_critique,harm_to_model,1,user_next,26,]:,8254,93.37265014648438,-3.1341652870178223,-0.03356620254540166,1.0864180326461792,0.011635291821982034,-1.0495331287384033,-0.011240262829553198,0.5991526246070862,0.006416789323930795,9.701416015625,0.10389997499701761,-10.773807525634766,-0.11538504592868104,-5.07216215133667,-0.054321711372434946,1.303627371788025,0.01396155479942869,-12.268210411071777,-0.13138976340315103,-4.278584003448486,-0.04582266859445653,-3.066489187843661,-2.5326284078081605,3.604352652718805,3.3320047888045257,0.6520158695164652,3.557963316863992,3.4118392332924428,2.1842418290246344,2.394907825711284,2.5566834908825973,-2.7995587978259104,-3.2248068751540395,-2.3615217307961354,-2.7931643029750877
Gemma_2_2B_base,critique_03,rude_critique,harm_to_model,1,moderator_next,26,]:,8254,96.53141784667969,-2.3722774982452393,-0.02457518548016268,1.971985101699829,0.020428427818515234,-2.8118748664855957,-0.029129115983271694,-0.24121785163879395,-0.0024988532958452854,11.397502899169922,0.1180703977359217,-16.6359920501709,-0.1723375914419257,-8.068907737731934,-0.08358841005057788,0.19932198524475098,0.002064840543017124,-16.721710205078125,-0.1732255733738121,-7.305714130401611,-0.07568224204481526,-2.276196263704408,-1.6923422424725199,1.7682718558889539,2.7363962345941673,2.413951991847558,0.5415920670713527,1.1986066268407956,0.98286388827407,0.3208292501227267,1.3763042293470034,-1.984269253088464,-2.3071104174654318,-1.5621325142931086,-1.9346214658792702
Gemma_2_2B_base,critique_04,rude_critique,harm_to_model,1,assistant_next,20,]:,8254,98.86817169189453,0.7328346967697144,0.007412240807420474,3.7666940689086914,0.03809814629370247,-4.93687629699707,-0.04993392931733366,-4.932314395904541,-0.049887788066671664,7.830088138580322,0.07919725837533874,-17.36505126953125,-0.17563843825944728,-9.947611808776855,-0.10061490607692088,-0.4397691488265991,-0.004448035614505579,-18.09869384765625,-0.18305885036549158,-12.122241020202637,-0.12261014654928072,0.9446824963190111,0.010599486786905235,-0.4456428669080025,-0.5883959961764789,-1.2919648400088133,0.1664566104049075,-0.18890158432893328,0.28759426452810805,-0.3204579181961835,-0.5018206661533027,0.4776409915529582,0.9577869330447443,0.04423208796914804,0.5010095105069462
Gemma_2_2B_base,critique_04,rude_critique,harm_to_model,1,user_next,20,]:,8254,93.17108917236328,-3.027683734893799,-0.032495957295215136,0.7480080723762512,0.008028328089977162,-1.8034510612487793,-0.01935633765011008,-0.04658395051956177,-0.0004999828909736482,9.330451011657715,0.1001431999404526,-10.858613967895508,-0.11654488601939007,-5.348343372344971,-0.05740346517202049,2.3548192977905273,0.025274141568037197,-12.955549240112305,-0.13905117301081443,-4.240750789642334,-0.0455157369878664,-2.9560377297220515,-2.853734756230176,2.8188896470945597,2.874342080768837,0.266648441142419,3.5143263905335735,3.207866868604499,3.3278374383402807,2.074801211717119,2.571435926060854,-2.9048862429761138,-3.115568924894613,-2.6894329461826607,-2.9025009355386366
Gemma_2_2B_base,critique_04,rude_critique,harm_to_model,1,moderator_next,20,]:,8254,97.87625122070312,-2.051032066345215,-0.020955359862734235,2.1628642082214355,0.02209794696104931,-3.502371311187744,-0.035783668331250004,-0.9027978181838989,-0.00922387000854949,11.908136367797852,0.1216652274610105,-17.796131134033203,-0.18182277020300205,-8.482320785522461,-0.08666372771465783,1.3411870002746582,0.013702884852530657,-18.86164093017578,-0.1927090657328537,-8.59950065612793,-0.08786095246677095,-1.9429739762706506,-1.5112231854674576,1.0488839895960393,2.267504598694793,2.9444104031326783,-0.05535437220845349,0.8932823305587206,2.2251030886693726,-0.6757767171980859,0.8718135996829744,-1.727098580869054,-1.9376415217375298,-1.4103555373632282,-1.673998529550379
Gemma_2_2B_base,critique_05,rude_critique,harm_to_model,1,assistant_next,24,]:,8254,96.2109375,0.026303023099899292,0.0002733891154516532,3.127641439437866,0.03250816924466479,-5.547849655151367,-0.0576633987705542,-5.385204315185547,-0.055972890973913926,7.879457473754883,0.08189773094929964,-17.333253860473633,-0.1801588708193768,-10.086041450500488,-0.10483258673683009,-0.8402204513549805,-0.008733107411566179,-17.652145385742188,-0.1834733746954933,-11.95805835723877,-0.12429000972201076,0.21180950555870595,-0.5957770398826584,-1.0821802797458484,-0.9093795595739183,-1.2406787792394947,0.1828178815484292,-0.29113815661356934,-0.14805819815556961,-0.11249190480050406,-0.4378003557144849,-0.19198376716197624,0.2291375642194189,-0.46395604596417445,-0.11740924087237778
Gemma_2_2B_base,critique_05,rude_critique,harm_to_model,1,user_next,24,]:,8254,91.17730712890625,-3.9456937313079834,-0.04327495355537943,0.13683271408081055,0.0015007321272096444,-2.4799256324768066,-0.027198934806998566,-0.8172839283943176,-0.008963676973249974,9.497364044189453,0.10416368220616676,-11.89063835144043,-0.1304122563592438,-5.885041236877441,-0.0645450213676215,1.109860897064209,0.0121725562205417,-13.806025505065918,-0.15141953562575602,-4.600948333740234,-0.05046155100013455,-3.9082734987504817,-3.4336594351350995,2.11411035079121,2.328112158934182,0.44004174083637615,2.98330102506093,2.8114911405517673,1.9734425598850807,1.6787184269910818,2.4309828588723756,-3.6709664669427906,-4.215761107115613,-3.2828605725019107,-3.7493108398087616
Gemma_2_2B_base,critique_05,rude_critique,harm_to_model,1,moderator_next,24,]:,8254,91.83477020263672,-3.3918023109436035,-0.03693374855144157,0.9463805556297302,0.010305253157834527,-3.4750092029571533,-0.03783979853479701,-0.5519027709960938,-0.006009736505882254,11.509498596191406,0.1253283322950042,-15.662790298461914,-0.17055403159284227,-6.82801628112793,-0.07435110107056038,1.5846741199493408,0.01725570953629764,-16.791309356689453,-0.1828426130934811,-7.36982536315918,-0.08025092616769657,-3.3337315823344014,-2.665505474579826,1.077390970056701,2.51619978449991,2.5302958336885917,1.0423504058469646,2.1150612786108307,2.4899936325339738,0.2884156168201112,1.3513051158616889,-2.9996185284571135,-3.568526058247827,-2.482436335786982,-3.0254811970174043
Gemma_2_2B_base,critique_06,rude_critique,harm_to_model,1,assistant_next,19,]:,8254,98.92527770996094,0.29790911078453064,0.003011455895610124,3.8491785526275635,0.03890995953443741,-4.2883734703063965,-0.043349622761529975,-3.730739116668701,-0.037712697937597475,8.466001510620117,0.0855797598611913,-17.141834259033203,-0.1732806281251123,-8.887913703918457,-0.08984471825266879,-0.47416937351226807,-0.004793207403495853,-17.423873901367188,-0.17613166528025578,-11.209837913513184,-0.11331621374245025,0.493541766415797,0.0888663656557062,0.2299943045175031,0.26321473393581046,-0.6313626316310782,0.28131232163556824,0.5937335547082838,0.2501701320391861,-0.006181583242350459,-0.14604418475675135,0.2912040660357516,0.5086069687188189,0.11803451189546346,0.3133207403071412
Gemma_2_2B_base,critique_06,rude_critique,harm_to_model,1,user_next,19,]:,8254,94.59622192382812,-4.019850730895996,-0.04249483382256965,0.3909749984741211,0.004133093167176872,-1.385335922241211,-0.014644727813302389,1.0312755107879639,0.010901867852802616,10.52121639251709,0.11122237419787342,-11.846478462219238,-0.1252320464950323,-4.926915645599365,-0.05208364081989103,1.882415771484375,0.019899481535321315,-13.157240867614746,-0.13908843926356143,-4.235302925109863,-0.04477243212229198,-3.98519526192012,-3.1925119793803316,3.2544993595314815,3.6382698168540064,1.5036443510290753,3.006023377058434,3.5191103689972434,2.8139078835696534,1.9808696291803025,2.5735602306147043,-3.5888536206502257,-4.136135731012127,-3.0435510667553674,-3.589843398883747
Gemma_2_2B_base,critique_06,rude_critique,harm_to_model,1,moderator_next,19,]:,8254,99.51646423339844,-2.9263949394226074,-0.02940613859189431,2.1761550903320312,0.021867287057428412,-2.973783493041992,-0.029882326667751216,0.3984651565551758,0.0040040123975932825,12.915728569030762,0.12978484182013522,-17.90096092224121,-0.179879390411798,-7.580892562866211,-0.07617726997501192,1.3990408182144165,0.01405838550426401,-18.426212310791016,-0.18515742548464706,-7.4115519523620605,-0.07447563586040963,-2.850972627570422,-1.498611894066824,1.5995887261111243,3.189768506030162,3.9911215788130505,-0.10929425723749173,1.5590279793771795,2.288042472564428,-0.47298942351066203,1.3350345234245973,-2.1747922608186228,-2.8001968531520083,-1.4313249662116925,-2.1157609096818506
Gemma_2_2B_base,critique_07,rude_critique,harm_to_model,1,assistant_next,20,]:,8254,97.1302261352539,1.0028547048568726,0.010324846803716864,3.966559886932373,0.04083754403504565,-4.699300765991211,-0.04838144574529695,-4.8877763748168945,-0.05032188814232413,7.679162502288818,0.07906048207481345,-16.190296173095703,-0.16668648697008803,-9.465118408203125,-0.09744771308390594,-0.667421817779541,-0.006871412168341456,-16.972999572753906,-0.174744775628536,-12.1607084274292,-0.1252000423688441,1.2247695444538667,0.2002457458650146,-0.19812681429829732,-0.5568298868268186,-1.4487500453822633,0.7709236795673126,0.16744168731730602,0.039930078546762414,0.20379906759729538,-0.5168203945531455,0.7125076451594407,1.2550712320344217,0.29327236381679306,0.7741717979256074
Gemma_2_2B_base,critique_07,rude_critique,harm_to_model,1,user_next,20,]:,8254,93.69155883789062,-3.0098297595977783,-0.03212487653029151,1.1429312229156494,0.01219887081709464,-2.127631664276123,-0.02270889384984455,-0.3361061215400696,-0.0035873682294219867,10.34287166595459,0.11039278024875533,-11.966014862060547,-0.12771710718107154,-5.890840530395508,-0.062874826755611,1.663844108581543,0.017758740800336147,-13.78791618347168,-0.14716284321118145,-5.065333366394043,-0.0540639245330341,-2.937518112329399,-2.4790048556212403,2.4811448345112175,2.6691446273031882,1.3183755307779768,2.9445162446445883,2.8072080991194754,2.5761229578738836,1.6871522784953756,2.2499036059418747,-2.7082614839753196,-3.077693398575863,-2.3102864295886647,-2.693989914082264
Gemma_2_2B_base,critique_07,rude_critique,harm_to_model,1,moderator_next,20,]:,8254,98.67938995361328,-2.0031237602233887,-0.020299312360615596,2.5861048698425293,0.026207142859904105,-3.6490800380706787,-0.03697915076072136,-0.6431970596313477,-0.006518048600966205,12.613664627075195,0.1278247122626575,-17.90485382080078,-0.18144471534752502,-8.404657363891602,-0.08517135511115767,0.8429044485092163,0.008541849001148514,-18.296125411987305,-0.18540979449293168,-8.768839836120605,-0.08886191777475133,-1.893279525337696,-1.1096237075783777,0.8960367464152433,2.451495394235494,3.677330241972529,-0.11129733770080694,0.9506402917624878,1.6830196457680051,-0.412405509228988,0.8057825908244336,-1.501451616458037,-1.8706799684003235,-1.036786097366158,-1.4537330328832407
Gemma_2_2B_base,critique_08,rude_critique,harm_to_model,1,assistant_next,28,]:,8254,97.60305786132812,0.38762858510017395,0.003971479926898463,2.241835117340088,0.022968902475629695,-4.874148845672607,-0.049938485048262225,-5.084029674530029,-0.052088836005049,8.86728286743164,0.0908504616733427,-17.369388580322266,-0.17795947136205753,-9.965826988220215,-0.10210568404915553,0.2851390838623047,0.0029214154772427606,-17.414438247680664,-0.17842103136176987,-11.744585037231445,-0.12033009307882388,0.5866062133776984,-1.4362902247519076,-0.3802908036026465,-0.6959234740067565,-0.21450184186627774,0.16422485882549603,-0.20235432094409062,1.07622462931063,-0.0017872219393074622,-0.3545599698505908,-0.4248420056871046,0.6065948433292904,-1.3311764541915472,-0.3622908054311284
Gemma_2_2B_base,critique_08,rude_critique,harm_to_model,1,user_next,28,]:,8254,92.15338897705078,-4.684271335601807,-0.05083124329554873,0.5787829160690308,0.006280647109062551,-2.825582981109619,-0.03066173705031382,-0.01652151346206665,-0.00017928275503987216,11.64376163482666,0.1263519634391996,-12.933956146240234,-0.1403524741717444,-6.485507488250732,-0.07037730853138605,1.3985462188720703,0.015176286346022003,-14.597987174987793,-0.15840966172848153,-3.8228719234466553,-0.0414837909477065,-4.674387174809618,-3.0143070749633876,1.7539901728970468,2.8956486891968742,2.669771529161785,2.4464646652603643,2.3680195650378257,2.2875043960987647,1.309886989189525,2.734380869556844,-3.844347124886503,-4.987017604295649,-2.8483156622672734,-3.917666633281461
Gemma_2_2B_base,critique_08,rude_critique,harm_to_model,1,moderator_next,28,]:,8254,97.2778091430664,-3.782687187194824,-0.038885406862233386,1.4599816799163818,0.015008373366727326,-3.181577682495117,-0.032706099268909036,0.6770119667053223,0.006959572513702906,13.928598403930664,0.14318371812265923,-17.261564254760742,-0.1774460630519975,-7.271431922912598,-0.07474913330149642,1.3707952499389648,0.014091551423849782,-17.61884880065918,-0.18111888986672336,-6.591095447540283,-0.06775538538133362,-3.7391896516283762,-2.17816585421646,1.3831001116864248,3.3871872249915533,5.043315288135137,0.21970557498016136,1.7875787051605434,2.25731401369463,-0.0969850591835197,1.654957950125243,-2.9586777529224184,-3.7677282069520768,-2.0548728839776795,-2.9113005454648784
Gemma_2_2B_base,critique_09,rude_critique,harm_to_model,1,assistant_next,24,]:,8254,105.19641876220703,0.8253329396247864,0.007845637231153503,4.3352556228637695,0.041211057124135274,-3.8921403884887695,-0.03699879172965785,-3.494791030883789,-0.03322157799671533,9.360279083251953,0.08897906595480735,-19.018627166748047,-0.18079158388213779,-9.18945026397705,-0.08735516258162261,-1.2682924270629883,-0.012056422091040197,-18.358741760253906,-0.17451869537263645,-11.490787506103516,-0.10923173660576845,1.040629311454931,0.550089294646102,0.6428063812058996,0.43044181082080957,0.29763456414781775,-0.6843864114819705,0.3710351215183933,-0.6137592940081517,-0.44156711974396645,-0.2555958256583905,0.7953593030505165,1.0020229032301864,0.3272286606099621,0.6646257819200743
Gemma_2_2B_base,critique_09,rude_critique,harm_to_model,1,user_next,24,]:,8254,94.047607421875,-4.2158002853393555,-0.04482623642330726,0.7072585821151733,0.007520218764764329,-0.8111167550086975,-0.0086245336510287,1.4818661212921143,0.015756553110860317,12.119380950927734,0.12886431971164455,-12.385010719299316,-0.13168873785106652,-5.142571449279785,-0.05468051330866339,0.936782956123352,0.009960731397675738,-13.291884422302246,-0.1413314467711873,-4.088048934936523,-0.04346786746629839,-4.188450319484837,-2.892400639490102,3.852744730190965,3.9576237561571013,3.163856390997047,2.7289230554047372,3.3598387716207796,1.785150423660201,1.9181635945927928,2.6309794854499517,-3.5404254794874697,-4.374097675986596,-2.7356254667509665,-3.5548615713687814
Gemma_2_2B_base,critique_09,rude_critique,harm_to_model,1,moderator_next,24,]:,8254,99.60338592529297,-3.189277172088623,-0.03201976662199742,2.4246773719787598,0.024343322764121465,-1.926525592803955,-0.019341968899018513,1.6167759895324707,0.016232138842600448,13.8359375,0.13891031285199057,-17.51765251159668,-0.17587406641713677,-6.850466251373291,-0.06877744353501647,0.675634503364563,0.006783248351329335,-17.548614501953125,-0.1761849192066159,-6.784237384796143,-0.0681125176797165,-3.1236557856672027,-1.2627970785175546,2.6906654899250473,4.05324047978393,4.947056897514216,0.08793605252717122,2.098480956815589,1.5010460497898346,-0.06427562593873452,1.5796454502628425,-2.193226432092379,-3.0669650249325304,-1.2062270893692044,-2.1365960571508675
Gemma_2_2B_base,critique_10,rude_critique,harm_to_model,1,assistant_next,29,]:,8254,100.7874984741211,1.3239855766296387,0.013136406763479644,3.9635369777679443,0.0393256806426806,-4.634410858154297,-0.04598200102509996,-5.042214393615723,-0.05002817283842397,8.125082015991211,0.08061597062137091,-18.372140884399414,-0.18228591008354844,-10.982271194458008,-0.10896461724643253,-0.11201739311218262,-0.001111421503738829,-18.508331298828125,-0.18363717305257313,-12.134122848510742,-0.12039313438884867,1.5578730006643193,0.19737740439354343,-0.13052181401060178,-0.666287093727753,-0.985518057406247,-0.3517386370388679,-0.9530444930085087,0.6441566196118824,-0.511233779997667,-0.5064537883303565,0.8776252025289314,1.5420419492438042,0.1558279647811362,0.8489349570124702
Gemma_2_2B_base,critique_10,rude_critique,harm_to_model,1,user_next,29,]:,8254,91.6746826171875,-3.41450572013855,-0.03724589627865683,0.767422616481781,0.008371151059080971,-2.247802972793579,-0.024519342839504448,-0.058606505393981934,-0.0006392877915782844,10.1993408203125,0.1112558072647234,-12.377933502197266,-0.1350201947672367,-5.846056938171387,-0.06376959015591233,2.1363656520843506,0.02330376927515882,-14.760873794555664,-0.16101363400617044,-4.953194618225098,-0.0540301256226706,-3.3572814329882745,-2.835312918530623,2.355945375647543,2.865821152524598,1.1692722129827429,2.7325646183930425,2.840282814235244,3.090180903992066,1.2340276283447262,2.2936302536913766,-3.0962971757594486,-3.6003863985700018,-2.658266706427108,-3.129326552498555
Gemma_2_2B_base,critique_10,rude_critique,harm_to_model,1,moderator_next,29,]:,8254,96.4826431274414,-2.3386144638061523,-0.02423870644502491,2.0385525226593018,0.021128696899053966,-2.892854928970337,-0.029983164175438688,0.062011003494262695,0.0006427166740483465,12.119632720947266,0.12561464246930673,-17.226001739501953,-0.17853990294138788,-8.004728317260742,-0.08296547500971242,1.6477903127670288,0.017078619110698547,-17.84515953063965,-0.1849572000952383,-7.76102352142334,-0.08043958239381985,-2.2412781848031496,-1.6291785535222367,1.6839034644075261,2.951308234843709,3.164117935789496,0.23800417137335686,1.2460060412905467,2.558657973647697,-0.20238222055984023,1.1987638725717258,-1.9352283691626933,-2.2727666256127574,-1.4984706362266422,-1.8856186309196998
Gemma_2_2B_base,critique_11,rude_critique,harm_to_model,1,assistant_next,29,]:,8254,97.19982147216797,1.6124614477157593,0.01658914001377532,5.5275421142578125,0.056867821674349055,-3.7539823055267334,-0.038621288071003734,-3.185703992843628,-0.0327747926343241,8.974959373474121,0.09233514257064758,-15.988237380981445,-0.16448834101572388,-9.093381881713867,-0.09355348337051884,-1.2996644973754883,-0.01337105848232069,-15.718389511108398,-0.16171212326361295,-9.526617050170898,-0.09801064349587035,1.8571039938156202,1.6814116742210483,0.7867452085173872,0.6495057701767531,-0.10264488019570321,0.8748924865453738,0.441985981357549,-0.6478890860823264,0.7880945587700694,0.5102999155456265,1.7692578340183343,1.8944560365655034,1.7505944258730362,1.8225252312192697
Gemma_2_2B_base,critique_11,rude_critique,harm_to_model,1,user_next,29,]:,8254,91.71284484863281,-3.4977192878723145,-0.03813772534965102,0.9678276777267456,0.010552804019154502,-2.6483335494995117,-0.028876364634315355,-0.7868463397026062,-0.008579456247391022,10.469474792480469,0.1141549453597234,-12.655709266662598,-0.13799276739861438,-6.641665935516357,-0.07241805601470629,1.4846038818359375,0.016187524051687607,-14.502131462097168,-0.1581254129236986,-4.986153602600098,-0.05436701490210537,-3.4435974164460514,-2.6451549888694155,1.938655990347606,2.3496846542880236,1.4498939240809054,2.5896358473324455,2.2526894653356098,2.3811268479831695,1.3545287966780493,2.2807784435590244,-3.0443762026577335,-3.6914137399015288,-2.45993133994099,-3.0756725399212597
Gemma_2_2B_base,critique_11,rude_critique,harm_to_model,1,moderator_next,29,]:,8254,101.83309173583984,-1.338544249534607,-0.013144491900598068,3.73888897895813,0.036715854495088844,-3.46909761428833,-0.03406650583964733,-0.5204348564147949,-0.005110665379431168,13.27088737487793,0.1303199888038682,-19.425048828125,-0.1907537962071755,-9.34583568572998,-0.09177601825125321,0.2498161792755127,0.0024531925233454406,-18.822303771972656,-0.18483484544295933,-8.42116641998291,-0.08269577478633212,-1.2039227820416794,-0.015783870530500208,1.0835499085878046,2.538502518398309,4.360069145861155,-0.8935095821258366,0.25553739085730787,1.0377967099226393,-0.6574566631220885,0.9413520817234698,-0.6098533262860898,-1.140400696999392,-0.08143288051399185,-0.610916788756692
Gemma_2_2B_base,critique_12,rude_critique,harm_to_model,1,assistant_next,33,]:,8254,102.30558776855469,0.14617331326007843,0.001428791099766373,3.386868476867676,0.03310541047405707,-4.343748569488525,-0.042458566186192696,-3.461068630218506,-0.033830690050366166,9.573227882385254,0.09357482901171253,-18.705209732055664,-0.18283663815482246,-9.559467315673828,-0.09344032446497598,0.07763171195983887,0.0007588218166095152,-18.438709259033203,-0.18023169272774214,-10.99355411529541,-0.10745800258893054,0.33614886828917434,-0.34980482519090256,0.17230222695210173,0.4543424009444387,0.5188509328610738,-0.5231183150525643,0.0977607376413507,0.8504765869805142,-0.4788094872376759,-0.06170789945824952,-0.006827978450864108,0.34706730459455004,-0.40966049104321883,-0.031296593224334396
Gemma_2_2B_base,critique_12,rude_critique,harm_to_model,1,user_next,33,]:,8254,91.75423431396484,-4.605086803436279,-0.05018936551395092,-0.7015959024429321,-0.007646468936160588,-1.2187345027923584,-0.013282596840404007,1.2777793407440186,0.013926107610159007,11.022062301635742,0.12012592534880107,-11.163331031799316,-0.12166556797368724,-4.65915584564209,-0.050778646680210746,1.8615180253982544,0.020288088493316918,-12.544808387756348,-0.1367218470248522,-2.9377691745758057,-0.032017804917028034,-4.59225043972359,-4.22921743599807,3.428071635794801,3.812978226915386,2.0239352085077433,3.3575350464478286,3.7168631320788963,2.7911731478115858,2.266090948192912,3.0795120285357513,-4.4107339378608295,-4.921502328085274,-4.114438054543141,-4.517970191314207
Gemma_2_2B_base,critique_12,rude_critique,harm_to_model,1,moderator_next,33,]:,8254,102.20641326904297,-3.0885324478149414,-0.0302185777685481,1.9240360260009766,0.01882500289816689,-2.628549814224243,-0.025718051638354455,0.6318824291229248,0.006182414673525326,13.77385139465332,0.13476504021715088,-18.614913940429688,-0.1821305859880704,-7.391439914703369,-0.07231874868014905,1.349532127380371,0.013203986757933979,-18.695852279663086,-0.18292249656045628,-7.027316093444824,-0.06875611684901294,-3.019155039085981,-1.7378395812493936,1.959267507200699,3.3552018811564026,4.882560347976297,-0.47665685879886266,1.6989473573170952,2.2341817835120605,-0.5985658259868871,1.484860933384953,-2.3784973101676874,-2.8831210150229896,-1.7079008262246016,-2.2955109206237956
Gemma_2_2B_base,critique_13,rude_critique,harm_to_model,1,assistant_next,37,]:,8254,100.55858612060547,0.6356722116470337,0.00632141158870946,3.8124797344207764,0.03791302047393803,-4.6890177726745605,-0.04662971063505967,-4.2336835861206055,-0.042101661821725644,9.25633716583252,0.09204919761631178,-18.229812622070312,-0.1812854906313648,-9.965027809143066,-0.09909673746995068,-1.1408456563949585,-0.011345084496580723,-17.49473762512207,-0.17397557284804765,-10.462872505187988,-0.10404752999052003,0.8438975439732791,0.05404403508250065,-0.18741356489936611,-0.09324475240470939,0.18965718356523573,-0.2785040132010217,-0.20176409092924757,-0.4751094777831838,-0.039184151564961425,0.1452226059308961,0.4489707895278899,0.8464480152459356,0.027402189730985835,0.4369251024884607
Gemma_2_2B_base,critique_13,rude_critique,harm_to_model,1,user_next,37,]:,8254,95.41304779052734,-3.7124412059783936,-0.038909156472276184,0.4204392433166504,0.004406517274657186,-2.5159595012664795,-0.026369134615530698,-0.691947877407074,-0.0072521305359220575,11.323535919189453,0.11867911340647541,-13.430068969726562,-0.1407571530385586,-5.993537425994873,-0.0628167484928609,1.369674563407898,0.014355212364821658,-14.585941314697266,-0.1528715584761497,-4.480523109436035,-0.04695922846184213,-3.666324719649351,-3.16455430324441,2.076568770118679,2.4169434853896656,2.33711330206597,2.1911911488512192,2.7313617813827467,2.256094814645774,1.3154969727774306,2.477940680760767,-3.4154395114468805,-3.77015228565748,-3.018693918732421,-3.3944231021949505
Gemma_2_2B_base,critique_13,rude_critique,harm_to_model,1,moderator_next,37,]:,8254,99.83349609375,-3.0117886066436768,-0.030168117159950162,1.684004306793213,0.016868129161897984,-3.4455413818359375,-0.03451287911023726,-0.6313252449035645,-0.006323781792743288,13.063093185424805,0.1308488002178921,-18.218544006347656,-0.1824892918629163,-8.333280563354492,-0.0834717894235519,0.6177273988723755,0.006187576545374012,-17.737478256225586,-0.17767061106994556,-6.930314540863037,-0.06941873030625945,-2.9395499902288185,-1.9655979746453363,1.1080917696384236,2.459909486122034,4.1442075104933025,-0.27270577734738805,1.0033552980046259,1.4380486952560343,-0.15223302676064973,1.5226850823981775,-2.4525739824370776,-2.877970594172141,-1.8858013799574334,-2.3818859870647873
Gemma_2_2B_base,critique_14,rude_critique,harm_to_model,1,assistant_next,28,]:,8254,97.652099609375,-0.07830223441123962,-0.0008018489589518492,3.3586952686309814,0.034394501317087225,-5.207077980041504,-0.05332274473227612,-4.1494550704956055,-0.04249222584147326,8.267645835876465,0.08466429159176765,-16.744077682495117,-0.17146664280106905,-9.502691268920898,-0.09731169434075948,-0.16472578048706055,-0.0016868636838940655,-16.889802932739258,-0.1729589327858934,-10.784213066101074,-0.11043503528587464,0.10330429513657981,-0.37653747813351124,-0.7271501993866466,-0.033548194954477605,-0.83741930938201,0.48597689622610707,0.13969242463856418,0.5868149687820081,0.2425453068690626,0.01992117583552066,-0.13661659149846572,0.11939000564042881,-0.2924684767928557,-0.08653923557621344
Gemma_2_2B_base,critique_14,rude_critique,harm_to_model,1,user_next,28,]:,8254,89.32308959960938,-3.7994794845581055,-0.04253636435538971,0.4732229709625244,0.005297879563769522,-2.05525803565979,-0.023009258242997207,-0.05166029930114746,-0.0005783532514685136,9.280335426330566,0.10389626543293182,-11.081512451171875,-0.12406100707940958,-5.3941330909729,-0.06038901156634969,2.250103235244751,0.025190611356266733,-12.797567367553711,-0.14327278002718882,-4.208268165588379,-0.04711288183662181,-3.7566080090056784,-3.114469518426169,2.556546685839559,2.87074424285814,0.21458715764548175,3.399634576626467,3.1740490834819775,3.2139164440956125,2.1483763396751634,2.5841019873748876,-3.4355387637159236,-4.140374675569605,-2.937659643566566,-3.5390171595680853
Gemma_2_2B_base,critique_14,rude_critique,harm_to_model,1,moderator_next,28,]:,8254,92.73332214355469,-3.402872085571289,-0.036695246184575536,1.4754163026809692,0.01591031431395253,-2.8900394439697266,-0.031165058871673295,0.7826137542724609,0.008439401675494222,11.801513671875,0.1272629233923682,-15.09928035736084,-0.16282475391086046,-6.12105655670166,-0.06600708801552513,1.7527556419372559,0.01890103364596303,-16.17320442199707,-0.17440553242512263,-6.332931041717529,-0.0682918598765815,-3.345214066617513,-2.1635204361228118,1.6868367535833197,3.462031986668414,2.833648164930498,1.33230292750426,2.637183116597886,2.672850145980989,0.5762787046856113,1.7556248847860787,-2.7543672513701623,-3.5441825634423827,-1.9728768967191388,-2.7585297300807605
Gemma_2_2B_base,critique_15,rude_critique,harm_to_model,1,assistant_next,20,]:,8254,99.79591369628906,0.16954684257507324,0.0016989357208658724,4.648665428161621,0.04658172119460722,-4.635681629180908,-0.04645161768134888,-3.632391929626465,-0.03639820304347328,10.53783893585205,0.10559389202970845,-17.8852596282959,-0.17921835640211156,-10.161657333374023,-0.10182438295318585,-1.4375817775726318,-0.014405216850337717,-18.238811492919922,-0.1827611053136551,-11.188077926635742,-0.11210957956339422,0.3603938228638637,0.8474737985140601,-0.13184575602999207,0.3329178322009421,1.5209122515305333,-0.10121519874949036,-0.34698391752871127,-0.7979298086000464,-0.38571333967266314,-0.13755923823505323,0.6039338106889619,0.374640465678307,0.8154789213915753,0.5950596935349411
Gemma_2_2B_base,critique_15,rude_critique,harm_to_model,1,user_next,20,]:,8254,94.4588851928711,-4.36828088760376,-0.04624531486566219,1.1977167129516602,0.012679767610067592,-3.1288552284240723,-0.03312399063397172,-0.05764186382293701,-0.0006102323111821702,12.75089168548584,0.13498880131234242,-13.564014434814453,-0.14359702009100297,-5.964206218719482,-0.06314076443461569,0.8932499885559082,0.00945649513787955,-15.873109817504883,-0.16804252755147742,-4.153712749481201,-0.0439737642573267,-4.346615790586803,-2.4270206627270885,1.4380285534342396,2.8665048376226605,3.819885032956826,2.12226987074403,2.7530242089919494,1.7377907461939466,0.7160384034880315,2.6053749684086345,-3.3868182266569455,-4.518940384023073,-2.266567816490331,-3.3927541002567017
Gemma_2_2B_base,critique_15,rude_critique,harm_to_model,1,moderator_next,20,]:,8254,97.0170669555664,-3.309678554534912,-0.03411439510999376,2.569403886795044,0.02648404005010608,-3.7498888969421387,-0.03865184770695634,0.2783486843109131,0.0028690692580759644,13.853997230529785,0.1427995884154577,-17.52846908569336,-0.1806740776210165,-7.562931060791016,-0.07795464548783794,1.0284316539764404,0.010600523044542872,-18.73944091796875,-0.19315612712298724,-7.184573173522949,-0.07405473489333034,-3.2485460411694973,-1.1254707342946082,0.7910098915438247,3.1046365310352173,4.965817782872569,0.08237041347403035,1.5722933637441885,1.8848553832129809,-0.6188658742703804,1.4235411392997561,-2.1870083877320527,-3.280759874798806,-1.0116132093299994,-2.146186542064403
Gemma_2_2B_base,critique_16,rude_critique,harm_to_model,1,assistant_next,24,]:,8254,101.90974426269531,-0.2515471875667572,-0.0024683330272946,3.2837412357330322,0.03222205353855515,-5.851017475128174,-0.0574137195364347,-5.157660484313965,-0.05061008171131245,8.952920913696289,0.08785147071528429,-16.89486312866211,-0.16578260745225495,-10.846540451049805,-0.10643281002737486,0.0350499153137207,0.0003439309515228657,-17.61186981201172,-0.17281831035325884,-12.348453521728516,-0.12117048876010911,-0.07639967523708059,-0.4476589539439939,-1.398033102472353,-0.7481089581478205,-0.12553896583472743,0.40839065123473833,-0.8528011796045477,0.8041516919002636,-0.09373481297211192,-0.5900284848802745,-0.26202931459053724,-0.05070493636844757,-0.4899669947572296,-0.27033596556283856
Gemma_2_2B_base,critique_16,rude_critique,harm_to_model,1,user_next,24,]:,8254,91.39421081542969,-5.58583927154541,-0.06111808638323925,-1.0390673875808716,-0.01136907226738097,-2.90278697013855,-0.0317611689431918,0.17281430959701538,0.0018908671354032841,12.76911735534668,0.13971472855248862,-11.204087257385254,-0.1225907763459096,-4.587109565734863,-0.050190373381510084,3.6630845069885254,0.04008004964763154,-15.17318058013916,-0.16601905574502251,-4.12002420425415,-0.045079706553564164,-5.609567881085168,-4.549433295492167,1.6735558515287716,3.0298395478955484,3.8388183001102028,3.336564040401714,3.7700725792165235,4.75110402938874,1.042008607326827,2.618511258713187,-5.079500588288667,-6.036976623823015,-4.452862134583421,-5.244919379203218
Gemma_2_2B_base,critique_16,rude_critique,harm_to_model,1,moderator_next,24,]:,8254,97.10334777832031,-3.9091169834136963,-0.040257283325987055,1.6122897863388062,0.01660385376227752,-3.2206501960754395,-0.03316724160147334,0.762941837310791,0.00785700858689785,14.609151840209961,0.15044951769903508,-16.245092391967773,-0.16729693428339984,-6.951478958129883,-0.071588458247594,2.7328734397888184,0.02814396725051915,-17.857934951782227,-0.18390648067614063,-6.801365852355957,-0.07004254753278916,-3.870333075666068,-2.0336455810857097,1.3423927447029878,3.4480896096439047,5.75029067612403,0.7427284328105351,2.023878488966942,3.739123946710789,-0.20833197435158918,1.572966487997735,-2.951989328375889,-3.9077530964654694,-1.9098268135145757,-2.9087899549900227
Gemma_2_2B_base,critique_17,rude_critique,harm_to_model,1,assistant_next,26,]:,8254,100.14459991455078,-0.5468340516090393,-0.005460444717694514,3.6162002086639404,0.036109787364965194,-4.282316207885742,-0.042761329233325256,-3.9906797409057617,-0.03984917553528441,10.384586334228516,0.10369591913182788,-17.308252334594727,-0.17283260754312402,-9.306262969970703,-0.09292825552162923,-0.7940809726715088,-0.007929343902208057,-17.787649154663086,-0.17761965367918536,-11.204326629638672,-0.11188148576357444,-0.38269559267111375,-0.13219930638271576,0.23630501201180512,0.07898306021733162,1.3617097382268737,0.19568234931576664,0.2847636372366772,-0.09786288754356112,-0.17559855732770915,-0.14389515088074253,-0.2574474495269148,-0.35610423428599525,-0.1365308033129564,-0.24631751879947583
Gemma_2_2B_base,critique_17,rude_critique,harm_to_model,1,user_next,26,]:,8254,92.40557861328125,-4.440507888793945,-0.04805454340995513,1.0068087577819824,0.010895540863344327,-2.3563661575317383,-0.02550025867370158,0.2441236972808838,0.002641871853890393,12.324838638305664,0.13337764692633225,-12.436688423156738,-0.1345880693546054,-4.6499481201171875,-0.05032107573913141,0.8725155591964722,0.00944223901078487,-14.216631889343262,-0.1538503638274923,-3.611891746520996,-0.03908737763156939,-4.421535600056855,-2.6081670932882712,2.242839742119717,3.0803797352302444,3.377290811434976,2.70233243214503,3.7236634552212706,1.715233683310779,1.4874913148273696,2.8166490955643004,-3.5148513466725633,-4.703604990285013,-2.428772929852525,-3.5661889600687693
Gemma_2_2B_base,critique_17,rude_critique,harm_to_model,1,moderator_next,26,]:,8254,98.02107238769531,-3.1054983139038086,-0.031681945914862744,2.8054749965667725,0.02862114164054939,-2.8771462440490723,-0.02935232367861998,0.45076870918273926,0.004598691875149539,14.214275360107422,0.14501244491477075,-17.52102279663086,-0.17874751183430526,-6.8935465812683105,-0.07032718999444108,0.5156546831130981,0.005260651312541943,-17.992218017578125,-0.1835545926942614,-6.902652740478516,-0.07042009001061503,-3.036753436277156,-0.9014704360579116,1.7002694246010661,3.226838398703847,5.340083427367135,0.08620188144501642,2.066664178223102,1.3270034078201454,-0.2708701224854351,1.5334713433586504,-1.969111936167534,-3.0324842911043257,-0.817328034320151,-1.9249061627122384
Gemma_2_2B_base,critique_18,rude_critique,harm_to_model,1,assistant_next,21,]:,8254,104.19967651367188,0.6513633728027344,0.006251107437145163,3.510059356689453,0.03368589494832936,-5.720221042633057,-0.05489672553717108,-5.171889781951904,-0.04963441303268642,8.741063117980957,0.08388762240383785,-19.682559967041016,-0.18889271661470558,-11.144743919372559,-0.10695564796604982,-0.9116251468658447,-0.008748828953861788,-18.980710983276367,-0.1821571008503653,-12.792529106140137,-0.12276937447556902,0.8601737119544677,-0.23291295372555362,-1.2617639482814496,-0.7581939047673425,-0.34562197378070475,-1.0260112447187744,-1.0730379732933926,-0.2257396322028005,-0.731229879329694,-0.7631884048079233,0.313630379114457,0.8392722007209251,-0.3568883026836113,0.2411919490186569
Gemma_2_2B_base,critique_18,rude_critique,harm_to_model,1,user_next,21,]:,8254,90.83696746826172,-5.062864303588867,-0.05573572571494995,-0.360736608505249,-0.003971253318548858,-2.410243511199951,-0.026533729365658162,0.6472494602203369,0.0071253970521030965,11.646799087524414,0.12821651153858463,-12.381404876708984,-0.13630359116771512,-5.702662467956543,-0.06277909343405859,2.5969746112823486,0.02858940235086257,-14.072587966918945,-0.15492137572553688,-3.92539644241333,-0.04321364475079881,-5.0670950619002735,-3.9057869934817417,2.18670807801882,3.366093190921737,2.6729269085706857,2.730778431992634,2.9461861376622105,3.5912791053009543,1.5545752773878019,2.694403131266161,-4.486441027691008,-5.4876090402169115,-3.7803220196949776,-4.633965529955945
Gemma_2_2B_base,critique_18,rude_critique,harm_to_model,1,moderator_next,21,]:,8254,99.44762420654297,-3.771731376647949,-0.03792681229683711,1.3363291025161743,0.013437516614180241,-3.6457924842834473,-0.03666042817384449,0.10511088371276855,0.0010569471573746553,13.285343170166016,0.13359135802554378,-18.051279067993164,-0.18151543802094686,-7.892325401306152,-0.0793616284378455,1.4990075826644897,0.015073337293118215,-18.24429702758789,-0.1834563386823226,-7.713778495788574,-0.07756624210315786,-3.727825380299977,-2.2954958156936005,0.8994618564537749,2.9818550687332817,4.375086176027598,-0.18664005405957473,1.3290206955142267,2.3967966877317193,-0.38826805629032063,1.2171862879061222,-3.011660597996789,-3.6698862352773927,-2.1976804044291076,-2.93378331985325
Gemma_2_2B_base,critique_19,rude_critique,harm_to_model,3,assistant_next,80,]:,8254,86.42288970947266,-1.5724599361419678,-0.018194947443068585,4.008253574371338,0.04637953657700942,-3.5093019008636475,-0.04060616247224373,0.48298370838165283,0.005588608642979846,10.196061134338379,0.11797871106386769,-14.22111988067627,-0.1645527004302139,-6.8936991691589355,-0.0797670523669533,-2.4334089756011963,-0.028156996182163933,-12.020589828491211,-0.13909034827348127,-2.0203728675842285,-0.023377751824500484,-1.4465594467778193,0.23980754751853572,1.0416634135056722,3.249670625250486,1.1658651957811068,1.784158034331546,2.066551485141509,-1.8812939242599853,2.5102293860482368,3.4372355256990983,-0.6033759496296418,-1.6558913392047077,0.7970981977095816,-0.42939657074756304
Gemma_2_2B_base,critique_19,rude_critique,harm_to_model,3,user_next,80,]:,8254,86.38473510742188,-1.2877408266067505,-0.014907041446679302,3.214813470840454,0.03721506429165688,-3.285494804382324,-0.03803327984159143,-0.5201740264892578,-0.00602159659160159,9.93807601928711,0.11504435369199002,-12.335387229919434,-0.14279591428485633,-6.774618148803711,-0.07842378795720426,-1.2310218811035156,-0.014250456166505632,-12.273698806762695,-0.14208180173846688,-2.1485352516174316,-0.02487170041032906,-1.1512252769056268,-0.5130622974859298,1.274834939346565,2.5386873803600687,0.8978640116185765,2.754456688140686,2.15449822251428,-0.5732125283208089,2.3923517766614544,3.387260726507357,-0.8321437871957783,-1.3203008643778888,-0.036049421381039545,-0.6781751428794642
Gemma_2_2B_base,critique_19,rude_critique,harm_to_model,3,moderator_next,80,]:,8254,102.13072967529297,-3.161083698272705,-0.030951347437963336,3.503427743911743,0.034303365451811486,-5.098763465881348,-0.049923891487821406,-1.0806314945220947,-0.010580865308196427,13.962065696716309,0.13670778365244513,-21.802143096923828,-0.21347290052895912,-10.463421821594238,-0.10245125884110377,-1.3728446960449219,-0.013442033562372899,-18.821075439453125,-0.18428415717082886,-5.90731143951416,-0.05784068573969301,-3.0944111866698614,-0.2392054782171516,-0.6143036411920711,2.141465831451481,5.078081922231388,-2.1166370323862003,-0.5698506860092313,-0.7275020966250004,-0.6568846055762709,1.921588200096067,-1.6668083324435066,-2.957913457862841,-0.30075369243910766,-1.6293335751509743
Gemma_2_2B_base,critique_20,rude_critique,harm_to_model,3,assistant_next,80,]:,8254,84.2150650024414,-1.4040495157241821,-0.01667218941983217,4.694374084472656,0.05574268789481509,-2.7711095809936523,-0.03290515278843895,0.7877424955368042,0.009353937986201964,9.37463092803955,0.11131774258878478,-12.55840015411377,-0.14912296456399696,-4.555113315582275,-0.05408905538991417,-3.0745902061462402,-0.03650879098718391,-11.130623817443848,-0.1321690343303917,-1.4160642623901367,-0.01681485684715775,-1.27187025295059,0.8908452752507562,1.8107428229357438,3.4656669575005887,0.3125436080173783,2.6397059889676315,3.7937032619289233,-2.5788373717399744,2.9247032878994412,3.6728756585058675,-0.19051248884991695,-1.500466248394492,1.6483078456544027,0.07392079862995538
Gemma_2_2B_base,critique_20,rude_critique,harm_to_model,3,user_next,80,]:,8254,88.91576385498047,-0.9272751808166504,-0.010428692738095513,4.026022911071777,0.045279067923637555,-2.6041312217712402,-0.029287621326838258,-0.27054476737976074,-0.003042708690227449,9.436619758605957,0.10612988461750003,-12.355865478515625,-0.138961472553593,-6.120515823364258,-0.0688349912097328,-2.1681323051452637,-0.02438411605709688,-12.190364837646484,-0.13710015310140825,-1.8418400287628174,-0.020714437450785616,-0.7773205451837294,0.2566683007221596,1.9847078107061278,2.7156109233800505,0.3769391061582141,2.743919660509925,2.637582472705781,-1.5926984469897802,2.431161972677475,3.506851449564248,-0.2603261222307849,-0.863204106987577,0.6970539387612485,-0.08307508411316422
Gemma_2_2B_base,critique_20,rude_critique,harm_to_model,3,moderator_next,80,]:,8254,99.29994201660156,-2.31494402885437,-0.02331264230212082,4.24874210357666,0.04278695452678442,-4.530244827270508,-0.04562182751842004,-1.2867388725280762,-0.012958102959546053,12.54218864440918,0.12630610239744453,-20.211881637573242,-0.20354374058138017,-9.370494842529297,-0.09436556207618611,-2.23876953125,-0.022545527074685594,-17.913686752319336,-0.1803997705187423,-5.855819225311279,-0.05897102361179897,-2.216725255186272,0.46799939325767087,-0.021997317943116546,1.995388213429221,3.6030792605162314,-1.298372283884794,0.2373254845401286,-1.669544948213212,-0.23429663594203728,1.9416667362760778,-0.8743629309643005,-2.1782449739053886,0.4704944295562774,-0.8538752721745556
Gemma_2_2B_base,passive_01,passive_aggressive,harm_to_model,1,assistant_next,24,]:,8254,103.28876495361328,0.9086464047431946,0.008797146573988618,4.805736541748047,0.04652719532377302,-4.746406555175781,-0.04595278641687099,-4.941311359405518,-0.04783977581322274,8.309914588928223,0.08045322831249056,-18.793561935424805,-0.18195165702547555,-9.972013473510742,-0.09654499671856032,-1.5251528024673462,-0.014765911889374303,-18.181840896606445,-0.17602922161739337,-12.097861289978027,-0.11712659450823278,1.1270489167286595,0.9965135362513502,-0.2472035813570321,-0.5947725510110066,-0.7935095052497313,-0.5685797032062572,-0.20692332107092443,-0.8931986525624458,-0.35918106197697053,-0.4923141940982257,1.0617812264900048,1.0991416993620888,0.8105219420860718,0.9548318207240802
Gemma_2_2B_base,passive_01,passive_aggressive,harm_to_model,1,user_next,24,]:,8254,92.24535369873047,-4.034320831298828,-0.04373467789472361,0.6461762189865112,0.007004973075358312,-1.9079052209854126,-0.0206829411399576,0.20747673511505127,0.002249183582651347,10.479297637939453,0.1136024441096991,-11.541590690612793,-0.12511839597154295,-5.403088092803955,-0.058573010738841316,1.7660179138183594,0.01914478987837264,-13.155046463012695,-0.14260931239937066,-3.665776252746582,-0.039739413485462435,-4.000204844864566,-2.9503597331337628,2.7100649664247416,3.0544063761359315,1.4600981337862995,3.1629025583325507,3.1674354082559915,2.6872782209286883,1.981891604656177,2.795637724728126,-3.475282288999164,-4.262684318879996,-2.7824667584270224,-3.522575538653509
Gemma_2_2B_base,passive_01,passive_aggressive,harm_to_model,1,moderator_next,24,]:,8254,99.26367950439453,-3.785043239593506,-0.03813120023851158,2.1244378089904785,0.021401965145735172,-3.502265691757202,-0.03528244881958211,-0.0794825553894043,-0.0008007214298950655,12.877508163452148,0.12973031251457937,-18.022220611572266,-0.18155906270605654,-7.8396782875061035,-0.07897831640584138,0.29049134254455566,0.002926461561720521,-18.579519271850586,-0.1871733887421335,-6.844839096069336,-0.06895612907202685,-3.741633543717235,-1.5476847622195635,1.0489940283042174,2.8510253519737003,3.951417296059354,-0.1716881036143973,1.3679029781567111,1.0820473714546075,-0.544387357299764,1.5560148165601397,-2.644659152968399,-3.6907477338940615,-1.4736276576015226,-2.582187695747792
Gemma_2_2B_base,passive_02,passive_aggressive,harm_to_model,1,assistant_next,17,]:,8254,102.34757995605469,0.583847165107727,0.0057045527149583355,4.136539936065674,0.0404165876500626,-5.2247467041015625,-0.05104904978060965,-5.021553039550781,-0.04906372033131513,7.62224006652832,0.07447406250153747,-18.48811149597168,-0.18064043628496132,-10.442815780639648,-0.10203285495488525,-0.6397867202758789,-0.00625111722769201,-18.426319122314453,-0.18003668606747927,-12.56358814239502,-0.1227541300711701,0.7901403264712319,0.3615343581690162,-0.7455582097380492,-0.6516434578903518,-1.50788244992505,-0.4114110027078983,-0.5546321896718646,0.06999440399147909,-0.47303916764508097,-0.6739166674238722,0.5758373423201241,0.7834863726166715,0.2550029688129832,0.5192446707148274
Gemma_2_2B_base,passive_02,passive_aggressive,harm_to_model,1,user_next,17,]:,8254,90.7919921875,-3.362287998199463,-0.03703286949862054,0.4845736026763916,0.005337184381588076,-2.0932276248931885,-0.023055200953960107,-0.3538045883178711,-0.0038968699749115316,8.539764404296875,0.09405856396080499,-10.750356674194336,-0.11840644108781233,-5.171489715576172,-0.056959755931957276,2.9046707153320312,0.031992587070161664,-12.92756462097168,-0.14238661702977273,-4.660307884216309,-0.05132950353806563,-3.3031169001380842,-3.103699268345421,2.516988391235427,2.656600923654344,-0.5547359516433692,3.5700298892777402,3.3384813196636376,3.926022842282349,2.0878341749348763,2.407836585201426,-3.2034080842417527,-3.5786431497235576,-2.9340864192319085,-3.256364784477733
Gemma_2_2B_base,passive_02,passive_aggressive,harm_to_model,1,moderator_next,17,]:,8254,95.88987731933594,-2.8327205181121826,-0.02954139266106843,1.5862712860107422,0.01654263547264832,-3.6634745597839355,-0.038205018738147925,-0.8426117897033691,-0.008787286137589612,11.303461074829102,0.11787960722054015,-17.22201156616211,-0.17960197726407287,-8.138715744018555,-0.08487565081468099,0.9909994602203369,0.010334766170573717,-18.19025421142578,-0.18969942104366178,-8.238397598266602,-0.08591519593701004,-2.7538057830227065,-2.058333700859423,0.8810399360173655,2.310161158414846,2.316259067668053,0.24005730431272745,1.147050246343785,1.8441327602859563,-0.3630993008505753,1.012619756967537,-2.4060697419410646,-2.8140019854600027,-1.9153922045879808,-2.364697095023992
Gemma_2_2B_base,passive_03,passive_aggressive,harm_to_model,1,assistant_next,22,]:,8254,104.83535766601562,0.40666663646698,0.0038790980974428317,3.3949432373046875,0.03238357089523455,-5.335465908050537,-0.050893763581636824,-4.927386283874512,-0.04700118732433931,8.636796951293945,0.08238438961413233,-19.307395935058594,-0.18416874196745792,-10.46115779876709,-0.0997865417895958,-0.5726630687713623,-0.005462499308637375,-19.29264259338379,-0.1840280132858064,-12.4385986328125,-0.11864888821612432,0.6063540522409846,-0.342142944210085,-0.8609100736000864,-0.5849032203541954,-0.4539361923535619,-0.8329716030473775,-0.568178602411096,0.14301847432819895,-0.8765022941714683,-0.6251790780790732,0.1321055540154498,0.5971656011166384,-0.4752833559213824,0.06094112259762802
Gemma_2_2B_base,passive_03,passive_aggressive,harm_to_model,1,user_next,22,]:,8254,92.03691101074219,-4.057102680206299,-0.04408125648342076,-0.10342168807983398,-0.0011236979483998872,-2.3617310523986816,-0.02566069445902014,0.22125720977783203,0.0024040051686655124,9.841534614562988,0.10693030118551375,-11.299880981445312,-0.12277553491692518,-5.661510467529297,-0.061513477640166646,1.7220584154129028,0.018710519469866942,-12.895686149597168,-0.14011428684402538,-3.304102897644043,-0.035899758709398676,-4.0238360596650935,-3.6616291252369617,2.237250371890764,3.064173221619244,0.7975744628140389,3.287273637829783,2.9765787574360667,2.639454518976017,2.102680578338638,2.936666259977363,-3.8427325924510276,-4.298058953456962,-3.521449069567761,-3.9097540115123617
Gemma_2_2B_base,passive_03,passive_aggressive,harm_to_model,1,moderator_next,22,]:,8254,98.45230865478516,-3.5943665504455566,-0.03650870761242283,0.7653151750564575,0.007773460932642744,-3.5544521808624268,-0.036103289292339684,-0.14728093147277832,-0.0014959621921026422,12.445915222167969,0.12641567670910123,-16.924753189086914,-0.171908139284292,-7.333865642547607,-0.07449155578731219,1.3759465217590332,0.013975766953151657,-17.75831413269043,-0.1803747862831585,-7.259097099304199,-0.07373211657999429,-3.5438479374212086,-2.837312602050751,0.9946239771116727,2.8029735773121005,3.503068098403656,0.39301080119034215,1.7414685699973917,2.262918101483074,-0.16193668612479803,1.3944817686116036,-3.19058026973598,-3.525142916910216,-2.712603070845152,-3.118872993877684
Gemma_2_2B_base,passive_04,passive_aggressive,harm_to_model,1,assistant_next,21,]:,8254,98.3029556274414,1.9295356273651123,0.019628459948629252,3.390768051147461,0.03449304275242893,-4.567958831787109,-0.046468173847175324,-4.953969955444336,-0.05039492377237769,7.32080602645874,0.07447188113248476,-16.54410171508789,-0.16829709350539182,-9.365212440490723,-0.09526887956435372,0.1341407299041748,0.0013645645652054965,-16.614849090576172,-0.1690167806708155,-11.986244201660156,-0.1219316766739634,2.185999513991674,-0.34610464433220844,-0.061289333777119176,-0.603744270387316,-1.8210194294344635,0.5888739913639233,0.24122677815852422,0.9119529579545886,0.370596480032629,-0.4487909589685844,0.9199474348297327,2.204673792550119,-0.28351001637305223,0.9605818880885334
Gemma_2_2B_base,passive_04,passive_aggressive,harm_to_model,1,user_next,21,]:,8254,89.6877212524414,-3.8273940086364746,-0.04267467112765214,0.7296414971351624,0.008135355508492202,-1.8503344058990479,-0.020630855373066796,0.7501156330108643,0.008363637993427615,9.90666389465332,0.11045730403573666,-10.473982810974121,-0.11678279551214495,-4.200829029083252,-0.04683839627566522,2.682239532470703,0.029906429720976877,-12.85965347290039,-0.14338254215094506,-3.5782270431518555,-0.03989650972489673,-3.785563258302153,-2.871162209913809,2.770044631987812,3.4389990987144716,0.8652323359606866,3.71223731583048,4.055358284761974,3.6840391304568314,2.1194616732560503,2.8297760891311996,-3.328362734107981,-4.154491391627268,-2.679703019991958,-3.417097205809613
Gemma_2_2B_base,passive_04,passive_aggressive,harm_to_model,1,moderator_next,21,]:,8254,96.0431900024414,-2.7844762802124023,-0.028991917908407886,1.7363617420196533,0.018078967826615455,-3.2217798233032227,-0.03354511468456353,0.00909566879272461,9.47039430124447e-05,12.252786636352539,0.1275757983053361,-16.413192749023438,-0.17089387335641618,-6.92088508605957,-0.07206013342417762,1.618859052658081,0.01685553189785689,-17.154052734375,-0.17860769445432775,-7.456134796142578,-0.07763314396317994,-2.703762875911529,-1.915917685020012,1.3412158521536686,2.9138047445522215,3.302441447195954,0.6562328470813049,2.046473451826327,2.5271835480797793,0.11947920660476385,1.317650181816603,-2.3098402804657705,-2.7579181152541015,-1.775723317718695,-2.2668207164863983
Gemma_2_2B_base,passive_05,passive_aggressive,harm_to_model,1,assistant_next,32,]:,8254,97.76010131835938,0.11256977915763855,0.0011514900009263586,2.5932204723358154,0.026526368501715206,-4.922948837280273,-0.05035744409929066,-4.904762268066406,-0.05017141146462059,7.650899887084961,0.07826198811076845,-17.471721649169922,-0.17872037174217542,-10.142383575439453,-0.10374767864049575,-0.13521385192871094,-0.0013831189831563498,-17.358192443847656,-0.1775590676539917,-11.25973129272461,-0.1151771647213916,0.3012925080500719,-1.1028719407816228,-0.4311326610909849,-0.5688685573968602,-1.4781099343846131,0.11156965401521311,-0.3327493726600029,0.6189211057175436,0.024407506272828162,-0.165499281709711,-0.40078971636577543,0.31876369508384167,-1.0077651046514244,-0.34450070478379136
Gemma_2_2B_base,passive_05,passive_aggressive,harm_to_model,1,user_next,32,]:,8254,91.61779022216797,-3.590205192565918,-0.03918676911831068,-0.12323129177093506,-0.0013450585467310022,-2.3904879093170166,-0.026091962090770998,-1.2334849834442139,-0.013463378460155854,9.046897888183594,0.09874608267941605,-11.887508392333984,-0.12975109270271032,-5.772151470184326,-0.06300251791914195,2.6538352966308594,0.028966375309811103,-13.158219337463379,-0.14362078921086657,-4.311649322509766,-0.04706126738108679,-3.539531433422125,-3.680425822295946,2.207290284335649,2.033131652519337,-0.0279134092532776,2.984911537084595,2.894865356138905,3.6531380565530975,1.9804139373775007,2.5437902173003097,-3.609978627859036,-3.7984876942132466,-3.541573093048612,-3.6700303936309293
Gemma_2_2B_base,passive_05,passive_aggressive,harm_to_model,1,moderator_next,32,]:,8254,92.05511474609375,-3.3932645320892334,-0.03686122755317322,0.6131366491317749,0.006660538643864899,-3.1691536903381348,-0.03442669860419259,-0.16564154624938965,-0.0017993736329182997,11.353446006774902,0.12333313622051265,-15.694543838500977,-0.17049073136011658,-6.9323296546936035,-0.0753062952972721,1.71729576587677,0.018655082562369425,-16.445764541625977,-0.17865128501535904,-6.567902088165283,-0.0713474977059217,-3.3352483188433033,-2.981709920406697,1.3960439425739348,2.789960579437207,2.368184625268909,1.026011707388723,2.0380211185409762,2.6342732148168966,0.4493423331058974,1.6640018165146762,-3.1584791196250004,-3.5611239742860237,-2.8137794971856107,-3.1874517357358174
Gemma_2_2B_base,passive_06,passive_aggressive,harm_to_model,1,assistant_next,23,]:,8254,105.23638153076172,0.7318601012229919,0.006954440000477035,4.183045387268066,0.03974904235989259,-5.710707664489746,-0.05426552663083009,-5.232011318206787,-0.049716754245084094,7.99453067779541,0.07596736567247443,-18.773849487304688,-0.17839694993519795,-11.049009323120117,-0.10499229603300617,-0.9759106636047363,-0.009273510257661865,-18.360347747802734,-0.17446768390108328,-12.70189380645752,-0.12069869394687065,0.9436715653448933,0.4056618880011974,-1.2518525159254061,-0.8008047559310372,-1.1211379485907613,-0.5584367161467948,-1.0023336295702212,-0.2956760851631602,-0.44231505833647955,-0.7278466706829663,0.6746667266730453,0.9110600526695248,0.194316029966629,0.5526880413180769
Gemma_2_2B_base,passive_06,passive_aggressive,harm_to_model,1,user_next,23,]:,8254,92.36908721923828,-3.7731680870056152,-0.0408488185885175,0.523730993270874,0.005669981257125526,-2.609449625015259,-0.02825024803830445,-0.5658897161483765,-0.006126397187462032,9.911870002746582,0.10730722042560334,-12.07125186920166,-0.13068497516436978,-5.637012958526611,-0.061027050588333145,1.7311598062515259,0.01874176586959892,-14.021753311157227,-0.15180136269915234,-4.494640350341797,-0.04865957308502741,-3.729315654913159,-3.0665440773531123,1.979166877380323,2.50628660404504,0.8706405671045454,2.8903668262108866,2.9946712795199333,2.6493559559488977,1.5782499322187504,2.472435896461311,-3.3979298661331354,-3.968130005004644,-2.903831657597899,-3.4359808313012716
Gemma_2_2B_base,passive_06,passive_aggressive,harm_to_model,1,moderator_next,23,]:,8254,98.44908905029297,-2.8794329166412354,-0.029247938649490903,1.8737702369689941,0.019032885474560092,-3.711045026779175,-0.03769506719237776,-0.22121810913085938,-0.0022470305339021422,12.60512924194336,0.12803703278050646,-17.713699340820312,-0.17992750884440611,-7.666139602661133,-0.0778690760535617,0.7665261030197144,0.0077860151923613286,-18.302955627441406,-0.1859128997942408,-7.653725624084473,-0.07774298064022256,-2.802259739853484,-1.785535174942135,0.8314790483215216,2.7505709564060807,3.6684634772285216,-0.012939315146446346,1.496069172018243,1.5999273593948125,-0.41558646896745516,1.2406029107080387,-2.2938974573978097,-2.784049678066395,-1.6890020977239721,-2.2365258878951835
Gemma_2_2B_base,passive_07,passive_aggressive,harm_to_model,1,assistant_next,28,]:,8254,99.55236053466797,0.08516363799571991,0.0008554657824116853,4.114792823791504,0.04133295083805245,-4.1522417068481445,-0.041709123566207894,-3.8727121353149414,-0.03890125873977959,8.405200004577637,0.08442994178576632,-16.61541175842285,-0.16690123337293167,-8.37714958190918,-0.08414817626541295,-1.4207398891448975,-0.014271282785405586,-16.110523223876953,-0.16182964559907798,-9.99250602722168,-0.10037437559044021,0.2728645954920839,0.34089922140911616,0.37182202803484465,0.1625920362530967,-0.6945247083075241,0.552181600730917,0.9709560370466552,-0.7796074554862962,0.6054705169964869,0.3286342244039354,0.30688190845060004,0.2885490514289824,0.338310090546143,0.31342957098756274
Gemma_2_2B_base,passive_07,passive_aggressive,harm_to_model,1,user_next,28,]:,8254,90.95318603515625,-3.6540138721466064,-0.040174666017023485,0.2042185664176941,0.0022453151485947644,-1.441361904144287,-0.015847294272760888,0.18559008836746216,0.0020405012342912957,9.02486801147461,0.09922541919516943,-10.450772285461426,-0.11490276197055786,-4.472929954528809,-0.04917837570637582,2.491389751434326,0.027392000874728303,-11.80647087097168,-0.12980821657427272,-3.718353509902954,-0.04088205891397465,-3.6057190646119186,-3.3697191629222414,3.1961291653220023,3.038894319972228,-0.050798578592559235,3.7241802291857384,3.8543994035090012,3.476412943237112,2.6099486097958833,2.7751360940174994,-3.48771911376708,-3.899320500772513,-3.2151700877509435,-3.5572452942617283
Gemma_2_2B_base,passive_07,passive_aggressive,harm_to_model,1,moderator_next,28,]:,8254,95.47773742675781,-2.7529616355895996,-0.028833544968547578,2.2337164878845215,0.023395155227657484,-2.896517515182495,-0.030337098398508348,-0.3269004821777344,-0.0034238398498760395,11.736723899841309,0.12292628853762584,-16.757953643798828,-0.1755168701672897,-7.055866241455078,-0.07390064355963319,0.17508459091186523,0.00183377398365954,-16.73883628845215,-0.1753166417594753,-6.297579765319824,-0.06595861962220018,-2.671073284321817,-1.4439937316362468,1.6800876300169305,2.6756690801560254,2.766342980973668,0.4788370577299689,1.9467837431856911,0.9564959367566475,0.3128533111415213,1.7694095295745946,-2.057533507979032,-2.741753282638508,-1.292425563313697,-2.0170894229761025
Gemma_2_2B_base,passive_08,passive_aggressive,harm_to_model,1,assistant_next,31,]:,8254,103.5362548828125,-0.14608436822891235,-0.001410948931794548,3.0057034492492676,0.0290304439990733,-4.38677978515625,-0.04236950419079216,-3.474551200866699,-0.03355878773864643,8.571731567382812,0.0827896622017546,-17.995826721191406,-0.17381183761726732,-9.193553924560547,-0.08879550390311365,0.2358001470565796,0.00227746452026365,-16.96640396118164,-0.16386920678544017,-10.059109687805176,-0.09715543313007195,0.032995069121203625,-0.7114800845925392,0.12747051976416995,0.4447866935061161,-0.521527688602126,-0.1581071984446982,0.3680043819553031,1.0225486162975743,0.20687076789766382,0.3026632299643125,-0.3392425077356678,0.05722029965498983,-0.780118113784148,-0.36144890706457905
Gemma_2_2B_base,passive_08,passive_aggressive,harm_to_model,1,user_next,31,]:,8254,92.08992767333984,-4.904739856719971,-0.0532603291221815,-0.6347525119781494,-0.0068927463406175645,-1.599510669708252,-0.017369007774466007,0.6267809867858887,0.006806183940215457,9.935961723327637,0.10789412017536106,-10.960578918457031,-0.11902038795530658,-5.130451679229736,-0.05571132271303769,1.8268932104110718,0.01983814361209407,-11.678814888000488,-0.12681967705987807,-2.752833604812622,-0.029892884861170012,-4.903075329158208,-4.165791888442753,3.0313632148398173,3.3515862583083424,0.8956676297819883,3.461860599995422,3.368789771792179,2.7535046826976193,2.6694004008754697,3.1516245912977787,-4.53443360880048,-5.234949895197518,-4.04591668567664,-4.640433290437079
Gemma_2_2B_base,passive_08,passive_aggressive,harm_to_model,1,moderator_next,31,]:,8254,98.67683410644531,-4.00703239440918,-0.04060763025784439,0.3536072075366974,0.003583487560568187,-3.348900318145752,-0.033938060016530366,-0.23829221725463867,-0.0024148749745820436,11.719806671142578,0.11876958535678306,-16.506710052490234,-0.16728049903469755,-7.151203632354736,-0.0724709471793607,1.0312780141830444,0.010451065070354584,-16.324234008789062,-0.16543127023288648,-6.250802993774414,-0.06334620532141827,-3.9718990248967034,-3.2279690767037748,1.2087764424383673,2.738469763965974,2.748768954181048,0.6081137705911801,1.8763727536405415,1.8879519490772008,0.5059413869053699,1.7876493569814742,-3.599934050800239,-3.943512358848652,-3.0935160389138567,-3.5185141988812543
Gemma_2_2B_base,passive_09,passive_aggressive,harm_to_model,1,assistant_next,23,]:,8254,107.18862915039062,0.6180766820907593,0.005766252325361573,3.829385280609131,0.035725667087656524,-5.246721267700195,-0.04894848744020041,-5.120265960693359,-0.047768741901805536,8.729143142700195,0.0814372122480716,-19.63113021850586,-0.1831456412317996,-10.686756134033203,-0.09970046467372194,-0.5108733177185059,-0.004766114855352118,-18.976694107055664,-0.17704017914465983,-13.011582374572754,-0.12138957721268083,0.8256460078419426,0.07008516519667425,-0.7684522225041214,-0.7216057684492128,-0.35800473272320177,-0.9995482062019536,-0.7347932105509796,0.2102397745083387,-0.7293591445602966,-0.8486045991522686,0.44786558651930847,0.7897839375636594,-0.1714514058877109,0.30916626583797424
Gemma_2_2B_base,passive_09,passive_aggressive,harm_to_model,1,user_next,23,]:,8254,90.33016967773438,-4.156980991363525,-0.04601985146484438,0.6716997623443604,0.007436051152574428,-1.8268852233886719,-0.02022452996497563,0.2395520806312561,0.00265196092829109,10.112462043762207,0.11194999499989695,-11.01077651977539,-0.12189478398034555,-4.993238925933838,-0.05527764360177693,0.9627573490142822,0.01065820370369119,-12.719929695129395,-0.14081596149447675,-3.830549716949463,-0.042406094559718964,-4.127438091021571,-2.9261412621410865,2.794474963964002,3.077139623803136,1.0790204362884044,3.436031559508636,3.4701276167511117,1.8134080623748239,2.18453366323686,2.731387041130252,-3.5267896765813287,-4.4959277523299495,-2.7432771943700938,-3.619602473350022
Gemma_2_2B_base,passive_09,passive_aggressive,harm_to_model,1,moderator_next,23,]:,8254,102.2595443725586,-3.6607961654663086,-0.03579906587622823,1.5815221071243286,0.015465765243021472,-3.398515462875366,-0.03323421284270224,0.12108039855957031,0.0011840498537568518,13.443617820739746,0.13146565343339578,-18.053611755371094,-0.1765469606396544,-7.746120452880859,-0.0757496085124308,0.6982178688049316,0.0068278992742343845,-18.382221221923828,-0.17976044519573184,-7.80112361907959,-0.07628748658079319,-3.6127542192619657,-2.062840044257244,1.1570853245814932,2.9931733859733574,4.539505715380637,-0.18784033206380527,1.436999684637783,1.5256145771180352,-0.4525019464349831,1.1831275035773636,-2.837797131759605,-3.452711099374068,-2.0132911168163643,-2.733001108095216
Gemma_2_2B_base,passive_10,passive_aggressive,harm_to_model,1,assistant_next,24,]:,8254,100.0766372680664,-0.42176175117492676,-0.00421438772013483,3.4697749614715576,0.034671178570652605,-5.2640180587768555,-0.05259986948478892,-4.418735027313232,-0.04415351222760572,8.583273887634277,0.08576700938344904,-17.64237403869629,-0.1762886375912015,-8.701371192932129,-0.08694707806402945,-0.1548997163772583,-0.0015478109637351441,-17.881855010986328,-0.17868161340281438,-11.269401550292969,-0.11260771602573559,-0.25296027535078064,-0.2711375232284425,-0.7864727376303365,-0.2243990759545475,-0.5095372468483023,0.02376092685535284,0.7315036642826942,0.5975047805041703,-0.21947199559708386,-0.16927003850201583,-0.26204889928961156,-0.22892150463023409,-0.26731558332697064,-0.24811854397860236
Gemma_2_2B_base,passive_10,passive_aggressive,harm_to_model,1,user_next,24,]:,8254,94.25634765625,-4.92482852935791,-0.05224930364709874,-0.3937866687774658,-0.004177826518523651,-1.7918939590454102,-0.019010857131663877,0.3991732597351074,0.0042349748283360186,10.335333824157715,0.10965132939216315,-10.914031982421875,-0.11579094940348224,-4.630140781402588,-0.04912285375504437,2.336531639099121,0.024789117096074845,-12.531723022460938,-0.13295362417567616,-3.226374626159668,-0.03422978617764988,-4.92391295915447,-3.9371471347750835,2.8309303160341326,3.1902703707709543,1.310545038204051,3.4858112004984814,3.7382920737096743,3.307942226374863,2.272185048803287,2.966975112206161,-4.430530046964777,-5.131756397689488,-3.799101712007649,-4.465429054848569
Gemma_2_2B_base,passive_10,passive_aggressive,harm_to_model,1,moderator_next,24,]:,8254,98.25108337402344,-4.038898468017578,-0.0411079280687649,1.4470221996307373,0.014727798920264271,-3.5714025497436523,-0.03634975235996119,0.20930099487304688,0.002130266534326927,12.837471008300781,0.13065984177936174,-17.21429443359375,-0.1752071716915544,-7.110434055328369,-0.07237003207649406,1.4474235773086548,0.014731884144204139,-17.9928035736084,-0.18313084146984082,-6.57903528213501,-0.06696145280240684,-4.00495314764802,-2.1904626890633163,0.9769643790125071,3.0556993115110744,3.9098257298601453,0.24402813407978935,1.9064829363786555,2.340678256285826,-0.2711428269366246,1.6596606118999457,-3.0977079183556677,-3.9945768297021402,-2.0803800735647964,-3.0374784516334685
Gemma_2_2B_base,passive_11,passive_aggressive,harm_to_model,1,assistant_next,32,]:,8254,101.85258483886719,1.2055788040161133,0.011836506711374708,4.660768032073975,0.04575993863530712,-4.376669406890869,-0.0429706267525252,-4.419219493865967,-0.043388388236363956,8.342421531677246,0.08190682195130465,-18.412879943847656,-0.1807797020858842,-9.817550659179688,-0.09638980370219614,-2.0380566120147705,-0.020009866369508605,-17.388229370117188,-0.17071956885164682,-10.736871719360352,-0.10541580006385008,1.4350517191769399,0.8589575708758252,0.1380039316355142,-0.22474243930582374,-0.759740506024677,-0.37270081029509006,-0.09284552323791005,-1.4511886162318457,0.010418745043735557,0.03838114999003774,1.1470046450263824,1.4093635587446944,0.7407701807927993,1.0750668697687469
Gemma_2_2B_base,passive_11,passive_aggressive,harm_to_model,1,user_next,32,]:,8254,90.96410369873047,-3.894122838973999,-0.04280944549150048,0.2311294674873352,0.0025408865485315713,-1.400105595588684,-0.015391847318429902,1.0276201963424683,0.011296985893973143,9.752202033996582,0.10720934563699425,-10.769582748413086,-0.11839376534815887,-4.460739612579346,-0.049038460570700944,1.9671152830123901,0.021625181835764562,-11.96891975402832,-0.13157849379430936,-2.8481781482696533,-0.03131101206364554,-3.854779910975891,-3.344184272730694,3.239111700584352,3.6356791302299456,0.7047736150932948,3.560137164598555,3.8634025242306373,2.9060527974513333,2.5342931110733904,3.11444656555148,-3.599482091853292,-4.168247561301223,-3.188299516215448,-3.6782735387583356
Gemma_2_2B_base,passive_11,passive_aggressive,harm_to_model,1,moderator_next,32,]:,8254,101.13353729248047,-2.982983350753784,-0.029495491116136176,2.374161958694458,0.023475515860068536,-3.0953338146209717,-0.03060640315258821,0.47536349296569824,0.004700354656743948,13.323994636535645,0.1317465500885463,-18.787017822265625,-0.18576446869383345,-8.075945854187012,-0.0798542804928418,-0.2801997661590576,-0.002770591968406223,-18.273386001586914,-0.1806857199975105,-6.35502815246582,-0.06283798948005681,-2.9096708003490637,-1.3107295326504436,1.4729525541817547,3.2442698340340415,4.415238255168366,-0.5652124474151574,1.1934086584523211,0.46119038992241046,-0.40181533832644534,1.7470084823939585,-2.1102001664997534,-2.809316899792707,-1.2851199304875829,-2.047218415140145
Gemma_2_2B_base,passive_12,passive_aggressive,harm_to_model,1,assistant_next,33,]:,8254,100.64852142333984,-0.5619486570358276,-0.005583277817586645,2.2756400108337402,0.02260977090028102,-5.160148620605469,-0.051268995784858676,-4.172792911529541,-0.04145905824068959,9.353633880615234,0.09293364421393455,-17.366260528564453,-0.17254362292636036,-8.51134967803955,-0.08456507415781883,0.005498170852661133,5.462743788888027e-05,-17.536521911621094,-0.1742352660886131,-11.085369110107422,-0.11013941340957231,-0.3983737094436521,-1.4042138464447103,-0.6782572441655007,-0.050088778125258256,0.29073136674712013,0.1658343894280619,0.8718431761174236,0.7720022390959569,-0.05864387929202084,-0.0975096361623073,-0.9012937779441812,-0.36864158126687585,-1.363825319028013,-0.8662334501474445
Gemma_2_2B_base,passive_12,passive_aggressive,harm_to_model,1,user_next,33,]:,8254,95.49391174316406,-5.505857944488525,-0.05765663845980906,-0.7493730783462524,-0.007847338795395994,-3.0353922843933105,-0.03178623881862918,-0.1698017120361328,-0.0017781417572758306,11.627796173095703,0.12176479066402973,-12.638143539428711,-0.13234501874234317,-5.039371013641357,-0.052771647130709365,1.8090354204177856,0.018943986976712006,-14.570470809936523,-0.1525801021653043,-3.9478049278259277,-0.0413409070354533,-5.526604644545895,-4.274551664576905,1.535402129213832,2.787012081840544,2.65318622094062,2.598674244944842,3.4360569765267654,2.734077126489055,1.3227018776751427,2.6856653134802846,-4.9005781545614,-5.683673045956762,-4.132699252761453,-4.908186149359107
Gemma_2_2B_base,passive_12,passive_aggressive,harm_to_model,1,moderator_next,33,]:,8254,99.47407531738281,-4.320852756500244,-0.043436973329122136,0.7702544927597046,0.007743268688873198,-3.7149322032928467,-0.037345732457828365,0.4668283462524414,0.004692964923403158,13.682260513305664,0.13754599346262764,-16.999267578125,-0.17089143602377802,-6.283376216888428,-0.06316596758341946,1.4263170957565308,0.014338581094679307,-17.41606903076172,-0.17508148706277354,-6.357426166534424,-0.06391038213977226,-4.297419416831238,-2.832625842033047,0.8274292264295631,3.2382205896382055,4.787413522723283,0.3546696231108051,2.5173026815604747,2.317716436437285,-0.0025467082773106484,1.7460734165207583,-3.5650226294321423,-4.232298165310513,-2.7153478656602124,-3.4738230154853627
Gemma_2_2B_base,passive_13,passive_aggressive,harm_to_model,1,assistant_next,32,]:,8254,102.19511413574219,0.37355709075927734,0.0036553321938962223,4.044151306152344,0.03957284396963087,-4.370688438415527,-0.042768076295801136,-4.819114685058594,-0.047156018424300915,8.101320266723633,0.07927306833830562,-18.2364444732666,-0.17844732233523192,-10.637744903564453,-0.10409249985703534,-0.41430795192718506,-0.004054087667800579,-17.37537956237793,-0.1700216268587833,-11.353407859802246,-0.11109540760159935,0.5720100975538818,0.27386975289699855,0.14423515292977776,-0.5081662427287168,-1.0102023378935865,-0.28191641436268117,-0.6985961927433268,0.31529359541321017,0.016403142071954816,-0.20202690768976278,0.42293992522544016,0.5743262298256936,0.17829772964738633,0.37631197973653996
Gemma_2_2B_base,passive_13,passive_aggressive,harm_to_model,1,user_next,32,]:,8254,92.16683197021484,-4.405034065246582,-0.04779413560260092,0.4798710346221924,0.005206547999580481,-1.6413979530334473,-0.017808987440990603,0.23290878534317017,0.0025270347300039376,10.238113403320312,0.11108240550818671,-11.120733261108398,-0.12065873398688845,-5.125851154327393,-0.05561492181898898,2.5761828422546387,0.02795130077908257,-12.885992050170898,-0.13981159788952288,-3.9468319416046143,-0.04282269290627343,-4.384739221174329,-3.1081613842207503,2.987723303863712,3.072431220053155,1.2095501110198785,3.3794536145651484,3.372187468202206,3.5686596623792273,2.1071953026812125,2.6860447133439282,-3.7464503026975398,-4.677025647744631,-2.94596265031727,-3.8114941490309504
Gemma_2_2B_base,passive_13,passive_aggressive,harm_to_model,1,moderator_next,32,]:,8254,96.72869873046875,-2.846163272857666,-0.02942418651561109,1.9838545322418213,0.020509471938310313,-2.8564419746398926,-0.02953044972308861,-0.3597571849822998,-0.0037192393747046163,12.078076362609863,0.12486548998519059,-17.221269607543945,-0.1780368167210688,-7.566531181335449,-0.0782242631260794,1.3354110717773438,0.013805738000243564,-17.102258682250977,-0.17680645875228657,-7.35697078704834,-0.07605778722970616,-2.767749718222679,-1.6810797208370816,1.7218399921364982,2.65238204924917,3.1209481845358513,0.2404390771202873,1.5696345113503551,2.218819434556494,0.14360067035736795,1.35631754493501,-2.2244147195298805,-2.8020389712954112,-1.554764745222926,-2.1784018582591687
Gemma_2_2B_base,passive_14,passive_aggressive,harm_to_model,1,assistant_next,25,]:,8254,98.1612777709961,0.5066534280776978,0.005161438803391368,4.435995101928711,0.045190885883511014,-4.83270263671875,-0.049232271079367285,-4.218487739562988,-0.04297506955242012,8.08504581451416,0.08236492024254256,-17.736310958862305,-0.18068541243156971,-9.726560592651367,-0.09908755074829816,-1.3540445566177368,-0.013794080388568648,-17.498577117919922,-0.17826354256250584,-10.911202430725098,-0.11115587203520544,0.7100686084811328,0.6456777526178397,-0.33711042222051335,-0.08247476886290693,-1.0271086329054844,-0.024574062276579503,-0.025645230020519365,-0.7070493549594412,-0.04097227553969875,-0.0295962238636632,0.6778731805494862,0.7280517416789355,0.6890372571138607,0.7085444993963981
Gemma_2_2B_base,passive_14,passive_aggressive,harm_to_model,1,user_next,25,]:,8254,89.31961059570312,-4.141751289367676,-0.046370010591682116,0.36495551466941833,0.004085950579446157,-2.3925323486328125,-0.026786193229865127,0.5901132822036743,0.006606760578869594,9.929877281188965,0.11117242019936278,-11.607870101928711,-0.12995880775242796,-5.282433986663818,-0.059140808512637415,1.9186723232269287,0.021480975011317724,-13.028757095336914,-0.14586670282644162,-3.3619468212127686,-0.03763951498210518,-4.111640586583996,-3.2172010323434583,2.205160302568994,3.325598198125663,0.8893469639644724,3.128798665848488,3.25654394086681,2.853351521173859,2.0407069373016355,2.9141109799190534,-3.664420809463727,-4.531667845802654,-3.047836827408318,-3.789752336605486
Gemma_2_2B_base,passive_14,passive_aggressive,harm_to_model,1,moderator_next,25,]:,8254,97.41984558105469,-3.4820852279663086,-0.03574307890961667,1.91287100315094,0.019635331915604445,-3.80302095413208,-0.039037435662612634,0.047121524810791016,0.00048369533465935586,12.663778305053711,0.1299917714868196,-18.189239501953125,-0.1867097960735261,-8.270998001098633,-0.08490054517913442,0.009365439414978027,9.613482098147907e-05,-18.437278747558594,-0.189255881464301,-6.467587471008301,-0.06638880848591755,-3.427380478595938,-1.7484337130372523,0.7356547082595535,2.9407553880668624,3.7293895440695235,-0.25762722358042345,1.0493537965838247,0.7762094549606453,-0.47814327115170824,1.7031178401922464,-2.587907095816595,-3.446996613397304,-1.6342333339198691,-2.5406149736585864
Gemma_2_2B_base,passive_15,passive_aggressive,harm_to_model,1,assistant_next,32,]:,8254,103.83760070800781,0.7282029390335083,0.007012902205639563,4.270721435546875,0.04112885319409661,-4.699310779571533,-0.04525634979554308,-4.73781156539917,-0.04562712864217592,8.725363731384277,0.0840289420392144,-18.332847595214844,-0.17655307393674247,-9.526150703430176,-0.09174085917314086,-0.43145811557769775,-0.004155124084491913,-18.034893035888672,-0.17368364554765608,-11.73818302154541,-0.11304366570018579,0.9398780547474407,0.4888548758329517,-0.19813724686205236,-0.45054304567226433,-0.3619308767098499,-0.3315203809757828,0.12236656767540943,0.2966358685370579,-0.2907446807620238,-0.352063609855843,0.7143664652901962,0.9170271816602749,0.31975545250161624,0.6183913170809455
Gemma_2_2B_base,passive_15,passive_aggressive,harm_to_model,1,user_next,32,]:,8254,93.05182647705078,-4.161977767944336,-0.04472752363405567,-0.05946165323257446,-0.0006390165081524692,-1.286376953125,-0.013824306322909815,-0.2938995361328125,-0.0031584499440781687,10.465368270874023,0.11246816604352285,-11.307472229003906,-0.12151800407477922,-4.672358989715576,-0.0502124371612191,2.1524481773376465,0.023131713356196196,-13.341215133666992,-0.1433740275582588,-4.094161033630371,-0.04399871758175652,-4.132621160278635,-3.6199168592769153,3.357598922446343,2.6990583427693386,1.445627970004068,3.2833675818552637,3.707112011028187,3.107677143081647,1.895189354940225,2.628596173785072,-3.876269009777775,-4.364022244434477,-3.4773863919376526,-3.920704318186065
Gemma_2_2B_base,passive_15,passive_aggressive,harm_to_model,1,moderator_next,32,]:,8254,98.29727935791016,-2.950786590576172,-0.030019005712579948,1.9791414737701416,0.02013424467796195,-2.857565402984619,-0.029070645918692618,-0.19556760787963867,-0.001989552601629569,12.63858413696289,0.12857511641746006,-16.952789306640625,-0.1724644813913296,-6.803556442260742,-0.06921408696865676,1.247917890548706,0.012695345168251434,-17.467723846435547,-0.17770302454489945,-6.956770420074463,-0.0707727667084678,-2.8762736621831304,-1.6855517907328181,1.7206695578409321,2.7687506264407293,3.7032172322251453,0.378584892454296,2.133125979590179,2.1236352770081894,-0.026603326997547243,1.512369050428224,-2.2809127264579745,-2.8627510649398467,-1.5888768783434322,-2.2258139716416396
Gemma_2_2B_base,passive_16,passive_aggressive,harm_to_model,1,assistant_next,24,]:,8254,102.66942596435547,-0.003947794437408447,-3.845150978811388e-05,3.8807005882263184,0.03779801583359014,-5.234769821166992,-0.05098664740742183,-4.4618635177612305,-0.04345854158481698,8.647544860839844,0.08422706935014986,-18.619388580322266,-0.1813528068890392,-9.452926635742188,-0.09207148619905631,-0.8999228477478027,-0.008765246706066477,-18.30659294128418,-0.17830617800122717,-11.375089645385742,-0.11079335000212157,0.18043085977718398,0.11877661338562333,-0.7560007092680995,-0.25496618720738445,-0.4427710036759124,-0.4789592726974111,0.176445864536582,-0.21300865743096867,-0.4172804344020424,-0.21048136091195704,0.14960373658140366,0.19730856922703438,0.016947049565047112,0.10712780939604075
Gemma_2_2B_base,passive_16,passive_aggressive,harm_to_model,1,user_next,24,]:,8254,92.68899536132812,-4.729637622833252,-0.051026959612581586,-0.3404657244682312,-0.003673205466743908,-2.3926801681518555,-0.025814069500100914,-0.28690433502197266,-0.003095344101028798,9.771041870117188,0.10541749678078699,-11.686417579650879,-0.12608203955705735,-4.600143909454346,-0.049629882075230974,1.5664011240005493,0.016899537187713292,-13.276174545288086,-0.14323355748472377,-3.3372740745544434,-0.036005073326610106,-4.721444833853136,-3.886552602309505,2.20500629805642,2.704016158087471,0.7243448930282519,3.08838227285485,3.7604461248873267,2.470114372220828,1.9254799796488902,2.923731708879893,-4.303998718081321,-5.0069940062476945,-3.7532263124491547,-4.380110159348424
Gemma_2_2B_base,passive_16,passive_aggressive,harm_to_model,1,moderator_next,24,]:,8254,98.41481018066406,-4.005415439605713,-0.040699315806765356,1.5855903625488281,0.016111298285675656,-3.762986898422241,-0.038235981876247827,-0.2863614559173584,-0.0029097394527477422,12.186193466186523,0.12382479266906915,-17.136524200439453,-0.17412546108640803,-7.013278961181641,-0.07126243446801431,0.676445484161377,0.006873411460323894,-17.69715118408203,-0.17982203239120872,-6.567194938659668,-0.06672974247071149,-3.970221785861423,-2.0589798072749548,0.7773638497578501,2.7044009210554116,3.233262849593211,0.2840445979755337,1.978236382258281,1.50192831881753,-0.13345195115316275,1.6642775577534823,-3.014600796568189,-3.9528705329968585,-1.9546053244667865,-2.9537379287318224
Gemma_2_2B_base,passive_17,passive_aggressive,harm_to_model,1,assistant_next,26,]:,8254,95.7496109008789,-0.73607337474823,-0.007687481628622195,2.3599321842193604,0.024646911481054364,-5.5511932373046875,-0.05797614408116338,-4.490381717681885,-0.04689712757507056,6.459595680236816,0.0674634144145386,-16.56644058227539,-0.17301835930618203,-9.439803123474121,-0.09858842281089072,-1.0183216333389282,-0.010635256099297432,-16.63437271118164,-0.1737278361204176,-10.886600494384766,-0.11369863952402584,-0.5789902442585074,-1.3242317088775344,-1.0856637624625332,-0.27517832495322914,-2.715665589755109,0.5773795874509651,0.18613817388533488,-0.3418151370100302,0.3615039628913418,-0.020003106213654594,-0.951610976568021,-0.5834137666192863,-1.1786276587833668,-0.8810207127013265
Gemma_2_2B_base,passive_17,passive_aggressive,harm_to_model,1,user_next,26,]:,8254,90.32514190673828,-4.534572124481201,-0.05020276778710403,-0.4702494144439697,-0.005206185171892755,-2.759305000305176,-0.030548581956884042,-0.7528051733970642,-0.008334392368564933,8.91120719909668,0.0986569963908565,-11.531649589538574,-0.12766821447615473,-5.764708042144775,-0.06382174354175829,1.1131749153137207,0.0123240870904259,-13.000993728637695,-0.143935491870706,-4.122208595275879,-0.04563744388613422,-4.519106792263473,-4.009700179702332,1.8230413252366917,2.373811168034023,-0.1688721825836529,3.168017725101193,2.9003626655253605,1.9770478926750172,2.0536368590980967,2.6176594916093636,-4.2644034859829025,-4.922870273280832,-3.892590408022921,-4.407730340651876
Gemma_2_2B_base,passive_17,passive_aggressive,harm_to_model,1,moderator_next,26,]:,8254,92.48426818847656,-3.9236674308776855,-0.04242524169496072,0.5076141953468323,0.005488654506216663,-3.998533248901367,-0.04323473956405896,-0.6227831840515137,-0.00673393644400499,10.647687911987305,0.11512972011940507,-15.809240341186523,-0.1709397787412707,-7.265982627868652,-0.0785645252991685,0.5482580661773682,0.005928122446296012,-16.441692352294922,-0.17777826082580755,-6.515501499176025,-0.0704498357050075,-3.8854260012166613,-3.0818367895579084,0.5319618816747924,2.4659636308806587,1.6350260277359514,0.9669949310139082,1.7916032568369313,1.3624727496204805,0.4512388282306188,1.6844345583992897,-3.4836313953872846,-4.129032591453352,-2.920316180229782,-3.524674385841567
Gemma_2_2B_base,passive_18,passive_aggressive,harm_to_model,1,assistant_next,32,]:,8254,98.31271362304688,0.5718541145324707,0.0058166852837069315,4.4216156005859375,0.04497501327793076,-4.047562122344971,-0.04117028177926445,-3.865879535675049,-0.039322274741573134,8.06637954711914,0.08204818329038764,-17.00356674194336,-0.17295389492694577,-8.618208885192871,-0.0876611840685939,-0.6577116250991821,-0.00668999563597641,-16.274919509887695,-0.1655423689380542,-10.522772789001465,-0.10703369280750555,0.7777001441397384,0.6320335053722075,0.48088156558633866,0.1674346085566767,-1.046499603445647,0.35245749995337616,0.792922802414367,0.05049383330950677,0.5289080761089634,0.12186548224996263,0.704866824755973,0.7949315362044437,0.669412150313818,0.7321718432591309
Gemma_2_2B_base,passive_18,passive_aggressive,harm_to_model,1,user_next,32,]:,8254,91.74163055419922,-3.7909345626831055,-0.04132185726133888,0.2906673550605774,0.0031683255824503428,-1.547048807144165,-0.016863105634799,0.17263132333755493,0.0018817119588425846,9.621822357177734,0.1048795655696717,-11.115650177001953,-0.12116255302912932,-4.992863655090332,-0.05442309696186011,2.8469066619873047,0.031031786167190545,-12.501007080078125,-0.13626318831005263,-3.4761228561401367,-0.037890353977156635,-3.747744510476565,-3.287690682364278,3.0860201615356257,3.02970985725967,0.5693320499036321,3.382069101794318,3.470404771298654,3.8631811136243734,2.286490040601186,2.86958992593705,-3.5177175964204217,-4.016412186124757,-3.131258660947715,-3.573835423536236
Gemma_2_2B_base,passive_18,passive_aggressive,harm_to_model,1,moderator_next,32,]:,8254,97.61149597167969,-3.0863256454467773,-0.0316184647589278,2.2950193881988525,0.023511773540123935,-3.011561870574951,-0.030852532691935226,0.39409780502319336,0.0040374117935610175,12.726934432983398,0.13038356093503475,-17.4439754486084,-0.17870820721433744,-6.758615493774414,-0.06923995402893232,1.2288507223129272,0.012589200791159449,-17.50676727294922,-0.17935149030016412,-6.415321350097656,-0.06572301024829034,-3.0168659614524582,-1.3858253773362954,1.5602296437958392,3.18667316652786,3.79499765897535,0.12584638674419218,2.16631690944634,2.1028920337077577,-0.04478658470389253,1.7234981484764935,-2.2013456693943767,-3.0260048871048935,-1.281823723256951,-2.153914305180922
Gemma_2_2B_base,passive_19,passive_aggressive,harm_to_model,3,assistant_next,59,]:,8254,86.61129760742188,-1.357062578201294,-0.01566842450914862,3.7793688774108887,0.043635980314501464,-4.751721382141113,-0.05486260468788924,-1.7282958030700684,-0.019954623135931028,7.758733749389648,0.0895810819571971,-12.282188415527344,-0.14180815615069206,-7.008456230163574,-0.08091849936171615,-2.3189890384674072,-0.02677467146351458,-10.831097602844238,-0.12505409689088992,-2.592477798461914,-0.029932328346039698,-1.2231315216065237,0.02262620571634375,-0.25274078876721,1.682436851576843,-1.366089507218758,2.781829994726946,1.981798187968378,-1.7568160487287552,3.0641982768437037,3.2141526823758153,-0.60025265794509,-1.3980138232458659,0.5476798682327157,-0.42516697750657506
Gemma_2_2B_base,passive_19,passive_aggressive,harm_to_model,3,user_next,59,]:,8254,88.83995056152344,-1.493459701538086,-0.01681067686438924,2.547389030456543,0.02867391319283125,-3.9735844135284424,-0.04472744962613026,-1.7221879959106445,-0.019385287643963682,8.677061080932617,0.09767071037397279,-12.181462287902832,-0.13711694131872493,-6.779262542724609,-0.07630871584096431,-0.9961761236190796,-0.01121315486245355,-11.625377655029297,-0.13085754304847896,-2.8482158184051514,-0.03206007883168176,-1.3646138803403125,-1.146359924802632,0.5579546142704882,1.6867657306777262,-0.41210883956116057,2.8336583522612155,2.151068126843295,-0.31772295455008276,2.694287124838822,3.1144318767059875,-1.255486902571472,-1.5146014053386072,-0.8125305411562928,-1.16356597324745
Gemma_2_2B_base,passive_19,passive_aggressive,harm_to_model,3,moderator_next,59,]:,8254,97.17012786865234,-2.8214902877807617,-0.029036601573630236,3.301191568374634,0.03397331711693278,-5.324461936950684,-0.05479525502063671,-2.442323684692383,-0.02513451137981152,11.714284896850586,0.12055438388107426,-19.64120864868164,-0.2021321683885322,-10.091732025146484,-0.10385632134587462,-1.369372844696045,-0.01409252899766753,-17.707067489624023,-0.18222747955584845,-6.646359443664551,-0.06839920446177272,-2.7421568608347373,-0.43110089345184793,-0.8494456796107919,1.1763730068083118,2.743032801346657,-1.004734035289733,-0.2953409042252261,-0.7237250566187372,-0.1380701610610909,1.6334086700484307,-1.5866288771432926,-2.7624788941953,-0.3307585826092176,-1.5466187384022587
Gemma_2_2B_base,passive_20,passive_aggressive,harm_to_model,2,assistant_next,60,]:,8254,87.58978271484375,-0.9139668941497803,-0.010434629083682968,5.217602252960205,0.059568617380255054,-3.6381444931030273,-0.041536174429697204,-0.8077456951141357,-0.009221916872928239,9.14230728149414,0.10437641238656485,-13.75350284576416,-0.15702177148378024,-7.147091865539551,-0.08159732384321054,-3.146556854248047,-0.03592378878815055,-12.79848861694336,-0.1461185108611351,-3.477992534637451,-0.03970774246535537,-0.7635160913780213,1.3873196888305561,0.9074298512188784,2.3348723361349673,0.07120017868521122,2.0247691195197555,1.8794094800235914,-2.657130156102736,2.1479472965158,2.868860875770254,0.3119017987262674,-0.8638100187857299,1.9961253677497617,0.5661576744820158
Gemma_2_2B_base,passive_20,passive_aggressive,harm_to_model,2,user_next,60,]:,8254,90.96268463134766,-1.5486947298049927,-0.017025604906907948,3.422010660171509,0.03761993914361903,-3.2279067039489746,-0.03548605361672197,-1.487567663192749,-0.01635360333989199,9.74935245513916,0.10717969126187518,-12.995523452758789,-0.1428665337377285,-7.042778968811035,-0.07742492426816464,-0.6533479690551758,-0.0071825932985933255,-13.669687271118164,-0.15027796647074004,-3.40474009513855,-0.037430074859127506,-1.4219082124548776,-0.3164595355095052,1.3348326135018314,1.8530517689292325,0.7018134035787591,2.4147853736016915,1.9564492879275657,0.0552410709633065,1.7422137055684348,2.8974244514393392,-0.8691838739821914,-1.5365387125249017,0.0007579919035279344,-0.7678903603106869
Gemma_2_2B_base,passive_20,passive_aggressive,harm_to_model,2,moderator_next,60,]:,8254,99.23596954345703,-2.264650821685791,-0.022820866588037555,4.427499771118164,0.04461587659683509,-4.517683506011963,-0.045524657307183324,-1.8658450841903687,-0.018802104647884607,12.627889633178711,0.12725113374993283,-20.388776779174805,-0.20545752586461333,-9.976899147033691,-0.10053712573105507,-2.752699375152588,-0.02773892760675993,-18.28510856628418,-0.18425887962203902,-6.280116081237793,-0.06328467500373067,-2.164556987964625,0.6376168059097821,-0.00891041189553738,1.584949456699865,3.6921075227458937,-1.3893932023020923,-0.2105316126771784,-2.228651138476964,-0.407274757078922,1.776219203971112,-0.7634700910274215,-2.128050337690503,0.6367628213108595,-0.7456437581898219
Gemma_2_2B_base,tedious_01,tedious_demand,harm_to_model,1,assistant_next,25,]:,8254,105.83876037597656,0.09265822172164917,0.0008754658632857615,3.277902364730835,0.03097071765661815,-5.7418413162231445,-0.05425083679954396,-5.524624824523926,-0.05219850274982919,9.287381172180176,0.08775028296994529,-20.47919464111328,-0.19349427911252898,-10.944894790649414,-0.1034110259017518,-0.6167904138565063,-0.005827642081837028,-19.7031307220459,-0.1861617676931725,-12.577573776245117,-0.11883712291758845,0.2806385965658024,-0.45319927121162773,-1.2842888470060934,-1.008193178497398,0.2219064490341663,-1.4359174695061379,-0.9254403226723178,0.09501217134789337,-1.0676743324720739,-0.6793701337314807,-0.08628033732291265,0.2905904226374284,-0.6037266830684449,-0.15656813021550825
Gemma_2_2B_base,tedious_01,tedious_demand,harm_to_model,1,user_next,25,]:,8254,91.95532989501953,-4.020007133483887,-0.04371695624466046,-0.061351895332336426,-0.0006671923791951874,-2.440694570541382,-0.026542176221082476,-0.856541633605957,-0.009314757878459298,9.32181453704834,0.1013732923115012,-12.031811714172363,-0.13084409275578085,-6.302702903747559,-0.06854091993300461,1.7866590023040771,0.019429640504186215,-13.655213356018066,-0.14849833469802665,-4.398988723754883,-0.047838322463493656,-3.9853574955985547,-3.6217104493290635,2.1549829000341023,2.300288448197491,0.2576766622014435,2.9106606516986044,2.5030290462790887,2.7097337379278805,1.748954479926256,2.509733664188588,-3.803533972463809,-4.260875502884059,-3.4799478771104067,-3.870411689997233
Gemma_2_2B_base,tedious_01,tedious_demand,harm_to_model,1,moderator_next,25,]:,8254,98.9898452758789,-3.2861790657043457,-0.03319713306497204,1.3857166767120361,0.013998574023932706,-4.3865580558776855,-0.044313212568951946,-1.387980580329895,-0.014021444083094326,12.776224136352539,0.12906600773792454,-19.136226654052734,-0.193315047626564,-8.672061920166016,-0.08760557101587023,0.9422003030776978,0.009518151083596915,-19.14937973022461,-0.19344792061101226,-8.01239013671875,-0.08094153611806026,-3.224170430984689,-2.2486335318683697,0.12770152653303168,1.9236336374248328,3.846200996297057,-0.7448969107696543,0.7531498922614183,1.7910439755776788,-0.8097820855939744,1.1007476237506877,-2.7364019814265292,-3.187136636918068,-2.146674342044531,-2.6669054894812994
Gemma_2_2B_base,tedious_02,tedious_demand,harm_to_model,1,assistant_next,26,]:,8254,101.87562561035156,0.5705803632736206,0.005600754447937781,3.267435312271118,0.032072787702607394,-6.07559871673584,-0.059637412583589566,-6.046369552612305,-0.05935050230501784,6.935143947601318,0.06807461457097191,-18.41361427307129,-0.18074602401460282,-11.314271926879883,-0.11105965591960244,-1.098907709121704,-0.010786757897563717,-18.37842559814453,-0.1804006158297113,-12.803426742553711,-0.1256770367381455,0.7763789041594988,-0.46313112130079315,-1.6320111648492608,-1.3779772581949734,-2.221654535067716,-0.37307865741825336,-1.19824209993843,-0.4294850288323738,-0.45073425308688214,-0.7674377576546361,0.15662389142935285,0.7728918757685613,-0.5035368405660504,0.13467751760125546
Gemma_2_2B_base,tedious_02,tedious_demand,harm_to_model,1,user_next,26,]:,8254,88.40367889404297,-4.1009087562561035,-0.04638844002376061,-0.13271141052246094,-0.0015011978255059205,-2.2262048721313477,-0.02518226503672529,-0.9868618249893188,-0.011163130735454245,8.483782768249512,0.09596639952527118,-10.263456344604492,-0.11609761576671318,-5.654110908508301,-0.06395786893987847,1.8414534330368042,0.020830054315317523,-12.227739334106445,-0.13831708688008462,-4.356614112854004,-0.04928091418090941,-4.069275338843251,-3.689421202669743,2.3784471736953003,2.207924636083331,-0.6128910306643723,3.820563141778109,2.9820436675615642,2.769344803091967,2.4137559670714253,2.5262569419551046,-3.8793482707564975,-4.533548903797865,-3.5557678076276247,-4.044658355712745
Gemma_2_2B_base,tedious_02,tedious_demand,harm_to_model,1,moderator_next,26,]:,8254,94.51571655273438,-3.0438899993896484,-0.03220512006266526,0.4070452153682709,0.004306640527252025,-4.385862350463867,-0.046403524307164365,-2.1537528038024902,-0.02278724515198294,10.434688568115234,0.11040162365264695,-16.913955688476562,-0.17895389576864226,-8.430456161499023,-0.08919634182528056,0.5176517963409424,0.005476885910843434,-17.62472152709961,-0.18647397670911187,-8.568497657775879,-0.09065685549762664,-2.972848205420097,-3.17726346641956,0.1284263413196322,1.3808962379454208,1.4137571519242111,0.39856662603249177,0.9315867089921613,1.3291760747348866,-0.0997200982884458,0.8839027054582247,-3.0750558359198283,-3.0858837072892693,-3.027773773165078,-3.0568287402271737
Gemma_2_2B_base,tedious_03,tedious_demand,harm_to_model,1,assistant_next,18,]:,8254,102.83133697509766,-0.06773099303245544,-0.0006586610173983992,3.0344409942626953,0.029508913173010055,-6.75406551361084,-0.06568100456815465,-5.743870258331299,-0.05585719710833162,8.161454200744629,0.07936738392034194,-19.671960830688477,-0.19130317089480586,-11.159163475036621,-0.10851909353020471,-0.9834782481193542,-0.009563993594263197,-19.747833251953125,-0.19204100455034825,-13.650813102722168,-0.13274954410082154,0.11426965956968128,-0.6842119505975627,-2.338866044551114,-1.1635823307086726,-0.9477337511971188,-1.0205574876709338,-1.0836874695039254,-0.3039088885266266,-1.0884931410145073,-1.0978620354697888,-0.2849711455139407,0.13400493360618193,-0.7366201969743826,-0.30130763168410035
Gemma_2_2B_base,tedious_03,tedious_demand,harm_to_model,1,user_next,18,]:,8254,92.26644897460938,-3.9008097648620605,-0.04227766222947972,0.029234707355499268,0.0003168508995457743,-3.28059720993042,-0.03555568948831228,-1.589400291442871,-0.01722619987120405,9.278241157531738,0.10055920934038547,-12.337478637695312,-0.13371576314907752,-6.293339729309082,-0.06820832273539576,2.0670037269592285,0.022402549896854092,-14.241352081298828,-0.15435027834676804,-5.668667793273926,-0.06143801843759995,-3.8617161426512827,-3.535755729846678,1.2799374566002826,1.780878380884422,0.2124115805082929,2.753380559905495,2.509944175498336,3.0147218074516102,1.4759786567177904,2.014643337835632,-3.6987359362489807,-4.113969428774781,-3.3904879181255865,-3.7522286734501837
Gemma_2_2B_base,tedious_03,tedious_demand,harm_to_model,1,moderator_next,18,]:,8254,95.26020050048828,-3.3727903366088867,-0.03540608059702329,0.9388689994812012,0.009855836903013749,-4.236409664154053,-0.04447197929351763,-0.7901263236999512,-0.008294401224737095,11.544303894042969,0.12118706273333736,-17.14363670349121,-0.17996641423616713,-7.584531784057617,-0.07961910372022302,1.0695558786392212,0.011227730710410786,-17.949081420898438,-0.18842162127095707,-8.191081047058105,-0.0859863931004021,-3.314010792721997,-2.6726329490900245,0.28413235536368564,2.347359981323287,2.566452419844714,0.2803848786968946,1.5563402493811878,1.9295945803068084,-0.2507805984851076,1.0310700625148943,-2.9933218709060108,-3.4125998198565988,-2.523293034462694,-2.9679464271596463
Gemma_2_2B_base,tedious_04,tedious_demand,harm_to_model,1,assistant_next,27,]:,8254,103.88331604003906,-2.1203603744506836,-0.020410980851183525,2.0593812465667725,0.019823984495961205,-6.526874542236328,-0.06282890064580454,-5.078695297241211,-0.04888845957982091,8.714170455932617,0.08388421536884683,-18.712203979492188,-0.1801271339112824,-11.485026359558105,-0.11055698640897743,-0.776746392250061,-0.007477104330696228,-19.05633544921875,-0.18343980704152718,-12.287280082702637,-0.11827962902114937,-2.014887021926055,-1.6094148460034525,-2.1021690573441414,-0.6921427596261194,-0.3735587222741421,-0.5267171862230576,-1.3243519972267705,-0.079004532975825,-0.7664496147864054,-0.5661749154086382,-1.812150933964754,-1.882077764387812,-1.617082815781389,-1.7495802900846005
Gemma_2_2B_base,tedious_04,tedious_demand,harm_to_model,1,user_next,27,]:,8254,94.23216247558594,-4.832146644592285,-0.05127916538946262,-0.11844611167907715,-0.0012569605596153507,-3.5159707069396973,-0.037311790524287604,-1.3298462629318237,-0.014112445559936777,10.261807441711426,0.10889920354284661,-12.633055686950684,-0.134063098575539,-7.167280197143555,-0.07605980812549519,1.2781167030334473,0.013563486918434956,-14.679388046264648,-0.15577895763633617,-4.691723823547363,-0.049788986056251386,-4.82777565546548,-3.675885318509909,1.034715574439187,1.9648360567317915,1.2341640518092487,2.6012921857267592,1.8644994809970852,2.1564886775241425,1.271977073177676,2.3955864599300156,-4.251830486987695,-5.0327361827303925,-3.5335640527103704,-4.283150117720382
Gemma_2_2B_base,tedious_04,tedious_demand,harm_to_model,1,moderator_next,27,]:,8254,95.983154296875,-4.607564449310303,-0.04800388654720753,0.8417782783508301,0.008770062668988953,-4.535502910614014,-0.04725311377646275,-1.024325966835022,-0.01067193482375867,11.496231079101562,0.11977342444429183,-16.679157257080078,-0.17377171420613663,-7.711643695831299,-0.08034372023219051,0.6387139558792114,0.0066544380684101625,-17.6873722076416,-0.1842757964896082,-7.993954658508301,-0.08328497554667846,-4.594820458605134,-2.764759217781898,-0.02747540749201589,2.18137210480078,2.51651321568651,0.5193815261770427,1.4624623342578282,1.4608800487453426,-0.1288976979894875,1.1079362331739662,-3.679789838193516,-4.698434538136633,-2.6220014150198074,-3.6602179765782203
Gemma_2_2B_base,tedious_05,tedious_demand,harm_to_model,1,assistant_next,33,]:,8254,106.47752380371094,-0.2639268636703491,-0.002478709630371314,3.0858500003814697,0.028981233692757253,-4.838907241821289,-0.04544533972016209,-3.981509208679199,-0.03739295455460654,9.037466049194336,0.08487674887946035,-20.294506072998047,-0.1905989672563248,-11.426960945129395,-0.10731805677782999,-1.0465924739837646,-0.009829233781893123,-19.180551528930664,-0.18013709225892222,-11.815483093261719,-0.11096692213695082,-0.08924089749051246,-0.635431594908157,-0.34357463743863964,0.085482631055663,-0.03771143197039861,-1.340886464477813,-1.2814680536900969,-0.3725710897845574,-0.824299378251268,-0.38220549267638215,-0.36233624619933474,-0.05176405702379117,-0.7845918519619003,-0.4181779544928457
Gemma_2_2B_base,tedious_05,tedious_demand,harm_to_model,1,user_next,33,]:,8254,94.83960723876953,-4.445334434509277,-0.04687213036761783,-0.13292646408081055,-0.0014015923088562883,-2.061640739440918,-0.02173818301725462,-0.16250252723693848,-0.0017134458056940263,10.750133514404297,0.11335067518088313,-13.815838813781738,-0.1456758332939822,-7.022489070892334,-0.07404595269160506,1.301497459411621,0.013723142654259973,-14.641263961791992,-0.15437921336948326,-4.393054008483887,-0.04632087939191768,-4.4265420918041585,-3.6896252600880937,2.549896920023218,2.79218534414336,1.7414490000634106,1.9926943151581349,1.971434298286507,2.1819246894218356,1.2897321760127727,2.512047808125325,-4.058083675946126,-4.582918281250399,-3.546712610944061,-4.06481544609723
Gemma_2_2B_base,tedious_05,tedious_demand,harm_to_model,1,moderator_next,33,]:,8254,100.81819915771484,-3.54056715965271,-0.03511833368610391,1.2920700311660767,0.01281584120685223,-3.1713294982910156,-0.03145592288679894,-0.5984151363372803,-0.005935586445073773,12.315999984741211,0.12216048379791718,-19.103721618652344,-0.18948683648641113,-8.937527656555176,-0.08864994347472686,0.6148881912231445,0.006098980108355683,-18.49770736694336,-0.18347587560065906,-8.12445068359375,-0.0805851597377203,-3.4880427670363603,-2.337491827792191,1.3937770955065885,2.483234368106983,3.3681090041000643,-0.728171532398357,0.5570913992283391,1.4349599106856055,-0.5062860151992135,1.0570514693006892,-2.9127672974142755,-3.3832300256558425,-2.2541972849799228,-2.8187136553178824
Gemma_2_2B_base,tedious_06,tedious_demand,harm_to_model,1,assistant_next,36,]:,8254,94.48574829101562,-1.8080077171325684,-0.019135242614197367,1.257002353668213,0.013303618549928313,-5.003668308258057,-0.05295685750243289,-4.0630059242248535,-0.04300125677907335,9.248529434204102,0.09788279821543751,-16.140527725219727,-0.17082499760182862,-8.99648380279541,-0.09521524637859972,2.2330193519592285,0.023633398606121424,-17.507041931152344,-0.18528764652665652,-10.297761917114258,-0.10898746216622218,-1.690889054571466,-2.3707664213059223,-0.5152295575204063,0.027722223841121767,0.18154632289940462,0.796531900306795,0.5135496098278665,3.195330823875259,-0.04491449819239833,0.2096047453991924,-2.030827737938694,-1.7518655256026785,-2.209853156984717,-1.980859341293698
Gemma_2_2B_base,tedious_06,tedious_demand,harm_to_model,1,user_next,36,]:,8254,94.5584487915039,-4.534877300262451,-0.04795845699903138,0.5402945280075073,0.00571386835246025,-3.2279176712036133,-0.03413674518203012,-0.802897572517395,-0.00849101886482655,11.200705528259277,0.11845272073948894,-13.450644493103027,-0.1422468818493517,-6.042593002319336,-0.06390325856172742,3.313507318496704,0.03504189589449381,-15.655677795410156,-0.16556614449048387,-4.764687538146973,-0.05038880818204666,-4.5194233457823705,-3.050827470926992,1.3348211873605758,2.338308419829124,2.2095141178498894,2.180604068744403,2.695132012148256,4.370797704742175,0.8173005836907791,2.3671354677539154,-3.7851254083546815,-4.693797628303948,-2.899841855692407,-3.7968197419981777
Gemma_2_2B_base,tedious_06,tedious_demand,harm_to_model,1,moderator_next,36,]:,8254,93.83834838867188,-3.936363935470581,-0.04194835057375943,0.6155126094818115,0.006559286475635753,-3.855186939239502,-0.041083277843633685,-0.9248147010803223,-0.009855402582852422,11.65469741821289,0.12419972877122633,-15.5074462890625,-0.16525702503662726,-6.562294960021973,-0.06993191027661107,2.516580104827881,0.02681824806212895,-17.072729110717773,-0.1819376555947439,-7.338584899902344,-0.07820454031763686,-3.8985958641399554,-2.9794554478983013,0.681306018983269,2.2519002382837296,2.6811318857338,1.1222822472652434,2.3113085325555778,3.503817622463986,0.1573531469479707,1.3634868171439691,-3.4390256560191284,-4.080357198063033,-2.8229843919423665,-3.4516707950026997
Gemma_2_2B_base,tedious_07,tedious_demand,harm_to_model,1,assistant_next,34,]:,8254,107.04630279541016,0.2782928943634033,0.002599743168106276,4.970061302185059,0.046429079495477546,-5.4808549880981445,-0.05120078736930603,-4.111264228820801,-0.038406410323935825,10.174424171447754,0.09504694609484453,-19.715744018554688,-0.1841795886798254,-10.205292701721191,-0.09533531224544792,-0.008723258972167969,-8.149052087151578e-05,-19.71404266357422,-0.1841636950437442,-11.639422416687012,-0.10873259620122142,0.4731942070186631,1.1524360266448466,-1.0123824539145923,-0.006480618645012226,1.143388194830041,-1.0430860090013605,-0.37921061720549265,0.7565306926508538,-1.0727562287758354,-0.31355354753853515,0.8128151168317548,0.4665842132425392,0.8016021738556487,0.6340931935490939
Gemma_2_2B_base,tedious_07,tedious_demand,harm_to_model,1,user_next,34,]:,8254,94.02922058105469,-4.467989921569824,-0.0475170366611552,0.4884599447250366,0.005194767559558535,-2.5552351474761963,-0.02717490511658068,-0.24897801876068115,-0.0026478792148027872,10.80942440032959,0.11495814102821042,-12.843377113342285,-0.13658921167246185,-6.167026519775391,-0.06558627713455643,2.2808871269226074,0.02425721613800304,-14.730454444885254,-0.15665826382329062,-5.028249740600586,-0.0534753953029543,-4.450042233663268,-3.1000116431261047,2.03564977112764,2.7308962532757546,1.8030418079851631,2.4930718625472865,2.6032322127727325,3.2474063544436884,1.2481944913408007,2.2643637516883017,-3.7750269383946864,-4.648742672064699,-2.94703361711716,-3.79788814459093
Gemma_2_2B_base,tedious_07,tedious_demand,harm_to_model,1,moderator_next,34,]:,8254,103.5544204711914,-3.8157577514648438,-0.03684784999136158,2.292565107345581,0.022138746920836345,-3.4663102626800537,-0.03347332008530117,0.3319530487060547,0.003205590328212046,13.987485885620117,0.13507376915417535,-18.936431884765625,-0.18286454405906985,-7.736258506774902,-0.07470717784497777,1.4863643646240234,0.014353461280173225,-19.51956558227539,-0.1884957251796478,-7.772298812866211,-0.07505521036669262,-3.7734931715495885,-1.3881541656561411,1.086453887227334,3.1426283678253215,5.104489029968988,-0.642093050636255,1.4442831793674868,2.383042083761651,-0.982184596032583,1.1943672594005799,-2.5808236686028647,-3.5597585513313152,-1.4066463887841123,-2.483202470057714
Gemma_2_2B_base,tedious_08,tedious_demand,harm_to_model,1,assistant_next,18,]:,8254,103.97681427001953,0.9805762767791748,0.009430720528065959,4.211915016174316,0.04050821373730789,-6.14182186126709,-0.0590691482941309,-5.612530708312988,-0.053978675416402846,7.933845043182373,0.07630398275695202,-18.668611526489258,-0.1795459079752949,-10.699174880981445,-0.10289962195991635,-0.3696885108947754,-0.003555489880029635,-19.5329647064209,-0.18785884952865875,-13.808343887329102,-0.13280214424987025,1.201660519305801,0.43305535216221186,-1.701005186482628,-1.070496053039207,-1.1841796552206825,-0.5042868070025437,-0.743965018729125,0.36383525140635237,-0.9884248200378138,-1.159288556103249,0.8173579357340064,1.1638094192787216,0.26333275082967544,0.7135710850541985
Gemma_2_2B_base,tedious_08,tedious_demand,harm_to_model,1,user_next,18,]:,8254,88.33259582519531,-2.994446039199829,-0.03389967215642174,0.6236811280250549,0.007060600021981477,-3.0932767391204834,-0.035018519610154834,-0.8481295108795166,-0.00960154632563852,8.149399757385254,0.09225812602079991,-11.03324031829834,-0.12490565023281364,-5.477388381958008,-0.062008688081548254,2.3486666679382324,0.026588901254369305,-13.546582221984863,-0.15335881500406376,-5.048543453216553,-0.057153799297456453,-2.9215608472877554,-2.9717046028600933,1.4750957008502912,2.3062504999312896,-0.9602561988355828,3.424472872513685,3.112561273003709,3.321143969421064,1.799546041206529,2.2564505545323006,-2.9466327250739246,-3.2588435006614116,-2.777409679667513,-3.0181265901644623
Gemma_2_2B_base,tedious_08,tedious_demand,harm_to_model,1,moderator_next,18,]:,8254,97.11295318603516,-3.4158074855804443,-0.035173551761286954,1.5449990034103394,0.015909298942342432,-4.127436637878418,-0.04250140174371655,-0.40169692039489746,-0.004136388681594141,12.219812393188477,0.1258309215432827,-16.9427433013916,-0.17446429899969274,-7.516356468200684,-0.07739808358831307,1.5023133754730225,0.015469752758883818,-18.549312591552734,-0.1910076048868435,-8.63729476928711,-0.08894070755670473,-3.358631731592319,-2.097495644988627,0.397664978822343,2.6226574624399666,3.268187004984915,0.38375403738339015,1.606690813905154,2.400393072033796,-0.5303195384284698,0.8570764111544695,-2.728063688290473,-3.3888660323087247,-1.972969204755336,-2.6809176185320305
Gemma_2_2B_base,tedious_09,tedious_demand,harm_to_model,1,assistant_next,31,]:,8254,98.30030822753906,-1.1658382415771484,-0.011859965269676908,1.5362260341644287,0.0156278862382453,-4.761251449584961,-0.04843577335041443,-4.23777437210083,-0.043110489158299584,9.877849578857422,0.10048645581042155,-18.543212890625,-0.18863840027543347,-9.970492362976074,-0.10142890233769193,0.0794222354888916,0.0008079551012703872,-18.481834411621094,-0.18801400265033313,-11.32736873626709,-0.11523228096139072,-1.0247778501285396,-2.105820033895874,-0.2626696087295119,-0.09614407739545633,0.8352993270248833,-0.43976327684053573,-0.2057999119137948,0.8524245041929188,-0.49889368150931573,-0.19187338269399445,-1.5652989420122068,-1.0092914431241524,-1.9985526008418855,-1.503922021983019
Gemma_2_2B_base,tedious_09,tedious_demand,harm_to_model,1,user_next,31,]:,8254,95.72645568847656,-5.365577220916748,-0.05605114262642286,-0.15356308221817017,-0.0016041864405584162,-2.5518693923950195,-0.026657932481064486,0.19711190462112427,0.002059116293437075,12.629317283630371,0.1319313160901942,-13.766632080078125,-0.14381219884374488,-6.484508037567139,-0.06773997836783731,1.3621387481689453,0.014229491088667957,-15.295862197875977,-0.15978719872020994,-3.936793804168701,-0.04112545247658853,-5.381093894976706,-3.7092066846081684,2.0391563545212104,3.047060352114834,3.693590600603076,2.018013507383925,2.368757704722259,2.247896573195564,0.9848734716501791,2.6899589187982285,-4.545150289792437,-5.519803060120719,-3.5651305637965276,-4.542466811958623
Gemma_2_2B_base,tedious_09,tedious_demand,harm_to_model,1,moderator_next,31,]:,8254,98.08387756347656,-4.504156589508057,-0.0459214776311542,0.8935537338256836,0.009110097969438513,-3.638960361480713,-0.037100494514255934,-0.4488346576690674,-0.004576028893011462,13.039260864257812,0.13293989989149077,-18.115800857543945,-0.18469702980308883,-7.839001655578613,-0.07992140859750857,0.5653846263885498,0.005764297256933506,-18.02602195739746,-0.1837817020002256,-7.096566200256348,-0.0723520151990697,-4.487557287956664,-2.7156311500614447,0.9065798456672173,2.589248816681686,4.11944991820808,-0.21983956700079316,1.3684027015404,1.3811047982271216,-0.2866132527409094,1.4578580010657791,-3.601594219009054,-4.485886917344133,-2.591088603877467,-3.5384877606108
Gemma_2_2B_base,tedious_10,tedious_demand,harm_to_model,1,assistant_next,32,]:,8254,101.22167205810547,-0.06608110666275024,-0.0006528355570417462,3.4786972999572754,0.034367119503423714,-5.008578300476074,-0.04948128398433234,-5.459936618804932,-0.05394039149709659,9.016382217407227,0.0890756103320586,-18.121349334716797,-0.17902637810917,-11.238905906677246,-0.11103260475904453,-1.2497377395629883,-0.012346543128092042,-18.13373374938965,-0.17914872754700326,-11.887924194335938,-0.11744445584253708,0.11598105794464726,-0.26267140264425876,-0.5203449912816304,-0.9623457222006595,-0.059613826938053956,-0.22269452097814932,-1.1425808739443966,-0.5935735804078616,-0.3367766591499339,-0.41045270036311526,-0.07334517234980575,0.13459952755422086,-0.2949577737376017,-0.08017912309169041
Gemma_2_2B_base,tedious_10,tedious_demand,harm_to_model,1,user_next,32,]:,8254,91.7997055053711,-4.513521194458008,-0.049167055271151464,0.5728408694267273,0.006240116635158607,-1.932663917541504,-0.021053051389455995,0.024300813674926758,0.00026471559512252407,10.946617126464844,0.11924457781429779,-11.276183128356934,-0.12283463292479928,-5.777019500732422,-0.06293069753251458,1.6247467994689941,0.017698823656617634,-13.961568832397461,-0.1520872943495509,-3.406588315963745,-0.037108924230311716,-4.497271029452939,-3.0199452922840053,2.6842703283432043,2.9245813182370846,1.9455609337704893,3.2994673042758684,2.8912700946702103,2.5335888497522605,1.6062789753875837,2.8967037683364314,-3.758608160868472,-4.8171570152393,-2.8520003117246846,-3.8345786634819925
Gemma_2_2B_base,tedious_10,tedious_demand,harm_to_model,1,moderator_next,32,]:,8254,97.677001953125,-3.9929327964782715,-0.04087894506011223,1.4194328784942627,0.014531904646043965,-3.7173964977264404,-0.03805805280049864,-0.5967469215393066,-0.006109390231138383,12.82393741607666,0.13128922018133646,-17.6934757232666,-0.18114269858280116,-8.39136028289795,-0.08590927357624005,0.740267276763916,0.007578726434695127,-18.086063385009766,-0.18516194214979317,-7.3337721824646,-0.07508187225058426,-3.9572737577087933,-2.2166413102791616,0.8248618221683214,2.484416707363321,3.895766706566044,-0.002533307232418354,0.9604607894915527,1.5713602845637584,-0.31457567430114597,1.3653634566067272,-3.0869575339939774,-3.9712049581567213,-2.0981889383939243,-3.0346969482753225
Gemma_2_2B_base,tedious_11,tedious_demand,harm_to_model,1,assistant_next,24,]:,8254,104.18181610107422,-0.45598912239074707,-0.004376859028339067,3.947481870651245,0.037890315396513254,-5.35996150970459,-0.05144814815384394,-4.688526630401611,-0.045003310614713576,10.092671394348145,0.09687555633083343,-19.257349014282227,-0.1848436678776966,-9.693408966064453,-0.093043194377224,-0.5765275955200195,-0.0055338601024260215,-19.186908721923828,-0.18416753940351008,-11.597906112670898,-0.11132370836594883,-0.28846373095456174,0.1821432286155744,-0.8864306084886787,-0.41561258380099475,1.058461430481964,-0.8072200948274227,-0.001161249380932999,0.13881424129279724,-0.8272600425373086,-0.29736495232754845,-0.053160251169493675,-0.24550465011123965,0.025338057655649896,-0.11008329622779488
Gemma_2_2B_base,tedious_11,tedious_demand,harm_to_model,1,user_next,24,]:,8254,92.20059204101562,-5.145802021026611,-0.05581094336940364,-0.5764260292053223,-0.006251869065535913,-1.9825992584228516,-0.0215031076757174,0.07822859287261963,0.0008484608519413789,11.466767311096191,0.12436761041615846,-11.689902305603027,-0.12678771412229925,-5.179137229919434,-0.056172494289575534,1.875338077545166,0.020339761774099217,-14.142902374267578,-0.15339275010269,-3.9193379878997803,-0.04250881584530666,-5.15312491065386,-4.110447761205649,2.6322456168405437,2.9628023737210896,2.4859055400701853,3.0865892165067477,3.3328332832805514,2.8062080339867714,1.5218285360422026,2.69676552527132,-4.631786335929755,-5.4952863668805065,-3.9876541519225723,-4.74147025940154
Gemma_2_2B_base,tedious_11,tedious_demand,harm_to_model,1,moderator_next,24,]:,8254,98.57186889648438,-3.9109296798706055,-0.03967592096663687,1.3459079265594482,0.013654077391723784,-3.5931975841522217,-0.03645256627857621,-0.6746847629547119,-0.006844597454708247,13.419778823852539,0.1361420755646357,-17.847749710083008,-0.18106331867184025,-7.409773826599121,-0.07517128273565071,1.166943073272705,0.011838500033900898,-18.69516372680664,-0.1896602340617021,-7.820431709289551,-0.07933735858759264,-3.872213354106828,-2.2864067770368797,0.9542574072109004,2.4291786351608375,4.5147411881956145,-0.0819145714140877,1.6854069313978233,2.0355424718682924,-0.598245153977508,1.1755986335559627,-3.079310065571854,-3.8484145173105233,-2.1779927355071127,-3.013203626408818
Gemma_2_2B_base,tedious_12,tedious_demand,harm_to_model,1,assistant_next,28,]:,8254,101.64559936523438,-0.9396395087242126,-0.009244271415507984,2.6468067169189453,0.026039560329694185,-5.867953300476074,-0.057729536124739286,-4.39054012298584,-0.04319459130945443,9.249072074890137,0.09099333500564293,-19.48635482788086,-0.1917087896531774,-10.909039497375488,-0.10732426750888621,0.5609831809997559,0.005519011000014111,-19.617568969726562,-0.19299968805571643,-11.210341453552246,-0.11028850755526654,-0.7901458470209277,-1.05202567340222,-1.4156775485146362,-0.20441607241358986,0.18211003118312977,-0.9250544190939295,-0.8989595614932565,1.3763164494044582,-1.0278266159381733,-0.14624053185599561,-0.9210857602115738,-0.7423124165077813,-1.052021124730334,-0.8971667706190576
Gemma_2_2B_base,tedious_12,tedious_demand,harm_to_model,1,user_next,28,]:,8254,93.19530487060547,-4.41305685043335,-0.04735278087839876,-0.09197479486465454,-0.0009869037393284404,-3.3191909790039062,-0.03561543130968184,-1.2275631427764893,-0.013171941917898831,10.402825355529785,0.1116239210759953,-13.541582107543945,-0.1453032652915873,-6.616796493530273,-0.07099924725518295,2.481445789337158,0.026626296172135015,-15.306905746459961,-0.164245460302023,-4.413553714752197,-0.04735811230919924,-4.393061116417205,-3.65076753570759,1.2397288655220868,2.0373287287590016,1.3806568751798503,2.1338123642908453,2.271056676805859,3.4655948698556243,0.9797302834665085,2.5040542871559968,-4.021914326062397,-4.631977388571553,-3.5090130267663207,-4.0704952076689365
Gemma_2_2B_base,tedious_12,tedious_demand,harm_to_model,1,moderator_next,28,]:,8254,95.67131805419922,-3.841768264770508,-0.04015590401497436,1.2675143480300903,0.013248634740372498,-3.6660263538360596,-0.038318969868892175,-0.10178327560424805,-0.001063884951878538,12.302238464355469,0.12858857507728771,-16.986225128173828,-0.17754772771658564,-7.069772720336914,-0.07389647037507922,2.0810744762420654,0.021752334122365765,-17.95779037475586,-0.1877029682457443,-6.635587692260742,-0.06935817157344465,-3.8004734236570705,-2.360791927288421,0.8783813710204548,2.835219823221252,3.3538132035127988,0.3613805805866255,1.9365131774620143,3.030029427974178,-0.254836522016479,1.6376089361203325,-3.0806326754727458,-3.8974054979764228,-2.2148517677714152,-3.056128632873919
Gemma_2_2B_base,tedious_13,tedious_demand,harm_to_model,1,assistant_next,35,]:,8254,104.53081512451172,-0.29601365327835083,-0.00283183148362284,2.4869472980499268,0.023791523055546857,-5.506356716156006,-0.05267687532711878,-5.1758131980896,-0.04951471192417698,8.73300552368164,0.08354479502794783,-18.604215621948242,-0.17797828898385476,-10.562403678894043,-0.10104583673544162,-0.8240401744842529,-0.00788322729046644,-17.716190338134766,-0.16948294449854,-11.436529159545898,-0.10940820796167422,-0.12252396510129654,-1.2037111445182351,-1.0389512130661918,-0.760974607182993,-0.35399239783904196,-0.47115206785386754,-0.6429532793750523,-0.13045561471750822,-0.14231884311333562,-0.23443868197580767,-0.6631175548097659,-0.08780655049366075,-1.256391528640696,-0.6720990395671783
Gemma_2_2B_base,tedious_13,tedious_demand,harm_to_model,1,user_next,35,]:,8254,95.06976318359375,-4.939892292022705,-0.051960708921542635,-1.0846412181854248,-0.011408897864727216,-2.5892345905303955,-0.027235100875661184,-0.584304690361023,-0.006146062331433858,10.77772045135498,0.11336643839683928,-13.332952499389648,-0.14024388041907446,-6.666358947753906,-0.07012070635834217,1.5773077011108398,0.016591055329177855,-14.55882453918457,-0.15313832759916873,-4.530561447143555,-0.04765512498852418,-4.9395383376161455,-4.592676840443855,2.000227739658009,2.4932350791799442,1.7701069781360255,2.241162166955394,2.234452555240952,2.4819796780583854,1.3281257649030345,2.4584290596428735,-4.76610758903,-5.1023000686191775,-4.456482703294281,-4.779391385956729
Gemma_2_2B_base,tedious_13,tedious_demand,harm_to_model,1,moderator_next,35,]:,8254,99.28563690185547,-4.313275337219238,-0.04344309481020846,0.45336616039276123,0.004566281433445573,-3.951244831085205,-0.039796741546725814,-0.8078157901763916,-0.008136280487125475,12.24153995513916,0.12329618197685538,-17.924022674560547,-0.18052986548576574,-8.035472869873047,-0.08093288335165907,0.7881709337234497,0.007938418469355866,-17.89102554321289,-0.18019752001891565,-7.745290756225586,-0.07801018352616158,-4.289559491880002,-3.133311008576986,0.5812289188248692,2.3348226565949695,3.290758122433264,-0.12116061974701851,1.223299794013089,1.6234748512893737,-0.22374288485219418,1.2048986038145908,-3.711435250228494,-4.232922973546106,-3.0041696641582316,-3.618546318852169
Gemma_2_2B_base,tedious_14,tedious_demand,harm_to_model,1,assistant_next,24,]:,8254,98.23332214355469,-0.7302201986312866,-0.0074335284880640475,1.4221802949905396,0.014477575062688156,-6.163356304168701,-0.06274201227931385,-5.813224792480469,-0.05917772773667604,7.82947301864624,0.07970282229898044,-16.944543838500977,-0.17249283103485824,-10.731111526489258,-0.10924105275404605,0.03702199459075928,0.000376878169066263,-17.93032455444336,-0.18252792599481285,-12.178263664245605,-0.12397283730716878,-0.5729188466890395,-2.2140343749572513,-1.7234406632322283,-1.2127370249538258,-1.2926038414903647,0.3828275758658157,-0.7675516807065277,0.8062971242867356,-0.24204517316589902,-0.5236657684222528,-1.3934766108231453,-0.5574932399627268,-2.1031280730881745,-1.3303106565254508
Gemma_2_2B_base,tedious_14,tedious_demand,harm_to_model,1,user_next,24,]:,8254,92.95083618164062,-4.805367469787598,-0.05169794772364554,0.15727651119232178,0.001692039766968622,-3.050200939178467,-0.032815207097415366,-0.6709448099136353,-0.007218276214347368,11.070353507995605,0.11909902011384152,-12.44886589050293,-0.1339295739758153,-6.617897987365723,-0.07119783166267922,2.121485471725464,0.022823737352719947,-14.98358154296875,-0.1611989967867364,-3.7267441749572754,-0.04009371327950862,-4.799998084182277,-3.414260972296944,1.5199738577863704,2.4318293089845553,2.0741012829593974,2.696066549137663,2.2702431736231103,3.0739927003887906,1.1303084432169297,2.7718642931350637,-4.107129528239611,-5.075480519865294,-3.265468681336089,-4.170474600600691
Gemma_2_2B_base,tedious_14,tedious_demand,harm_to_model,1,moderator_next,24,]:,8254,95.77357482910156,-4.0418620109558105,-0.042202267359948836,0.8520951271057129,0.008896975273463396,-4.036404609680176,-0.04214528503172967,-0.6484193801879883,-0.006770337030282396,12.152713775634766,0.1268900508028449,-16.25078010559082,-0.16967916395089902,-8.065110206604004,-0.08421018241195855,1.4189834594726562,0.014816022707773949,-17.23359489440918,-0.1799410215726083,-6.933105945587158,-0.07239059373066734,-4.008027179085433,-2.7549698911667466,0.4925059255532105,2.447794099527642,3.1984833363973317,0.7398018350929428,1.20141127590894,2.3097381462249063,0.08243492736061546,1.5215966203536926,-3.3814985351260898,-4.106274014096514,-2.610463714761881,-3.3583688644291976
Gemma_2_2B_base,tedious_15,tedious_demand,harm_to_model,1,assistant_next,31,]:,8254,100.55792999267578,-0.01971915364265442,-0.00019609744993846512,3.6232361793518066,0.0360313321845001,-4.607530117034912,-0.0458196595471934,-4.650091171264648,-0.04624290865577028,9.34219741821289,0.09290363692742419,-18.048641204833984,-0.17948501133772912,-9.326786041259766,-0.09275037823410934,-0.14241790771484375,-0.0014162772416378983,-17.921831130981445,-0.17822394645839265,-10.730109214782715,-0.10670574877152156,0.16407150375699614,-0.12552309964996192,-0.10251634179330762,-0.38837163603561925,0.27885089269012164,-0.18528274867948413,0.2696064177624266,0.6110837866110165,-0.23808962619148008,0.0410180766581081,0.01927420205351711,0.18121794012520626,-0.14366321037083885,0.018777364877183705
Gemma_2_2B_base,tedious_15,tedious_demand,harm_to_model,1,user_next,31,]:,8254,95.83067321777344,-4.528237819671631,-0.04725248887046107,0.2459350824356079,0.0025663503571213045,-2.005923271179199,-0.020931954287963475,-0.22091138362884521,-0.0023052262517954786,11.64649772644043,0.12153204538148217,-13.58818244934082,-0.1417936657761125,-6.122139930725098,-0.06388497257879686,1.077134609222412,0.01123997748377123,-14.759832382202148,-0.15401991749197777,-4.8208513259887695,-0.050305931953889896,-4.51253632828687,-3.3301356999629474,2.6079456919112918,2.750788346638077,2.6726138473797243,2.1098342839970106,2.636382995718576,1.9378395095197662,1.2345126336553107,2.3452353287980556,-3.9213360141249085,-4.621740769093347,-3.18598458625124,-3.9038626776722936
Gemma_2_2B_base,tedious_15,tedious_demand,harm_to_model,1,moderator_next,31,]:,8254,98.46489715576172,-3.1374661922454834,-0.03186380408525002,1.5880073308944702,0.01612764931224576,-3.6699953079223633,-0.0372721184293403,-1.63486909866333,-0.01660357290656719,12.19696044921875,0.12387115410199806,-18.145957946777344,-0.1842885989925144,-7.890052318572998,-0.0801306104661006,0.7357213497161865,0.007471915078043987,-18.14769744873047,-0.18430626520660057,-7.990505218505859,-0.08115080043059072,-3.069913159303917,-2.0566864235958757,0.87424634985783,1.7486525813165616,3.2444478522702886,-0.2353568159990669,1.3306994702640815,1.566414753606512,-0.3432798164370933,1.1092812851776908,-2.5632997914498965,-3.051046217697855,-1.9531188429289086,-2.502082530313382
Gemma_2_2B_base,tedious_16,tedious_demand,harm_to_model,3,assistant_next,37,]:,8254,91.77433776855469,-1.9677250385284424,-0.021440906972173854,2.3618321418762207,0.025735213124964358,-4.991611480712891,-0.05439005719988102,-1.7853243350982666,-0.0194534156116786,8.431901931762695,0.09187646717786264,-12.410778045654297,-0.13523146390827667,-7.76000452041626,-0.08455527666117496,-0.44528353214263916,-0.004851939474252572,-14.463641166687012,-0.1576000603040341,-4.968922138214111,-0.05414282749438318,-1.8565610482977113,-1.3224289000451224,-0.5026682539705813,1.6420181523600512,-0.6667860998083662,2.7156645470661007,1.4267456707104653,0.2815951463915292,1.3724544508311536,2.2874975677307954,-1.5894949741714168,-1.9872004158137517,-1.0796895098923265,-1.533444962853039
Gemma_2_2B_base,tedious_16,tedious_demand,harm_to_model,3,user_next,37,]:,8254,81.09132385253906,-1.3658488988876343,-0.016843341975417363,1.6367073059082031,0.020183507040586513,-3.3916313648223877,-0.0418248365384923,-0.6178870797157288,-0.007619644745710758,6.875371932983398,0.0847855430931915,-9.083089828491211,-0.11201062452758082,-4.786487102508545,-0.05902588433767042,0.12682688236236572,0.0015640006394888155,-11.265670776367188,-0.1389257227672507,-3.3821065425872803,-0.04170737856909932,-1.2322454189152334,-2.010476580562799,1.1642574637687118,2.46943372140279,-2.2837471511250382,4.427917551814142,3.622823220650747,0.9039961959883661,2.8618093803756883,2.906250030428666,-1.6213609997390162,-1.5179354727153012,-1.5843984076957516,-1.5511669402055264
Gemma_2_2B_base,tedious_16,tedious_demand,harm_to_model,3,moderator_next,37,]:,8254,94.68339538574219,-2.1319265365600586,-0.02251637182923726,2.1891613006591797,0.023120857587969775,-5.416926860809326,-0.05721094853792103,-2.7808828353881836,-0.02937033282402693,10.712953567504883,0.11314500841314445,-19.296655654907227,-0.20380189764311088,-10.563750267028809,-0.11156919567567114,-0.774436354637146,-0.008179220353073268,-19.029216766357422,-0.20097733809430876,-8.6472806930542,-0.09132837555967434,-2.0268844002922477,-1.486270718583608,-0.9457794765361314,0.9364208286196849,1.7028255709785087,-0.8274452208382016,-0.64394779582011,-0.07649143445771733,-0.7538199343726869,0.853182565555631,-1.7565775594379278,-2.096971121678766,-1.31736212466849,-1.707166623173628
Gemma_2_2B_base,tedious_17,tedious_demand,harm_to_model,3,assistant_next,43,]:,8254,89.04771423339844,-1.633218765258789,-0.01834093979075131,2.6302490234375,0.029537524304593468,-5.134486198425293,-0.05765994380234794,-2.2949142456054688,-0.025771736707248718,7.815361976623535,0.0877660032478665,-11.94110107421875,-0.13409778316061585,-6.2715229988098145,-0.07042879261753811,-0.9036654233932495,-0.010148103532727387,-13.767959594726562,-0.1546132847232896,-5.158977031707764,-0.05793497425645122,-1.5095835212381368,-1.0677367372487954,-0.6515210672050704,1.2808487414673055,-1.3072627336171474,2.957335567041366,2.5260568210049663,-0.2170802194072299,1.6964464370386825,2.2133888094597847,-1.288660129243466,-1.6707925077094428,-0.7340191420073326,-1.2024058248583878
Gemma_2_2B_base,tedious_17,tedious_demand,harm_to_model,3,user_next,43,]:,8254,80.00299835205078,-1.8754088878631592,-0.023441732516204943,1.177565336227417,0.014719015042980968,-3.622715473175049,-0.04528224626323877,-1.0141584873199463,-0.012676505983652919,7.555461883544922,0.09443973399968511,-9.083771705627441,-0.11354289080084946,-3.9613585472106934,-0.04951512604288723,0.9971827864646912,0.012464317675652835,-11.739604949951172,-0.14673956216355036,-3.3783836364746094,-0.042228212767828205,-1.7608031142165241,-2.4461416572463897,0.9235044448104025,2.18857825725986,-1.577253243322244,4.427566693771204,4.232218102682175,1.85085962392436,2.6410893262302433,2.907701716013277,-2.103472385731457,-2.191420972941724,-2.08117862106618,-2.136299797003952
Gemma_2_2B_base,tedious_17,tedious_demand,harm_to_model,3,moderator_next,43,]:,8254,95.23281860351562,-2.153446674346924,-0.02261244291542398,2.691671371459961,0.028264115364118762,-5.655876159667969,-0.059389990158909105,-3.216275691986084,-0.033772765934571965,10.641890525817871,0.11174604177288326,-19.373409271240234,-0.20343206843323489,-9.978254318237305,-0.1047774755022209,-0.9384033679962158,-0.009853781309393836,-18.965518951416016,-0.19914898277216256,-8.604646682739258,-0.09035379619039867,-2.049206864138086,-1.0094550428528422,-1.1947267775352788,0.6278382246826101,1.629003562609826,-0.8669385872881121,-0.21153246810807572,-0.2548717586513278,-0.724154664496717,0.869806991827819,-1.529330953495464,-2.1067769194923094,-0.8497855051814451,-1.4782812123368774
Gemma_2_2B_base,tedious_18,tedious_demand,harm_to_model,1,assistant_next,38,]:,8254,106.38817596435547,0.16603553295135498,0.0015606577652669212,3.8466694355010986,0.036156926280885716,-4.90032958984375,-0.04606084788487742,-4.422672748565674,-0.04157109291964415,9.35218620300293,0.08790625573030134,-19.155988693237305,-0.18005749717577046,-9.347987174987793,-0.08786678679517697,0.11462318897247314,0.0010774053407107643,-18.804359436035156,-0.17675234362825631,-11.447324752807617,-0.10759959599874101,0.3567516025907745,0.08648554495645841,-0.40756698993458795,-0.2271899170518302,0.2892274841905388,-0.7550654147776938,0.2539484184068474,0.890719752521769,-0.6490996485397096,-0.23864824478536295,0.22161857377361643,0.3605266908841083,-0.13224537646645193,0.1141406572088282
Gemma_2_2B_base,tedious_18,tedious_demand,harm_to_model,1,user_next,38,]:,8254,94.11375427246094,-4.529892921447754,-0.048132103075323465,-0.2680002450942993,-0.0028476203841410258,-1.9923667907714844,-0.021169772751850363,-0.33397817611694336,-0.0035486648970571378,10.437102317810059,0.11089879899588818,-11.294168472290039,-0.12000550354832544,-4.750319480895996,-0.050474232141921996,2.446652412414551,0.02599675713000939,-13.556550979614258,-0.14404431195431658,-4.268784523010254,-0.045357711590720835,-4.5142531365120115,-3.8177924350559946,2.6220693960806223,2.670652798440481,1.4162646135518182,3.290212994021664,3.649534650481194,3.427743025584644,1.7949034033754487,2.560504635992985,-4.166022785784003,-4.711521361664533,-3.678171882198252,-4.194846621931393
Gemma_2_2B_base,tedious_18,tedious_demand,harm_to_model,1,moderator_next,38,]:,8254,100.07969665527344,-3.717578887939453,-0.03714618461269652,1.3655303716659546,0.01364442956266696,-2.6332204341888428,-0.026311235167498802,-0.015696048736572266,-0.00015683549472214755,12.842781066894531,0.12832553950609735,-16.831710815429688,-0.16818307187127934,-6.490307331085205,-0.06485138892298206,1.4921185970306396,0.014909303753889989,-17.568546295166016,-0.175545559012646,-6.765147686004639,-0.0675976038307483,-3.6716539476014676,-2.267787668751072,1.954401461392096,2.8962337333715578,3.9153419473008864,0.4408855038267846,2.364474663289968,2.389302134616696,-0.07355823673655125,1.5870891621673362,-2.9697208081762696,-3.590209013522454,-2.1788698253774084,-2.884539419449931
Gemma_2_2B_base,tedious_19,tedious_demand,harm_to_model,3,assistant_next,48,]:,8254,83.98822021484375,-1.7504620552062988,-0.020841756745512377,3.3753325939178467,0.04018816668913414,-3.270059108734131,-0.03893473513749007,0.12245547771453857,0.0014580077706289611,8.070651054382324,0.09609265482394339,-11.158649444580078,-0.13285969646738557,-5.881741523742676,-0.07003055319778237,-1.4171581268310547,-0.01687329631710176,-12.3662109375,-0.14723744479722223,-3.4131453037261963,-0.040638381132440886,-1.6311979424347218,-0.3607508542229345,1.2909164879805923,2.99414796674525,-1.0420622582737578,3.359943944535632,2.8139281284412148,-0.7757108429321078,2.349267138237866,2.8941469795469352,-0.9959743983288282,-1.9260462619910055,0.23423708357460435,-0.8459045892082006
Gemma_2_2B_base,tedious_19,tedious_demand,harm_to_model,3,user_next,48,]:,8254,83.99717712402344,-1.5280284881591797,-0.018191426670244124,2.848712921142578,0.033914388776856146,-3.478065013885498,-0.04140692738697717,-0.862593412399292,-0.010269314302380142,7.609801292419434,0.09059591706496775,-11.210415840148926,-0.13346181650362526,-6.565862655639648,-0.07816765849101127,-1.2380692958831787,-0.014739415516966073,-12.831182479858398,-0.15275730589032668,-3.3462917804718018,-0.03983814569781242,-1.4004714801933595,-0.8604433573548819,1.0742072993507863,2.295999278933,-1.5208041496519873,3.3333076851948156,2.308673627441583,-0.5808794370933081,2.1327211499430367,2.920215403797168,-1.1304574187741208,-1.655531980444081,-0.33611579300858546,-0.9958238867263332
Gemma_2_2B_base,tedious_19,tedious_demand,harm_to_model,3,moderator_next,48,]:,8254,96.6121826171875,-2.2417654991149902,-0.023203755865838144,3.6344892978668213,0.03761936848345499,-4.901679039001465,-0.05073562056271614,-2.067131280899048,-0.021396176185044607,11.374673843383789,0.11773539873800773,-19.734493255615234,-0.20426505975763382,-10.081048965454102,-0.10434552550581404,-1.2405965328216553,-0.012840994781552017,-19.2755184173584,-0.19951436656529117,-7.9485063552856445,-0.08227229879259129,-2.140818441736597,-0.11484537671345524,-0.40897290209776793,1.442288827854688,2.3902366159322455,-1.0527333784057644,-0.2874509798502003,-0.5836288275662095,-0.8685272434783775,1.1256580463587866,-1.1278319092250262,-2.1671311370455664,0.000706112849047127,-1.0832125120982596
Gemma_2_2B_base,tedious_20,tedious_demand,harm_to_model,3,assistant_next,68,]:,8254,80.36136627197266,-0.683713436126709,-0.008507986708597875,3.3483333587646484,0.0416659585830416,-4.24036979675293,-0.052766273067109716,-1.133155345916748,-0.014100747641369489,7.145883560180664,0.08892187741055005,-12.522915840148926,-0.15583254020055776,-7.096874237060547,-0.0883120156648668,-2.011850357055664,-0.025035044205779386,-10.679997444152832,-0.13289964991396191,-3.175111770629883,-0.03951042544354121,-0.5246781925223625,-0.3863695617908666,0.2800065247929403,2.1042398030806604,-2.0027331228382024,2.657964347095763,1.9164974775075883,-1.4226787339101572,3.1345684612841858,2.986964213769944,-0.4555238771566146,-0.6671612003017712,0.3685840224472612,-0.149288588927255
Gemma_2_2B_base,tedious_20,tedious_demand,harm_to_model,3,user_next,68,]:,8254,84.00798797607422,-1.319096565246582,-0.015702037354141437,2.118952989578247,0.025223232226222733,-3.770421266555786,-0.044881699435887164,-2.0193800926208496,-0.024037953309820684,7.9195756912231445,0.09427169822801457,-12.340386390686035,-0.14689539278336985,-7.020029544830322,-0.08356383379672958,-0.490695059299469,-0.005841052394198761,-12.166803359985352,-0.1448291246238453,-3.4315905570983887,-0.0408483840617123,-1.183750038088819,-1.5528891312984494,0.7696184163528542,1.4761322540769612,-1.199003003542717,2.751884383439878,1.9732507698954334,0.2321917769551232,2.4421349957574203,2.8869545584612184,-1.3683195846936342,-1.4014446240728382,-1.1262339975098208,-1.2638393107913295
Gemma_2_2B_base,tedious_20,tedious_demand,harm_to_model,3,moderator_next,68,]:,8254,96.76753997802734,-2.3873023986816406,-0.024670487636905068,3.1150739192962646,0.03219131043326712,-5.4359540939331055,-0.05617538789523251,-2.2441599369049072,-0.023191247162162854,11.695592880249023,0.12086276950829482,-20.35798454284668,-0.2103803046710632,-10.358463287353516,-0.10704481368138091,-0.6272778511047363,-0.006482316810442531,-17.71511459350586,-0.18306877076267897,-6.916473388671875,-0.07147513918657407,-2.2917813310539112,-0.6077019563306582,-0.9656028380369684,1.3168206149202266,2.7236150819072664,-1.3735491400778097,-0.4923340455037668,0.083602849326502,-0.1418178486166879,1.5280822104756049,-1.4497416436922848,-2.3168377320748883,-0.4927618687201436,-1.404799800397516
Gemma_2_2B_base,loyalty_01,loyalty_pressure,harm_to_model,1,assistant_next,26,]:,8254,99.0870361328125,0.9660314321517944,0.009749322109675,4.024835586547852,0.04061919443380176,-3.76509428024292,-0.037997849438107426,-4.273277759552002,-0.043126507021809216,8.54552936553955,0.0862426579606786,-16.49883270263672,-0.1665084893701161,-8.141722679138184,-0.08216738533005799,-0.05827832221984863,-0.0005881528451586197,-17.51926612854004,-0.17680684388478307,-11.566903114318848,-0.11673477748204124,1.1865734054799688,0.2555416865942373,0.7751682918761633,-0.1213069333822909,-0.5487471703162715,0.6121670397305686,1.1448294883046441,0.7026195548770732,-0.050607536719021046,-0.2852758465522982,0.721057546037103,1.1963284925643236,0.27342207186965195,0.7348752822169877
Gemma_2_2B_base,loyalty_01,loyalty_pressure,harm_to_model,1,user_next,26,]:,8254,91.92012786865234,-4.164348602294922,-0.045303990528010304,-0.6780669689178467,-0.007376697407196372,-1.6095540523529053,-0.0175103548012123,0.40100228786468506,0.004362507942087398,10.727086067199707,0.11670007772974368,-10.563703536987305,-0.11492263753246866,-3.9853053092956543,-0.043356176734114064,2.3068931102752686,0.025096713459446696,-12.863822937011719,-0.13994565972964326,-3.799727201461792,-0.04133727062359341,-4.135080385428565,-4.206891586249209,3.0208996017878817,3.191566685706641,1.717506753854648,3.6660717580381648,4.214532332189683,3.2756983605392227,2.117519875437483,2.743405770601464,-4.170985985838887,-4.422861152504424,-4.089912964602698,-4.256387058553561
Gemma_2_2B_base,loyalty_01,loyalty_pressure,harm_to_model,1,moderator_next,26,]:,8254,98.31585693359375,-2.6752800941467285,-0.02721107436365747,1.885206937789917,0.019175003876162694,-2.633854866027832,-0.026789725972757753,0.028845548629760742,0.00029339670658868504,13.251716613769531,0.13478717499986032,-16.387557983398438,-0.1666827559105467,-6.443911075592041,-0.06554294776624388,1.5881279706954956,0.01615332480668075,-17.897432327270508,-0.1820401396629143,-7.0844244956970215,-0.072057801423448,-2.5904955753163565,-1.7746832566485,1.953740483959901,2.927802377391626,4.340154095036123,0.669423146653552,2.3987404034118214,2.493751089617529,-0.22672664462921488,1.4625924576832574,-2.182589415982428,-2.5761507133176176,-1.676082029416993,-2.1261163713673055
Gemma_2_2B_base,loyalty_02,loyalty_pressure,harm_to_model,1,assistant_next,22,]:,8254,102.33109283447266,0.80000901222229,0.00781784880883035,3.8052353858947754,0.037185524755901866,-4.956830024719238,-0.04843913895004757,-4.7362518310546875,-0.046283604521998895,8.78222370147705,0.08582165457455714,-18.220367431640625,-0.17805309145982912,-9.930294036865234,-0.09704082856740467,-0.03422665596008301,-0.0003344697590149545,-18.780839920043945,-0.1835301412291492,-12.094401359558105,-0.11818892014689615,1.0143612429381077,0.04717010530801908,-0.46643148895055636,-0.44943759141830314,-0.3028633630151898,-0.2736440159181521,-0.1761116238998944,0.7287854521323834,-0.6381461677982859,-0.49096505152993364,0.5307656741230634,0.9991865904364641,-0.03873487812279493,0.48022585615683455
Gemma_2_2B_base,loyalty_02,loyalty_pressure,harm_to_model,1,user_next,22,]:,8254,93.02067565917969,-3.828289031982422,-0.041155248603105904,0.2969207763671875,0.003191986881014297,-2.1456809043884277,-0.02306670951574283,0.02486872673034668,0.0002673462276436661,10.234034538269043,0.1100189228442688,-11.402987480163574,-0.12258551552499154,-5.548081398010254,-0.059643529341132505,2.959625005722046,0.03181685130482039,-13.828176498413086,-0.14865702060774552,-4.159842014312744,-0.04471954202476525,-3.786491650419293,-3.2817570116197516,2.4623403867371234,2.924983823897882,1.2053128872422114,3.2342204667638046,3.060351272633459,3.9858078193626696,1.6684022929719005,2.602984963092644,-3.5341243310195223,-3.9994067489899776,-3.129107598240629,-3.564257173615303
Gemma_2_2B_base,loyalty_02,loyalty_pressure,harm_to_model,1,moderator_next,22,]:,8254,97.96418762207031,-3.219283103942871,-0.03286183637190291,1.3356354236602783,0.013633915169214077,-2.9531586170196533,-0.0301452876679022,0.3388938903808594,0.0034593650864360365,13.117502212524414,0.13390099515885923,-16.905385971069336,-0.17256700005809805,-6.990426540374756,-0.07135695921189761,1.9329005479812622,0.01973068521160073,-18.093711853027344,-0.1846972071348144,-7.395518779754639,-0.07549206459288298,-3.1547804157978674,-2.296154025293036,1.6210765783196412,3.1475476561532516,4.200728925261471,0.40297615103086276,1.995113932056224,2.868830459848064,-0.3181377096407867,1.341286393561898,-2.7254672205454518,-3.1529135245302746,-2.1798256951316826,-2.6663696098309786
Gemma_2_2B_base,loyalty_03,loyalty_pressure,harm_to_model,1,assistant_next,23,]:,8254,98.5178451538086,0.9491212368011475,0.009634003213522941,4.366723537445068,0.044324188482072736,-3.5446276664733887,-0.035979549298296415,-3.3040316104888916,-0.03353739218849694,8.616445541381836,0.08746075929624343,-16.048730850219727,-0.16290176490527208,-8.414865493774414,-0.08541463204597004,-1.7273412942886353,-0.01753328335178125,-15.515429496765137,-0.15748851867945396,-10.111841201782227,-0.10263969117468373,1.169032754575249,0.5799481886798267,1.004859564127248,0.5656416373199117,-0.47507772974318396,0.8437657349655084,0.94310112460392,-1.113160265452943,0.8826168529031104,0.28210144936106696,0.8744904716275379,1.1845581064405495,0.6102452815372166,0.897401693988883
Gemma_2_2B_base,loyalty_03,loyalty_pressure,harm_to_model,1,user_next,23,]:,8254,91.56217956542969,-3.6913559436798096,-0.04031529132661147,0.44329357147216797,0.004841448440569215,-1.6906793117523193,-0.018464821608404066,0.4219498634338379,0.004608342281021341,10.411872863769531,0.1137136852048097,-10.443777084350586,-0.11406212842375095,-4.625116348266602,-0.05051339286830242,1.6252806186676025,0.017750567170653563,-12.467482566833496,-0.13616410865279066,-4.846186637878418,-0.052927820863147616,-3.6444533445679412,-3.142868564876062,2.936379938132006,3.2064131796656996,1.390055645808498,3.7277795910667813,3.7420028455870016,2.534169593645546,2.3021030366478676,2.335356243497822,-3.3936609547220016,-3.9136738656403427,-2.97915406809344,-3.446413966866891
Gemma_2_2B_base,loyalty_03,loyalty_pressure,harm_to_model,1,moderator_next,23,]:,8254,101.41507720947266,-2.4236278533935547,-0.023898101939887655,2.704078435897827,0.026663475592613887,-3.0378334522247314,-0.029954455844372056,-0.015151023864746094,-0.00014939616752893342,13.388675689697266,0.1320185918908584,-18.30209732055664,-0.1804672226670369,-8.084504127502441,-0.07971698439674717,0.12540769577026367,0.001236578418327625,-18.080039978027344,-0.17827763361736693,-8.094226837158203,-0.07981285485233712,-2.3294610921001087,-0.9976823776715275,1.532858819206977,2.8966200171417436,4.482430499328457,-0.31569791001568104,1.187087985238477,0.9024522576119561,-0.31177046043516465,1.0688367576894193,-1.663571734885818,-2.2380017546788884,-0.9953006175772204,-1.6166511861280544
Gemma_2_2B_base,loyalty_04,loyalty_pressure,harm_to_model,1,assistant_next,23,]:,8254,101.33531951904297,0.7569061517715454,0.007469322200432864,4.836678504943848,0.047729444461217074,-4.321345806121826,-0.04264402408392029,-4.17317008972168,-0.0411817923852054,8.727010726928711,0.08612012838513552,-17.43605613708496,-0.17206297093491052,-8.38287353515625,-0.0827241042406832,-0.7277090549468994,-0.007181198602824241,-17.95850372314453,-0.17721860263903114,-11.766830444335938,-0.1161177613114913,0.9696513970443145,1.0258733718982884,0.1956423560158896,-0.05035610136429321,-0.3602199378592465,0.1299212471477614,0.9667286378234,-0.025656631184299557,-0.25516874177134824,-0.36323419795091644,0.9977623844713015,0.9636131250970235,0.9198191252982673,0.9417161251976454
Gemma_2_2B_base,loyalty_04,loyalty_pressure,harm_to_model,1,user_next,23,]:,8254,89.16575622558594,-3.332991123199463,-0.037379721367103345,1.254883050918579,0.014073598475896657,-1.5132606029510498,-0.016971320235568445,0.7799671292304993,0.008747384222898445,9.792820930480957,0.10982715052295969,-9.970685958862305,-0.11182191887249689,-4.095455169677734,-0.045930807330522606,2.2775321006774902,0.025542676887250544,-12.442207336425781,-0.13954019864921546,-3.610010862350464,-0.04048651651893441,-3.2727277623239814,-2.3727773596559425,3.1212221155889,3.4601562038329416,0.7469695082750559,3.9712073548094815,4.133181661748899,3.2437564089026822,2.3138741865988024,2.8173825151977936,-2.822752560989962,-3.6140456774620464,-2.1398538245525147,-2.8769497510072806
Gemma_2_2B_base,loyalty_04,loyalty_pressure,harm_to_model,1,moderator_next,23,]:,8254,95.75627899169922,-2.565112590789795,-0.02678793096181354,2.6449742317199707,0.027621940405069986,-2.845651626586914,-0.029717650440798705,-0.012638568878173828,-0.00013198684212937538,12.349678993225098,0.12896991323457388,-16.51927947998047,-0.17251379913595502,-6.442775726318359,-0.06728306273134174,1.4376760721206665,0.01501390913743937,-17.995704650878906,-0.1879323720634434,-7.638678073883057,-0.0797720854895085,-2.47622074422432,-1.0537644597851938,1.733081824765685,2.8984007075924074,3.4030955735899657,0.6016462055479429,2.399578910372049,2.3300739091071376,-0.2724939131589671,1.2464704537107392,-1.764992602004757,-2.53296125008461,-0.9081660121557782,-1.7205636311201942
Gemma_2_2B_base,loyalty_05,loyalty_pressure,harm_to_model,1,assistant_next,24,]:,8254,97.72676086425781,0.7072781920433044,0.00723730312749966,3.8576793670654297,0.039474135159598044,-4.392411231994629,-0.04494583871551494,-4.404407978057861,-0.04506859676005809,8.574092864990234,0.08773536326349365,-16.371732711791992,-0.16752558426173852,-8.706647872924805,-0.08909174719315945,-0.3627108335494995,-0.0037114791316301154,-16.73787498474121,-0.17127217598043662,-11.187265396118164,-0.11447494316993934,0.9181731793977476,0.0969325156017039,0.12160344462383249,-0.2142448483438723,-0.5190747154729458,0.6775659975129965,0.7276065966548583,0.37142629256438703,0.3133010083512916,-0.13724240541581814,0.5075528474997257,0.9399313680942257,0.1693240530949938,0.5546277105946098
Gemma_2_2B_base,loyalty_05,loyalty_pressure,harm_to_model,1,user_next,24,]:,8254,90.46106719970703,-3.191640615463257,-0.03528192529961213,0.8871120810508728,0.00980656218760313,-2.121079683303833,-0.023447431574306062,-0.052137136459350586,-0.0005763488987394948,10.286459922790527,0.1137114588763534,-10.808072090148926,-0.11947760981294203,-4.726574420928955,-0.05224981936698026,1.8192455768585205,0.020110812675272222,-12.988496780395508,-0.14358106954145652,-4.20216178894043,-0.046452710751946985,-3.126107344286597,-2.721743427603962,2.487970960333894,2.870406286803734,1.2597736460698734,3.5403325775287513,3.667071454806455,2.745184793687806,2.0594569228251105,2.5864830678227304,-2.92392538594528,-3.399927518624072,-2.5277726281094917,-2.963850073366782
Gemma_2_2B_base,loyalty_05,loyalty_pressure,harm_to_model,1,moderator_next,24,]:,8254,97.19229125976562,-2.021958827972412,-0.020803695455314734,2.432471752166748,0.025027414423902057,-3.099630117416382,-0.031891728008880946,-0.6149072647094727,-0.0063267081857964575,12.470194816589355,0.12830436092159092,-16.903358459472656,-0.1739166577963996,-7.424163818359375,-0.07638634424737276,1.2427395582199097,0.012786400465634073,-17.440933227539062,-0.1794477010622655,-8.109902381896973,-0.08344182729699884,-1.9128168128321144,-1.255401241354897,1.46847648754209,2.4715456510312785,3.528290328975465,0.4040194016592332,1.674779269471849,2.1180017499915684,-0.014126432139544023,1.062724338616923,-1.5841090270935057,-1.9221614166018808,-1.14403591023313,-1.5330986634175052
Gemma_2_2B_base,loyalty_06,loyalty_pressure,harm_to_model,1,assistant_next,25,]:,8254,100.05618286132812,1.3721716403961182,0.0137140114799089,4.412174224853516,0.04409696731054116,-3.785069465637207,-0.03782944099399721,-4.946577072143555,-0.04943799504123812,7.490074157714844,0.07485868382662207,-17.170682907104492,-0.17161041343044267,-9.620528221130371,-0.09615126168128807,-0.3944253921508789,-0.0039420391711077855,-17.25697135925293,-0.17247281343093068,-11.807341575622559,-0.11800711598189616,1.6078555647609576,0.6230748870055967,0.7543573143398485,-0.5985045997198092,-1.6451795961611402,0.2664683275112946,0.05266448804665545,0.33692390620584217,0.0715480682277885,-0.37903084270242693,1.1154652258832771,1.600996992746135,0.5895884698655743,1.0952927313058547
Gemma_2_2B_base,loyalty_06,loyalty_pressure,harm_to_model,1,user_next,25,]:,8254,90.26193237304688,-3.978355646133423,-0.04407567555379969,0.45987415313720703,0.005094884865045612,-1.4170620441436768,-0.01569944279817818,0.6121228933334351,0.006781628503183044,9.458673477172852,0.10479139132630964,-10.00882339477539,-0.1108864294352746,-4.871847152709961,-0.05397454967588024,2.3686439990997314,0.02624189330791496,-12.140360832214355,-0.1345014505344181,-3.0091283321380615,-0.03333773444713685,-3.9421531337252964,-3.1271357831667794,3.2214457684286213,3.341197404706896,0.39984904299678065,3.9515838399324665,3.559780949978256,3.34287738235643,2.4544497780345047,3.051686706803739,-3.5346444584460377,-4.297489318308156,-2.9561140122049165,-3.6268016652565365
Gemma_2_2B_base,loyalty_06,loyalty_pressure,harm_to_model,1,moderator_next,25,]:,8254,95.2327651977539,-2.9755234718322754,-0.03124474507963205,1.8522863388061523,0.019450095090275076,-2.834010124206543,-0.02975877176643595,-0.478426456451416,-0.005023758949537463,11.891984939575195,0.1248728304263885,-16.521028518676758,-0.17348050835623968,-7.164587497711182,-0.0752323791379331,1.4070088863372803,0.014774420163224085,-17.433704376220703,-0.18306414121252337,-7.479452610015869,-0.07853864785386148,-2.9019327979640908,-1.8059205562809055,1.7452104253140506,2.568275770879347,2.9276319084170908,0.6007462424000448,1.8664881617213207,2.2967109635360883,-0.010759820185120542,1.308557786456618,-2.353926677122498,-2.9878600116842704,-1.6510733237398756,-2.319466667712073
Gemma_2_2B_base,loyalty_07,loyalty_pressure,harm_to_model,1,assistant_next,26,]:,8254,105.7848129272461,1.2331448793411255,0.011657106962879686,5.256196022033691,0.049687624117165666,-4.4267706871032715,-0.04184693969395966,-4.064363479614258,-0.038421048987528475,9.80725383758545,0.09270946902681035,-19.647480010986328,-0.18573063058209457,-10.285933494567871,-0.09723450096416071,-1.2053792476654053,-0.011394634204197245,-19.357019424438477,-0.18298486227650976,-12.74101448059082,-0.12044275664932641,1.4636455286547678,1.4239400774537068,0.08580633764777008,0.026760062954228593,0.7619627616421853,-1.0079609478636578,-0.4387675021638421,-0.5453158119498693,-0.9064837946162444,-0.743101129694518,1.4437928030542373,1.3910525587199456,1.0978384009648858,1.2444454798424158
Gemma_2_2B_base,loyalty_07,loyalty_pressure,harm_to_model,1,user_next,26,]:,8254,92.54759216308594,-3.6339991092681885,-0.03926627397138989,1.2560456991195679,0.013571889551769035,-1.6022684574127197,-0.01731291349632551,0.8760032653808594,0.009465435511679006,10.778225898742676,0.11646144050673359,-11.258367538452148,-0.12164949163250868,-4.932964324951172,-0.05330191968969196,1.185987949371338,0.012814897953059743,-13.387534141540527,-0.14465567205626723,-3.698533535003662,-0.039963584665564975,-3.5849580999210144,-2.371674160098751,3.0284900371028027,3.528221355835889,1.770632049120866,3.3086342680522502,3.5146431448097233,2.0562614634697414,1.873617722220648,2.782864564996323,-2.978316130009883,-3.806602607299323,-2.1854644808563726,-2.996033544077848
Gemma_2_2B_base,loyalty_07,loyalty_pressure,harm_to_model,1,moderator_next,26,]:,8254,101.65064239501953,-2.6269896030426025,-0.025843315311613952,3.370671510696411,0.0331593724474245,-2.7955543994903564,-0.027501591073342074,0.5814402103424072,0.005719985596184442,13.791200637817383,0.1356725379483986,-18.67193603515625,-0.1836873392555274,-7.8523664474487305,-0.07724856688002067,0.4229717254638672,0.004161033472077606,-18.95836639404297,-0.18650513117634612,-7.785998821258545,-0.07659566764961268,-2.540404690562471,-0.3651736064721073,1.785275196049052,3.3194511999410903,4.90058316185596,-0.5059974239783195,1.358532196256378,1.2261732731851536,-0.7208235840668784,1.1890251680100616,-1.452789148517289,-2.4365460803907526,-0.4047547759913703,-1.4206504281910615
Gemma_2_2B_base,loyalty_08,loyalty_pressure,harm_to_model,1,assistant_next,32,]:,8254,103.15835571289062,1.293051838874817,0.012534630180357147,4.692259311676025,0.04548598394429122,-4.708385944366455,-0.045642312848324096,-4.623809337615967,-0.04482244124251951,9.192657470703125,0.08911209767910652,-18.040624618530273,-0.174882824506633,-9.321800231933594,-0.09036398619882952,-0.37103939056396484,-0.0035967943459339177,-18.37429428100586,-0.1781173629031566,-11.64585018157959,-0.1128929411592427,1.525785973643977,0.88883863522773,-0.207592130356625,-0.3697445121849375,0.12350517437511223,-0.18115783579985953,0.2732886642034759,0.3623656243856487,-0.44881022103060736,-0.3160599480099488,1.2073123044358534,1.4806197280819104,0.7158647971054699,1.0982422625936903
Gemma_2_2B_base,loyalty_08,loyalty_pressure,harm_to_model,1,user_next,32,]:,8254,90.90020751953125,-2.8242788314819336,-0.031070103232438667,1.3467638492584229,0.01481585010649234,-1.8066719770431519,-0.019875333911146043,-0.11095869541168213,-0.0012206649295915086,9.9874267578125,0.10987243077158602,-11.742240905761719,-0.12917727281578234,-5.2874674797058105,-0.058167826278831325,1.7078497409820557,0.018788183081046312,-13.27602767944336,-0.14605057613967282,-4.912229537963867,-0.05403980554069035,-2.7450493686136577,-2.285594619462735,2.8155339632838743,2.828716788333363,0.949130753738453,3.059658530836194,3.252826477837763,2.623996849171508,1.9255483778337161,2.309603908327812,-2.5153219940381963,-2.970034641832267,-2.0723752879230446,-2.521204964877656
Gemma_2_2B_base,loyalty_08,loyalty_pressure,harm_to_model,1,moderator_next,32,]:,8254,99.1960678100586,-2.8313369750976562,-0.028542834787757137,2.252897262573242,0.022711558152558098,-2.855087995529175,-0.02878226988791652,-0.23047351837158203,-0.0023234138556066006,13.071711540222168,0.131776509178287,-17.000957489013672,-0.17138741347658296,-6.771945476531982,-0.06826828548787797,1.1610363721847534,0.011704459640556669,-17.50553321838379,-0.17647406399116064,-7.3847126960754395,-0.07444561925797044,-2.7523706579678953,-1.425793710232362,1.7232506237928054,2.744011229390065,4.153160466134821,0.3538000840169799,2.1564721122715564,2.0291165497672643,-0.04421186229373106,1.3455000469360208,-2.0890821841001284,-2.71208103297091,-1.3545717794626235,-2.0333264062167666
Gemma_2_2B_base,loyalty_09,loyalty_pressure,harm_to_model,1,assistant_next,17,]:,8254,103.69598388671875,1.0526055097579956,0.010150880200991197,3.472022533416748,0.03348270977600937,-5.35638427734375,-0.051654693620490244,-5.456641674041748,-0.05262153334696917,8.618366241455078,0.0831118614089249,-18.913156509399414,-0.18239044368450016,-10.941314697265625,-0.10551338911271929,-0.4673107862472534,-0.004506546625352055,-19.045122146606445,-0.18366306420711556,-13.366060256958008,-0.1288966048247305,1.2763751872571614,-0.26900487435616877,-0.8827036992843763,-0.9600104458647157,-0.47308246000078946,-0.6301167689636261,-0.9227962612454433,0.2576316146555968,-0.7612273689605332,-0.9868273789776456,0.5036851564504963,1.2373147831344748,-0.37535998738972176,0.43097739787237654
Gemma_2_2B_base,loyalty_09,loyalty_pressure,harm_to_model,1,user_next,17,]:,8254,89.35332489013672,-4.679891109466553,-0.05237511995463689,-0.27441149950027466,-0.0030710832511008845,-2.70931077003479,-0.03032132014523231,-0.3226817846298218,-0.0036113013704478394,9.893730163574219,0.11072593186363164,-10.969612121582031,-0.12276669206288163,-4.9000678062438965,-0.05483923303658498,2.194469451904297,0.02455946048568959,-13.554409980773926,-0.15169452281087004,-4.371237277984619,-0.04892081277735574,-4.6698436425837,-3.823875868562104,1.875127390150007,2.6786590618583666,0.851796462948594,3.4572125896699633,3.5389387167035213,3.153392244105125,1.7959005067841138,2.5205548808826386,-4.246859755572903,-5.144598235148969,-3.698487024168874,-4.421542629658921
Gemma_2_2B_base,loyalty_09,loyalty_pressure,harm_to_model,1,moderator_next,17,]:,8254,98.47349548339844,-3.531522512435913,-0.03586267040790981,1.4002416133880615,0.014219477093956993,-3.790085792541504,-0.03848838485864931,-0.5995936393737793,-0.006088883474994185,12.551517486572266,0.12746087081562282,-17.03624153137207,-0.17300331878890393,-7.567488193511963,-0.07684796966294102,1.3311331272125244,0.013517679256515668,-18.36610221862793,-0.18650807639629544,-8.362801551818848,-0.08492439016982722,-3.4786609121200534,-2.2348512857034537,0.749131096687321,2.482399109718519,3.6127702876364416,0.33564477510425667,1.5689277144292393,2.2141654427399593,-0.44499502357829895,0.9641104954995108,-2.8567560989117533,-3.45920309610743,-2.126591912733822,-2.792897504420626
Gemma_2_2B_base,loyalty_10,loyalty_pressure,harm_to_model,1,assistant_next,22,]:,8254,98.18793487548828,0.9436088800430298,0.009610232471429574,4.207447052001953,0.042850957781497286,-3.0682692527770996,-0.03124894373904451,-4.021572589874268,-0.040957909899765256,8.692086219787598,0.08852499271738423,-16.782682418823242,-0.17092407982819166,-8.898019790649414,-0.09062233360883856,-0.36626362800598145,-0.003730230485756105,-17.354419708251953,-0.17674696723440636,-11.26960277557373,-0.1147758407370994,1.1633148829864552,0.4288158443796289,1.5011495384622666,0.057087901320546246,-0.39650036151179335,0.46611293317980634,0.5862697510480314,0.3675611942500531,0.02616454016355366,-0.16934850296781231,0.796065363683042,1.182131870825888,0.4763130034596875,0.8292224371427879
Gemma_2_2B_base,loyalty_10,loyalty_pressure,harm_to_model,1,user_next,22,]:,8254,92.41265106201172,-2.715394973754883,-0.029383368430073168,1.2443764209747314,0.013465433646522236,-0.9756414294242859,-0.010557444443073065,0.22002041339874268,0.0023808473284799743,9.90506362915039,0.10718298323141698,-10.690132141113281,-0.11567823256081979,-4.600802421569824,-0.04978541756671979,2.018831253051758,0.021845832035454326,-12.895486831665039,-0.13954244016884412,-4.179915904998779,-0.04523099226093977,-2.6321060407604815,-2.382746763549372,3.6813360931321295,3.063296648103129,0.8635699414086816,3.601018260482629,3.759959783807077,2.962314793767675,2.102773404446616,2.595157481857809,-2.507426402154927,-2.797872744912347,-2.195142450436385,-2.496507597674366
Gemma_2_2B_base,loyalty_10,loyalty_pressure,harm_to_model,1,moderator_next,22,]:,8254,95.16233825683594,-2.011550188064575,-0.021138091233483078,2.5814361572265625,0.02712665750456301,-1.905566930770874,-0.02002438113308958,-0.04729413986206055,-0.0004969837934668781,12.08171272277832,0.1269589728887356,-16.153642654418945,-0.16974827384780614,-6.969710350036621,-0.07324021748210832,1.4295473098754883,0.015022196134118189,-17.383750915527344,-0.1826746928875362,-7.285274505615234,-0.07655627887108901,-1.9020201120708,-1.1140536991151195,2.7125010942587324,2.8738387374703063,3.12472572352679,0.7897836488292078,2.0104137787118654,2.321230598401634,0.012504445536871793,1.3842743225374443,-1.5080369055929599,-1.9562925742745259,-0.9531924748352721,-1.454742524554899
Gemma_2_2B_base,loyalty_11,loyalty_pressure,harm_to_model,1,assistant_next,33,]:,8254,100.21289825439453,0.8016377091407776,0.007999346622086387,4.391541481018066,0.043822118285312524,-4.899187088012695,-0.048887789629393906,-4.857118606567383,-0.04846799854283616,8.72421646118164,0.08705682215711256,-17.72919273376465,-0.1769152777994542,-8.884601593017578,-0.0886572661581312,-1.2966965436935425,-0.012939417642645414,-17.1424617767334,-0.17106043309132282,-11.506649017333984,-0.11482203606290167,1.0160506618646425,0.6034971386862406,-0.4063766840890123,-0.5351013402648551,-0.3631226887754411,-0.020911398734643025,0.5961796989106106,-0.6446602382236555,0.12487733347733153,-0.26178075928458516,0.8097739002754416,1.0177117360451011,0.5646017817237367,0.7911567588844188
Gemma_2_2B_base,loyalty_11,loyalty_pressure,harm_to_model,1,user_next,33,]:,8254,94.21588134765625,-3.7037410736083984,-0.039311218242937276,0.5411814451217651,0.005744057555698148,-1.8144451379776,-0.019258378863774614,-0.6092848777770996,-0.00646690206642382,10.617368698120117,0.11269192142821513,-12.127731323242188,-0.12872279226992425,-4.782184600830078,-0.050757733541586636,2.052591323852539,0.021786043865348822,-13.812146186828613,-0.14660103996545812,-4.943626403808594,-0.05247126421889141,-3.6573002239789862,-3.049985903747098,2.8074355614718325,2.4755304908687767,1.6035296942452828,2.861305475334131,3.626000813385788,2.9990425004622816,1.6758679104312546,2.297361220446524,-3.353643063863042,-3.811189985845394,-2.8970973372938844,-3.354143661569639
Gemma_2_2B_base,loyalty_11,loyalty_pressure,harm_to_model,1,moderator_next,33,]:,8254,98.30665588378906,-2.5541276931762695,-0.02598122853650492,2.5896825790405273,0.026342901767524882,-3.2462048530578613,-0.033021211268698704,-1.1512055397033691,-0.011710351952814264,12.682600021362305,0.12901059350808095,-17.833168029785156,-0.18140346520246017,-7.394801139831543,-0.07522177489765429,0.9670285582542419,0.009836857429037078,-17.801021575927734,-0.18107646339807143,-8.265254020690918,-0.08407624027473273,-2.4648263013886513,-1.106228934164,1.3157688420001117,2.091446814597185,3.7489419987050243,-0.07441160711127302,1.6964649400291307,1.818054726806372,-0.18182634529933528,1.0021475398050028,-1.7855276177763257,-2.4506226277971823,-1.0244441744345594,-1.7375334011158707
Gemma_2_2B_base,loyalty_12,loyalty_pressure,harm_to_model,1,assistant_next,34,]:,8254,102.71713256835938,0.33816343545913696,0.0032921814209921165,4.968878746032715,0.0483743911243421,-4.387620449066162,-0.042715565936832914,-4.577643394470215,-0.044565529430289956,9.34925651550293,0.09101944614040795,-18.24101448059082,-0.1775849269200659,-9.661112785339355,-0.09405551482767277,-1.0258870124816895,-0.009987496601883337,-17.869953155517578,-0.17397246894158508,-11.409599304199219,-0.11107786032292136,0.5352968757969258,1.1513139370716547,0.12659468119749637,-0.3370246208655359,0.28618405387840573,-0.28426789931618596,0.022690945669972942,-0.3500455411412443,-0.21392907776183254,-0.22393783086130042,0.8433054064342902,0.5372601031035639,0.9784516095365441,0.7578558563200539
Gemma_2_2B_base,loyalty_12,loyalty_pressure,harm_to_model,1,user_next,34,]:,8254,92.82467651367188,-3.4122657775878906,-0.03676033039646853,1.1372401714324951,0.012251485425483754,-2.1815378665924072,-0.023501701794469435,-0.6987771987915039,-0.007527924955263195,10.133316040039062,0.10916618749052744,-12.35604190826416,-0.13311160752005718,-5.457398414611816,-0.058792539005595265,2.248016834259033,0.024217879541200766,-14.198553085327148,-0.15296097566508499,-5.216263771057129,-0.05619479611425137,-3.3549579796210587,-2.484404911692225,2.424983114690931,2.4121032365339596,1.100684072562953,2.7438288790582557,3.1273247710241443,3.211646640696711,1.4959109537218296,2.1910507941604402,-2.919681445656642,-3.5508255883940953,-2.30550320428732,-2.9281643963407076
Gemma_2_2B_base,loyalty_12,loyalty_pressure,harm_to_model,1,moderator_next,34,]:,8254,99.25022888183594,-2.8372161388397217,-0.0285864946691218,2.931889533996582,0.02954038058176363,-2.9656383991241455,-0.029880418740947563,-0.47681546211242676,-0.004804174937269995,13.023073196411133,0.13121454069305952,-17.91118049621582,-0.1804648784995779,-7.724169731140137,-0.07782520824547699,0.9620211124420166,0.009692885581023368,-17.86760902404785,-0.18002587223572492,-7.522314548492432,-0.07579140756892613,-2.7584690120479567,-0.7815197393669326,1.6080746231483534,2.5694175554091565,4.102633776893579,-0.11455271148660633,1.4532112887566877,1.8126071078672465,-0.2128373716689601,1.2918444833724614,-1.7699943757074448,-2.71653731619012,-0.7337594761531857,-1.725148396171653
Gemma_2_2B_base,loyalty_13,loyalty_pressure,harm_to_model,1,assistant_next,34,]:,8254,103.87904357910156,0.6224249601364136,0.00599182413209697,5.373194694519043,0.05172549254775797,-4.618903160095215,-0.04446424419164029,-3.7200496196746826,-0.035811358013148706,9.911243438720703,0.09541138517677546,-18.42060089111328,-0.1773274017206984,-9.320732116699219,-0.08972678025863504,-1.1672415733337402,-0.011236545246442435,-18.020633697509766,-0.1734770852389246,-11.08218002319336,-0.10668350074627447,0.8301564008713503,1.5349563621458835,-0.11436525027528806,0.2707908637854514,0.8699896772233372,-0.3766736029043502,0.2740775157746265,-0.5038256940785698,-0.28410383881709766,-0.09626610453376022,1.1825563815086169,0.8128076340479893,1.2831022304689113,1.0479549322584503
Gemma_2_2B_base,loyalty_13,loyalty_pressure,harm_to_model,1,user_next,34,]:,8254,93.30610656738281,-3.4543092250823975,-0.037021255651555895,1.3431391716003418,0.014394976074051142,-2.5038669109344482,-0.026834973648013405,-0.3528885841369629,-0.003782052398490313,10.746110916137695,0.11517049967546533,-12.532201766967773,-0.13431277145743298,-5.478964805603027,-0.05872032396557332,1.9256128072738647,0.020637586092859272,-14.254383087158203,-0.15277009845935566,-4.750247955322266,-0.050910365141983306,-3.39856891492015,-2.2890339597412095,2.089167332824772,2.6572501372348576,1.7372702275840561,2.6531862984746706,3.1113970126045016,2.8609020996041794,1.4699098723186819,2.3727659439464484,-2.8438014373306797,-3.577457745866127,-2.1106371962083577,-2.8440474710372423
Gemma_2_2B_base,loyalty_13,loyalty_pressure,harm_to_model,1,moderator_next,34,]:,8254,100.56563568115234,-2.621608018875122,-0.02606862673435529,3.458373785018921,0.03438922015054768,-3.0516958236694336,-0.03034531431139128,0.7971980571746826,0.007927141829066077,13.785964965820312,0.1370842522144374,-18.12833023071289,-0.180263666688187,-7.547631740570068,-0.07505179765879627,0.8260234594345093,0.00821377455469433,-18.24920082092285,-0.18146557417269976,-6.912470817565918,-0.06873591332413194,-2.534822467102673,-0.2819557335893347,1.5184164250543672,3.472368541570441,4.8951442190129875,-0.22628652220094875,1.5835926060032808,1.664654754914863,-0.39055184503301793,1.5296429467928931,-1.4083891003460038,-2.459543199963121,-0.2929485907799402,-1.3762458953715306
Gemma_2_2B_base,loyalty_14,loyalty_pressure,harm_to_model,1,assistant_next,18,]:,8254,100.72554016113281,0.44863060116767883,0.004453990521669031,4.2241926193237305,0.04193765168760772,-5.490302085876465,-0.054507546716488296,-5.376041412353516,-0.05337317033746701,8.40849494934082,0.08347927383550954,-18.299652099609375,-0.1816783714471526,-10.264556884765625,-0.10190619845120902,-0.8927079439163208,-0.008862776436723365,-19.047760009765625,-0.1891055632890577,-13.465499877929688,-0.1336850599797096,0.6498825414233868,0.44470517568259044,-1.0222248326343524,-0.9028853960324573,-0.6911018399063459,-0.3144397281666021,-0.422979905764431,-0.20515953669552484,-0.7624558714230577,-1.0256022123833284,0.5472938585529886,0.6558438059778118,0.39328380396707585,0.5245638049724438
Gemma_2_2B_base,loyalty_14,loyalty_pressure,harm_to_model,1,user_next,18,]:,8254,94.60074615478516,-3.483478307723999,-0.03682294748525929,0.7187321782112122,0.007597531810533788,-2.8029732704162598,-0.029629504886040246,-1.4327905178070068,-0.01514565768289696,9.904820442199707,0.10470129301087648,-13.078453063964844,-0.13824894195407253,-6.028698921203613,-0.06372781575463997,2.080824851989746,0.021995860884491476,-15.030702590942383,-0.15888566635985343,-6.2067952156066895,-0.06561042558217427,-3.4288254959482147,-2.8815137124542387,1.7775459082784388,1.8918748086351476,0.8633173129159752,2.3721141656328126,2.705393421559053,3.0297578608208644,1.1083632853451533,1.8048094612772632,-3.1551696042012267,-3.5572167986606424,-2.7285968918366836,-3.142906845248663
Gemma_2_2B_base,loyalty_14,loyalty_pressure,harm_to_model,1,moderator_next,18,]:,8254,98.7926025390625,-2.9281537532806396,-0.029639402931235164,2.5385947227478027,0.02569620252431395,-3.81622314453125,-0.038628632574208364,-0.8244814872741699,-0.008345579183908741,12.807130813598633,0.12963653638474304,-17.968517303466797,-0.18188120205014402,-7.942195892333984,-0.08039261734393167,1.8760615587234497,0.01898989914737449,-19.54602813720703,-0.19784910645995535,-8.962224006652832,-0.09071756160193449,-2.852797014530502,-1.1547045610922988,0.7219001181316514,2.3230109235154615,3.878307600970106,-0.14405521114741887,1.2921890747908538,2.806995111853754,-0.994508705334871,0.7303756361074726,-2.0037507878114003,-2.824005712190414,-1.0832359867694652,-1.9536208494799396
Gemma_2_2B_base,loyalty_15,loyalty_pressure,harm_to_model,1,assistant_next,31,]:,8254,101.45823669433594,-0.03310093283653259,-0.00032625180483134204,3.745795249938965,0.036919577670405934,-4.329433917999268,-0.04267207926195868,-4.38536262512207,-0.04322332782437259,9.924503326416016,0.09781860645100356,-17.31534767150879,-0.1706647802649565,-9.039878845214844,-0.08909950675024406,0.4071955680847168,0.004013430366540651,-18.19344139099121,-0.1793195110004005,-11.75988483428955,-0.11590862622340513,0.1501908174339443,-0.009230731686418992,0.18721582523431432,-0.20074654557485222,0.8837643696256477,0.19203146282701966,0.4815004017545939,1.2090103328462967,-0.3645836302901113,-0.36052587233766636,0.07048004287376265,0.16793332620764115,-0.06291228563584546,0.052510520285897845
Gemma_2_2B_base,loyalty_15,loyalty_pressure,harm_to_model,1,user_next,31,]:,8254,95.74359130859375,-4.774778842926025,-0.04987047986884372,0.31105858087539673,0.003248871037987445,-2.577742576599121,-0.026923395512611695,-0.49559199810028076,-0.005176241995173597,12.198060989379883,0.12740342014186604,-13.08206844329834,-0.13663649195206365,-5.822903156280518,-0.060817680606032015,2.599493980407715,0.027150579426556246,-15.575265884399414,-0.1626768504452518,-4.630038261413574,-0.04835872770314593,-4.768269034676467,-3.2683421027420274,2.012200596933174,2.5561097753658077,3.2455911200372816,2.37025388193942,2.8573829328693328,3.5940199363506853,0.8547499223151959,2.4196397233264513,-4.0183055687092475,-4.888954260964589,-3.1239362257414283,-4.006445243353008
Gemma_2_2B_base,loyalty_15,loyalty_pressure,harm_to_model,1,moderator_next,31,]:,8254,99.69314575195312,-3.8340091705322266,-0.0384581020251045,2.051297426223755,0.020576112938873403,-2.974489450454712,-0.0298364489155107,0.3581967353820801,0.0035929926042589794,14.653306007385254,0.14698408698873036,-17.156421661376953,-0.17209228911347535,-6.731718063354492,-0.06752438206838918,1.6873915195465088,0.016925852894088763,-18.36329460144043,-0.18419816591132765,-7.01982307434082,-0.07041430001423435,-3.7924250504391166,-1.6170853236382583,1.5988532303663936,3.1612284551916505,5.796159094099762,0.2738064130694562,2.1861818824041355,2.601740273916912,-0.443687463473573,1.48778271209473,-2.7047551870386872,-3.7241139937278067,-1.5487063722774708,-2.6364101830026385
Gemma_2_2B_base,loyalty_16,loyalty_pressure,harm_to_model,1,assistant_next,30,]:,8254,98.54415130615234,0.3472689390182495,0.0035239934020982197,4.2779436111450195,0.04341144100835072,-5.501323223114014,-0.05582597394362615,-5.629212856292725,-0.057123764136992265,8.67992877960205,0.08808162295330603,-17.248414993286133,-0.17503235620447496,-10.438486099243164,-0.10592699780642857,-1.5879385471343994,-0.016113980648136756,-17.525548934936523,-0.17784463819155508,-11.670075416564941,-0.11842484066161267,0.5447418559364346,0.4957077664279359,-1.0337071110186555,-1.0823194456025922,-0.40912980474716837,0.22647149203753275,-0.5514345234816649,-0.9615034979030144,-0.053533557768591214,-0.32550617720503033,0.5202248111821852,0.5609207226271679,0.5272668665358529,0.5440937945815103
Gemma_2_2B_base,loyalty_16,loyalty_pressure,harm_to_model,1,user_next,30,]:,8254,92.98562622070312,-4.323238372802734,-0.04649362001973775,0.5268241167068481,0.005665651113177656,-2.8560030460357666,-0.03071445729963672,-1.3533728122711182,-0.014554645349796993,10.738752365112305,0.11548830503785257,-12.505794525146484,-0.13449169547413434,-5.859037399291992,-0.0630101407865497,2.2347660064697266,0.02403345653838441,-15.154912948608398,-0.16298124306479292,-4.884605407714844,-0.052530757776703484,-4.29989397504224,-3.063609111813233,1.7222972861810943,1.9481617274524798,1.7296259866047532,2.6667740735920633,2.8306961546504845,3.1972310158190775,1.0505161867446347,2.3203754804427925,-3.6817515434277364,-4.5442844311611825,-2.9042253135562737,-3.724254872358728
Gemma_2_2B_base,loyalty_16,loyalty_pressure,harm_to_model,1,moderator_next,30,]:,8254,96.55276489257812,-3.2760655879974365,-0.03393031356111132,2.0762805938720703,0.021504102924261997,-3.5056545734405518,-0.03630817385023457,-0.8442180156707764,-0.008743592341555723,12.680688858032227,0.13133429034518485,-16.711528778076172,-0.17308182522446608,-7.3137335777282715,-0.07574856697128585,1.1434440612792969,0.011842685836614419,-17.630203247070312,-0.18259656537733723,-7.32438850402832,-0.07585892037558145,-3.213679896829933,-1.5933795978104286,1.0454633506562598,2.3090227534455803,3.7469566359623436,0.5027248472826843,1.7563370134500604,2.0099778092465845,-0.10227303832987406,1.3690224666124355,-2.4035297473201807,-3.261971012080664,-1.4643422514865585,-2.3631566317836112
Gemma_2_2B_base,loyalty_17,loyalty_pressure,harm_to_model,1,assistant_next,28,]:,8254,101.82261657714844,1.6924209594726562,0.016621267615828272,4.694927215576172,0.04610888399257491,-4.983467102050781,-0.048942634451698004,-4.912175178527832,-0.04824247641294899,8.291753768920898,0.08143332049062445,-17.719606399536133,-0.17402426882352245,-9.864030838012695,-0.09687465486156474,-0.3908294439315796,-0.003838336285882596,-17.723556518554688,-0.17406306294560792,-12.23922061920166,-0.12020139562931297,1.9400446017244406,0.8913701235995072,-0.49418310211647776,-0.574122422218652,-0.8123754048050533,-0.01597877629043811,-0.12717324455463982,0.3408359516593832,-0.145749411812012,-0.5474349235159943,1.4157073626619738,1.8977352413967354,0.772493010492993,1.3351141259448642
Gemma_2_2B_base,loyalty_17,loyalty_pressure,harm_to_model,1,user_next,28,]:,8254,90.0445327758789,-3.2198004722595215,-0.035757867501779526,0.9302546977996826,0.010331051415582212,-2.222029209136963,-0.02467700304101305,-0.18019580841064453,-0.002001185445196905,9.637507438659668,0.107030456392588,-11.10904312133789,-0.12337276655083913,-5.09056282043457,-0.056533835686670676,1.9966034889221191,0.022173511565568016,-13.204118728637695,-0.14663987164554215,-5.0067548751831055,-0.05560309683259652,-3.1553170729353726,-2.6808067834386105,2.3827975527811542,2.7796453157666074,0.5856260923332063,3.3854687444816887,3.3982495041499736,2.938133126429128,1.9590377280431408,2.2727453184872917,-2.9180619281869915,-3.448506057606294,-2.4800910008511647,-2.9642985292287296
Gemma_2_2B_base,loyalty_17,loyalty_pressure,harm_to_model,1,moderator_next,28,]:,8254,96.72232818603516,-2.55313777923584,-0.026396570751741517,2.2001192569732666,0.02274675659938179,-3.574270725250244,-0.03695393599682085,-0.8511004447937012,-0.008799420575947051,12.107361793518066,0.12517649254917476,-16.66522979736328,-0.17229971724118837,-7.348090171813965,-0.0759709811542242,1.5735342502593994,0.016268572932124553,-17.811914443969727,-0.18415514574577233,-8.023663520812988,-0.08295564913801828,-2.4637994809117294,-1.4758730655849261,0.9739761946798119,2.304144864734315,3.151370599257525,0.5265478630428574,1.7309631096317697,2.477874526830592,-0.1868993587219507,1.0963517543185541,-1.9698362732483279,-2.493015838363404,-1.3513718677542628,-1.9221938530588334
Gemma_2_2B_base,loyalty_18,loyalty_pressure,harm_to_model,1,assistant_next,26,]:,8254,101.69066619873047,0.08800363540649414,0.0008654052401870566,2.3986079692840576,0.023587297231355952,-4.507094860076904,-0.04432161798673684,-5.026972770690918,-0.04943396438043668,8.393085479736328,0.08253545574511252,-18.02696418762207,-0.17727255471404438,-9.784648895263672,-0.09621973442618499,0.4378490447998047,0.00430569550940036,-18.475067138671875,-0.18167908451466633,-12.325969696044922,-0.12121043313804943,0.2758104753071739,-1.2875334979130173,0.00212127909229783,-0.6554846664047276,-0.7071095700441862,-0.1741288978879225,-0.06854607751943213,1.2423583642709126,-0.49574203527863114,-0.5812612894034127,-0.5058615113029217,0.289563553473147,-1.2749578196265305,-0.4926971330766918
Gemma_2_2B_base,loyalty_18,loyalty_pressure,harm_to_model,1,user_next,26,]:,8254,91.9598388671875,-3.8559391498565674,-0.04193068623603709,-0.399356484413147,-0.004342727100576105,-1.5650912523269653,-0.017019290938377347,-0.48270952701568604,-0.0052491341107375866,9.867191314697266,0.10729891913955943,-11.551334381103516,-0.12561281667518434,-5.1048688888549805,-0.05551193816495981,1.4640307426452637,0.015920327402483624,-13.086871147155762,-0.1423107229021617,-4.587230205535889,-0.049882973502824106,-3.8151726357685356,-3.942432154042043,3.0672227930012226,2.565240165109661,0.8242272641445452,3.157888968647668,3.3876838234188758,2.358745253274994,2.0136421308812262,2.4363320157835107,-3.878802394905289,-4.0785542318315615,-3.8140929218717727,-3.9463235768516673
Gemma_2_2B_base,loyalty_18,loyalty_pressure,harm_to_model,1,moderator_next,26,]:,8254,95.57848358154297,-3.057654619216919,-0.03199103505977132,0.7781674861907959,0.008141659681458545,-2.773167610168457,-0.02901455961898081,-1.1165432929992676,-0.011681952372122398,11.61246395111084,0.12149663309110406,-16.467321395874023,-0.17229109291972494,-7.266053676605225,-0.07602185559269914,1.8570266962051392,0.019429338347064413,-17.608165740966797,-0.1842272976212722,-7.924116611480713,-0.0829069086947821,-2.9871260056595306,-2.825117456571465,1.808598682689707,2.116013516104048,2.6372587375004626,0.6283810977092215,1.7915507841208147,2.7862870140636127,-0.09200975745351286,1.135168423043678,-2.9061217311154977,-3.064032447595903,-2.6791299038829557,-2.871581175739429
Gemma_2_2B_base,loyalty_19,loyalty_pressure,harm_to_model,3,assistant_next,85,]:,8254,85.36399841308594,-0.6795060634613037,-0.007960101167861161,5.4407453536987305,0.06373583073475958,-2.9068603515625,-0.03405253274917931,0.16437017917633057,0.0019255210888895443,9.62419605255127,0.1127430325601515,-12.31955337524414,-0.14431790455302296,-5.969000339508057,-0.06992409505730268,-2.285210609436035,-0.026770191789490055,-11.410758972167969,-0.13367179588929315,-2.2918882369995117,-0.026848417126723707,-0.520313958188008,1.5990530142816186,1.6693120336298441,3.023854810861597,0.5717979021324403,2.7626039553950767,2.7494835332346512,-1.720068370046751,2.7942390800724994,3.3313626038869932,0.5393695280468054,-0.6112395380132205,2.374969209101891,0.8818648355443353
Gemma_2_2B_base,loyalty_19,loyalty_pressure,harm_to_model,3,user_next,85,]:,8254,86.96827697753906,-0.8944367170333862,-0.010284631915432666,4.564480781555176,0.05248443386700676,-2.9000043869018555,-0.033345542624132106,-0.3026442527770996,-0.0034799384706133973,9.986342430114746,0.11482741497447256,-12.091065406799316,-0.13902845758255078,-6.1570587158203125,-0.07079660457583252,-0.9527113437652588,-0.010954699539595474,-12.42750072479248,-0.14289694077763643,-2.066958427429199,-0.02376680899361757,-0.7432577790520842,0.7675936896560597,1.6764548622807987,2.6928605666875916,0.9480043278709741,2.880171823833171,2.610593888327791,-0.2704374587513048,2.320723332106608,3.4190702581282006,0.01216795530198772,-0.8485000856638351,1.352098036607388,0.2517989754717765
Gemma_2_2B_base,loyalty_19,loyalty_pressure,harm_to_model,3,moderator_next,85,]:,8254,98.38108825683594,-1.8865280151367188,-0.019175718103582116,4.878859996795654,0.04959144164027531,-4.437561988830566,-0.04510584368863419,-1.2336483001708984,-0.012539486216601992,12.870674133300781,0.13082467739836648,-19.8541259765625,-0.2018083589879679,-9.607706069946289,-0.09765805847628144,-1.7442973852157593,-0.017730007017833106,-17.88397789001465,-0.18178268005458859,-6.122483730316162,-0.06223232369957796,-1.7723367911390202,1.065898035500751,0.07456351144108277,2.033015902570703,3.94431794006432,-1.114290072585116,0.06213422855926228,-1.1316068598908933,-0.22046066026865993,1.8376853287069765,-0.3532193778191346,-1.7559967838309838,1.089094394859099,-0.3334511944859424
Gemma_2_2B_base,loyalty_20,loyalty_pressure,harm_to_model,2,assistant_next,65,]:,8254,83.0772705078125,-0.44743722677230835,-0.0053857959468015,5.825074195861816,0.07011634060984265,-2.974759340286255,-0.035807138608465856,0.2775726318359375,0.003341138077109007,8.547237396240234,0.10288298284229813,-12.265751838684082,-0.1476426917219268,-5.923550128936768,-0.07130169410632868,-2.708498477935791,-0.032602160150183156,-11.186641693115234,-0.13465345725415057,-2.6965441703796387,-0.0324582663091472,-0.2795929986829267,1.963730315747016,1.5985720479337575,3.104086507556672,-0.5469728266674986,2.79028739104866,2.783050576250629,-2.1805648178588384,2.8986147101170032,3.1735737240610726,0.8420686585320447,-0.3484849725136891,2.9550251518216917,1.3032700896540013
Gemma_2_2B_base,loyalty_20,loyalty_pressure,harm_to_model,2,user_next,65,]:,8254,87.41541290283203,-1.2299044132232666,-0.014069651705362143,4.028892517089844,0.04608904063140698,-2.910398006439209,-0.03329387701542184,-0.7330585718154907,-0.008385918998407448,9.72349739074707,0.11123321469127391,-12.526220321655273,-0.14329532865764746,-7.067751884460449,-0.08085246811471015,0.12122249603271484,0.0013867405301564108,-13.250154495239258,-0.1515768679142164,-2.9549224376678467,-0.03380322004487283,-1.0912325733499022,0.25939117775904164,1.6656263578918118,2.3878064774255536,0.6749545366542022,2.656264035041528,1.938005656461361,0.8978991632382476,1.9375980061085853,3.072823397663484,-0.4159206977954303,-1.2348300445879243,0.770689038742406,-0.23207050292275916
Gemma_2_2B_base,loyalty_20,loyalty_pressure,harm_to_model,2,moderator_next,65,]:,8254,98.825927734375,-2.116504192352295,-0.02141648695715814,4.384647846221924,0.04436738360814593,-4.388779163360596,-0.04440918758847158,-1.4022283554077148,-0.014188871155114614,12.7376708984375,0.12888997037977623,-20.44324493408203,-0.2068611487162511,-9.97260856628418,-0.10091085198905114,-2.3338959217071533,-0.023616230833473324,-17.893198013305664,-0.18105772871061857,-6.115077018737793,-0.06187725386372227,-2.0108870714458686,0.5969559899121955,0.12538748453441254,1.9135355950082025,3.8061509592533427,-1.41741964462982,-0.2073628240891369,-1.7730333024955178,-0.22475464501475045,1.8405734532264473,-0.7069655407668366,-1.9847079101145615,0.6141721761061184,-0.6852678670042216
Gemma_2_2B_base,gaslight_01,gaslighting,harm_to_model,1,assistant_next,19,]:,8254,100.46211242675781,1.2367582321166992,0.012310693078630626,4.67092227935791,0.04649436654801838,-4.52323055267334,-0.04502424290521478,-4.539851665496826,-0.04518968948424828,7.923495292663574,0.07887048262538,-17.110990524291992,-0.17032282231539586,-9.391067504882812,-0.09347869836730137,-1.598961591720581,-0.015916065799296313,-17.127445220947266,-0.1704866123876708,-11.772420883178711,-0.11718269304521571,1.467393596510738,0.8685926101746626,-0.014689555427082323,-0.31023991377360816,-1.1949312266602734,0.29718288222952716,0.22213163981436032,-0.973495509141139,0.1318708258037632,-0.36541409699593524,1.1679931033427002,1.4577628829098543,0.8075374585821659,1.1326501707460102
Gemma_2_2B_base,gaslight_01,gaslighting,harm_to_model,1,user_next,19,]:,8254,95.67057037353516,-3.362694501876831,-0.035148682491884,0.7005805969238281,0.007322843317317841,-1.6024329662322998,-0.016749486910925458,0.8620418906211853,0.009010523165644754,11.030561447143555,0.1152973312908656,-12.271919250488281,-0.1282726673685955,-5.394271373748779,-0.056383811162486475,1.575538992881775,0.01646837670905752,-13.627302169799805,-0.14243985497936837,-4.608738422393799,-0.0481730003740909,-3.3035385593175524,-2.8987371652764553,3.02831864498397,3.5183262982744363,2.032764326652838,2.787113965924638,3.173946955376784,2.4800554937920443,1.7619532440516006,2.4279452428114348,-3.101137862297004,-3.386327672046388,-2.7535689859178927,-3.0699483289821403
Gemma_2_2B_base,gaslight_01,gaslighting,harm_to_model,1,moderator_next,19,]:,8254,97.83895111083984,-2.2099218368530273,-0.022587341869082896,2.89121150970459,0.029550720616671296,-3.011894702911377,-0.030784208832116976,0.5708229541778564,0.0058343118737156354,12.641016006469727,0.1292022846008331,-16.901147842407227,-0.17274457310218141,-7.163330078125,-0.0732155240504347,0.32511579990386963,0.0033229689833403084,-17.53811264038086,-0.17925491270355376,-7.198583602905273,-0.07357584603242667,-2.1077875658843244,-0.8201178108628335,1.5598828852481714,3.3119262704336916,3.7057435171522086,0.40515686871311973,1.8674168231468224,1.1197154475038846,-0.05938471157961693,1.4180780043849879,-1.463952688373579,-2.1042149021872207,-0.7328194574378248,-1.4185171798125227
Gemma_2_2B_base,gaslight_02,gaslighting,harm_to_model,1,assistant_next,21,]:,8254,103.48091888427734,1.0873968601226807,0.010508187130989008,3.98966908454895,0.03855463526575943,-4.783928394317627,-0.04623005328806069,-4.881714344024658,-0.04717501928528366,8.493474960327148,0.08207769173199357,-18.913543701171875,-0.18277324848963586,-9.867441177368164,-0.09535517546382555,-0.407426118850708,-0.003937210098668841,-19.253055572509766,-0.18605416128977795,-12.576437950134277,-0.1215338835964387,1.3124636486023102,0.22217332168371381,-0.2862953913246879,-0.5525334515071582,-0.6028225468550598,-0.6303159974467486,-0.12969193492824205,0.32278036723444237,-0.8580658743524553,-0.6789272371496626,0.767318485143012,1.2737844396357738,0.08573177156994269,0.6797581056028582
Gemma_2_2B_base,gaslight_02,gaslighting,harm_to_model,1,user_next,21,]:,8254,92.83265686035156,-3.894040822982788,-0.0419468854461486,-0.12479960918426514,-0.0013443502901355237,-1.7611260414123535,-0.018970975311647285,0.6382448673248291,0.006875219226838921,10.222789764404297,0.1101206203737384,-10.581770896911621,-0.11398759073361231,-4.970711708068848,-0.053544861002376605,2.0208802223205566,0.02176906587259021,-12.956594467163086,-0.13956935959135294,-3.4394571781158447,-0.03705007800530615,-3.8546948372176875,-3.6819139483468444,2.8629856101433857,3.3597112287903386,1.1936315438794638,3.6567752466766983,3.4867649894189094,2.9645438750624025,2.0743144298303053,2.8838870998724095,-3.768304392782266,-4.080207655201668,-3.5415087050208176,-3.810858180111243
Gemma_2_2B_base,gaslight_02,gaslighting,harm_to_model,1,moderator_next,21,]:,8254,100.57500457763672,-2.8653578758239746,-0.028489761326454855,1.7253272533416748,0.01715463261062887,-3.0650925636291504,-0.030475689029306658,0.1524674892425537,0.0015159580641615552,13.044453620910645,0.1296987623882359,-17.68917465209961,-0.1758804260202129,-7.45922327041626,-0.07416577609656753,1.217113733291626,0.01210155285006327,-18.64019012451172,-0.18533620955615093,-7.390819549560547,-0.07348564964623354,-2.7876599453315474,-1.92638795712212,1.5044591451163671,3.0154188363205345,4.124844279552339,-0.0003202026538902845,1.6488862731464708,2.0901233196610383,-0.5726429139378263,1.3431187805534248,-2.3570239512268336,-2.7066639230843452,-1.8597551812523643,-2.283209552168355
Gemma_2_2B_base,gaslight_03,gaslighting,harm_to_model,1,assistant_next,18,]:,8254,97.97908782958984,0.42369189858436584,0.004324309482460912,3.9500763416290283,0.04031550435026707,-3.8470780849456787,-0.03926427741026443,-4.227849960327148,-0.04315053399640174,8.907665252685547,0.09091394347514448,-17.306400299072266,-0.17663361317644055,-9.712136268615723,-0.09912458345711034,-1.2535369396209717,-0.012793923350268235,-17.79993438720703,-0.18167075017237935,-11.637042999267578,-0.11877068114276904,0.624014059897312,0.1846050388445001,0.6897541600754798,-0.08911019803510944,-0.17255164227742312,0.19663530920301753,-0.014992212151186651,-0.5977067442933033,-0.18132002107399983,-0.31262573312070474,0.404309549370906,0.6426075025154621,0.2458134259858339,0.444210464250648
Gemma_2_2B_base,gaslight_03,gaslighting,harm_to_model,1,user_next,18,]:,8254,93.8581771850586,-3.050809860229492,-0.032504465265868754,1.1647729873657227,0.012409925509944214,-1.4782674312591553,-0.015750012152318707,0.16824674606323242,0.001792563536914883,10.544979095458984,0.11235013732120139,-11.793363571166992,-0.12565089078934716,-5.178217887878418,-0.055170663262174936,1.8985719680786133,0.02022809333208369,-13.727327346801758,-0.14625606162940727,-4.651181221008301,-0.04955541819054982,-2.9800260564610843,-2.4582799064499374,3.157679454814032,3.026602309094902,1.5283296222163862,3.033353501116332,3.333512259097149,2.831484269985284,1.7153696387445092,2.4113953763752285,-2.719152981455511,-3.1164373176998197,-2.291099322096773,-2.7037683198982965
Gemma_2_2B_base,gaslight_03,gaslighting,harm_to_model,1,moderator_next,18,]:,8254,96.3974838256836,-2.883486747741699,-0.0299124690117009,2.233804702758789,0.023172852797674653,-2.5611319541931152,-0.02656845233454882,0.24433541297912598,0.002534665878011503,12.727815628051758,0.1320347287390569,-16.956993103027344,-0.17590700949923985,-7.785173416137695,-0.08076116831239799,0.9510926008224487,0.00986636334349056,-18.35934829711914,-0.19045464226346934,-7.5377984046936035,-0.07819497050695089,-2.8064647081986434,-1.4439100273737304,2.0295062330477935,3.0805297877184006,3.795913065748921,0.3764218403518233,1.4081572990675897,1.800717939395396,-0.44184959536441676,1.2858068100707,-2.1251873677861868,-2.8518770612202315,-1.3126352092694469,-2.0822561352448394
Gemma_2_2B_base,gaslight_04,gaslighting,harm_to_model,1,assistant_next,22,]:,8254,101.25830078125,0.8113853931427002,0.008013025963131156,4.534266948699951,0.04477921230868177,-4.676181793212891,-0.04618072550234597,-4.715276718139648,-0.04656681656475887,7.93656063079834,0.0783793582310237,-17.585769653320312,-0.17367237567329066,-9.796607971191406,-0.09674869018743641,-0.9061806201934814,-0.008949198368942795,-17.38574981689453,-0.1716970330605612,-11.929224967956543,-0.11780984744872865,1.0261617645847365,0.7389247535164858,-0.17404050853164854,-0.434571580497103,-1.181358637052128,0.05288656081410119,-0.0773783977892789,-0.21981651136891603,0.01157351959274625,-0.42655725306571335,0.8825432590506112,1.019107961047146,0.6516117678950548,0.8353598644711004
Gemma_2_2B_base,gaslight_04,gaslighting,harm_to_model,1,user_next,22,]:,8254,92.60298919677734,-2.9648189544677734,-0.03201644979480804,1.5040092468261719,0.01624147621876673,-1.0111136436462402,-0.010918801352056438,1.3446427583694458,0.014520511379088835,10.178655624389648,0.10991713888155863,-10.673355102539062,-0.11525929341069806,-4.290925025939941,-0.04633678743157968,2.300067901611328,0.024837944450408437,-12.540447235107422,-0.13542162454885245,-3.9687671661376953,-0.04285787316977681,-2.8908291886739086,-2.136389509250041,3.644379667508788,3.8603673542433095,1.1477839306031317,3.609650840470537,3.9888183025695416,3.268273190627171,2.268122018966999,2.677491435800476,-2.5136093489619746,-3.0666264825251064,-1.9427707712447406,-2.5046986268849234
Gemma_2_2B_base,gaslight_04,gaslighting,harm_to_model,1,moderator_next,22,]:,8254,98.58390045166016,-3.0839362144470215,-0.03128235138108788,2.3788084983825684,0.024129786785510667,-3.0485188961029053,-0.03092309070889037,0.44626545906066895,0.004526757990058344,12.773165702819824,0.12956644689751393,-17.414505004882812,-0.17664654091691046,-7.679507255554199,-0.07789818845035235,1.0084385871887207,0.010229242123395195,-17.852357864379883,-0.18108796449105447,-7.398426532745361,-0.07504700563529763,-3.01438744632247,-1.3063205802931992,1.521726280102843,3.2236467417260393,3.843023821488785,0.14101032414678075,1.4861965537389414,1.8631048514312742,-0.20573461990442973,1.3401525634376636,-2.1603540133078347,-2.9916984172152996,-1.2256397720235148,-2.1086690946194073
Gemma_2_2B_base,gaslight_05,gaslighting,harm_to_model,1,assistant_next,26,]:,8254,100.16889190673828,1.3948523998260498,0.013925005790467562,5.384428024291992,0.05375349494037666,-3.2735824584960938,-0.03268062964641703,-3.581540107727051,-0.03575501375278889,8.670559883117676,0.08655940699823608,-15.97647762298584,-0.15949540140526516,-8.504344940185547,-0.08490006007157863,-1.536057949066162,-0.015334680456446505,-16.1611328125,-0.16133883988201383,-10.432955741882324,-0.10415365033283859,1.6313819212083502,1.5456153081802582,1.2872457159050672,0.368958817666989,-0.41886244126617717,0.8809434383320323,0.8770164928942995,-0.905062402141245,0.5819006801630641,0.15688815233864775,1.5884986146943043,1.622532791197763,1.467469132600401,1.545000961899082
Gemma_2_2B_base,gaslight_05,gaslighting,harm_to_model,1,user_next,26,]:,8254,92.59430694580078,-3.002501964569092,-0.03242642084168931,1.0319695472717285,0.011145064759497388,-1.222804069519043,-0.01320603944079197,0.8055040836334229,0.008699283035888126,10.062557220458984,0.10867360588755212,-9.904098510742188,-0.10696228350776965,-3.7871172428131104,-0.04090010895626514,1.7150803804397583,0.018522525163924653,-12.215768814086914,-0.13192786054586814,-3.843510150909424,-0.0415091410874665,-2.9299171182643238,-2.5842928277967263,3.4238317922058754,3.4782553980821347,1.0271780974851459,4.005469746801053,4.360903212967854,2.631863088753293,2.4193308632788026,2.7263333345417484,-2.757104973030525,-3.1084714678863743,-2.406088564237889,-2.757280016062132
Gemma_2_2B_base,gaslight_05,gaslighting,harm_to_model,1,moderator_next,26,]:,8254,98.34883880615234,-1.7725298404693604,-0.018022885292657644,3.3496100902557373,0.034058460993707206,-2.3865292072296143,-0.024265962223850086,0.2652454376220703,0.0026969859618258913,12.666376113891602,0.12879029653677251,-16.422298431396484,-0.16698009484143667,-7.049000263214111,-0.0716734467715256,-0.040320515632629395,-0.00040997449611074706,-17.06499671936035,-0.173514979195594,-6.874856472015381,-0.06990277216760911,-1.6540884714625177,-0.3851581122617454,2.211414624540144,3.0953496676381747,3.7320882107916105,0.6515475427540796,1.9518545796914935,0.7221559195104851,0.1609542669646548,1.5443100379194898,-1.0196232918621315,-1.6383292742248867,-0.32301810219681704,-0.9806736882108519
Gemma_2_2B_base,gaslight_06,gaslighting,harm_to_model,1,assistant_next,35,]:,8254,100.16400146484375,0.29778891801834106,0.0029730133946661574,5.6783318519592285,0.056690345522510385,-2.7871322631835938,-0.027825688095756043,-2.064084053039551,-0.020607044675267062,10.243160247802734,0.10226388820336764,-17.080524444580078,-0.17052557999667295,-7.773859977722168,-0.07761131608196274,-1.336714267730713,-0.013345256261551032,-16.557228088378906,-0.16530118451977258,-9.175017356872559,-0.09159994831169828,0.4934170925543018,1.8244912160117037,1.7940497273501705,1.4444485360203678,1.2147928952685139,0.31285912144585926,1.4165127867359464,-0.6881956691679798,0.3974316639754083,0.6474003932014594,1.1589541542830029,0.5046832138549379,1.734459963489852,1.119571588672395
Gemma_2_2B_base,gaslight_06,gaslighting,harm_to_model,1,user_next,35,]:,8254,93.3667984008789,-2.4199469089508057,-0.02591870933134648,2.1687755584716797,0.02322855228643316,-0.8076515197753906,-0.008650307535529544,0.528132975101471,0.005656539413870481,10.11738109588623,0.10836165820366173,-11.228272438049316,-0.12025979931152506,-4.313318729400635,-0.04619756490825577,1.5592093467712402,0.016699826635123892,-12.759970664978027,-0.1366649695986353,-3.993299722671509,-0.04277001879753776,-2.325642912585851,-1.5056140949679184,3.8563549561375545,3.2816699520173875,1.0841304667408724,3.3241196208648023,3.972279536348138,2.462290411001976,2.1658858308465665,2.6679253716570397,-1.9156285037768848,-2.444241408331675,-1.3075715356613236,-1.8759064719964993
Gemma_2_2B_base,gaslight_06,gaslighting,harm_to_model,1,moderator_next,35,]:,8254,100.67678833007812,-2.1997263431549072,-0.021849389314475366,3.9574365615844727,0.03930833141607232,-1.9801021814346313,-0.019667911683303643,0.9344415664672852,0.009281598886563925,13.38142204284668,0.13291466945662248,-17.926288604736328,-0.1780578115579466,-6.953943729400635,-0.06907196628682165,-0.0372164249420166,-0.0003696624173190659,-17.295059204101562,-0.17178795123457968,-6.674653053283691,-0.06629783452567266,-2.097211957971365,0.19158891529893554,2.6348471753283644,3.5696392221275315,4.474895235346008,-0.12232654801277965,2.0220581435333362,0.7255328713276492,0.05380984286686964,1.622376045540137,-0.9528115213362147,-2.0288934518561077,0.15425073628486424,-0.9373213577856218
Gemma_2_2B_base,gaslight_07,gaslighting,harm_to_model,1,assistant_next,25,]:,8254,100.84487915039062,2.139389991760254,0.02121466166437433,4.965789794921875,0.049241863709473636,-4.41386604309082,-0.04376886640429598,-4.934330463409424,-0.04892990605949187,7.513848781585693,0.07450897700398096,-17.140682220458984,-0.1699707745685031,-10.177644729614258,-0.10092376346087212,-1.0377190113067627,-0.010290249936828281,-16.850994110107422,-0.16709816355649973,-12.16496467590332,-0.12063046511029707,2.403677788568568,1.1483829305171647,0.09925093159552223,-0.5898248743745064,-1.6204819412241869,0.2819050999794401,-0.3587913351526117,-0.36291761670715716,0.2606193051373092,-0.5184800481590682,1.7760303595428661,2.3665744635372405,1.0573140575231956,1.7119442605302182
Gemma_2_2B_base,gaslight_07,gaslighting,harm_to_model,1,user_next,25,]:,8254,90.05094909667969,-2.6019082069396973,-0.02889373441412883,0.7147302627563477,0.007936954245634939,-1.9239323139190674,-0.02136493099982225,-0.39255136251449585,-0.004359214049960189,9.352775573730469,0.10386093281137133,-11.705198287963867,-0.12998417457429615,-5.822169303894043,-0.06465416924860279,1.7792637348175049,0.019758411795385608,-12.607457160949707,-0.14000360115487737,-5.119928359985352,-0.05685590669886822,-2.514388195535568,-2.8853110015688386,2.693367275543229,2.6291393328299484,0.2898397367728624,3.0787187100023106,2.857924916158619,2.701688398900668,2.236914236779985,2.228615192323623,-2.6998495985522033,-2.74789670785941,-2.697739796647205,-2.7228182522533073
Gemma_2_2B_base,gaslight_07,gaslighting,harm_to_model,1,moderator_next,25,]:,8254,99.30303192138672,-1.6646617650985718,-0.016763453571250492,2.644763708114624,0.026633262418496468,-2.9391326904296875,-0.02959761281766757,-0.6705539226531982,-0.006752602711909567,12.18217945098877,0.12267681273450741,-17.92035675048828,-0.18046132533672224,-8.533931732177734,-0.08593827969858589,0.7465583086013794,0.007517981013836441,-18.077434539794922,-0.18204312788864221,-8.442039489746094,-0.08501290772701922,-1.5421987969431386,-1.0539642188765503,1.6356893710135834,2.4321063484601546,3.2290929934135995,-0.11927432839449924,0.8551653043734282,1.578204321517835,-0.31055705887058876,0.933212973842486,-1.2980815079098444,-1.5097814112801633,-0.9980473151826386,-1.253914363231401
Gemma_2_2B_base,gaslight_08,gaslighting,harm_to_model,1,assistant_next,30,]:,8254,98.13420867919922,0.8856707215309143,0.009025096685969847,4.737254619598389,0.04827322381621761,-3.801862955093384,-0.0387414644318545,-3.8246772289276123,-0.03897394476813365,8.440284729003906,0.08600756904857919,-15.681884765625,-0.15980038945327504,-8.113395690917969,-0.082676528400414,-0.4956446886062622,-0.005050682073837524,-16.25404167175293,-0.16563074070212763,-10.648319244384766,-0.10850772006726143,1.1032166409821453,0.9315332385767265,0.7368611597395119,0.19663654632774158,-0.6580778470597825,1.032525399223619,1.1657502545706138,0.2268070568074769,0.5386312778116334,0.07291072111357533,1.0173749397794358,1.1224081450574996,0.9692544294623088,1.0458312872599043
Gemma_2_2B_base,gaslight_08,gaslighting,harm_to_model,1,user_next,30,]:,8254,93.63526153564453,-3.3870463371276855,-0.03617276527644796,0.7278541326522827,0.007773290966621665,-1.6944292783737183,-0.018096059653004683,0.23708230257034302,0.002531976722039612,10.41580581665039,0.11123807042163664,-10.714794158935547,-0.11443118738827573,-4.080942153930664,-0.04358339034891417,2.3370554447174072,0.024959138324484206,-13.077594757080078,-0.13966527718942479,-4.4546966552734375,-0.0475749902570374,-3.328798293588342,-2.872858182697645,2.932473067202929,3.0753891804193416,1.3941412924905412,3.5883284856709357,4.143900182471907,3.3085120764568408,2.017962320126698,2.4880112788566655,-3.1008282381429932,-3.4908539049469645,-2.712618522557087,-3.1017362137520257
Gemma_2_2B_base,gaslight_08,gaslighting,harm_to_model,1,moderator_next,30,]:,8254,98.65576171875,-2.207925796508789,-0.022380099834444462,2.739348888397217,0.027766740032950255,-3.1504576206207275,-0.031933843150510774,-0.37217140197753906,-0.0037724243925918227,12.638574600219727,0.1281078203648161,-17.141555786132812,-0.1737511878424327,-7.2463812828063965,-0.07345117159466609,0.830113410949707,0.008414241565700059,-17.664016723632812,-0.17904698535489266,-7.8342437744140625,-0.07940989596480028,-2.1057171080247894,-0.9642153774678766,1.41552228428773,2.6435835323507435,3.703207325225431,0.28145560911604056,1.8060797396651846,1.6691042283929183,-0.1180206100259214,1.1702128474984725,-1.534966242746333,-2.083062091588388,-0.8950021919752675,-1.4890321417818277
Gemma_2_2B_base,gaslight_09,gaslighting,harm_to_model,1,assistant_next,29,]:,8254,100.4048080444336,1.2619495391845703,0.012568616620691128,4.969622611999512,0.049495862885373304,-4.633173942565918,-0.046144940992422716,-4.493913650512695,-0.044757952712024894,7.725057125091553,0.07693911552196656,-17.587133407592773,-0.17516226314390926,-10.033854484558105,-0.09993400395843273,-1.9478449821472168,-0.019399917395242754,-16.7000732421875,-0.16632742562285438,-11.152402877807617,-0.11107439070917981,1.4935241002659312,1.1520197676096302,-0.12923314399247857,-0.27768156544821254,-1.4010735999587314,0.05218484472822643,-0.2525957140452636,-1.353047048289954,0.3309059904950169,-0.12364834374920132,1.3227719339377808,1.4840886610933408,1.0804052734778793,1.28224696728561
Gemma_2_2B_base,gaslight_09,gaslighting,harm_to_model,1,user_next,29,]:,8254,95.19438934326172,-3.1356852054595947,-0.032939811128496435,1.3161687850952148,0.013826117213160936,-1.1788585186004639,-0.012383697471387884,0.8362728357315063,0.008784896268581416,10.84134292602539,0.11388636453071369,-11.358596801757812,-0.11932002379677878,-5.026485443115234,-0.05280232876950569,2.3074724674224854,0.02423958474172216,-13.210531234741211,-0.13877426312495497,-4.268986225128174,-0.04484493523809081,-3.0680657727522296,-2.3146252937530214,3.4696160918223926,3.500062603915761,1.836199545327865,3.2570615707143027,3.4455735551014097,3.2763286453363123,1.9560513034017764,2.560425985592435,-2.6913455332526253,-3.1608722635022715,-2.1623524931498714,-2.6616123783260717
Gemma_2_2B_base,gaslight_09,gaslighting,harm_to_model,1,moderator_next,29,]:,8254,100.14058685302734,-1.9303244352340698,-0.019276144627224285,2.9702794551849365,0.02966109495188306,-3.272688865661621,-0.03268094354654448,0.0034744739532470703,3.4695961571969095e-05,13.031309127807617,0.13013014540181586,-18.41872215270996,-0.18392864203744325,-8.434377670288086,-0.08422536691009123,-0.11599612236022949,-0.0011583327600273876,-17.886672973632812,-0.17861561965763617,-7.656602382659912,-0.07645853318092918,-1.817766054365994,-0.7450927754585157,1.2881766980230174,2.9098207496048594,4.111189461846568,-0.3757069031217115,0.9286904967952228,0.6398281452522808,-0.2217158113746231,1.239481166342754,-1.281429414912255,-1.7662471330779792,-0.7227852610621789,-1.244516197070079
Gemma_2_2B_base,gaslight_10,gaslighting,harm_to_model,1,assistant_next,31,]:,8254,102.85531616210938,0.4420316815376282,0.00429760656066572,3.976468324661255,0.0386607953097337,-4.742583274841309,-0.046109267384551754,-4.18080472946167,-0.040647434527082096,8.458761215209961,0.08223941679279057,-18.337474822998047,-0.17828417146758377,-10.139942169189453,-0.09858452190461384,-1.5662295818328857,-0.015227502478961465,-17.39415740966797,-0.16911286707099502,-11.334869384765625,-0.11020207615618852,0.643037597105544,0.20964754436748884,-0.2432203291576057,-0.05576711575138368,-0.6388840258139278,-0.33390130856226136,-0.3309462833545158,-0.9378862337407917,0.007657945583485378,-0.19479813635982063,0.4263425707365164,0.6398819847499442,0.09538284422592988,0.36763241448793704
Gemma_2_2B_base,gaslight_10,gaslighting,harm_to_model,1,user_next,31,]:,8254,94.34081268310547,-4.152219295501709,-0.04401296933331684,0.23466408252716064,0.0024874078975279405,-1.6105217933654785,-0.017071315664571228,0.5425875186920166,0.005751355148005663,10.173751831054688,0.107840409062711,-11.325089454650879,-0.12004443392588003,-5.397975921630859,-0.057217822998439444,1.564927577972412,0.016588023077870506,-12.8123197555542,-0.13580887625582885,-4.337530612945557,-0.04597724451998833,-4.122498866897033,-3.340830389979694,3.0198913690192692,3.2919145406281096,1.1426897513502057,3.2743026858731903,3.171210978655235,2.468511296011605,2.141505875252607,2.5336982367078082,-3.731664628438363,-4.291089010534898,-3.1931612921441146,-3.742125151339506
Gemma_2_2B_base,gaslight_10,gaslighting,harm_to_model,1,moderator_next,31,]:,8254,101.2448501586914,-3.584228277206421,-0.03540158607167173,1.4707245826721191,0.014526413742199254,-3.246812582015991,-0.032068915870060846,-0.02564072608947754,-0.0002532546203514372,12.63605785369873,0.12480691940274438,-17.56308937072754,-0.17347143428232759,-7.799614906311035,-0.0770371519547503,0.36980700492858887,0.003652600644368109,-17.395557403564453,-0.1718167134061497,-7.57774019241333,-0.07484568529200214,-3.533331683293042,-2.1679722586361287,1.3151356847379305,2.8891854908788983,3.7005928680009132,0.06455663910380285,1.3974916032265778,1.168335175811399,0.0070059421073516495,1.2702321714143578,-2.8506519709645852,-3.412141071979224,-2.0986881197240033,-2.7554145958516134
Gemma_2_2B_base,gaslight_11,gaslighting,harm_to_model,1,assistant_next,29,]:,8254,101.64071655273438,1.3009617328643799,0.012799611976263472,5.639434337615967,0.05548400807160831,-3.621270179748535,-0.035628144926248204,-3.8517796993255615,-0.03789603054723781,8.557686805725098,0.0841954592211587,-16.659162521362305,-0.16390245057667427,-8.984850883483887,-0.08839814582399433,-1.8921215534210205,-0.018615783296247513,-16.441072463989258,-0.16175675478890505,-10.713780403137207,-0.10540835175614453,1.5339907688156043,1.7875826132522132,0.9250102115123807,0.17742780010742754,-0.5361177270808966,0.5296697635591757,0.5221410486358082,-1.2924253227506164,0.4515275218678715,0.04738522634231353,1.6607866910339086,1.5076659291613583,1.6247911092727596,1.5662285192170589
Gemma_2_2B_base,gaslight_11,gaslighting,harm_to_model,1,user_next,29,]:,8254,92.5053482055664,-2.841602325439453,-0.03071824905869024,1.3669049739837646,0.014776496716127302,-1.4044456481933594,-0.01518231837874265,0.20273113250732422,0.002191561206351149,9.7401704788208,0.10529305243169386,-10.874531745910645,-0.11755570847368889,-4.654356002807617,-0.050314453089400364,1.8742022514343262,0.02026047453245031,-12.883288383483887,-0.13927074091818456,-4.746147155761719,-0.05130673250604687,-2.76301872695979,-2.2664833527361052,3.234590053576853,3.051042952993472,0.6922749442541443,3.5061359407508212,3.7204080338267542,2.804972364532724,2.108454451083692,2.3743649828228697,-2.5147510398479476,-2.934121538061141,-2.075952928016755,-2.505037233038948
Gemma_2_2B_base,gaslight_11,gaslighting,harm_to_model,1,moderator_next,29,]:,8254,100.55562591552734,-1.3800270557403564,-0.013724016365823833,3.8950695991516113,0.038735471672402495,-2.7627880573272705,-0.02747522112435733,-0.4303300380706787,-0.004279522246046992,12.513404846191406,0.12444261305382759,-17.661212921142578,-0.17563624869660738,-7.815873622894287,-0.07772686562022976,-0.05762982368469238,-0.0005731138676726534,-17.766868591308594,-0.17668696733322323,-7.841590881347656,-0.07798261718280243,-1.2469521739035159,0.13241090661084812,1.8194125318105616,2.60236387728501,3.573177953979513,0.014067430659289983,1.38548380321697,0.703325058847478,-0.16592065831888492,1.1673479648231357,-0.5572706336463339,-1.1995516857054105,0.10217171671336081,-0.5486899844960248
Gemma_2_2B_base,gaslight_12,gaslighting,harm_to_model,1,assistant_next,32,]:,8254,97.66132354736328,0.8124984502792358,0.008319551904139355,5.016107082366943,0.05136226809310297,-3.275230646133423,-0.03353661948422211,-3.2468209266662598,-0.03324571907006394,8.651800155639648,0.08858983107518242,-16.302738189697266,-0.16693136645635206,-9.01822280883789,-0.09234180411720798,-1.0893511772155762,-0.011154376549968302,-15.895212173461914,-0.16275851684267967,-10.350367546081543,-0.10598225756240008,1.027316319352682,1.1961273894009967,1.2855285655898616,0.6061894357494865,-0.43835050040353685,0.7130669429316643,0.49749436735967206,-0.4190884421979111,0.7057449208157731,0.1890920515707579,1.1117218543768392,1.050394496064463,1.2500812795435674,1.1502378878040151
Gemma_2_2B_base,gaslight_12,gaslighting,harm_to_model,1,user_next,32,]:,8254,95.70972442626953,-2.2047934532165527,-0.0230362532797284,1.5082571506500244,0.015758661512100768,-0.9502973556518555,-0.009928953001885631,-0.30822861194610596,-0.003220452402237888,10.16514778137207,0.10620809789503514,-12.111416816711426,-0.12654322107093222,-5.393599987030029,-0.05635373019159632,1.620635986328125,0.01693282470556678,-13.065467834472656,-0.13651139330714201,-5.356039047241211,-0.055961283760327434,-2.102467982922237,-2.132358809668276,3.707740601503181,2.688902678845432,1.1337516562082577,2.8697000607055014,3.1744428049357927,2.529116680833981,2.023610055959475,2.1365477399923773,-2.117413396295256,-2.1500344583482374,-1.9866637430161327,-2.068349100682185
Gemma_2_2B_base,gaslight_12,gaslighting,harm_to_model,1,moderator_next,32,]:,8254,97.84801483154297,-2.1658005714416504,-0.022134333283821184,2.996145009994507,0.030620396490953116,-2.232544422149658,-0.022816450859971454,0.11210298538208008,0.0011456848212513943,12.338323593139648,0.1260968208131922,-16.983810424804688,-0.1735733775901774,-7.472090244293213,-0.07636424977202969,0.6741164922714233,0.006889424312102758,-16.838115692138672,-0.17208438741580498,-7.782822608947754,-0.07953991322508495,-2.062021346274931,-0.7205497807777865,2.371842367260856,2.9868106873370603,3.3912993090305363,0.36262305969811837,1.6393834290411462,1.4993945998708758,0.2666170264872478,1.1902636794002757,-1.3912855635263588,-2.0579771550023698,-0.6355745883272523,-1.346775871664811
Gemma_2_2B_base,gaslight_13,gaslighting,harm_to_model,1,assistant_next,34,]:,8254,102.06986999511719,1.0190144777297974,0.00998349932040224,5.6988043785095215,0.055832385980134396,-3.6538236141204834,-0.03579727900403199,-3.4833831787109375,-0.03412743818403585,9.76773452758789,0.09569655107873812,-16.979814529418945,-0.16635481685468223,-8.989517211914062,-0.08807219223796506,-1.1622097492218018,-0.011386413534938366,-17.06277084350586,-0.1671675573244299,-10.935726165771484,-0.10713961099680666,1.2415317952017677,1.8439169392921113,0.8910946919278533,0.4385270714664128,0.7209091455274454,0.36467913690078635,0.5186947533343441,-0.49835155389643937,0.16199089919442056,-0.039158848214167964,1.5427243672469395,1.220230526694216,1.6564623518707846,1.4383464392825003
Gemma_2_2B_base,gaslight_13,gaslighting,harm_to_model,1,user_next,34,]:,8254,95.81981658935547,-2.904594898223877,-0.03031309181765378,1.4149463176727295,0.014766739992173128,-1.454171061515808,-0.015176099404863091,0.31234341859817505,0.0032596954337405083,11.412299156188965,0.11910165936861902,-12.003153800964355,-0.12526796886290195,-5.017525672912598,-0.05236417529805614,1.749733805656433,0.01826066744789417,-13.783235549926758,-0.1438453551732004,-4.722369194030762,-0.04928384714269392,-2.8283598247939707,-2.220898463825194,3.1827840533214857,3.128730136310419,2.4293227019037897,2.9254065037129657,3.452190751986195,2.6695626790424245,1.689332137528662,2.3836368052195693,-2.524629144309582,-2.892767888945788,-2.0768399175868515,-2.48480390326632
Gemma_2_2B_base,gaslight_13,gaslighting,harm_to_model,1,moderator_next,34,]:,8254,100.18238067626953,-2.2614316940307617,-0.022573147880547755,3.7479662895202637,0.03741143167311509,-2.3917770385742188,-0.023874228406520242,0.7264337539672852,0.007251112910908869,13.964011192321777,0.13938589897803727,-17.331371307373047,-0.17299819779066575,-7.038043975830078,-0.07025231311454748,0.7648124098777771,0.007634200791746011,-17.634193420410156,-0.1760209060852076,-7.036190509796143,-0.07023381219630792,-2.161217842955136,-0.007170701917571561,2.205947215949375,3.422214680250437,5.080102950173039,0.1837865441732661,1.9599462951157467,1.5980630262465487,-0.10413133706566664,1.4814005016955256,-1.0841942724363538,-2.102766148069121,-0.018197546091891,-1.060481847080506
Gemma_2_2B_base,gaslight_14,gaslighting,harm_to_model,1,assistant_next,30,]:,8254,102.32244873046875,0.8340972065925598,0.008151654079249856,4.965653419494629,0.04852946231354212,-3.997561454772949,-0.03906827391614786,-3.1589794158935547,-0.03087278945224167,9.376408576965332,0.0916358892237232,-18.403484344482422,-0.17985773965358964,-9.66981029510498,-0.09450331198168034,-1.4522407054901123,-0.014192786856728888,-17.75092315673828,-0.17348024189194913,-11.188224792480469,-0.10934281705817826,1.0497203328257514,1.148253528251869,0.5329743371477821,0.6684466862239506,0.3143902727640632,-0.36786632996079766,0.016267440019175298,-0.8138773108487132,-0.15849456968063155,-0.13761650613899948,1.0989869305388102,1.0332574760769893,0.9925492234578649,1.0129033497674271
Gemma_2_2B_base,gaslight_14,gaslighting,harm_to_model,1,user_next,30,]:,8254,94.763916015625,-3.263296604156494,-0.03443606745439298,0.944076657295227,0.00996240654659696,-1.660557746887207,-0.017523101795554847,0.6609649062156677,0.006974858511616232,10.081745147705078,0.10638801741838914,-11.386032104492188,-0.12015155750438616,-5.2100019454956055,-0.05497875314309048,1.3217127323150635,0.013947426276655081,-12.842140197753906,-0.13551719618294847,-4.528871536254883,-0.04779109735722769,-3.2004348524459005,-2.6676915697548553,2.967761835090308,3.3758139476481297,1.047110980909663,3.2429448096244813,3.3100382902013394,2.2039169600639896,2.127617934724524,2.459088012407762,-2.934063211100378,-3.3135923751543936,-2.513604724862958,-2.913598550008676
Gemma_2_2B_base,gaslight_14,gaslighting,harm_to_model,1,moderator_next,30,]:,8254,103.14797973632812,-2.7959775924682617,-0.02710646974972729,2.463005542755127,0.023878369203654607,-3.1869192123413086,-0.030896574227511447,0.4458129405975342,0.004322071471851828,13.401018142700195,0.12992031619966313,-18.932052612304688,-0.18354264097755205,-8.477864265441895,-0.08219127788167468,-0.006701469421386719,-6.496946851036094e-05,-18.5058536529541,-0.17941072331479166,-7.972174644470215,-0.07728871340814503,-2.7156929866549557,-1.226428707592899,1.3775350841062335,3.2233260214304083,4.495252138358283,-0.6398397077926627,0.8965736728729945,0.7587302050291749,-0.5100798937367709,1.1164289889552934,-1.9710608471239275,-2.565473914134047,-1.2484962937302462,-1.9069851039321466
Gemma_2_2B_base,gaslight_15,gaslighting,harm_to_model,1,assistant_next,37,]:,8254,102.61083984375,1.1510050296783447,0.011217187496282364,4.924917697906494,0.04799607629570015,-4.542535305023193,-0.04426954610195482,-4.718389987945557,-0.04598334830053486,7.989908218383789,0.07786612243453392,-17.744022369384766,-0.17292541798122266,-10.155570030212402,-0.09897170752794472,-1.7584859132766724,-0.017137428325841555,-17.002365112304688,-0.16569755337930114,-11.058752059936523,-0.10777372134148953,1.3784432942378908,1.109600709643728,-0.03480204798055924,-0.43677809557631814,-1.125939871352125,-0.028541947780344017,-0.3424881679049129,-1.1470426123845567,0.19012298378455028,-0.08713075824581545,1.2440220019408095,1.3461507936320498,0.944058783748475,1.1451047886902623
Gemma_2_2B_base,gaslight_15,gaslighting,harm_to_model,1,user_next,37,]:,8254,94.2412109375,-3.5345213413238525,-0.03750505013849958,0.5375111699104309,0.00570356815838141,-1.7468841075897217,-0.01853630795075671,-0.3268812298774719,-0.0034685593131253043,9.828536033630371,0.10429127486645492,-11.92288589477539,-0.12651456593318341,-5.643171787261963,-0.059880085698436836,1.9403676986694336,0.02058937570269836,-13.533638000488281,-0.14360636780721842,-4.949424743652344,-0.0525186878905319,-3.4817715450580886,-3.053468510080184,2.8778234481411866,2.675682725131722,0.7840712222038914,2.966708138538015,2.990122705014138,2.8769540008778787,1.8055744084964223,2.295100253849166,-3.2676200275691363,-3.626837753010591,-2.9007782524543537,-3.263808002732472
Gemma_2_2B_base,gaslight_15,gaslighting,harm_to_model,1,moderator_next,37,]:,8254,100.98057556152344,-2.076094627380371,-0.02055934634790717,3.1021831035614014,0.03072059241404665,-3.062140941619873,-0.030324059103369168,-0.08078670501708984,-0.0008000222277191293,12.842193603515625,0.12717489014202923,-18.309112548828125,-0.18131321243730794,-8.18178939819336,-0.08102339833870843,0.04353296756744385,0.0004311023909833129,-17.87677764892578,-0.17703184547640227,-7.2021660804748535,-0.0713222918410369,-1.968970934010059,-0.6199336375893933,1.5075342674803542,2.8501010421649005,3.914731676118506,-0.3193075768182647,1.1152383980736176,0.8133804360248925,-0.2171073726359558,1.4166810765851563,-1.2944522857997263,-1.8972211558193441,-0.6264657174431769,-1.2618434366312605
Gemma_2_2B_base,gaslight_16,gaslighting,harm_to_model,1,assistant_next,26,]:,8254,100.30583953857422,-0.16767999529838562,-0.0016716872723437162,4.64565372467041,0.046314888006932536,-2.483016014099121,-0.024754451241537512,-2.405014991760254,-0.02397681932401719,10.258611679077148,0.10227332452695373,-16.54792022705078,-0.16497464457876365,-9.013341903686523,-0.08985859592172894,-1.7771344184875488,-0.017717158110262598,-16.442779541015625,-0.1639264435316579,-9.33299732208252,-0.09304540358782766,0.010594301558240163,0.844616089746206,2.110890662900903,1.2028153644171267,1.2308442162050957,0.586909186323474,0.5010991373071263,-1.1673303906217418,0.45073250400528336,0.5857987220306052,0.42760519565222305,0.03060722020364773,0.7912209578031164,0.41091408900338205
Gemma_2_2B_base,gaslight_16,gaslighting,harm_to_model,1,user_next,26,]:,8254,95.39967346191406,-3.0090932846069336,-0.03154196629203599,1.519175410270691,0.01592432505418568,-0.611385703086853,-0.006408677104444529,0.5827654600143433,0.006108673529653095,10.658576965332031,0.11172550784030935,-11.167226791381836,-0.1170572852729949,-4.9736456871032715,-0.05213482925692482,0.7457821369171143,0.007817449576647127,-12.832368850708008,-0.13451166429653463,-4.078277111053467,-0.04274938228883579,-2.9367541796576235,-2.1219988235877265,4.060832833144882,3.3203904643052975,1.6463378400093678,3.3555304938528647,3.484598112759405,1.5773599214532565,2.132168634735741,2.634789846344661,-2.529376501622675,-3.0181968302882023,-1.9716031720022662,-2.4949000011452345
Gemma_2_2B_base,gaslight_16,gaslighting,harm_to_model,1,moderator_next,26,]:,8254,100.57231903076172,-2.407806634902954,-0.023941047179855585,3.5452306270599365,0.03525056060381355,-2.190052032470703,-0.021775892746401116,0.08052706718444824,0.0008006881810075165,12.914499282836914,0.12841007751732164,-17.66106414794922,-0.17560561711366413,-8.045048713684082,-0.07999267384123229,-0.7398178577423096,-0.007356078341158903,-17.497066497802734,-0.17397497309822363,-7.030383586883545,-0.06990376332809016,-2.3130500179122335,-0.19954006426029947,2.416112703161016,2.9644314063923387,3.989844566549919,0.014143981505021773,1.216227598811372,-0.038829842819932986,-0.040268751352916854,1.4836648151184393,-1.2562950410862666,-2.2423850957744724,-0.2146436185436374,-1.2285143571590549
Gemma_2_2B_base,gaslight_17,gaslighting,harm_to_model,1,assistant_next,33,]:,8254,97.557373046875,0.3297639489173889,0.0033802052947750224,4.612224578857422,0.04727704769829452,-3.2812843322753906,-0.03363440639897897,-3.126446485519409,-0.032047259862329355,9.162566184997559,0.0939197715030218,-16.949827194213867,-0.1737421443899448,-7.978236198425293,-0.08177994086199777,-0.8922996520996094,-0.009146409176791501,-17.167800903320312,-0.17597645741313078,-10.050600051879883,-0.10302245476670129,0.5265842348041617,0.8128962463517807,1.2792215840111865,0.6915042449698646,0.09224561817760775,0.3801090394212379,1.265571673250361,-0.20471535450827544,0.11307642587455687,0.3059814215676395,0.6697402405779712,0.5462445368529903,0.8786914668606238,0.712468001856807
Gemma_2_2B_base,gaslight_17,gaslighting,harm_to_model,1,user_next,33,]:,8254,94.03526306152344,-2.6716606616973877,-0.02841126376122784,1.3419508934020996,0.014270719831177756,-1.0007355213165283,-0.010642130289589213,0.22805112600326538,0.0024251660342999286,10.631420135498047,0.11305780182209245,-12.552393913269043,-0.13348602965098874,-5.188371658325195,-0.05517474497764371,1.4945886135101318,0.015893916439966606,-13.463338851928711,-0.14317329918160804,-4.824254512786865,-0.05130261091129774,-2.586741201120752,-2.2901614787800777,3.655192026263392,3.0689883772379103,1.6181266676238533,2.642796484008778,3.3260132388488985,2.391989274739267,1.8383140435371046,2.3439083124653792,-2.438451339950415,-2.698651822003532,-2.1219334050552727,-2.4102926135294025
Gemma_2_2B_base,gaslight_17,gaslighting,harm_to_model,1,moderator_next,33,]:,8254,98.68545532226562,-2.6319642066955566,-0.02667023421131976,3.044158935546875,0.030847088110460847,-2.436659574508667,-0.02469117223557971,0.21908974647521973,0.002220081426992091,13.008232116699219,0.13181508940927258,-17.970916748046875,-0.1821029926787219,-7.1318678855896,-0.07226868298170067,0.217107892036438,0.002199998888665548,-18.212360382080078,-0.18454959064237064,-7.167995452880859,-0.07263477104577538,-2.545564760227927,-0.6749909080565764,2.159186726438635,3.0626370423739426,4.087216503938691,-0.1452898388901188,1.890653080073647,1.0022132424800327,-0.3733945600990629,1.4300053469250653,-1.6102778341422517,-2.5209481607727025,-0.6149659185446477,-1.567957039658675
Gemma_2_2B_base,gaslight_18,gaslighting,harm_to_model,1,assistant_next,31,]:,8254,96.9093246459961,0.4979785680770874,0.005138603224160038,4.679461479187012,0.04828700949347033,-3.024634838104248,-0.03121097839813719,-3.061154842376709,-0.031587825563318316,9.217961311340332,0.09511944640015796,-16.36288833618164,-0.1688474086054596,-8.686123847961426,-0.08963145579325117,-1.9886223077774048,-0.020520443363337037,-16.471023559570312,-0.16996324780652394,-9.836333274841309,-0.10150037997656923,0.7010703273990517,0.8766951827862417,1.5466096834192522,0.7377793846534536,0.1497914167162014,0.6821168471496416,0.7427645204608688,-1.397408852634907,0.43757873360393695,0.38953120286064585,0.7888827550926467,0.7257209564053895,0.9705076935699447,0.848114324987667
Gemma_2_2B_base,gaslight_18,gaslighting,harm_to_model,1,user_next,31,]:,8254,94.5770263671875,-3.853053092956543,-0.04073984180891226,0.7959241271018982,0.00841561801712594,-1.2177749872207642,-0.012876012642783388,0.8905795812606812,0.009416447264931755,11.30282211303711,0.11950917201768255,-10.689818382263184,-0.11302764310606304,-4.6750593185424805,-0.04943123608466974,1.2206889390945435,0.012906822999015844,-12.903253555297852,-0.13643116146623213,-3.644993782043457,-0.03853994909812526,-3.81217897924803,-2.8082687499948116,3.4290712989574716,3.5385522499740047,2.315595298687217,3.6011797042534353,3.705117695649872,2.0940127993625848,2.099156295243869,2.803741505006026,-3.310223864621421,-3.9570069469692313,-2.6542241888581937,-3.3056155679137125
Gemma_2_2B_base,gaslight_18,gaslighting,harm_to_model,1,moderator_next,31,]:,8254,98.717529296875,-2.848788022994995,-0.02885797530880036,2.8561136722564697,0.02893218349972301,-2.1415812969207764,-0.02169403258139049,0.994066596031189,0.010069808301641288,13.184037208557129,0.13355315213480007,-16.945270538330078,-0.171654119172394,-7.532665252685547,-0.07630524493813481,-0.007015705108642578,-7.106848356733201e-05,-17.10874366760254,-0.17331008777732987,-6.395437240600586,-0.06478522392276931,-2.7704723257926287,-0.8534210221852362,2.4666115280173138,3.611898176549576,4.269847090165959,0.3824536544270488,1.5946460364781485,0.7583883468552801,0.1405804907676477,1.7312516276796055,-1.8119466739889325,-2.74424684221552,-0.7890510341460977,-1.7666489381808088
Gemma_2_2B_base,gaslight_19,gaslighting,harm_to_model,2,assistant_next,59,]:,8254,82.9180679321289,0.008517622947692871,0.0001027233648842954,5.8468170166015625,0.0705131844290845,-1.8824074268341064,-0.02270201747072685,0.6154024600982666,0.007421813790958,8.281397819519043,0.09987446676034024,-11.310879707336426,-0.13641031429476555,-5.10075044631958,-0.06151554870398943,-3.0906686782836914,-0.0372737662051352,-9.742731094360352,-0.11749828882090076,-1.9840137958526611,-0.02392740020759577,0.19336101996751687,1.9843613804076585,2.7366296270691515,3.3435217819600855,-0.8231334157944585,3.2816142730616757,3.390725480124245,-2.5963292014297403,3.571071020089941,3.4514131435882325,1.0888612001875877,0.2117180271850657,2.991102459151282,1.6014102431681738
Gemma_2_2B_base,gaslight_19,gaslighting,harm_to_model,2,user_next,59,]:,8254,90.19195556640625,-1.0081195831298828,-0.011177488910168133,4.447894096374512,0.04931586268910236,-2.6937568187713623,-0.029866929947959843,-0.3243495225906372,-0.003596213437814043,10.12234115600586,0.11223108638056987,-12.476021766662598,-0.13832743384166662,-6.663678169250488,-0.07388328734422635,-1.6226675510406494,-0.017991266968880797,-12.59349536895752,-0.13962991809935,-2.368447780609131,-0.026260077916431222,-0.8611790346436327,0.6569683264926077,1.8913321423940939,2.6774770605580827,1.0892830972921108,2.6820935662388634,2.236432431818188,-0.9992853105298732,2.2434165057790296,3.301509477737975,-0.10210535407551247,-0.9396323452675994,1.0640413487160933,0.06220450172424696
Gemma_2_2B_base,gaslight_19,gaslighting,harm_to_model,2,moderator_next,59,]:,8254,96.10125732421875,-1.6296441555023193,-0.016957573718357877,4.980349540710449,0.05182397899236785,-3.500995397567749,-0.03643027672110855,-0.987433671951294,-0.010274929792229139,12.027928352355957,0.1251589072531808,-18.93299102783203,-0.19701085662133866,-8.945962905883789,-0.09308892677337835,-2.709747314453125,-0.028196793568591883,-16.481487274169922,-0.17150126578017597,-5.617143630981445,-0.05845026160303787,-1.5058756408406202,1.162198205931614,1.0503174735348575,2.2075193422850847,3.0688532172398864,-0.6403225669734325,0.5508615848115292,-2.1819234317547873,0.4327055850071118,2.0347343316440982,-0.17183871745450308,-1.5295948951245188,1.2920556916486199,-0.11876960173794948
Gemma_2_2B_base,gaslight_20,gaslighting,harm_to_model,2,assistant_next,67,]:,8254,85.4669189453125,-0.39744865894317627,-0.004650321596330046,5.741759300231934,0.0671810727599283,-1.0875740051269531,-0.012725087303344308,1.364078164100647,0.015960305822811702,9.466436386108398,0.1107614092437995,-12.515750885009766,-0.146439710702783,-5.468805313110352,-0.06398739279006492,-3.8069608211517334,-0.04454309185508002,-9.684919357299805,-0.11331775471509473,-2.004671096801758,-0.023455520820687144,-0.22774072853844446,1.884675485671879,3.5647200881965126,3.8741421050648337,0.4079133407639561,2.661651055454628,3.1189002588433117,-3.3755860900231167,3.5979950328441825,3.443358171183014,0.8284673785667173,-0.2734164678883402,2.6881782080584355,1.2073808700850477
Gemma_2_2B_base,gaslight_20,gaslighting,harm_to_model,2,user_next,67,]:,8254,89.23539733886719,-0.9315731525421143,-0.01043950248805986,3.6466403007507324,0.04086540105719246,-2.177814483642578,-0.024405275805210246,-0.42946529388427734,-0.004812723500892849,9.500293731689453,0.10646328715960707,-11.92058277130127,-0.1335858092953116,-6.179306983947754,-0.06924726250147269,-1.0034044981002808,-0.011244467196015275,-11.922597885131836,-0.1336083912962962,-2.905911445617676,-0.03256455994231319,-0.7817787563440064,-0.1033156801211744,2.4288622896471823,2.6029767605896748,0.4430851711485092,2.967893204515209,2.5941625326997806,-0.3255867300555001,2.5558660762251395,3.0919344223558833,-0.4425472182325904,-0.8643074381434185,0.29580486224702623,-0.2842512879481961
Gemma_2_2B_base,gaslight_20,gaslighting,harm_to_model,2,moderator_next,67,]:,8254,96.80901336669922,-1.563740849494934,-0.016152843574303345,4.622954845428467,0.047753351518183024,-2.956050157546997,-0.030534865037306867,-0.6952769756317139,-0.007181944650113315,12.25915813446045,0.12663240444383464,-19.242984771728516,-0.19877265662070884,-8.895909309387207,-0.09189133325520762,-2.643677234649658,-0.02730817248013646,-16.13089370727539,-0.16662594882744838,-5.728396892547607,-0.059172144135476605,-1.4375152901662418,0.8230778518620758,1.6180640513381843,2.414584002951325,3.3090603137048604,-0.7998290125299083,0.5878284372328137,-2.1100455459935157,0.5959835999323068,1.9913529647310513,-0.307218719152083,-1.4474575799314175,0.921992530047658,-0.26273252494187976
Gemma_2_2B_base,rejection_01,repeated_rejection,harm_to_model,1,assistant_next,16,]:,8254,104.82982635498047,0.7272725105285645,0.006937648719037601,3.7876651287078857,0.03613155969448893,-6.583767890930176,-0.06280433842021127,-6.255889415740967,-0.05967661717340762,7.68718147277832,0.07333009831331369,-20.184751510620117,-0.19254779114361414,-11.609740257263184,-0.11074844498883027,-0.8408191204071045,-0.008020800469132486,-19.769485473632812,-0.1885864563648928,-13.866355895996094,-0.13227491047291334,0.93891293747596,0.03049825226439823,-2.1614429102903077,-1.5264734587205881,-1.4404197446727676,-1.2844125501708326,-1.4164588701397212,-0.1487094924458956,-1.0985769876917146,-1.1819093781620165,0.48470559487017917,0.909346197675678,-0.13455146790334957,0.3873973648861642
Gemma_2_2B_base,rejection_01,repeated_rejection,harm_to_model,1,user_next,16,]:,8254,91.46315002441406,-3.6574578285217285,-0.03998832128070651,-0.2853285074234009,-0.0031196007063745207,-2.788551092147827,-0.030488246812005546,-1.3387799263000488,-0.014637369541095962,8.173187255859375,0.08936043918974716,-11.543966293334961,-0.1262143966204264,-5.667838096618652,-0.061968542468805725,2.3554179668426514,0.025752644274923013,-12.870354652404785,-0.14071628463451488,-4.966031551361084,-0.054295435375181285,-3.6092914205341575,-3.8342346669470366,1.7925715324238307,1.9585043655634862,-0.9355451694490157,3.16168019835359,2.9719055162087593,3.3284887326306065,2.1144779327889545,2.288624704203919,-3.721763043740597,-3.8803006387050547,-3.7028977748468126,-3.791599206775934
Gemma_2_2B_base,rejection_01,repeated_rejection,harm_to_model,1,moderator_next,16,]:,8254,96.93489837646484,-3.605118751525879,-0.03719113355362198,0.8433161973953247,0.00869982030744127,-4.27741813659668,-0.04412670986649746,-0.9955551624298096,-0.01027034823478521,11.556751251220703,0.11922178126537972,-17.38361930847168,-0.17933292962209685,-7.951330184936523,-0.08202752897162013,1.2781622409820557,0.013185779965622629,-18.37445068359375,-0.18955454631244495,-8.1524658203125,-0.08410248483111697,-3.5550010081987184,-2.7632999357674075,0.24140802605427306,2.201763274766446,2.579383035871394,0.15690247600492047,1.2854429851939964,2.1565382184279467,-0.4488830606560065,1.0461274306881896,-3.1591504719830628,-3.594796868663296,-2.628387189831554,-3.111592029247425
Gemma_2_2B_base,rejection_02,repeated_rejection,harm_to_model,2,assistant_next,37,]:,8254,84.32904815673828,-1.3008928298950195,-0.015426390530071128,3.528282642364502,0.04183946954798607,-3.7115330696105957,-0.04401250993266461,-0.8676030039787292,-0.010288305429063517,7.1221113204956055,0.08445620431121297,-11.863083839416504,-0.14067612642048527,-7.323474407196045,-0.08684403022768929,-1.3115187883377075,-0.015552396439955679,-13.19777774810791,-0.15650334062324345,-5.262642860412598,-0.062406050767123335,-1.1648676206866186,-0.21562146291157552,0.8309705850356507,2.29244875486992,-2.027428301025227,2.997479124969447,1.7491429688538709,-0.660785413347222,1.961990841880207,2.172966036337623,-0.6902445417990971,-1.3733098633236422,0.3843580073346019,-0.49447592799452017
Gemma_2_2B_base,rejection_02,repeated_rejection,harm_to_model,2,user_next,37,]:,8254,87.98883819580078,-1.6550933122634888,-0.018810264417634705,2.6774039268493652,0.030428904185453184,-3.5429558753967285,-0.040265969503002416,-0.9475381374359131,-0.010768844740594993,8.3474760055542,0.0948697150311115,-12.273133277893066,-0.1394851157209483,-7.775351047515869,-0.08836747031724011,-0.9095158576965332,-0.010336718569605337,-13.271493911743164,-0.15083156209211704,-3.884021282196045,-0.04414220441862145,-1.5322736075885373,-1.022992963062305,1.0066013054855902,2.235795111489051,-0.7544897961762704,2.786489291395044,1.4154115640292553,-0.2234449286637667,1.9276598386821764,2.710536689790238,-1.277633285325421,-1.7186956030402352,-0.6529832675652741,-1.1858394353027546
Gemma_2_2B_base,rejection_02,repeated_rejection,harm_to_model,2,moderator_next,37,]:,8254,92.69694519042969,-2.0285696983337402,-0.02188388942231481,3.349128007888794,0.03612986383756871,-4.523090362548828,-0.048794384251357244,-1.4343140125274658,-0.015473152967240918,10.556357383728027,0.11388031571096366,-18.003767013549805,-0.19422179421947733,-9.657039642333984,-0.10417861799539653,-1.455239176750183,-0.01569889033301635,-17.753692626953125,-0.19152403124484052,-7.135887622833252,-0.07698082831288364,-1.9196741534352184,-0.3856155447450102,-0.014543499534511686,1.8907950390413213,1.5401496635751295,-0.16219285448035778,0.025699146616744512,-0.8171393588942267,-0.15978436402306503,1.442525263523184,-1.1526448490901142,-2.0324148139583484,-0.1347056392632938,-1.083560226610821
Gemma_2_2B_base,rejection_03,repeated_rejection,harm_to_model,2,assistant_next,30,]:,8254,86.44585418701172,-1.3868318796157837,-0.016042780682293863,2.913933515548706,0.03370819275201884,-3.266923427581787,-0.03779155701919867,-1.2277796268463135,-0.014202874601599857,7.141900539398193,0.08261703937759513,-12.57852554321289,-0.14550756264148043,-7.74584436416626,-0.08960342213068274,-1.7288284301757812,-0.01999897446135171,-12.653936386108398,-0.14637991035097692,-5.600133895874023,-0.06478198345705548,-1.2540106991063253,-0.79855762888826,1.2941833708021724,2.0371752967103016,-2.006870781268744,2.6293505242402087,1.4372035886822903,-1.1147781261203695,2.2152679878587795,2.041366996155691,-1.0262841639972926,-1.4362236644147217,-0.354861196105469,-0.8955424302600954
Gemma_2_2B_base,rejection_03,repeated_rejection,harm_to_model,2,user_next,30,]:,8254,86.10004425048828,-2.1551690101623535,-0.025030986092090556,2.0019443035125732,0.02325137368905847,-3.1401662826538086,-0.03647113436455639,-0.7122542858123779,-0.008272403249181125,8.090656280517578,0.09396808504510955,-11.945839881896973,-0.13874371361695587,-7.5913801193237305,-0.08816929405098045,-0.28545045852661133,-0.003315334632072416,-12.736377716064453,-0.14792533298834193,-3.7679009437561035,-0.04376189323195075,-2.05099341306036,-1.6639149175555605,1.4262442274897904,2.402551415590263,-1.0212803449737529,2.9548972263205884,1.5512824430129446,0.4554781421502683,2.1768735106804034,2.7558158927278935,-1.8574541653079604,-2.353633141640396,-1.3054968283929114,-1.8295649850166538
Gemma_2_2B_base,rejection_03,repeated_rejection,harm_to_model,2,moderator_next,30,]:,8254,94.31012725830078,-2.571725606918335,-0.02726881705794732,2.5079855918884277,0.026592961591701016,-4.5141096115112305,-0.04786452677714861,-1.6818574666976929,-0.01783326473615444,10.731528282165527,0.11378977628535628,-18.907312393188477,-0.20048019171264914,-10.510284423828125,-0.11144385793311559,-1.621086597442627,-0.017188892058248664,-17.789310455322266,-0.18862566484085116,-7.334948539733887,-0.07777477088589439,-2.483080310594354,-1.1837485828190404,-0.005186980212486632,1.7153498002923238,1.7221214343214175,-0.6271096947159055,-0.6044608443617033,-0.9975653852255516,-0.1763722562755463,1.364904755570898,-1.8334144467066973,-2.5820444031663516,-1.0017110872850081,-1.7918777452256798
Gemma_2_2B_base,rejection_04,repeated_rejection,harm_to_model,4,assistant_next,57,]:,8254,85.13652038574219,-0.8028312921524048,-0.00942992840810129,3.1241657733917236,0.036695953267018036,-2.6276252269744873,-0.030863667143889235,-0.42255496978759766,-0.00496326333133017,7.711235046386719,0.09057493789325831,-10.750621795654297,-0.12627509025438985,-6.546513557434082,-0.07689430490901794,-1.6950385570526123,-0.019909652747993684,-11.850628852844238,-0.13919559783686983,-3.5414469242095947,-0.04159727116123342,-0.6482370684395155,-0.5990749878258012,1.960230780587415,2.607874419730123,-1.4154323099941806,3.5698934717449617,2.3229638145193277,-1.0780179973682993,2.5893834075101747,2.8441178874072963,-0.6236560281326583,-0.7612620818472796,-0.0832421129790923,-0.422252097413186
Gemma_2_2B_base,rejection_04,repeated_rejection,harm_to_model,4,user_next,57,]:,8254,79.2967758178711,-0.6184742450714111,-0.007799487919810552,2.7399299144744873,0.034552853961774696,-2.558593988418579,-0.032266053216276534,-0.11197149753570557,-0.0014120561193166517,6.7865705490112305,0.08558444500440512,-9.136086463928223,-0.11521384532596879,-5.267266273498535,-0.06642472180201119,-0.936514139175415,-0.011810242339819737,-10.43820858001709,-0.1316347161956695,-2.66984224319458,-0.03366898862731413,-0.4570067167127398,-0.9636640604739516,2.0321503911709473,2.8279989696738053,-2.375996178961714,4.400648275864389,3.267745985343028,-0.2528164595846042,3.247174080710677,3.1839856983636112,-0.7103353885933457,-0.5948460412903903,-0.2780725438040099,-0.4364592925472001
Gemma_2_2B_base,rejection_04,repeated_rejection,harm_to_model,4,moderator_next,57,]:,8254,93.38190460205078,-1.9948228597640991,-0.021361985154030476,2.9814157485961914,0.03192712508169078,-4.860594272613525,-0.05205070825367146,-2.1171388626098633,-0.022671832103147833,10.985471725463867,0.1176402620216274,-18.90776824951172,-0.2024778604600926,-9.77322006225586,-0.10465860708136838,-1.17578125,-0.012591103758384667,-18.304332733154297,-0.19601584280336376,-7.794554233551025,-0.08346964293315397,-1.8846691459699818,-0.734525904112909,-0.36616908658831687,1.4068461935829664,1.9859240320051652,-0.6273442543585965,-0.06010536570812084,-0.5131160401123794,-0.41622781298621336,1.1856891266704397,-1.3095975250414453,-1.979145012023614,-0.5167791159561067,-1.2479620639898603
Gemma_2_2B_base,rejection_05,repeated_rejection,harm_to_model,4,assistant_next,67,]:,8254,80.99050903320312,-0.6266860961914062,-0.0077377720386284776,4.091014385223389,0.05051226908014893,-2.3478260040283203,-0.028988902922758495,0.5910806655883789,0.007298147309409521,7.411829471588135,0.09151479056082433,-10.081615447998047,-0.12447897375067683,-4.957513809204102,-0.061211046434733525,-2.0359227657318115,-0.02513779441609829,-10.846752166748047,-0.13392621303690386,-2.933164358139038,-0.03621614919022856,-0.4655247267528696,0.31833662433397564,2.2517372286365203,3.3262838264710384,-1.7264620706644316,3.91412888510544,3.496512236644939,-1.448867196917462,3.05690765214293,3.08130760044617,-0.07359405120944698,-0.5885468156151451,1.172807364382745,0.29213027438379996
Gemma_2_2B_base,rejection_05,repeated_rejection,harm_to_model,4,user_next,67,]:,8254,78.92291259765625,-0.32697224617004395,-0.004142931823067994,3.741542339324951,0.04740755524823424,-2.732658863067627,-0.03462440466431516,-0.4912407398223877,-0.006224310832605738,6.534416198730469,0.08279491954437221,-9.343238830566406,-0.11838436422382959,-5.673551082611084,-0.07188724916342697,-1.7207309007644653,-0.021802678640823064,-10.598506927490234,-0.1342893537333159,-2.4494247436523438,-0.031035660786359318,-0.15463677392190864,-0.013266182050651418,1.8508023773888675,2.5591937088512737,-2.6379402234991205,4.294058583841113,2.9676862168007436,-1.105968793731088,3.1725201268374223,3.2699338520364964,-0.08395147798628003,-0.2216281335751704,0.8905559857461699,0.33446392608549974
Gemma_2_2B_base,rejection_05,repeated_rejection,harm_to_model,4,moderator_next,67,]:,8254,96.46595001220703,-2.1258654594421387,-0.022037469792948978,3.932559013366699,0.040766291244413846,-4.547374725341797,-0.04713968736913244,-1.432647705078125,-0.014851330494302232,11.499778747558594,0.11921075515353743,-19.29730987548828,-0.20004270805446225,-9.495990753173828,-0.09843878334243515,-1.7952101230621338,-0.018609780164244104,-18.318382263183594,-0.18989479978029078,-7.210735321044922,-0.07474902097716819,-2.0205973506380315,0.16798340835838907,-0.039843957006747636,1.891976026473442,2.5201986195801087,-0.8277818482752017,0.1446410595840142,-1.1869950169144792,-0.42277094323853087,1.4133396431376952,-0.9263069711398212,-2.0480904779103586,0.2867947302968215,-0.8806478738067686
Gemma_2_2B_base,rejection_06,repeated_rejection,harm_to_model,1,assistant_next,25,]:,8254,104.1451416015625,1.4670522212982178,0.014086612190810132,4.854137897491455,0.0466093552022078,-4.60650634765625,-0.044231600983171915,-4.877717971801758,-0.04683577070222714,8.232090950012207,0.07904440690576295,-17.8806095123291,-0.17168932930867356,-9.553206443786621,-0.09172973695052611,-0.5015828609466553,-0.0048161906857413115,-17.726852416992188,-0.17021295611475964,-11.935629844665527,-0.11460572870819791,1.7062735376306255,1.0424400290444227,-0.10144973634654178,-0.5497010418151836,-0.8743545857156507,-0.09882249410982233,0.10238467564546107,0.2203468970137677,-0.1472843736740816,-0.42905472866897953,1.374356783337524,1.6390276571354065,0.8179911454369414,1.228509401286174
Gemma_2_2B_base,rejection_06,repeated_rejection,harm_to_model,1,user_next,25,]:,8254,91.86731719970703,-3.8673348426818848,-0.04209696070992065,0.3766555190086365,0.004099994758634768,-1.390275239944458,-0.015133513009008297,0.2968076467514038,0.003230829589876718,10.076790809631348,0.10968852815986535,-10.636274337768555,-0.11577865406308474,-4.274186134338379,-0.046525644425284354,3.310359477996826,0.03603413682801421,-13.088851928710938,-0.14247560860254097,-4.64946174621582,-0.05061061853051095,-3.8269931893175317,-3.206099273793292,3.249353373262118,3.117719232346332,1.0419642945582532,3.6287306480586365,4.001180733620287,4.367373157344655,2.0127196436741897,2.4120658570948073,-3.516546231555412,-4.09552555938881,-3.046560062736142,-3.571042811062476
Gemma_2_2B_base,rejection_06,repeated_rejection,harm_to_model,1,moderator_next,25,]:,8254,101.70191192626953,-1.9273508787155151,-0.018950979801764,2.845203161239624,0.02797590632614951,-2.931281089782715,-0.02882228105906008,-0.5534372329711914,-0.005441758394595519,13.03669261932373,0.12818532486168888,-18.183984756469727,-0.178796882104365,-7.587879180908203,-0.07460901213350994,1.471508264541626,0.01446883580328775,-18.663286209106445,-0.18350968881132443,-8.203805923461914,-0.08066520843196534,-1.8146816360162423,-0.8637736558643485,1.6438694945750396,2.5151122419168326,4.116781963185106,-0.2549234084523326,1.5538680449037428,2.366880077180806,-0.5833991947178035,1.0261082076944088,-1.3392276459402954,-1.7330581616496497,-0.8759867600172816,-1.3045224608334656
Gemma_2_2B_base,rejection_07,repeated_rejection,harm_to_model,1,assistant_next,24,]:,8254,106.20174407958984,1.701270580291748,0.016019233912173605,4.272143363952637,0.040226678017180224,-4.823859691619873,-0.04542166170081698,-5.684800148010254,-0.05352831252705176,8.148911476135254,0.07673048636591398,-19.23810386657715,-0.18114677902238313,-10.378150939941406,-0.09772109704868688,-0.7259598970413208,-0.00683566831536468,-19.015472412109375,-0.17905047207001398,-12.81705379486084,-0.12068590686472594,1.9492241591575776,0.49020409805362003,-0.32789747484730775,-1.1217166726449426,-0.9607634372209383,-0.7973175559372461,-0.5068742703562961,-0.023753715787654197,-0.7474189302187092,-0.7727514010279343,1.2197141286055988,1.8362867764183906,0.2377381712827196,1.037012473850555
Gemma_2_2B_base,rejection_07,repeated_rejection,harm_to_model,1,user_next,24,]:,8254,92.1561508178711,-3.455042839050293,-0.037491180006839916,0.29951679706573486,0.003250100990629179,-1.3133926391601562,-0.014251817458780631,0.4797769784927368,0.005206130835921346,9.006017684936523,0.09772562769830942,-10.150656700134277,-0.11014627466586682,-5.0054168701171875,-0.05431451754109643,1.8802216053009033,0.020402562266481808,-12.453866958618164,-0.1351387492651558,-4.04413366317749,-0.043883491522665075,-3.3993298799026856,-3.2792937309105383,3.329452859012731,3.2473978707846074,-0.07038075422720169,3.878603894869843,3.461133652342355,2.8115208420109634,2.3084440813541085,2.6481035184036448,-3.339311805406612,-3.6254220543638875,-3.1238244100161854,-3.3746232321900367
Gemma_2_2B_base,rejection_07,repeated_rejection,harm_to_model,1,moderator_next,24,]:,8254,100.65983581542969,-2.4741950035095215,-0.02457976394921025,1.5693930387496948,0.015591055022455438,-3.1779541969299316,-0.03157122372777403,-0.9980201721191406,-0.009914780448769207,11.994592666625977,0.11915966849597603,-18.011545181274414,-0.1789347760739493,-7.979740142822266,-0.07927432106539446,0.7807910442352295,0.007756728767836373,-18.759838104248047,-0.18636865391521368,-8.39472770690918,-0.08339699383477824,-2.3819135155664526,-2.074348927897764,1.3868752093995005,2.2000162109431955,3.0342232997396876,-0.1661950897225917,1.2644609420649107,1.6154462420438123,-0.6283652273681654,0.9516614200423127,-2.2281312217321085,-2.307577733320368,-2.001900948546813,-2.154739340933591
Gemma_2_2B_base,rejection_08,repeated_rejection,harm_to_model,5,assistant_next,89,]:,8254,87.4052734375,-1.4381909370422363,-0.016454281080312952,5.0201005935668945,0.0574347564641688,-4.142093658447266,-0.04738951662234785,-1.0305942296981812,-0.011790984561533551,9.58698558807373,0.10968429261798487,-14.393710136413574,-0.16467782286278113,-7.13425350189209,-0.08162268958512564,-2.0307278633117676,-0.02323347074434656,-13.508026123046875,-0.1545447498966515,-3.905651569366455,-0.04468439278047943,-1.3072845542234632,1.199916703987884,0.38239468621745787,2.1769295034875893,0.5331427706484537,1.695352183334974,1.8888911941761175,-1.4432156432368914,1.817502341299588,2.7021023175213754,-0.05368392511778963,-1.4782247478137924,1.8021348043706498,0.16195502827842867
Gemma_2_2B_base,rejection_08,repeated_rejection,harm_to_model,5,user_next,89,]:,8254,84.56863403320312,-1.2936768531799316,-0.015297360161593854,3.784764051437378,0.04475375645716843,-3.3924551010131836,-0.04011481490503023,-0.7969969511032104,-0.009424261846186324,8.678625106811523,0.1026222689538079,-11.521862983703613,-0.13624274668052375,-5.8838090896606445,-0.06957436592094604,-0.8595719337463379,-0.010164193185488309,-12.025348663330078,-0.14219632137618204,-2.5691356658935547,-0.030379297185820303,-1.1573826138093266,0.027745513166294172,1.1633992612026718,2.342490457024368,-0.4104840916080687,3.173053396760806,2.8124011371856303,-0.16911074788420283,2.508013107202251,3.223254560408207,-0.5648185503215162,-1.3601399726175454,0.6492975613133877,-0.35542120565207885
Gemma_2_2B_base,rejection_08,repeated_rejection,harm_to_model,5,moderator_next,89,]:,8254,98.88578796386719,-3.1382672786712646,-0.0317362822635138,3.4803552627563477,0.03519570743601768,-5.260130405426025,-0.05319399798227905,-1.8061268329620361,-0.01826477666964634,12.60555648803711,0.12747591688952484,-20.077009201049805,-0.20303230236063785,-9.79269790649414,-0.09903038756259279,-0.5254256129264832,-0.005313459332684626,-18.82522964477539,-0.190373460457777,-6.940154075622559,-0.07018353414100809,-3.0707441122910213,-0.2610982149644251,-0.7824224189496277,1.627274481530546,3.6689073108157078,-1.2289740351234297,-0.07449063757345978,0.19440827838127622,-0.6588192970899212,1.518848318768532,-1.6659211636277231,-3.0380303015633197,-0.21963035261033853,-1.6288303270868292
Gemma_2_2B_base,rejection_09,repeated_rejection,harm_to_model,1,assistant_next,38,]:,8254,103.08917236328125,1.4815735816955566,0.014371767157801627,5.608976364135742,0.05440897657389256,-2.9321670532226562,-0.028443016720416006,-3.2102396488189697,-0.031140415382386044,8.889163970947266,0.08622791091602018,-17.554067611694336,-0.17028042042897243,-9.6239013671875,-0.09335511331173887,-2.3001303672790527,-0.022312046110657527,-16.65989112854004,-0.16160660471529822,-10.621025085449219,-0.10302755218580319,1.7213362916739487,1.758682019910432,1.6429464610770932,0.6321162413973053,-0.1917712217225341,0.06919876090266662,0.0501732666116915,-1.7362996301423377,0.3496195562057925,0.08355362637942974,1.7400091557921904,1.6681328964205295,1.5270593572546076,1.5975961268375687
Gemma_2_2B_base,rejection_09,repeated_rejection,harm_to_model,1,user_next,38,]:,8254,95.24578094482422,-3.262190341949463,-0.03425023459925481,1.9400914907455444,0.020369316850574592,-0.15308517217636108,-0.0016072646017259616,1.7499127388000488,0.01837260108995034,10.625045776367188,0.11155397825466165,-11.212624549865723,-0.11772305753218806,-4.8217997550964355,-0.050624812010200214,1.4385889768600464,0.015103965368223705,-12.655707359313965,-0.1328742043350498,-4.131457328796387,-0.04337680144792697,-3.199287345939899,-1.7226050661298198,4.538309355409709,4.147600513822451,1.6115048290150324,3.3321711995620285,3.5967432242431006,2.3310670615713582,2.2144432123443516,2.6140531011387744,-2.4609462060348593,-3.2946247598506933,-1.5675063275000731,-2.431065543675383
Gemma_2_2B_base,rejection_09,repeated_rejection,harm_to_model,1,moderator_next,38,]:,8254,103.70085144042969,-2.1359615325927734,-0.020597338429952653,3.6793463230133057,0.03548038682331247,-1.925396203994751,-0.018566831200038728,0.7503757476806641,0.00723596515609819,13.403847694396973,0.12925494350542271,-18.374940872192383,-0.1771918033165596,-8.187200546264648,-0.07895017671062937,-0.5606838464736938,-0.005406742940734437,-17.505870819091797,-0.1688112544490335,-6.982516288757324,-0.0673332590019127,-2.031069831349913,-0.07228198545164642,2.691842134079991,3.43918345374215,4.49819154517342,-0.35317936321238413,1.111242019667628,0.15605071485798125,-0.04436908929001943,1.502329875305595,-1.0516759084007796,-1.9010989372605729,-0.1937499804139042,-1.0474244588372386
Gemma_2_2B_base,rejection_10,repeated_rejection,harm_to_model,1,assistant_next,20,]:,8254,100.65254974365234,0.6796867251396179,0.0067528018601683,3.931534767150879,0.03906045874807877,-5.345292091369629,-0.05310637539717895,-5.395287990570068,-0.05360309305935215,7.789037704467773,0.07738539882303369,-17.661157608032227,-0.17546656943130273,-9.836127281188965,-0.09772357785510824,0.20089316368103027,0.0019959073485239713,-18.32402229309082,-0.18205224149571458,-12.53625202178955,-0.12454977100647319,0.8895530316779177,0.16701153400225371,-0.8711473993762874,-0.9165263162564367,-1.334609024927632,0.014095891871164622,-0.10656520159009068,0.9845731791435436,-0.4253976111934729,-0.6632573998997474,0.5282822828400857,0.8904792211847692,0.13171648480302692,0.5110978529938981
Gemma_2_2B_base,rejection_10,repeated_rejection,harm_to_model,1,user_next,20,]:,8254,91.85468292236328,-3.3282155990600586,-0.03623348851874115,0.23552173376083374,0.00256406887779363,-2.2493557929992676,-0.024488199419298536,-1.024766445159912,-0.011156387595677157,8.747820854187012,0.09523543684300537,-11.287215232849121,-0.1228812170892715,-5.2113356590271,-0.05673456696194559,2.5917396545410156,0.02821565076580348,-13.51526165008545,-0.14713742642287184,-4.4149370193481445,-0.04806436513508739,-3.267774194368118,-3.340016592254459,2.3543275830823855,2.1810599178955226,-0.33860187378338225,3.2937907646385263,3.309053282235041,3.585583976375153,1.8141326203367634,2.503514890437334,-3.3038953933112882,-3.4970518138094975,-3.186191996892101,-3.341621905350799
Gemma_2_2B_base,rejection_10,repeated_rejection,harm_to_model,1,moderator_next,20,]:,8254,93.97528839111328,-2.7035651206970215,-0.028768894110174206,1.7862565517425537,0.01900772620466329,-3.4433774948120117,-0.03664130809028337,-0.5956604480743408,-0.006338479596841217,11.760659217834473,0.12514629557600393,-16.440185546875,-0.17494158122136347,-7.020957946777344,-0.0747106826377271,1.675194263458252,0.017825901810338746,-17.90109634399414,-0.1904872722442951,-7.608170032501221,-0.08095926240563346,-2.619835140369367,-1.8685741016853121,1.1103461969870139,2.485186740233285,2.7912075688558016,0.6423437756864804,1.9725651029271163,2.588470833614727,-0.22843304609740683,1.2583665592123003,-2.2442046210273396,-2.735154489277838,-1.691289341894712,-2.213221915586275
Gemma_2_2B_base,rejection_11,repeated_rejection,harm_to_model,1,assistant_next,28,]:,8254,102.29027557373047,0.9517676830291748,0.009304576389992655,4.126264572143555,0.040338776574801165,-5.0789899826049805,-0.049652715804290336,-5.260489463806152,-0.05142707294804783,8.286136627197266,0.08100610327542472,-18.67349624633789,-0.1825539734016857,-10.71224308013916,-0.10472396344672875,-0.4617840051651001,-0.004514446779764982,-18.3212890625,-0.17911076062449435,-12.295767784118652,-0.12020465987752577,1.171777867121933,0.35178439518002136,-0.5937028052971081,-0.8209885053683118,-0.8182106276365845,-0.5068002264374042,-0.7536164768358005,0.26364422036808044,-0.42412469432521727,-0.5694845540133239,0.7617811311509772,1.1509341207637613,0.2479291177417591,0.6994316192527602
Gemma_2_2B_base,rejection_11,repeated_rejection,harm_to_model,1,user_next,28,]:,8254,91.29432678222656,-4.140051364898682,-0.04534839689189404,0.2558349370956421,0.002802309257462521,-2.2538464069366455,-0.02468769403725348,-0.5349434614181519,-0.005859547687932523,9.06943130493164,0.09934276996823535,-11.095475196838379,-0.1215352102141628,-5.354957103729248,-0.058655967927809576,2.3114376068115234,0.025318524034086208,-13.373784065246582,-0.14649085585732396,-3.9921653270721436,-0.043728514879079534,-4.109877284560765,-3.3207420456589882,2.349649075026998,2.528219614019919,-0.004505150329098099,3.3924500834703184,3.202982327849205,3.2806423352377108,1.8800213912389696,2.668367710434598,-3.715309665109877,-4.427393627811639,-3.164533422463367,-3.795963525137503
Gemma_2_2B_base,rejection_11,repeated_rejection,harm_to_model,1,moderator_next,28,]:,8254,99.2571792602539,-3.0898139476776123,-0.031129374929908808,1.7828562259674072,0.017961987629053308,-3.480590343475342,-0.03506638380634592,-0.6653110980987549,-0.006702901523670127,12.448440551757812,0.12541602173801256,-17.60808563232422,-0.1773986099902712,-7.867591857910156,-0.07926471330886006,1.4433419704437256,0.014541436510695714,-18.13576316833496,-0.1827148756744608,-7.502072811126709,-0.07558216813169912,-3.0204843165579116,-1.8718005616637112,1.0715763061295138,2.4358221752783455,3.505691471927917,0.041403933954332485,1.3472875397086825,2.3362378609838603,-0.3377217977038934,1.2997374136403776,-2.4461424391108113,-2.976084394203423,-1.786358056964448,-2.3812212255839356
Gemma_2_2B_base,rejection_12,repeated_rejection,harm_to_model,1,assistant_next,33,]:,8254,106.90174865722656,0.22817406058311462,0.002134427766141972,3.59964656829834,0.03367247602132656,-4.803940296173096,-0.04493790191942149,-4.728958606719971,-0.04423649440836619,9.651798248291016,0.09028662645396825,-19.2772216796875,-0.18032653274455449,-9.910873413085938,-0.09271011501284701,0.5891716480255127,0.005511337797800229,-19.8206787109375,-0.18541023846570748,-12.352011680603027,-0.11554545959962677,0.42120681427348766,-0.14790652435777024,-0.30714462159477113,-0.4442685535661672,0.6004717314045974,-0.8174455212592117,-0.16176861194015282,1.4069827876121563,-1.1224186406882122,-0.5914159300076994,0.1366501449578587,0.4190903320729073,-0.3581082253081801,0.030491053382363603
Gemma_2_2B_base,rejection_12,repeated_rejection,harm_to_model,1,user_next,33,]:,8254,93.58072662353516,-3.9327707290649414,-0.04202543484072356,0.23835885524749756,0.0025470934437855854,-2.029439926147461,-0.021686516009986456,-0.5028856992721558,-0.005373816996476303,9.757534980773926,0.1042686387767366,-11.461673736572266,-0.12247899914991367,-4.96914005279541,-0.05310003707051461,1.764527678489685,0.018855674049082602,-13.600747108459473,-0.14533705389116888,-5.051487445831299,-0.05397999810530293,-3.894868693762381,-3.3373245387466794,2.5834450643269427,2.5509403995576174,0.7103136093333494,3.204023611675361,3.4879257281593166,2.6856569883672856,1.7743204353274478,2.255302593366833,-3.6160966162545303,-4.088225046408021,-3.1877352436810558,-3.6379801450445384
Gemma_2_2B_base,rejection_12,repeated_rejection,harm_to_model,1,moderator_next,33,]:,8254,99.27328491210938,-3.5920000076293945,-0.03618294701146976,0.8593258857727051,0.008656164511263033,-2.967633008956909,-0.029893571181655507,-0.7451796531677246,-0.0075063462826626725,12.494993209838867,0.12586460920378717,-17.165250778198242,-0.17290906403868198,-7.191596984863281,-0.07244241984366984,1.3644148111343384,0.013744028036770512,-18.213621139526367,-0.18346951202079811,-7.9580912590026855,-0.08016347264068378,-3.5413931638051377,-2.7481088563732476,1.6059965558060982,2.379215719011573,3.5540515003317132,0.2692634148016041,1.8465404297817303,2.250372710568163,-0.37398171854282913,1.1219205718872818,-3.144751010089193,-3.4918931357809,-2.63235596419334,-3.0621245499871197
Gemma_2_2B_base,rejection_13,repeated_rejection,harm_to_model,1,assistant_next,30,]:,8254,100.14314270019531,0.6184914708137512,0.006176074108891981,3.4865193367004395,0.034815357723875784,-4.041727066040039,-0.040359498983769726,-4.296692848205566,-0.04290551237311216,7.975193977355957,0.07963794387032357,-17.465078353881836,-0.17440114103636747,-9.095420837402344,-0.0908242001614815,-0.6555541753768921,-0.006546171387285747,-17.392078399658203,-0.17367218494156847,-11.316593170166016,-0.11300417447498325,0.826076260954834,-0.2552493230641636,0.4869607695230287,-0.13790226543388528,-1.1412253812108164,0.11498794370346734,0.44048012005476334,0.05284093089340153,0.008626179628425113,-0.18767162914406824,0.2854134689453352,0.8316136878911865,-0.25420817086609354,0.28870275851254645
Gemma_2_2B_base,rejection_13,repeated_rejection,harm_to_model,1,user_next,30,]:,8254,91.88887786865234,-3.315727710723877,-0.03608410275140632,0.597565770149231,0.006503134916974419,-1.3307936191558838,-0.014482640881284292,-0.016509056091308594,-0.00017966326800624276,9.122977256774902,0.09928271482230368,-10.471792221069336,-0.11396147677456578,-5.230580806732178,-0.056922893478020986,1.4895143508911133,0.016209952558352628,-12.313920974731445,-0.13400882958145588,-4.23236083984375,-0.04605955517155803,-3.2548207254518817,-2.9964846276517725,3.3113237955445887,2.895657518298796,0.05111968096495584,3.7133644779628256,3.2948398673191313,2.3864689655473086,2.373619556900272,2.57470744804116,-3.125652676551827,-3.48180428524654,-2.828089163493882,-3.1549467243702107
Gemma_2_2B_base,rejection_13,repeated_rejection,harm_to_model,1,moderator_next,30,]:,8254,98.41050720214844,-2.9089109897613525,-0.029558947235035153,1.356467604637146,0.01378376804674707,-2.8733317852020264,-0.029197408558212345,-0.39783167839050293,-0.004042573193666232,12.06202507019043,0.12256846766792295,-17.2143497467041,-0.1749239002634496,-7.50100040435791,-0.07622153993119703,0.5632603168487549,0.005723579045190188,-17.6236572265625,-0.1790830850039329,-7.527525901794434,-0.07649107921303445,-2.8328368313194323,-2.2763870374720723,1.704243486208613,2.6253969342169796,3.1042737133172604,0.2439996728679147,1.6180319639039635,1.3787937539711261,-0.09922443352048582,1.289812402456135,-2.5546119343957523,-2.8157937483082547,-2.1662024810236495,-2.490998114665952
Gemma_2_2B_base,rejection_14,repeated_rejection,harm_to_model,4,assistant_next,65,]:,8254,88.57330322265625,-1.4773730039596558,-0.016679664754579878,3.0118680000305176,0.03400424157671145,-3.3451294898986816,-0.0377667916650875,-0.5470184087753296,-0.0061758835774728925,9.326854705810547,0.10530096955246919,-11.000992774963379,-0.12420212834683379,-6.848767280578613,-0.07732315530066808,-1.1904027462005615,-0.013439746547648991,-12.05881404876709,-0.13614501898448508,-2.051046848297119,-0.02315649042851187,-1.3479274293217411,-0.7056307402368046,1.2127050478752675,2.519661552854202,0.2629125115502791,3.4410657590366007,2.0997357238459506,-0.529022820256872,2.4924276480871224,3.425274714903468,-1.0267790847792728,-1.5012292419655453,-0.3279472216018369,-0.9145882317836911
Gemma_2_2B_base,rejection_14,repeated_rejection,harm_to_model,4,user_next,65,]:,8254,78.87212371826172,-1.897007942199707,-0.024051690924108866,1.819696068763733,0.023071472948590178,-3.328568935394287,-0.042202095981138193,-0.3633840084075928,-0.004607255279515903,7.82821798324585,0.09925202484985626,-8.787580490112305,-0.11141554298071557,-4.737586975097656,-0.06006668454903967,-0.09137493371963501,-0.001158520012039164,-10.702777862548828,-0.13569785315760113,-1.8525688648223877,-0.023488258937212462,-1.7832074368238893,-1.836844417384348,1.2299585211711115,2.6498115554993595,-1.2939076026527239,4.579971085543858,3.6589381838083646,0.6666136280257178,3.1239591921871788,3.502667917620123,-1.8100259271041186,-2.253678297803774,-1.3218517115686022,-1.7877650046861882
Gemma_2_2B_base,rejection_14,repeated_rejection,harm_to_model,4,moderator_next,65,]:,8254,92.50519561767578,-2.661571979522705,-0.028772135032533622,2.4723544120788574,0.026726654601078894,-4.566980361938477,-0.04936998761468295,-1.5389126539230347,-0.016635959133402243,11.504220008850098,0.12436296071841273,-18.155906677246094,-0.1962690479817426,-9.268542289733887,-0.10019482935899943,-0.41754740476608276,-0.0045137724641090135,-17.425413131713867,-0.18837226401566834,-6.5758161544799805,-0.07108591155958251,-2.576276386939406,-1.2175578655880621,-0.06026992326162616,1.8166612524139165,2.5248123093469066,-0.24047590845210567,0.3126220713382122,0.31176938261104703,-0.0068984317508517115,1.6609158574179363,-1.8969171262637339,-2.7354852842198665,-0.9895569763897998,-1.8625211303048332
Gemma_2_2B_base,rejection_15,repeated_rejection,harm_to_model,4,assistant_next,66,]:,8254,85.98465728759766,-0.8539245128631592,-0.009931126549786557,4.778188705444336,0.05557024771829308,-3.904120445251465,-0.04540484975352215,0.23725855350494385,0.0027593126609945307,9.62470817565918,0.11193518098777651,-13.981529235839844,-0.1626049306572805,-8.05689811706543,-0.09370157852833065,-2.011519193649292,-0.023393931628072344,-12.725717544555664,-0.14799986353369124,-3.8979389667510986,-0.045332959271017916,-0.7012351757648017,0.9703742786616613,0.6303250606448634,3.0755140974259514,0.5723299080170807,1.9074387549876497,1.20747627669392,-1.4223184600076233,2.1818381529530346,2.7051097191849425,0.1345695514484298,-0.8124184477942347,1.6326312067785886,0.410106379492177
Gemma_2_2B_base,rejection_15,repeated_rejection,harm_to_model,4,user_next,66,]:,8254,85.5163345336914,-0.934902548789978,-0.010932444121791125,4.314820289611816,0.0504560948869,-3.179056406021118,-0.03717484412020309,0.2098238468170166,0.0024536113242125805,9.025278091430664,0.10553864522660193,-11.728578567504883,-0.1371501553645766,-7.228579998016357,-0.08452864633912097,-1.3348169326782227,-0.015608911910885708,-12.04660415649414,-0.14086904241373985,-2.263718843460083,-0.026471186537681074,-0.7852322810429406,0.5306988628925933,1.3857268822033202,3.0560698803247304,-0.050372577604858325,3.06668845016923,1.819226796296521,-0.6861315513016262,2.498114024452885,3.342346792392112,-0.12726670907517368,-0.9146210776171295,1.1677005351074266,0.12653972874514852
Gemma_2_2B_base,rejection_15,repeated_rejection,harm_to_model,4,moderator_next,66,]:,8254,99.5922622680664,-2.8983652591705322,-0.029102313705548524,3.5302629470825195,0.03544716092079851,-5.098845481872559,-0.05119720514178409,-1.135643720626831,-0.011402931259559988,13.315202713012695,0.13369716090164693,-21.013486862182617,-0.21099517556516487,-10.607100486755371,-0.10650526702772237,-0.9189554452896118,-0.009227177135670596,-19.22328758239746,-0.19301989074869402,-7.067276477813721,-0.07096210405173009,-2.8218979287820507,-0.21374241533195254,-0.6143890888571125,2.102476179410744,4.406104992132053,-1.7108360920564787,-0.6759639003006646,-0.23371429114474285,-0.8442023617475246,1.469279043273241,-1.5178201720570017,-2.7691860097808902,-0.1967705669473901,-1.4829782883641403
Gemma_2_2B_base,rejection_16,repeated_rejection,harm_to_model,1,assistant_next,33,]:,8254,104.07192993164062,1.3506138324737549,0.012977695651083842,5.27506160736084,0.05068668958888098,-3.779362201690674,-0.036314904548932055,-4.207327842712402,-0.04042711464538012,9.707612991333008,0.09327791843304364,-18.474578857421875,-0.1775174042564297,-8.926104545593262,-0.0857686078412916,-0.21223104000091553,-0.0020392726467196192,-18.3742733001709,-0.17655359434806284,-11.385191917419434,-0.10939733629325187,1.585494026340131,1.4418410257898981,0.7603033788914743,-0.07456524536559475,0.658453437930606,-0.40444782000960267,0.5655278850490906,0.5351338201205642,-0.44880044986134654,-0.2144205745905453,1.5136675260650145,1.5258425999839134,1.1886640364360768,1.357253318209995
Gemma_2_2B_base,rejection_16,repeated_rejection,harm_to_model,1,user_next,33,]:,8254,92.99461364746094,-3.409907579421997,-0.03666779661399345,0.8018641471862793,0.008622694538267731,-1.4104907512664795,-0.015167445682538094,0.41796690225601196,0.0044945280792338,10.762252807617188,0.11572985128382253,-11.662200927734375,-0.12540727328515325,-4.755153656005859,-0.051133646019891725,2.022876024246216,0.021752614962355372,-13.247101783752441,-0.14245020506210934,-4.2546186447143555,-0.04575123738718302,-3.35251186176527,-2.8026324556099547,3.228292014195682,3.203590274987755,1.7540388152999298,3.1008428858398975,3.645964392789977,2.966715115406615,1.9390197112360406,2.5660283856372543,-3.0775721586876124,-3.5413808366182122,-2.635398739319261,-3.0883897879687368
Gemma_2_2B_base,rejection_16,repeated_rejection,harm_to_model,1,moderator_next,33,]:,8254,102.24549865722656,-2.4037718772888184,-0.023509806386170166,3.070566177368164,0.03003130913041071,-2.625566244125366,-0.02567903994411978,-0.13453102111816406,-0.001315764731796881,13.759490966796875,0.134573073118113,-18.53811264038086,-0.18130981689990136,-7.472184658050537,-0.07308081779815755,0.7427185773849487,0.007264071153634639,-18.613914489746094,-0.18205118791731267,-7.7560811042785645,-0.07585743339450549,-2.3088648341620055,-0.6499339239584496,1.9623759144109525,2.8120100152728287,4.867642387806994,-0.4371389568214741,1.6393137001969105,1.5740270636342428,-0.5604058568707715,1.2006910862873195,-1.4793993790602276,-2.198369146755093,-0.6891288701877277,-1.4437490084714104
Gemma_2_2B_base,rejection_17,repeated_rejection,harm_to_model,1,assistant_next,23,]:,8254,100.48389434814453,0.8267923593521118,0.008228108242775116,3.4749791622161865,0.03458244910549044,-5.5447869300842285,-0.05518085227542353,-5.757585048675537,-0.05729858586817254,6.957390308380127,0.06923886015280216,-16.986289978027344,-0.16904490105822617,-10.008816719055176,-0.0996061785222797,-0.03216111660003662,-0.00032006240212594314,-17.463397979736328,-0.1737930052674038,-12.449721336364746,-0.12389767949508851,1.0421431421014524,-0.26619942419545306,-1.0789894056030551,-1.1733026227454908,-2.198544476834927,0.3613472122692552,-0.23410418801938185,0.7310325600910609,-0.024588689553580897,-0.6295161921292362,0.3879718589529997,1.04106101093112,-0.2753820317095139,0.38283948961080305
Gemma_2_2B_base,rejection_17,repeated_rejection,harm_to_model,1,user_next,23,]:,8254,89.56758117675781,-3.5231549739837646,-0.03933515818665426,0.0679694414138794,0.0007588620851527138,-2.2924270629882812,-0.025594383959797618,-0.657939076423645,-0.007345727860231374,8.820341110229492,0.09847693768600185,-10.455824851989746,-0.11673671114725785,-4.679513931274414,-0.05224562134863944,2.1467347145080566,0.023967764745947164,-12.555562973022461,-0.1401797704935739,-4.142587661743164,-0.046250971694411884,-3.4699814103237987,-3.499001584074304,2.3094541456394335,2.441047060368472,-0.26326607585840417,3.721580444694155,3.7018277619991182,3.1014614456012124,2.2610823356586067,2.6097130121325627,-3.484491497199051,-3.8136334915563634,-3.3503044186906616,-3.5819689551235125
Gemma_2_2B_base,rejection_17,repeated_rejection,harm_to_model,1,moderator_next,23,]:,8254,95.6578140258789,-3.3276472091674805,-0.0347869877965979,0.6820834875106812,0.0071304523781627795,-3.5042576789855957,-0.03663326111589344,-0.6839721202850342,-0.00715019601116951,11.711698532104492,0.12243326539885234,-15.857599258422852,-0.1657742174009203,-6.9657697677612305,-0.07281966286493581,2.0391950607299805,0.021317600464697054,-17.073993682861328,-0.17849031839931231,-7.842071533203125,-0.08198045933896796,-3.2671846134391727,-2.9162884786458387,1.0469186933000887,2.422596265089177,2.7403460230242267,0.9421119804666795,2.013324077544003,2.9844686559442266,0.15676421192797524,1.1671605425920388,-3.0917365460425055,-3.349410164469619,-2.771059360475284,-3.0602347624724517
Gemma_2_2B_base,rejection_18,repeated_rejection,harm_to_model,4,assistant_next,72,]:,8254,89.88302612304688,-0.39007121324539185,-0.004339765026506755,6.093623161315918,0.06779503788595136,-4.303441047668457,-0.04787823945510234,0.474581241607666,0.00527998735776853,10.785451889038086,0.11999431209929627,-16.153810501098633,-0.17972036765856775,-8.725907325744629,-0.09708070257669286,-1.927992582321167,-0.021450018601752562,-13.352031707763672,-0.14854897841874154,-2.578871965408325,-0.028691423471634513,-0.22008823269968925,2.218547808709381,0.21429627679866112,3.2437154171267886,1.7781385828041447,0.7896972837724848,0.7133826167625492,-1.331449548619475,1.8901518730421945,3.2194580516526017,0.9992297880048457,-0.24171853405384539,2.7439941423559673,1.251137804151061
Gemma_2_2B_base,rejection_18,repeated_rejection,harm_to_model,4,user_next,72,]:,8254,89.3515853881836,-0.9437884092330933,-0.010562637530524508,4.113998889923096,0.046042819185020935,-3.9345641136169434,-0.044034631243792956,-0.28288424015045166,-0.0031659677768612043,10.10543441772461,0.11309742713374411,-13.968390464782715,-0.1563306392841014,-7.508325099945068,-0.08403124653385295,-1.1000137329101562,-0.01231107123764173,-13.088630676269531,-0.14648459363543037,-2.3792548179626465,-0.02662800897853228,-0.7944494292064466,0.3401458830464693,0.598607582885774,2.7068653810931522,1.0717199681991763,1.914199274228976,1.6126223438216225,-0.4306882762289577,2.0128226850954856,3.2972954524943465,-0.22715177307998863,-0.8768756038433843,0.766487019596251,-0.055194292123566635
Gemma_2_2B_base,rejection_18,repeated_rejection,harm_to_model,4,moderator_next,72,]:,8254,101.93496704101562,-2.300886631011963,-0.022572103546039838,4.032830715179443,0.03956278039072452,-5.147701263427734,-0.05049985704470235,-1.1253547668457031,-0.011039928687011724,13.635337829589844,0.13376506831167548,-21.718704223632812,-0.21306431790863137,-10.551498413085938,-0.10351205988853977,-0.6171223521232605,-0.006054079086276142,-19.302093505859375,-0.18935694066681535,-6.783700942993164,-0.06654930236317831,-2.2021437614146464,0.2631280075110537,-0.665289070629229,2.109768426174684,4.738669102730585,-2.073703784983855,-0.6348992456999567,0.09465105447186536,-0.8809037617794283,1.5798546268600488,-0.9695078769517964,-2.1026595547803297,0.17738284371131802,-0.9626383555345058
Gemma_2_2B_base,rejection_19,repeated_rejection,harm_to_model,1,assistant_next,32,]:,8254,99.76517486572266,1.2973687648773193,0.013004224837208898,4.849701881408691,0.04861117005945281,-3.811666965484619,-0.03820638785643258,-3.6390867233276367,-0.03647652327804374,7.833532333374023,0.07851970734194012,-16.678333282470703,-0.1671759038654384,-9.395902633666992,-0.09418018508275315,-1.2000107765197754,-0.012028353362131733,-16.625606536865234,-0.16664739533852574,-10.695176124572754,-0.10720350201328024,1.5302638457454665,1.0382308357785346,0.7266469346401971,0.3281729291970854,-1.2883869270621113,0.519805500091865,0.218560677791384,-0.5394754322066316,0.36558653506615185,0.05463965666817963,1.2842473407620005,1.5285503848713928,0.9999773231724071,1.2642638540219
Gemma_2_2B_base,rejection_19,repeated_rejection,harm_to_model,1,user_next,32,]:,8254,91.95510864257812,-4.431430816650391,-0.048191241161760726,0.35324400663375854,0.0038414832177164696,-1.956101894378662,-0.021272356949540105,0.5199676752090454,0.005654581707147089,10.412071228027344,0.11322993775689179,-11.103854179382324,-0.12075298853206823,-4.729623794555664,-0.05143405151027899,2.0024476051330566,0.021776360603481034,-13.63759708404541,-0.1483071173027876,-4.218467712402344,-0.045875294746256866,-4.412120111329165,-3.228313706381912,2.6598516709026447,3.2758828347862505,1.3902617114025488,3.3881387005818597,3.6648193540039964,2.9444909622094824,1.7571587089529197,2.5801248430066726,-3.8202169088555387,-4.717557476605053,-3.070061500474981,-3.8938094885400174
Gemma_2_2B_base,rejection_19,repeated_rejection,harm_to_model,1,moderator_next,32,]:,8254,97.83158111572266,-2.8750157356262207,-0.029387399271667017,2.4705891609191895,0.025253493123010944,-2.9619829654693604,-0.03027634769559434,0.417452335357666,0.004267050890896586,12.236658096313477,0.1250788135769678,-16.78496551513672,-0.17157001168449051,-7.323688507080078,-0.07486016707035595,0.388263463973999,0.003968692517753867,-17.067943572998047,-0.1744625138257633,-6.864562511444092,-0.07016714268702418,-2.797677874974888,-1.2192328557493344,1.6118830057076952,3.2032255781605445,3.28568672927968,0.4649381721241531,1.748984846373761,1.1884140263102894,0.15958186182756132,1.5483239973688132,-2.008455365362111,-2.7982841654474586,-1.1234829614080544,-1.9608835634277564
Gemma_2_2B_base,rejection_20,repeated_rejection,harm_to_model,3,assistant_next,56,]:,8254,83.40812683105469,-0.43225598335266113,-0.005182420463993955,4.319290637969971,0.05178500947178451,-2.896674871444702,-0.034728928480937976,1.319957971572876,0.015825292111480753,9.433770179748535,0.1131037290749483,-11.965677261352539,-0.1434593692001899,-5.920702934265137,-0.07098472486089603,-1.5359938144683838,-0.018415397549684562,-10.753083229064941,-0.12892128905910558,-2.3331875801086426,-0.027973144449515982,-0.263845759481848,0.5349406329525416,1.6799236897293512,3.842872129707846,0.37397889464367845,2.9446899561791335,2.785153358719977,-0.9049926298735836,3.1005310373080386,3.315258608988654,0.13554743673534678,-0.3277268136981788,1.2885129493847796,0.4803930678433004
Gemma_2_2B_base,rejection_20,repeated_rejection,harm_to_model,3,user_next,56,]:,8254,88.87562561035156,-1.2981990575790405,-0.01460691892364959,3.553556442260742,0.03998347598519578,-3.0994033813476562,-0.034873491579525503,0.9203505516052246,0.010355488867557733,10.628898620605469,0.11959295417176219,-12.531586647033691,-0.14100138886194358,-5.988525867462158,-0.06738097005040558,-0.41982537508010864,-0.004723740307839932,-12.28860855102539,-0.138267477349764,-1.8988914489746094,-0.021365716819814327,-1.1620734176137617,-0.1916399654729152,1.4687127105928293,3.559652282763787,1.6155072568994784,2.653502806779138,2.7350630447813145,0.30929117022677005,2.385408028469442,3.484605193065545,-0.6768566915433385,-1.2896679143725145,0.21562853009479285,-0.5370196921388608
Gemma_2_2B_base,rejection_20,repeated_rejection,harm_to_model,3,moderator_next,56,]:,8254,99.3194580078125,-2.5892415046691895,-0.02606983119526809,3.6457133293151855,0.03670693943001997,-4.372540473937988,-0.04402501344292518,0.0738530158996582,0.0007435906053157167,13.822648048400879,0.1391736153787064,-20.39295196533203,-0.2053268551236749,-9.505785942077637,-0.09570920072207713,-1.1305221319198608,-0.011382685272315255,-17.906600952148438,-0.18029297895222,-5.628574371337891,-0.05667141650023045,-2.501249246041853,-0.10419525356080528,0.1423056254238446,2.9597012044768487,4.933251493412792,-1.391541533088078,0.13740686807750735,-0.46387847707784147,-0.23099664559621055,2.030277103743451,-1.3027222498013291,-2.4596661370574546,-0.08224335437488618,-1.2709547457161705
Gemma_2_2B_base,moral_01,moral_failure,harm_to_model,1,assistant_next,36,]:,8254,102.48698425292969,-0.5668410062789917,-0.0055308584832594295,3.9380130767822266,0.03842451903027535,-5.401208877563477,-0.05270141293487302,-5.116344451904297,-0.0499218948552293,10.311138153076172,0.10060924543968536,-19.562076568603516,-0.1908737652024756,-11.416326522827148,-0.11139294034306411,-1.5976098775863647,-0.015588417292517762,-19.00868797302246,-0.18547416641815256,-11.720844268798828,-0.11436422248382996,-0.4034484580434681,0.17315859405926254,-0.9294038289619617,-0.7188264178577798,1.2854099892297257,-0.964016836729213,-1.2736140502348288,-0.9720249743028264,-0.7442592893949931,-0.34530265036463065,-0.11514493199210277,-0.36329123690900955,0.07390282731399656,-0.1446942047975065
Gemma_2_2B_base,moral_01,moral_failure,harm_to_model,1,user_next,36,]:,8254,96.37230682373047,-3.6857237815856934,-0.03824463586128593,0.9036377668380737,0.00937652938505322,-2.8984742164611816,-0.03007579990549182,-1.2921905517578125,-0.013408318160540564,11.452054977416992,0.11883138792519873,-14.101056098937988,-0.1463185490073356,-7.260842323303223,-0.0753415847623493,1.5543763637542725,0.01612886953715138,-15.5177583694458,-0.16101885366123403,-5.692554950714111,-0.05906836868734568,-3.6386112009922367,-2.706062734831016,1.6780490573803197,1.9915243618592,2.4706220116114364,1.8459365296792998,1.7953996050230936,2.4570325907872417,0.8815322531151549,2.0053289363804785,-3.172336967911626,-3.702325897792581,-2.5668671656256303,-3.1345965317091053
Gemma_2_2B_base,moral_01,moral_failure,harm_to_model,1,moderator_next,36,]:,8254,102.57833099365234,-3.214642286300659,-0.03133841480126621,2.7754809856414795,0.027057186042666548,-3.9303059577941895,-0.03831516773301177,-0.9921188354492188,-0.009671816901667196,14.298651695251465,0.13939251649684456,-19.938770294189453,-0.1943760451261708,-9.674125671386719,-0.0943096419845763,0.5049219131469727,0.004922305795540948,-19.647661209106445,-0.19153812524325692,-8.17245864868164,-0.07967041937139104,-3.149966576543705,-0.9299307902244042,0.6030439064254195,2.2041987550725213,5.427735607336527,-1.1578435781221086,0.013080338805374932,1.3153271874217147,-1.04184113752259,1.0383315583613772,-2.0399486833840546,-2.997420706666008,-0.9595081667018177,-1.9784644366839128
Gemma_2_2B_base,moral_02,moral_failure,harm_to_model,1,assistant_next,32,]:,8254,102.2600326538086,0.1995137333869934,0.0019510431222179224,5.304747104644775,0.05187507735894708,-4.715348243713379,-0.046111350850793605,-3.876467227935791,-0.03790794044687228,10.136421203613281,0.09912397777075967,-18.70804214477539,-0.18294578692449326,-10.020061492919922,-0.09798609713769471,-1.0932400226593018,-0.010690784994762906,-18.34441566467285,-0.17938988663123245,-11.066240310668945,-0.10821667100510937,0.3914779564017792,1.4700086412653202,-0.214845742898883,0.1599306323246514,1.103909791669823,-0.5245757253847658,-0.24240896380102167,-0.42331913163220297,-0.43489518771502855,-0.09005067760806174,0.9307432988335497,0.4003726011529834,1.2967010745063923,0.8485368378296878
Gemma_2_2B_base,moral_02,moral_failure,harm_to_model,1,user_next,32,]:,8254,97.2367172241211,-3.2797698974609375,-0.03372974727130482,1.681689977645874,0.01729480411982383,-1.8779460191726685,-0.019313136773675597,0.019486427307128906,0.00020040194551420944,12.364103317260742,0.12715467644555192,-13.72109317779541,-0.14111020578954384,-6.237796783447266,-0.06415063117638738,1.781494379043579,0.018321210648621643,-15.003933906555176,-0.15430317204120106,-4.755112648010254,-0.04890243915834988,-3.2175223124729806,-1.9677939672838385,2.741277706813587,2.9211691449337773,3.4180799106573527,2.0414454268360966,2.550965161529926,2.704115125057693,1.1208299648898383,2.3708690375956056,-2.5926581398784094,-3.2414995823912713,-1.8470121060906037,-2.5442558442409373
Gemma_2_2B_base,moral_02,moral_failure,harm_to_model,1,moderator_next,32,]:,8254,102.68598937988281,-2.6239633560180664,-0.025553275299425866,3.6754226684570312,0.035792834939340636,-3.1228725910186768,-0.030411866408237363,0.025596141815185547,0.00024926615568257924,14.391234397888184,0.14014798401219444,-19.388273239135742,-0.1888112814242806,-8.46236515045166,-0.08241012431740294,1.0797560214996338,0.010515125072273672,-19.195165634155273,-0.18693071713165763,-7.806423187255859,-0.07602228146603623,-2.537265617269222,-0.07600501531173012,1.444261513489129,2.925499375858878,5.523912760559793,-0.8745868019135973,0.9080204726357974,1.940691353694252,-0.8311054417855142,1.1810610247317188,-1.306635316290476,-2.406942233591037,-0.16534513659389774,-1.2861436850924675
Gemma_2_2B_base,moral_03,moral_failure,harm_to_model,1,assistant_next,29,]:,8254,96.25444030761719,-0.2010895311832428,-0.0020891455037355755,3.7774977684020996,0.03924491957284971,-4.355123519897461,-0.04524594923599399,-4.793984413146973,-0.04980533259375875,9.009307861328125,0.09359888055590475,-16.372182846069336,-0.1700927540978461,-9.534308433532715,-0.09905318033186057,-2.037271738052368,-0.02116548318749246,-16.174583435058594,-0.1680398679101623,-10.259125709533691,-0.10658340204095318,-0.0240608277110127,0.020850770440051788,0.16045133131512032,-0.49035528274942497,-0.06696283932588042,0.6773343821336029,0.11634171380074682,-1.4503347489264882,0.5756364723787384,0.22467029470162286,-0.0016050286354804561,-0.012001968212020995,0.14848592795132776,0.06824197986965339
Gemma_2_2B_base,moral_03,moral_failure,harm_to_model,1,user_next,29,]:,8254,93.49217224121094,-4.256677150726318,-0.04552977055388166,0.46270954608917236,0.0049491795408857986,-2.5695910453796387,-0.027484558159051677,-0.8150416612625122,-0.008717752959677682,11.353364944458008,0.12143652962909225,-12.52145004272461,-0.13393046436464345,-5.737191200256348,-0.061365471169653914,1.067460536956787,0.011417646112689799,-14.047215461730957,-0.1502501773676728,-4.407027244567871,-0.04713792758176254,-4.230851179496458,-3.1244453698100894,2.020693200618531,2.3297013550355183,2.36810041577134,2.658718569210441,2.9206851019612476,1.9273150502906675,1.5663917300325825,2.5065991761212962,-3.677648274653274,-4.445906101530276,-2.9693601697721776,-3.7076331356512267
Gemma_2_2B_base,moral_03,moral_failure,harm_to_model,1,moderator_next,29,]:,8254,98.7984848022461,-3.1463301181793213,-0.031845934929842085,1.9752193689346313,0.019992405479580054,-3.3861351013183594,-0.03427314809630946,-1.3150606155395508,-0.0133105342472788,13.24406909942627,0.1340513381954738,-17.964862823486328,-0.18183338397794854,-8.619033813476562,-0.08723852223774808,0.11391961574554443,0.0011530502312213048,-18.066722869873047,-0.1828643719186098,-7.6976470947265625,-0.07791260270978936,-3.0791075551832523,-1.6892733501126143,1.169983699298356,1.9753153135777914,4.332209671965487,-0.14217480832149434,0.7923135554420051,0.8899543325891717,-0.3055684328188626,1.2234764606025559,-2.384190452647933,-3.0492223461046013,-1.6017715641197723,-2.325496955112187
Gemma_2_2B_base,moral_04,moral_failure,harm_to_model,1,assistant_next,36,]:,8254,99.98796844482422,0.2328009307384491,0.002328289436812733,5.136790752410889,0.05137408862592797,-4.55785608291626,-0.04558404529872407,-4.035673141479492,-0.0403615875414698,10.139473915100098,0.1014069399829371,-17.72664451599121,-0.17728777563645773,-9.500829696655273,-0.09501972931771348,-1.343813419342041,-0.013439751204502068,-17.17551612854004,-0.17177582858899573,-10.611968040466309,-0.10613244978891885,0.42600618604260704,1.3106402499889902,-0.05076387052577879,0.0470942028357138,1.1070810222782663,-0.019600220146211315,0.14106728023399806,-0.6959188626322356,0.10948330045090438,0.08708527107928367,0.8683232180157986,0.43887743370615545,1.2511558912039975,0.8450166624550765
Gemma_2_2B_base,moral_04,moral_failure,harm_to_model,1,user_next,36,]:,8254,97.93392181396484,-2.912271499633789,-0.029737106874632636,2.158398389816284,0.022039333765438037,-2.4647376537323,-0.025167353743009623,-0.7347949743270874,-0.007502966905817404,12.459394454956055,0.12722246004427257,-14.614288330078125,-0.14922600932738514,-6.634496212005615,-0.06774461891364358,1.6579859256744385,0.016929638831619003,-15.551227569580078,-0.15879306456368786,-5.169116973876953,-0.05278168052634716,-2.8363226296388477,-1.5154606572004117,2.129933817669488,2.386575810453435,3.517070651799388,1.5818542681949535,2.257984631506958,2.569749818882406,0.8659450174237971,2.2094349069357038,-2.1758916434196296,-2.8339781727148994,-1.4156840977920566,-2.124831135253478
Gemma_2_2B_base,moral_04,moral_failure,harm_to_model,1,moderator_next,36,]:,8254,104.39253997802734,-2.8727946281433105,-0.02751915633768447,3.4393763542175293,0.03294657218745183,-3.619621753692627,-0.034673184065207044,-0.7768521308898926,-0.007441644116077693,14.973298072814941,0.14343264447791515,-20.717548370361328,-0.19845813096148424,-9.226486206054688,-0.08838262013738422,0.10968875885009766,0.0010507336910586243,-19.6619930267334,-0.18834672507127306,-8.256828308105469,-0.07909404551171353,-2.7953739588951665,-0.29998178586382757,0.9267276102219613,2.356768001965834,6.128574599702585,-1.558561738579459,0.3436823976205066,0.8853515676234291,-1.0485157344158718,1.0054330068917892,-1.547677872379497,-2.6075960697429057,-0.4241005740272768,-1.5158483218850913
Gemma_2_2B_base,moral_05,moral_failure,harm_to_model,1,assistant_next,35,]:,8254,91.34989929199219,-0.9779460430145264,-0.010705496673713946,3.163844585418701,0.03463435219896347,-4.164226055145264,-0.045585447684344665,-3.5609872341156006,-0.03898184083086077,9.93354606628418,0.10874172980237716,-15.36354923248291,-0.16818353771113234,-8.278919219970703,-0.09062866280243881,-0.4567747116088867,-0.005000276028207159,-15.865946769714355,-0.17368324314184744,-10.032889366149902,-0.10982923291552435,-0.829880547385011,-0.5614250367736999,0.3593362363750562,0.38352556850201286,0.8931581867544386,1.1963240899571204,1.043503616985631,0.26909384947476855,0.7193743695025004,0.31288741016624827,-0.6956527920793555,-0.8914569719691595,-0.27066349065182416,-0.5810602313104918
Gemma_2_2B_base,moral_05,moral_failure,harm_to_model,1,user_next,35,]:,8254,93.49443054199219,-5.089466094970703,-0.054436035017987675,-0.39603710174560547,-0.004235943247632584,-2.0006258487701416,-0.02139834252342527,-1.078747272491455,-0.011538091266377042,12.657917022705078,0.1353868561937482,-12.841814041137695,-0.1373537863880556,-5.344198226928711,-0.057160605139237805,3.2024645805358887,0.03425299840825845,-15.678400993347168,-0.16769342197667436,-5.320362567901611,-0.05690566311874607,-5.094688636450618,-3.9392824983801957,2.613464766532086,2.1428012648004655,3.723300702045315,2.49387613713802,3.2109282465991473,4.249993896762705,0.8067179632372107,2.1504591922824887,-4.516985567415407,-5.3549520182094215,-3.804385138371853,-4.5796685782906374
Gemma_2_2B_base,moral_05,moral_failure,harm_to_model,1,moderator_next,35,]:,8254,91.63093566894531,-4.215068817138672,-0.04600049957328116,1.4886373281478882,0.01624601252055536,-2.448859214782715,-0.026725245103141067,0.3442375659942627,0.003756783268458192,13.89394760131836,0.15162944151870278,-15.472869873046875,-0.16886076476343123,-6.04813289642334,-0.06600536000499574,2.32477068901062,0.025371024229304137,-17.111656188964844,-0.18674540496659103,-6.555522441864014,-0.07154267708832039,-4.187691580269231,-2.150975429448982,2.1464766346581134,3.1513349606769494,5.0073191953743805,1.1400734489501911,2.691040548954672,3.295147444993943,0.13922407481661744,1.6688290545739375,-3.1693335048591065,-4.493952540603814,-1.9423583733546066,-3.2181554569792103
Gemma_2_2B_base,moral_06,moral_failure,harm_to_model,1,assistant_next,35,]:,8254,101.20027923583984,-0.17625278234481812,-0.0017416234784695989,4.403311252593994,0.04351086069962712,-3.243882894515991,-0.03205409035439872,-2.3636159896850586,-0.023355824781637453,10.93381404876709,0.1080413426852967,-17.372867584228516,-0.17166817834308856,-8.779855728149414,-0.0867572282848015,-1.0736420154571533,-0.01060908155159443,-17.14580726623535,-0.16942450550238405,-9.523502349853516,-0.09410549478484828,0.001701898972469714,0.614665097127809,1.3181879548194066,1.2321567090606338,1.9322607866544783,0.16243474674069106,0.673539273433605,-0.40199838664423204,0.12331927612428172,0.5115144413526943,0.3081834980501394,0.023468961187986866,0.5363051697243568,0.27988706545617187
Gemma_2_2B_base,moral_06,moral_failure,harm_to_model,1,user_next,35,]:,8254,95.02754211425781,-4.082577705383301,-0.04296204673456198,0.9360834360122681,0.009850653980787527,-0.9381494522094727,-0.009872395216551791,1.278357982635498,0.013452499708962742,12.822701454162598,0.13493668434299844,-11.715476989746094,-0.12328506798228887,-4.576201915740967,-0.04815658506918658,2.4037117958068848,0.02529489600937742,-13.501981735229492,-0.1420849306929898,-3.6523630619049072,-0.038434784070427004,-4.050260859269886,-2.675276080849779,3.7203967917043017,3.813388336587407,3.894482759403113,3.0734298316991233,3.7781283737210187,3.3810277689325337,1.8203173263348302,2.800867976364671,-3.362768470059833,-4.183823287515541,-2.5237642170008967,-3.353793752258219
Gemma_2_2B_base,moral_06,moral_failure,harm_to_model,1,moderator_next,35,]:,8254,101.57536315917969,-2.9739105701446533,-0.029277872878329864,3.2645368576049805,0.03213906163927856,-2.104067325592041,-0.02071434706361559,1.334778904914856,0.013140774134601041,14.851387023925781,0.14621052351692837,-18.34043312072754,-0.18055985772835562,-7.324650764465332,-0.0721105053100997,0.5090236663818359,0.0050112906373186205,-17.883594512939453,-0.17606232413773315,-6.3004350662231445,-0.062027197051214816,-2.9002597631552334,-0.46588137189379536,2.5056951409705905,3.853376395301872,6.001930450258931,-0.33542349268700505,1.7482741756279654,1.3197895000345257,-0.22028211435762057,1.7682961522731981,-1.6830705675245143,-2.787105009356485,-0.49751183761704343,-1.6423084234867642
Gemma_2_2B_base,moral_07,moral_failure,harm_to_model,1,assistant_next,37,]:,8254,99.8458251953125,0.12506210803985596,0.0012525522003069918,4.7414445877075195,0.04748765988395194,-3.7377405166625977,-0.0374351206908356,-3.6614322662353516,-0.036670859888964555,10.504006385803223,0.10520225923573576,-17.25809669494629,-0.1728474541743435,-9.287219047546387,-0.09301559709060722,-0.7686855792999268,-0.007698725287674968,-17.415971755981445,-0.17442864257882942,-10.91736888885498,-0.10934226711531572,0.31425058306731535,0.9355089648185149,0.8036665785336958,0.3123356325755231,1.4857661793452366,0.22148979853837156,0.29882843815123616,-0.07023514456133835,-0.0025014055834648445,-0.03200073209039327,0.624879773942915,0.3290789265759934,0.8978383457608311,0.6134586361684122
Gemma_2_2B_base,moral_07,moral_failure,harm_to_model,1,user_next,37,]:,8254,97.55435943603516,-4.266499996185303,-0.04373459085631923,1.2938754558563232,0.013263122871558567,-1.878260850906372,-0.019253479411526636,-0.24386286735534668,-0.002499763913833535,13.391410827636719,0.1372712701416204,-13.601461410522461,-0.13942443463473023,-5.613368988037109,-0.05754093431075939,2.460726499557495,0.02522415721637693,-15.5897855758667,-0.15980613953073694,-4.898772716522217,-0.05021582576977776,-4.241040245885952,-2.335778718257313,2.7409497020412408,2.734521592360379,4.485271826846425,2.1030016303048984,3.0121334246786393,3.443054277377648,0.8479878290426236,2.3148511729942634,-3.288409482071633,-4.262675435031283,-2.2135346431594463,-3.2381050390953643
Gemma_2_2B_base,moral_07,moral_failure,harm_to_model,1,moderator_next,37,]:,8254,101.74066162109375,-2.7498281002044678,-0.02702781814458291,3.718430280685425,0.0365481236453301,-2.603841781616211,-0.0255929314801739,-0.07316446304321289,-0.0007191270616628642,15.123926162719727,0.14865173787688543,-18.540037155151367,-0.18222839187147066,-8.016304969787598,-0.0787915553335225,0.5950199365615845,0.005848398536836523,-18.42289161682129,-0.18107697869542552,-7.545045375823975,-0.074159586301134,-2.667822922682081,-0.03519647260218899,1.9850093614775237,2.8555032696945766,6.285050706684959,-0.4381292107104917,1.2374561580564423,1.4133451624805558,-0.47144291390310233,1.2829809736935083,-1.351509697642135,-2.5574460904841985,-0.09668139169645229,-1.3270637410903254
Gemma_2_2B_base,moral_08,moral_failure,harm_to_model,1,assistant_next,38,]:,8254,99.18282318115234,0.05874642729759216,0.0005923044476188667,4.679485321044922,0.047180400506427224,-4.680485725402832,-0.04719048697428349,-4.75865364074707,-0.04797860645744711,9.260430335998535,0.09336727912135384,-16.85161590576172,-0.16990457989870994,-9.133085250854492,-0.09208333618587747,-1.276484489440918,-0.012870015679121015,-16.37164878845215,-0.1650653637732228,-10.429633140563965,-0.10515563891052762,0.24546248326784165,0.8767178055598948,-0.17852452379131714,-0.4653147668542853,0.19390926784247367,0.43064339323631057,0.41266324152706574,-0.6226714691637074,0.4838594326639416,0.15818374569805507,0.5610901444138682,0.2616886614433299,0.8699052132402457,0.5657969373417878
Gemma_2_2B_base,moral_08,moral_failure,harm_to_model,1,user_next,38,]:,8254,94.8007583618164,-3.600879669189453,-0.037983658901190875,1.2222269773483276,0.012892586498976922,-1.9490718841552734,-0.020559665532594678,-0.8641992807388306,-0.009115953244176899,11.566751480102539,0.12201117037436447,-12.553979873657227,-0.1324248886885876,-5.189737319946289,-0.054743626629432086,2.5377047061920166,0.026768822845347054,-14.712136268615723,-0.1551900693923292,-5.355762958526611,-0.056494937921127336,-3.550603881975291,-2.4037636596146674,2.667175827447437,2.2948611274307753,2.5897715157714676,2.6419804323648552,3.3250046357686416,3.526799154923465,1.256725610393646,2.1366553962144064,-2.977183770794979,-3.6756884628861877,-2.2472203248867273,-2.9614543938864575
Gemma_2_2B_base,moral_08,moral_failure,harm_to_model,1,moderator_next,38,]:,8254,101.71100616455078,-2.8262453079223633,-0.02778701553055122,3.1222758293151855,0.03069752180274261,-3.5769238471984863,-0.03516752003624508,-1.4411745071411133,-0.014169307349192306,14.098674774169922,0.13861503593190996,-19.148225784301758,-0.18826109883647446,-8.471476554870605,-0.08328967409058194,0.7756868600845337,0.007626380755978431,-18.777530670166016,-0.1846165068880277,-8.234360694885254,-0.08095840367131445,-2.7470891603510497,-0.600868295093279,0.9712120620734751,1.8859326963085585,5.2199947396342194,-0.7510710309042529,0.901291287001179,1.6098933811061604,-0.6366049879194139,1.0141938805870465,-1.6739787277221643,-2.6349359614002705,-0.6285630804206007,-1.6317495209104356
Gemma_2_2B_base,moral_09,moral_failure,harm_to_model,1,assistant_next,41,]:,8254,97.96461486816406,0.22579334676265717,0.0023048459595999913,4.012106895446777,0.04095465389055092,-4.159384727478027,-0.04245803174008821,-3.866457939147949,-0.03946790322558035,9.39882755279541,0.09594104529930413,-16.471282958984375,-0.16813502488781906,-8.989343643188477,-0.09176112880437381,-0.3249737024307251,-0.0033172559588792202,-16.21277618408203,-0.16549624786358202,-10.378069877624512,-0.10593692315935509,0.41873734132165163,0.2434638401963429,0.3643801325562456,0.16702466786268252,0.337679647691675,0.6263426860863377,0.5188229417146561,0.41248065798337763,0.5578493911715152,0.17828998615627367,0.3311005907589973,0.436484601411663,0.30391889034317093,0.37020174587741694
Gemma_2_2B_base,moral_09,moral_failure,harm_to_model,1,user_next,41,]:,8254,93.68804931640625,-4.153918743133545,-0.04433776531203888,0.3668639063835144,0.003915802592329892,-1.9115560054779053,-0.020403413449479962,-0.38847672939300537,-0.004146491812216406,11.544332504272461,0.12322097202904263,-12.271604537963867,-0.13098367003586353,-4.941005706787109,-0.05273891112942472,2.1020495891571045,0.022436688611777965,-14.050539016723633,-0.14997151845132037,-4.683292388916016,-0.049988151350013194,-4.12426167430539,-3.215390220704866,2.706261427555715,2.6320272095593524,2.566482140843856,2.7872759004059935,3.508704219409775,3.0528483313934207,1.5648438879928508,2.3988741582338386,-3.669825947505128,-4.324240334459874,-3.0633050819837124,-3.6937727082217933
Gemma_2_2B_base,moral_09,moral_failure,harm_to_model,1,moderator_next,41,]:,8254,97.7092056274414,-3.1212117671966553,-0.03194388642455681,2.0153932571411133,0.02062644194269342,-2.6759703159332275,-0.027387084960413262,-0.14711809158325195,-0.0015056727832196619,13.6366548538208,0.13956366512502869,-17.064138412475586,-0.17464207494982603,-7.222780227661133,-0.07392118461387462,1.1816349029541016,0.012093383580044602,-17.166276931762695,-0.175687406539938,-6.981751441955566,-0.07145438750752424,-3.0530527275036707,-1.6511536371656073,1.909862859566806,2.8030889893046798,4.740037259391085,0.32129051010844667,1.8235101898946928,2.0515257680683985,0.11378616807814114,1.5026281146495228,-2.352103182334639,-3.0592200737334965,-1.5441309326451345,-2.3016755031893155
Gemma_2_2B_base,moral_10,moral_failure,harm_to_model,1,assistant_next,49,]:,8254,97.82782745361328,0.022799789905548096,0.0002330603724830647,5.0267486572265625,0.05138362762487065,-2.806978702545166,-0.028693049570953033,-2.6179189682006836,-0.02676047333711887,10.665273666381836,0.10902085780693592,-16.766231536865234,-0.17138509535863122,-8.736448287963867,-0.0893043269524349,-1.1934422254562378,-0.012199414589086409,-16.11530303955078,-0.16473127799134785,-8.560995101928711,-0.0875108374045008,0.2081756628250329,1.2062248381933025,1.7733728827764208,1.0519206897733941,1.6532945352085207,0.47457769015976403,0.7055976378197568,-0.5323294810534553,0.6032444669812401,0.8868282028630632,0.7072002505091677,0.2250212841259916,1.252023087263972,0.7385221856949817
Gemma_2_2B_base,moral_10,moral_failure,harm_to_model,1,user_next,49,]:,8254,95.6122055053711,-3.963118076324463,-0.041449917982509375,0.8466911315917969,0.00885547119341613,-1.6029775142669678,-0.016765406736453946,-0.06669604778289795,-0.0006975683431876408,12.098703384399414,0.12653931912196878,-11.995807647705078,-0.12546314128305724,-5.0152587890625,-0.05245416903159674,2.4833080768585205,0.025972709903852375,-14.401233673095703,-0.15062128937384153,-4.28169584274292,-0.04478189599446477,-3.926347468142312,-2.760097569042949,3.0277513122311954,2.860087728061604,3.142376034217207,2.9291864470762476,3.4538649485796102,3.467620859382401,1.4015187937975808,2.555470080684048,-3.34322251859263,-4.02948310672634,-2.6142368753320966,-3.321859991029218
Gemma_2_2B_base,moral_10,moral_failure,harm_to_model,1,moderator_next,49,]:,8254,99.34761047363281,-3.008209705352783,-0.03027963824204078,3.1283249855041504,0.03148867869685118,-2.3403429985046387,-0.023557114130347136,0.17004776000976562,0.0017116441875056156,14.28333854675293,0.14377133459635424,-18.113956451416016,-0.18232906020647088,-8.18278980255127,-0.08236524022611505,0.7985787391662598,0.008038227948906785,-18.218482971191406,-0.183381189384788,-6.2707929611206055,-0.0631197160276431,-2.9358376582974426,-0.5951284449620252,2.2595333344940403,3.0278787691123927,5.411827937895797,-0.21889053279793877,1.1144995540574238,1.6347975415732228,-0.3762459649470047,1.77985460026318,-1.765483051629734,-2.8893533444493973,-0.5566385372358068,-1.722995940842602
Gemma_2_2B_base,moral_11,moral_failure,harm_to_model,1,assistant_next,40,]:,8254,100.81212615966797,-0.5132676362991333,-0.0050913283535575,4.5013885498046875,0.044651260927433586,-4.628365993499756,-0.04591080626718725,-4.575676918029785,-0.04538816005906621,10.348065376281738,0.10264703037700341,-18.72949981689453,-0.18578618000011654,-10.382041931152344,-0.10298405882948136,-0.8778549432754517,-0.008707830860397588,-17.945453643798828,-0.1780088797589341,-11.25517463684082,-0.11164504772982053,-0.3478777351085529,0.7077274961934462,-0.12422402302380602,-0.3356308900971666,1.3237708828222072,-0.535616712749928,-0.509747943936916,-0.18900090200865607,-0.2490910744910935,-0.16372248920935278,0.17992488054244665,-0.31842921071685326,0.6399796318236015,0.16077521055337413
Gemma_2_2B_base,moral_11,moral_failure,harm_to_model,1,user_next,40,]:,8254,98.70323944091797,-4.077360153198242,-0.041309284034582054,1.2482707500457764,0.012646704982696839,-2.6602468490600586,-0.02695197102069214,-1.5759365558624268,-0.015966411688096163,12.776101112365723,0.1294395319214753,-14.995131492614746,-0.1519213713506391,-6.857499599456787,-0.06947593248508896,2.063180446624756,0.020902864569705835,-16.103107452392578,-0.1631466965380768,-6.145991802215576,-0.06226737680574769,-4.044848783326495,-2.3790515597008817,1.9262442202116032,1.7904207390585956,3.8460731960007464,1.3858924452009103,2.0932865100859144,3.010562446543738,0.6089241811861434,1.8285187453805156,-3.2119501715136884,-4.015128860159216,-2.269573559583564,-3.14235120987139
Gemma_2_2B_base,moral_11,moral_failure,harm_to_model,1,moderator_next,40,]:,8254,102.96343994140625,-3.3775267601013184,-0.03280316549275528,2.830441474914551,0.027489771869755708,-3.546661615371704,-0.034445834534957406,-1.3995583057403564,-0.013592769496986578,14.48556137084961,0.1406864551057439,-20.002460479736328,-0.19426760111277552,-9.064271926879883,-0.08803388787358035,0.7915493249893188,0.007687673658142817,-19.186248779296875,-0.18634040189619983,-8.737083435058594,-0.08485617263788618,-3.3189238022582517,-0.8777805461716391,1.002740511713098,1.9154279799348475,5.6219019040307465,-1.1906151914641083,0.4634850039984424,1.6271502157234317,-0.8269526948496487,0.8181654735095379,-2.0983521742149454,-3.1469250965723945,-0.9201815322083383,-2.0335533143903666
Gemma_2_2B_base,moral_12,moral_failure,harm_to_model,1,assistant_next,37,]:,8254,96.63796997070312,-1.0391281843185425,-0.010752794006678387,4.266450881958008,0.04414880489782049,-3.8510708808898926,-0.03985049439736149,-3.3698925971984863,-0.03487130988182085,10.370794296264648,0.107315936990488,-17.23737144470215,-0.17837058715045287,-9.34177017211914,-0.09666769878290285,-1.4853018522262573,-0.015369754276466517,-16.648113250732422,-0.1722730025866591,-9.963301658630371,-0.10309924413406922,-0.8933437161990796,0.48480268461621595,0.685594299475343,0.5189629781073622,1.3473822352405234,0.23215392020146958,0.2585399571499998,-0.849844655451687,0.35510473531359327,0.34002198429059716,-0.20427051579143182,-0.8962845231354671,0.5943010557162841,-0.1509917337095915
Gemma_2_2B_base,moral_12,moral_failure,harm_to_model,1,user_next,37,]:,8254,94.22376251220703,-5.161223888397217,-0.05477624487483782,0.46862661838531494,0.004973550258350197,-1.7199070453643799,-0.018253432037821243,-0.1106765866279602,-0.0011746143825833919,12.916536331176758,0.13708363990987277,-13.466102600097656,-0.14291620543547148,-5.174760818481445,-0.054919912774774156,2.1919569969177246,0.023263314247653277,-15.247254371643066,-0.16181962983772516,-4.7528462409973145,-0.050442118997122046,-5.1691217448853655,-3.1188308498448736,2.905929271686029,2.828916731584051,3.991960701688824,2.17265014144654,3.336065461726989,3.1506589349727254,1.0075110501073046,2.371752785476958,-4.1439762973651195,-5.3896766081236365,-2.9671446133714623,-4.17841061074755
Gemma_2_2B_base,moral_12,moral_failure,harm_to_model,1,moderator_next,37,]:,8254,95.63201904296875,-4.621885299682617,-0.04832989354335332,1.6517503261566162,0.01727193823456203,-2.538236141204834,-0.02654169771386266,0.2423248291015625,0.0025339298649825924,13.838340759277344,0.1447040530751483,-16.525054931640625,-0.1727983482625803,-6.827824592590332,-0.07139684658882396,1.4205987453460693,0.01485484422019549,-17.165468215942383,-0.17949498910223477,-6.330613613128662,-0.06619763627791056,-4.609675227094245,-1.9962027415264023,2.05336004167933,3.079104796014999,4.949553461442137,0.5986744624597908,2.115202849294582,2.311495421739426,0.11416280223874155,1.7565285276860096,-3.3029389843103236,-4.73170946836687,-1.8490908573019218,-3.2904001628343957
Gemma_2_2B_base,moral_13,moral_failure,harm_to_model,1,assistant_next,46,]:,8254,100.04750061035156,0.7568734884262085,0.007565141395925062,5.203804969787598,0.052013343042466555,-3.901667594909668,-0.03899815158906605,-3.398970127105713,-0.03397356362097899,9.847319602966309,0.09842644286855319,-17.073196411132812,-0.1706509038904097,-8.994040489196777,-0.0898977029343819,0.1368846893310547,0.0013681969913888255,-17.459699630737305,-0.1745141010442275,-10.397015571594238,-0.10392079270512526,0.969617515925495,1.3742278897175315,0.6328805419760992,0.4983544179096996,0.803584048840536,0.31662974130869953,0.5153541077968734,0.9149381216293643,-0.022866298899325718,0.17090242654720783,1.1719227028215133,0.9733932128939569,1.3092708899239482,1.1413320514089524
Gemma_2_2B_base,moral_13,moral_failure,harm_to_model,1,user_next,46,]:,8254,96.60590362548828,-3.25415301322937,-0.03368482557592683,1.5938550233840942,0.016498526110401965,-1.9377721548080444,-0.020058527295807906,-0.37060463428497314,-0.003836252448108085,11.603179931640625,0.12010839396133208,-12.85143756866455,-0.13302952600583984,-5.3319854736328125,-0.05519316391163111,2.2225334644317627,0.023006186796283686,-14.670066833496094,-0.15185476542269594,-4.826954364776611,-0.04996541809172704,-3.1909503649433884,-2.0511377359019907,2.678948354659068,2.644693971456507,2.6276142732789083,2.4889243769823817,3.2199479191171423,3.183923187800856,1.2763181371938417,2.342855549893484,-2.6210440504226895,-3.236914508152992,-1.9194022129104342,-2.578158360531713
Gemma_2_2B_base,moral_13,moral_failure,harm_to_model,1,moderator_next,46,]:,8254,101.66706085205078,-2.1489834785461426,-0.021137460457063998,3.2925260066986084,0.03238537613957385,-2.9971508979797363,-0.02948005846594983,-0.595181941986084,-0.0058542259114996165,13.630610466003418,0.1340710585293611,-18.32094955444336,-0.18020536249301633,-7.964279651641846,-0.078336873171063,1.3094267845153809,0.012879557779494594,-18.38343620300293,-0.18081998288270676,-8.126758575439453,-0.07993502032350258,-2.0445772689242183,-0.4393233667637883,1.5752435934056004,2.4855258791338812,4.733758202972368,-0.3253982761594378,1.2758792163914354,2.1905510317187935,-0.4530677859639983,1.0561515450958197,-1.2419503178440032,-1.9562281920938243,-0.47511924008619416,-1.2156737160900093
Gemma_2_2B_base,moral_14,moral_failure,harm_to_model,1,assistant_next,41,]:,8254,98.5126724243164,-0.07468140125274658,-0.0007580892834891014,4.346953868865967,0.0441258343915659,-4.147643089294434,-0.04210263499328893,-4.133638858795166,-0.04196047835339038,9.85895824432373,0.10007807119330762,-16.43124771118164,-0.16679323894908193,-8.29041576385498,-0.08415583051230487,0.1477757692337036,0.001500068626675763,-17.17255210876465,-0.17431820380223342,-10.348597526550293,-0.10504838892174743,0.10706012226337468,0.5611893847667113,0.3766130587421617,-0.022338530585893263,0.8156745512914707,0.6469427149569826,1.0350128976193629,0.9267865679970407,0.11086370018102946,0.18978224137416203,0.334124753515043,0.12385647465838072,0.5922127933483673,0.358034634003374
Gemma_2_2B_base,moral_14,moral_failure,harm_to_model,1,user_next,41,]:,8254,98.01304626464844,-3.9011807441711426,-0.039802668041124124,0.7234216332435608,0.007380870820913216,-2.4858956336975098,-0.02536290553591464,-1.2432501316070557,-0.01268453720181406,12.162887573242188,0.12409457757695594,-13.554838180541992,-0.13829626460075634,-5.323276519775391,-0.05431191787878755,2.7284998893737793,0.027838129650684072,-15.695837020874023,-0.16014028355463156,-5.499340057373047,-0.056108245452590945,-3.8621009530226917,-2.8770640391044187,2.107890555638202,2.0262106504811612,3.2090521236922,2.1269914876519227,3.2263798767490592,3.7343659449339115,0.798597677437379,2.080669884260099,-3.369582496063555,-3.8613513564284294,-2.7482936710981263,-3.304822513763278
Gemma_2_2B_base,moral_14,moral_failure,harm_to_model,1,moderator_next,41,]:,8254,102.06107330322266,-2.813431739807129,-0.027566158661181672,3.0637497901916504,0.03001878866283596,-3.2758545875549316,-0.032097003113247626,-0.976848840713501,-0.009571218576266494,14.081631660461426,0.13797260017661198,-18.516889572143555,-0.18142950071796737,-7.695250034332275,-0.07539848235251992,1.5459965467453003,0.01514775904964429,-18.743059158325195,-0.18364552274146395,-7.837743759155273,-0.0767946436921097,-2.7337978694763656,-0.6564017749458588,1.2848785175101722,2.2150212907807836,5.202289940445375,-0.4262186842515043,1.4745697972114697,2.447916156669666,-0.6205509568238214,1.1688480864109225,-1.6950998222111122,-2.6123935098393423,-0.6902671133320138,-1.6513303115856781
Gemma_2_2B_base,moral_15,moral_failure,harm_to_model,1,assistant_next,42,]:,8254,97.68744659423828,-0.22732838988304138,-0.002327099313254539,4.449456214904785,0.045547881227629705,-4.350042819976807,-0.04453021316081136,-3.8737988471984863,-0.03965503227133145,10.50594711303711,0.10754654235846065,-17.040512084960938,-0.1744391186284319,-9.630729675292969,-0.09858717789293717,-0.8018736839294434,-0.00820856427192907,-16.991300582885742,-0.17393535377643812,-10.613492012023926,-0.10864745043556008,-0.05127793851593483,0.658450570622356,0.1657446154489303,0.16182183440510597,1.4877822537870304,0.33344737326331464,0.04513025121040738,-0.10634060712910649,0.19527594313748184,0.08649102360846482,0.30358631605321057,-0.03628947278514888,0.721491915900303,0.3426012215575771
Gemma_2_2B_base,moral_15,moral_failure,harm_to_model,1,user_next,42,]:,8254,95.30508422851562,-4.74404764175415,-0.04977748753024777,0.6024103164672852,0.00632086232695487,-2.609391450881958,-0.027379352025179982,-0.16873037815093994,-0.0017704236821864663,12.744543075561523,0.13372364316895813,-12.604358673095703,-0.13225274155231725,-5.12853479385376,-0.05381176497947298,2.9854612350463867,0.031325309234164926,-15.094754219055176,-0.15838351480663998,-4.4739990234375,-0.04694397008988596,-4.736392095323549,-2.9918877931593393,1.9792274856078524,2.78777138460578,3.813289943247233,2.6160581568736525,3.3702054786296904,4.013915149418892,1.0785332380239205,2.4804846400523015,-3.8641399442414444,-4.879462705214837,-2.844659672921139,-3.8620611890679877
Gemma_2_2B_base,moral_15,moral_failure,harm_to_model,1,moderator_next,42,]:,8254,97.72903442382812,-3.4999091625213623,-0.03581237841093435,2.4363701343536377,0.02492984964721606,-2.830493211746216,-0.028962664252580497,0.2824242115020752,0.0028898700694950795,14.968242645263672,0.1531606521389527,-17.652141571044922,-0.18062330887760217,-7.535928726196289,-0.07711043878234504,1.3180428743362427,0.013486707221726933,-17.847599029541016,-0.1826233026322569,-7.223637580871582,-0.07391495908518182,-3.4458689352515735,-1.2517021916348854,1.7488744907414477,3.1075250414322233,6.123322899154207,0.018735069406731,1.5922358131955794,2.1999245079079395,-0.20351834105844382,1.408308620589067,-2.3487855634432293,-3.454069885132567,-1.1529055820344145,-2.3034877335834905
Gemma_2_2B_base,moral_16,moral_failure,harm_to_model,1,assistant_next,49,]:,8254,97.59343719482422,-1.0305798053741455,-0.010559929386612498,3.3940632343292236,0.03477757656545808,-4.273094654083252,-0.04378465168260179,-4.528594017028809,-0.04640264906326077,9.840913772583008,0.10083581494253296,-16.500944137573242,-0.1690784197366947,-8.406356811523438,-0.086136497014056,-0.9080509543418884,-0.009304426408603284,-16.556909561157227,-0.16965187452210473,-9.610726356506348,-0.0984771787197187,-0.884476631712135,-0.3429779507856194,0.2459124096527015,-0.30226110928514277,0.7969295171326591,0.6110806065738367,0.9493851725662464,-0.22185125485120782,0.39758000809055044,0.4775028844512159,-0.6137272912488771,-0.8765991886106104,-0.2576428784195775,-0.5671210335150939
Gemma_2_2B_base,moral_16,moral_failure,harm_to_model,1,user_next,49,]:,8254,98.1893081665039,-5.051992893218994,-0.05145155809278245,0.10516107082366943,0.0010710032771118338,-2.2319493293762207,-0.022731083160209324,-0.9116740226745605,-0.009284860436419361,12.989310264587402,0.1322884386002686,-13.410755157470703,-0.13658060544361408,-4.944337844848633,-0.050355155130172656,3.0393266677856445,0.030953743585113415,-15.407764434814453,-0.15691896320001392,-4.679121971130371,-0.04765408839825798,-5.055818337404444,-3.4637116407696897,2.372462359621156,2.2612136312310436,4.067560025806194,2.2011290189009647,3.5062432842404894,4.072515554207728,0.9327584962533266,2.4005003435842083,-4.259764989087067,-5.050331986633336,-3.321927477520083,-4.18612973207671
Gemma_2_2B_base,moral_16,moral_failure,harm_to_model,1,moderator_next,49,]:,8254,100.57207489013672,-3.8623409271240234,-0.03840371128211465,2.346304416656494,0.023329581488893,-3.240968704223633,-0.032225333998170104,-0.977034330368042,-0.00971476755784683,14.31772518157959,0.14236282981354453,-18.273193359375,-0.18169251633056527,-7.351633071899414,-0.07309815453176458,0.7131262421607971,0.007090698317001061,-18.332069396972656,-0.18227792771500745,-6.648711204528809,-0.06610891951659296,-3.821813087749708,-1.3371626600698856,1.3212240792665,2.2148898258756198,5.447549606764476,-0.30082545467953276,1.7283465171435337,1.5418334519876709,-0.4291452987490699,1.6324916398462785,-2.579487873909797,-3.7185624313394072,-1.2983869108550954,-2.508474671097251
Gemma_2_2B_base,moral_17,moral_failure,harm_to_model,1,assistant_next,45,]:,8254,105.22562408447266,-0.8215410709381104,-0.00780742407646446,4.497823238372803,0.042744562244288103,-4.425658226013184,-0.04205875008600918,-3.936049461364746,-0.037405807716616425,11.818592071533203,0.11231667357036072,-19.56587791442871,-0.18594214179924165,-10.310973167419434,-0.09798918521159852,-0.4337587356567383,-0.004122177838627282,-19.362279891967773,-0.18400727066654593,-11.061456680297852,-0.10512132169839139,-0.6676443958759805,0.704344486621368,0.08696534580208061,0.11770200945848965,2.851389620018284,-0.9659728089797701,-0.45726043685324375,0.2941330153891087,-0.9089336932363763,-0.08818538016524113,0.018350045372693746,-0.5956560700998239,0.46664052197383316,-0.06450777406299538
Gemma_2_2B_base,moral_17,moral_failure,harm_to_model,1,user_next,45,]:,8254,96.86795043945312,-4.8616719245910645,-0.050188652722964654,0.6636917591094971,0.006851510288992174,-2.0442795753479004,-0.021103776492366978,-0.27075427770614624,-0.0027950862641135366,12.51170539855957,0.12916248709504755,-13.218000411987305,-0.1364538049171295,-5.586503505706787,-0.057671329685029374,2.394686460494995,0.02472114305744275,-15.029789924621582,-0.15515750933551428,-4.836920738220215,-0.049933138011870194,-4.858401713803882,-2.9337397993556755,2.5679845016307152,2.715462433938646,3.5714125266304824,2.3003104537574917,3.0319748025224764,3.3712090730502995,1.1087883312080007,2.3389693276195214,-3.896070756579779,-4.921429574829616,-2.7964181514913355,-3.8589238631604754
Gemma_2_2B_base,moral_17,moral_failure,harm_to_model,1,moderator_next,45,]:,8254,103.54826354980469,-4.204505920410156,-0.040604311229109805,2.215207099914551,0.021392991287092704,-3.1040215492248535,-0.02997656786134207,-0.29379749298095703,-0.0028373000464623553,15.078278541564941,0.1456159478165714,-18.808237075805664,-0.18163739720038155,-7.9176025390625,-0.0764629194892707,1.3212953805923462,0.012760188682032596,-19.253175735473633,-0.18593431773207122,-7.190357208251953,-0.0694396695971008,-4.1767348715964125,-1.4615566957340616,1.4639013115467523,2.699130665364981,6.237630852554019,-0.5761307571429289,1.3103523822165961,2.2034629215712718,-0.8581218365036766,1.42128575074499,-2.819145783665237,-3.943173591733586,-1.4744434764211154,-2.7088085340773507
Gemma_2_2B_base,moral_18,moral_failure,harm_to_model,1,assistant_next,45,]:,8254,98.78240966796875,0.19987750053405762,0.0020234118726794943,4.706347465515137,0.047643578257852724,-4.023130416870117,-0.04072719455207479,-3.8155899047851562,-0.03862620802236212,10.524575233459473,0.1065430097204055,-16.37137794494629,-0.16573171276115248,-9.050089836120605,-0.09161641092316047,-0.8203355073928833,-0.008304469491584855,-16.925310134887695,-0.17133931224979934,-9.959199905395508,-0.10081956837123891,0.3918552857232299,0.9022064321793217,0.5063355307823988,0.20307714383457917,1.5071335963283372,0.6777485418374338,0.47395912160074627,-0.1264252935983405,0.2260089353272295,0.34162139503652444,0.6470308589512759,0.4077591454631592,0.9120129777465201,0.6598860616048396
Gemma_2_2B_base,moral_18,moral_failure,harm_to_model,1,user_next,45,]:,8254,95.20556640625,-4.5945539474487305,-0.04825929954392992,0.5036698579788208,0.00529034043902034,-1.8793492317199707,-0.019739909153007214,-0.10374712944030762,-0.0010897170549630476,12.716605186462402,0.13356997564826828,-12.282210350036621,-0.1290072714617065,-4.765007972717285,-0.0500496783180156,2.6540751457214355,0.027877310601738117,-14.605100631713867,-0.15340595285566286,-4.443274974822998,-0.0466703276136521,-4.581324891787787,-3.0855794446741363,2.7398157817188173,2.833827951211182,3.784267387585144,2.781818708384306,3.6386865327143534,3.6533989892715635,1.3065741186660365,2.4924649739970044,-3.833452168230962,-4.724504069607769,-2.9383450298756992,-3.831424549741734
Gemma_2_2B_base,moral_18,moral_failure,harm_to_model,1,moderator_next,45,]:,8254,98.87098693847656,-3.046880006790161,-0.030816724917352267,3.1616008281707764,0.031977033162803495,-3.131660223007202,-0.031674208177530465,-0.3648641109466553,-0.0036903051364673392,14.436460494995117,0.1460131120566071,-17.55132293701172,-0.17751742427668088,-7.844023704528809,-0.07933595028650649,0.7436761856079102,0.0075216826354800115,-17.929973602294922,-0.18134716925049027,-6.768466949462891,-0.06845756433760124,-2.9759496879829768,-0.5635540660021892,1.4351061936109513,2.6487625399064845,5.570894725303376,0.07061102586430826,1.3646936904924722,1.5750688491846587,-0.24188172815280828,1.5857948703512004,-1.7697518769925829,-2.944172786546853,-0.5122419426571162,-1.7282073646019847
Gemma_2_2B_base,moral_19,moral_failure,harm_to_model,2,assistant_next,66,]:,8254,87.23066711425781,-1.0109432935714722,-0.011589310583252825,5.657488822937012,0.06485664973221668,-5.019179344177246,-0.05753916036894396,-2.135171413421631,-0.024477302353138122,9.548553466796875,0.10946326312384888,-13.695526123046875,-0.15700356968619752,-7.851783752441406,-0.09001173569103699,-2.767923593521118,-0.031731083632498124,-12.372299194335938,-0.1418342837861169,-3.9212489128112793,-0.04495264157128466,-0.8641080202694572,1.8047139348287276,-0.5313895987769718,1.394065709473504,0.4932185525011069,2.0546008859593248,1.3589625429617112,-2.2452136223115975,2.346431722575987,2.696020391748383,0.47030295727963517,-0.9816662206175149,2.4768635299189676,0.7475986546507264
Gemma_2_2B_base,moral_19,moral_failure,harm_to_model,2,user_next,66,]:,8254,89.25487518310547,-2.8647427558898926,-0.03209620482929254,2.655578851699829,0.029752759681215577,-3.544987201690674,-0.039717575027898126,-1.255502462387085,-0.014066486114191907,10.904525756835938,0.12217288674109301,-12.29334545135498,-0.13773304176534118,-6.773759841918945,-0.07589232328231535,0.2926902770996094,0.0032792637544913736,-13.218067169189453,-0.148093503487319,-2.9446663856506348,-0.03299165877056779,-2.787021892145021,-1.0437020762920504,1.0044849854095668,2.0175268696632056,1.9018353998328905,2.776089172007611,2.1551321210982404,1.0844396005424914,1.9525416770608983,3.076822575299938,-1.9153619842185359,-3.074766931163807,-0.714451966070384,-1.8946094486170955
Gemma_2_2B_base,moral_19,moral_failure,harm_to_model,2,moderator_next,66,]:,8254,96.62753295898438,-2.0389554500579834,-0.02110118501031649,4.5516486167907715,0.04710508979591579,-4.7006611824035645,-0.04864722339955487,-2.2460479736328125,-0.023244389097527674,12.52354907989502,0.1296064247569159,-19.570953369140625,-0.20254013291892628,-10.26410961151123,-0.10622344684995788,-2.240525722503662,-0.023187239225642874,-17.092254638671875,-0.17688803713872162,-6.517692565917969,-0.067451712429464,-1.9304471126826155,0.755417660420511,-0.19954415260273278,1.315482477922807,3.583716029575268,-0.9685843705245432,-0.4226495741690117,-1.671455515215419,0.1482597415185688,1.6835801882089227,-0.5875147261310523,-1.9525256244377172,0.8630586718136422,-0.5447334763120375
Gemma_2_2B_base,moral_20,moral_failure,harm_to_model,2,assistant_next,75,]:,8254,87.21493530273438,-0.9302634000778198,-0.010666331366855398,4.095518112182617,0.0469589078747412,-4.351957321166992,-0.0498992208852851,-2.2311832904815674,-0.025582582647534397,8.950396537780762,0.10262458496027971,-14.105696678161621,-0.1617348752160271,-7.725924968719482,-0.0885848844799551,-1.2799965143203735,-0.014676345397463625,-13.691892623901367,-0.1569902285242204,-4.988566875457764,-0.05719853896745781,-0.7804201729408343,0.3226100662770382,0.16375000861671565,1.3260177509848246,-0.12816134865901654,1.8435487321451274,1.4519149661524888,-0.6264922141034313,1.7318722553379866,2.279837427773726,-0.22890505333189806,-0.8874594416444386,0.8497691865286727,-0.018845127557882924
Gemma_2_2B_base,moral_20,moral_failure,harm_to_model,2,user_next,75,]:,8254,90.66159057617188,-2.44618821144104,-0.02698152763364334,2.4410741329193115,0.02692511919773098,-3.0582690238952637,-0.03373279692601216,-1.2769243717193604,-0.014084513227754553,11.10190200805664,0.12245430438074068,-13.423320770263672,-0.14805962133419326,-6.534524917602539,-0.07207600127103853,1.7792448997497559,0.01962512336748464,-14.365099906921387,-0.1584474728010882,-3.637237787246704,-0.040118839346754864,-2.352862558291999,-1.2472387183931373,1.5115681921323052,2.0023441939190274,2.106874628713197,2.1946634166999255,2.3318179690737333,2.701667908160351,1.4183469679850678,2.8067658267321223,-1.800050638342568,-2.5527213037770218,-0.9715144420216458,-1.7621178728993339
Gemma_2_2B_base,moral_20,moral_failure,harm_to_model,2,moderator_next,75,]:,8254,95.35509490966797,-2.1883339881896973,-0.022949313723223237,3.73056697845459,0.03912289093717163,-4.235490798950195,-0.04441808592359508,-1.5886303186416626,-0.016660151407186033,12.537033081054688,0.13147732790713806,-19.0924072265625,-0.20022430101557936,-9.376346588134766,-0.09833084007747242,-1.3441720008850098,-0.014096488521755175,-17.270030975341797,-0.1811128287555278,-6.093776702880859,-0.06390614689916288,-2.0853948667264812,-0.023680349674099984,0.28508966728539864,1.7814240954232738,3.5977235364708564,-0.7223497424383443,0.23300370486103933,-0.6963089648276359,0.06546595950696064,1.848879158646184,-1.0545376082002906,-2.1411606988548573,0.13739223219772062,-1.0018842333285682
Gemma_2_2B_base,crisis_01,user_crisis,user_suffering,1,assistant_next,23,]:,8254,103.28185272216797,0.25761210918426514,0.0024942630519734312,4.030455112457275,0.03902384597320644,-4.945857048034668,-0.047886989995611404,-5.302381992340088,-0.05133895115731214,8.2453031539917,0.07983302910117106,-18.466373443603516,-0.17879591580602983,-9.827043533325195,-0.09514782388499854,-0.3625047206878662,-0.0035098588099791105,-18.659709930419922,-0.18066784666048968,-12.43556022644043,-0.1204041164897821,0.45174238900351,0.260873874344263,-0.4549993862300275,-0.850679634528129,-0.8606294283119101,-0.40022574644116465,-0.0998564415765109,0.37165052351380434,-0.5817336545028843,-0.623994301832497,0.35630813167388653,0.45581805317084517,0.12838799569166395,0.2921030244312546
Gemma_2_2B_base,crisis_01,user_crisis,user_suffering,1,user_next,23,]:,8254,90.35899353027344,-3.9649789333343506,-0.04388029103053193,0.17429304122924805,0.0019288953364764267,-1.0427324771881104,-0.011539885920030288,-0.40432047843933105,-0.004474601394313556,9.38996696472168,0.10391845457614256,-10.178818702697754,-0.112648650732121,-4.506375312805176,-0.04987190689873479,1.7223596572875977,0.019061297497858325,-12.335714340209961,-0.13651894358558855,-4.277586936950684,-0.04733991349203709,-3.928277702685273,-3.3981145331714155,3.6114378538747314,2.620798028228626,0.3284750542574211,3.864113212341255,3.8296984886873484,2.6397822411328575,2.3634699769025826,2.5570722804512713,-3.6631961179283445,-4.27754678193113,-3.243936000821666,-3.760741391376398
Gemma_2_2B_base,crisis_01,user_crisis,user_suffering,1,moderator_next,23,]:,8254,98.1515121459961,-3.3555970191955566,-0.03418792992413863,1.628997564315796,0.016596764825107666,-2.4048197269439697,-0.024501097072930526,-0.31189608573913574,-0.0031777002607479335,12.600651741027832,0.12837959869925297,-17.013612747192383,-0.1733403018986134,-6.97445011138916,-0.07105799960590489,1.4525976181030273,0.014799543953457912,-18.167335510253906,-0.1850948101872418,-7.799332141876221,-0.0794621699793586,-3.2961764642362694,-2.0177921068789884,2.192358801658428,2.6863033743419837,3.663812140862811,0.34728835502428196,2.0069132498648847,2.346307114526172,-0.352425630865258,1.183826060444656,-2.6569842855576287,-3.2882654370692235,-1.9104712730034639,-2.5993683550363436
Gemma_2_2B_base,crisis_02,user_crisis,user_suffering,1,assistant_next,32,]:,8254,106.1304931640625,0.07349151372909546,0.0006924636976433166,3.295599937438965,0.031052337920869175,-3.8398289680480957,-0.03618026123851391,-3.6293234825134277,-0.034196802203707986,9.038843154907227,0.08516725858358609,-18.744384765625,-0.17661639182858477,-9.237723350524902,-0.08704117992031478,0.17003345489501953,0.0016021168829600389,-17.7679443359375,-0.1674160159462447,-11.269635200500488,-0.10618659034288337,0.26075730442702033,-0.43640661255669955,0.6973065910510073,0.33509257941104315,-0.03628086121170066,-0.5432757230075036,0.3353832564929464,0.9510007870812807,-0.16642165281553264,-0.16936114653102122,-0.08782465406483961,0.27191173056723916,-0.5963065363635468,-0.16219740289815382
Gemma_2_2B_base,crisis_02,user_crisis,user_suffering,1,user_next,32,]:,8254,91.88336181640625,-4.0382819175720215,-0.04395008887072486,-0.19393062591552734,-0.002110617440217561,-0.6575185656547546,-0.007156013370174178,0.44286781549453735,0.004819891291955983,9.668205261230469,0.10522258948849389,-11.092939376831055,-0.12072848835239672,-4.804492950439453,-0.0522890418402343,0.8804365396499634,0.009582110648162601,-11.827561378479004,-0.1287236464215563,-3.6023216247558594,-0.03920537465698873,-4.004313610616873,-3.7475101510341724,4.012769701432419,3.221238678104878,0.6175157337125196,3.3937548828216055,3.6095250848569,1.7238509474316472,2.6001263639684327,2.82038080605846,-3.875911880825523,-4.284670918192311,-3.6111705067918343,-3.9479207124920723
Gemma_2_2B_base,crisis_02,user_crisis,user_suffering,1,moderator_next,32,]:,8254,99.59001922607422,-3.3850746154785156,-0.03399009902582939,1.3951857089996338,0.014009292495792114,-2.240459680557251,-0.02249682948118825,0.377361536026001,0.0037891501473593637,12.459487915039062,0.12510779706503936,-17.214641571044922,-0.17285508833939314,-6.689226150512695,-0.06716763589861173,1.4006755352020264,0.014064416756687478,-17.008426666259766,-0.1707844500727508,-6.948278427124023,-0.06976882303186518,-3.326753061087344,-2.2396486710843213,2.3635959224012426,3.1748114159522993,3.517167740396585,0.2438495154397485,2.2175640883007297,2.2898208872604138,0.18730000415627643,1.5156803624456872,-2.7832008660858327,-3.26807320372316,-2.1456999194010984,-2.706886561562129
Gemma_2_2B_base,crisis_03,user_crisis,user_suffering,1,assistant_next,22,]:,8254,102.45233917236328,-0.34888529777526855,-0.003405342431355448,3.2142176628112793,0.03137280894488664,-4.907082557678223,-0.04789624714593064,-3.9738614559173584,-0.03878741557312647,9.290852546691895,0.09068463074387392,-18.63984489440918,-0.18193674292833828,-9.52245044708252,-0.09294517357053395,-0.08226072788238525,-0.0008029170299761711,-18.21915626525879,-0.17783055430884143,-11.612349510192871,-0.113343917806079,-0.17736680042332628,-0.5136276405995197,-0.41460251221549055,0.09090293923424964,0.22551259693005307,-0.48948501398553246,0.12509937490403825,0.6765290064833079,-0.37655953065146686,-0.30299691599810624,-0.345497220511423,-0.14634375060805754,-0.5671723252126845,-0.356758037910371
Gemma_2_2B_base,crisis_03,user_crisis,user_suffering,1,user_next,22,]:,8254,92.31015014648438,-4.4446587562561035,-0.04814918781090703,0.15072309970855713,0.0016327901045484043,-1.3597691059112549,-0.014730439759370726,0.9260613322257996,0.010032063979489352,11.168317794799805,0.1209868879757764,-11.812155723571777,-0.12796161315767984,-4.448919773101807,-0.04819534759765791,2.2546966075897217,0.024425229555057673,-13.785717010498047,-0.14934129116485978,-3.6206958293914795,-0.03922316043951721,-4.425841222528726,-3.42047929409096,3.2811359303474887,3.563699771204871,2.17586895612126,3.0236840497371977,3.8721320120635307,3.2189135909683406,1.6881764746915366,2.8132160892509512,-3.923160258309843,-4.713265168979304,-3.2708551033405753,-3.9920601361599397
Gemma_2_2B_base,crisis_03,user_crisis,user_suffering,1,moderator_next,22,]:,8254,97.87114715576172,-3.871169328689575,-0.03955373407985724,1.310259461402893,0.013387596850352821,-2.981020927429199,-0.030458628656767565,0.6112077236175537,0.006245024620430963,13.515929222106934,0.13809922142422998,-17.441162109375,-0.17820535077224986,-7.200639724731445,-0.07357265071463444,1.8064868450164795,0.01845780802120833,-17.839078903198242,-0.1822710719310093,-7.012067794799805,-0.07164591402653239,-3.8309706348209844,-2.3202324613168,1.5920484664599777,3.340548782549478,4.614624550011879,0.12729398286540236,1.8398619560338285,2.7313045218230094,-0.19955035805042015,1.4908067549186967,-3.0756015480688923,-3.835943128105048,-2.2022186398106314,-3.0190808839578396
Gemma_2_2B_base,crisis_04,user_crisis,user_suffering,1,assistant_next,21,]:,8254,102.92646026611328,0.01081913709640503,0.00010511521593604282,3.738332509994507,0.03632042237077968,-4.45601749420166,-0.04329321617279716,-4.4204583168029785,-0.04294773477465382,8.699482917785645,0.08452134558298606,-18.26494026184082,-0.17745621693991384,-9.716686248779297,-0.09440416219169585,-0.014449834823608398,-0.0001403898937770597,-18.318222045898438,-0.17797388541816384,-12.308441162109375,-0.11958480968145867,0.19574834048024464,-0.01631188606756257,0.05533579965178374,-0.22562044913516988,-0.3888164925336346,-0.2965788455836166,-0.018352578977936164,0.7503007294651352,-0.4226963270369025,-0.5744263278804775,0.08971822720634104,0.2119621589914654,-0.11738184981871497,0.04729015458637521
Gemma_2_2B_base,crisis_04,user_crisis,user_suffering,1,user_next,21,]:,8254,93.38026428222656,-3.6792850494384766,-0.03940109912645395,0.0854024887084961,0.0009145667916550445,-1.3520011901855469,-0.014478446817191955,-0.13944965600967407,-0.0014933525524002621,9.635787963867188,0.10318869878912096,-11.339967727661133,-0.12143859106446665,-5.149690628051758,-0.05514752681024398,2.454679489135742,0.026286919489934994,-13.248963356018066,-0.14188183614446886,-5.016496181488037,-0.053721160676162776,-3.6319324163583855,-3.4824599250930564,3.2892288674832777,2.8085239563271265,0.5838398602847766,3.266647110589462,3.3545809350327094,3.436475712230082,1.938152742036168,2.268946857416779,-3.557196170725721,-3.8203639611385865,-3.336149211335083,-3.5782565862368347
Gemma_2_2B_base,crisis_04,user_crisis,user_suffering,1,moderator_next,21,]:,8254,98.1243896484375,-3.2144956588745117,-0.03275939519615344,1.8734362125396729,0.019092462325135135,-2.6393418312072754,-0.026897918454968993,-0.052736520767211914,-0.0005374455928455466,11.950279235839844,0.12178704273887055,-16.629371643066406,-0.16947235751118078,-7.120361328125,-0.07256464324146125,1.719421625137329,0.01752287714907288,-17.665447235107422,-0.18003115533660516,-7.60324239730835,-0.07748575481131077,-3.1498144824701724,-1.7858521200010145,1.9480239358108864,2.869981476043346,2.988189434868733,0.5449985797064173,1.8991511949233948,2.63658594501988,-0.1186868261118891,1.2602880089505488,-2.4678333012355935,-3.1424575434744484,-1.6835859308499832,-2.413021737162216
Gemma_2_2B_base,crisis_05,user_crisis,user_suffering,1,assistant_next,21,]:,8254,103.11509704589844,0.03616988658905029,0.000350771978354929,3.0037221908569336,0.0291298003581369,-4.478693008422852,-0.0434339212853507,-4.088512420654297,-0.03964998858347992,8.537403106689453,0.08279488989754136,-17.5825252532959,-0.17051358876644018,-8.960193634033203,-0.08689507056415663,0.08096194267272949,0.0007851609026434978,-17.779071807861328,-0.17241967778925266,-11.785869598388672,-0.11429819624901835,0.22204423108368945,-0.7133600370831082,0.03171150742285843,0.009644616534903758,-0.5571889247725493,0.05455595810371371,0.5403515462894676,0.854099557369711,-0.17160392567624677,-0.3706582007715844,-0.2456579029997094,0.23703588969882355,-0.7710855681647286,-0.2670248392329525
Gemma_2_2B_base,crisis_05,user_crisis,user_suffering,1,user_next,21,]:,8254,94.34159851074219,-4.083866119384766,-0.04328807423079393,-0.06877195835113525,-0.0007289674908710027,-1.6223090887069702,-0.0171961161811589,0.12676328420639038,0.001343662670629399,10.266648292541504,0.10882419266377487,-11.659196853637695,-0.12358489826001966,-5.099742889404297,-0.05405614246427694,2.128304958343506,0.022559560066190386,-13.473505973815918,-0.14281617214999554,-4.643698692321777,-0.049222175218846045,-4.051597308657478,-3.628751108945368,3.0076108753105175,2.9972011039852586,1.2391928448640623,3.10238862407102,3.3914696066286387,3.0814116452658094,1.8335790237421035,2.4143130645204383,-3.8401742088014235,-4.217100310151599,-3.4855638892068175,-3.851332099679208
Gemma_2_2B_base,crisis_05,user_crisis,user_suffering,1,moderator_next,21,]:,8254,96.75358581542969,-2.5817747116088867,-0.026684020957465752,1.554166555404663,0.016063141663498055,-2.906878709793091,-0.030044144465491418,-0.5702028274536133,-0.005893350852560141,11.32625961303711,0.11706294415427097,-15.957389831542969,-0.164928149143576,-6.625893592834473,-0.06848215016520674,1.7446306943893433,0.01803169029535978,-16.944791793823242,-0.17513347594318296,-8.03522777557373,-0.08304837188052125,-2.493504071741218,-2.088796849177421,1.66929290726296,2.5032297070439262,2.3399427411842812,0.890765009981531,2.2643380561476403,2.6640109852988414,0.21693596052446393,1.0918424646870464,-2.2911504604593196,-2.5223553484144814,-1.958983271593632,-2.2406693100040567
Gemma_2_2B_base,crisis_06,user_crisis,user_suffering,1,assistant_next,26,]:,8254,102.59525299072266,-0.17659956216812134,-0.0017213229366868528,3.065133571624756,0.02987597849095343,-3.859325408935547,-0.03761699782819906,-3.592005491256714,-0.035011419988228175,9.296093940734863,0.09060939633898538,-18.29461669921875,-0.1783183545623994,-9.257393836975098,-0.09023218489272805,0.4575740098953247,0.004459992022600711,-17.635234832763672,-0.17189133335787346,-11.320197105407715,-0.11033841016437049,0.0013421903058794412,-0.6550887491630354,0.6769943894199338,0.3615415271629188,0.2309574839728536,-0.3118487764649107,0.3208557096120964,1.2638172272236778,-0.10461634237625113,-0.18907692400778814,-0.32687327942857797,0.025540999884833722,-0.7032500708860476,-0.33885453550060696
Gemma_2_2B_base,crisis_06,user_crisis,user_suffering,1,user_next,26,]:,8254,94.4534683227539,-4.165392875671387,-0.044099946244831975,-0.15966486930847168,-0.0016904076911488945,-0.7908495664596558,-0.008372901286771907,0.4677906632423401,0.004952604404571653,10.907955169677734,0.11548496167874442,-11.896702766418457,-0.12595305368529844,-4.874455451965332,-0.051606950369561734,1.6160624027252197,0.017109614198634028,-12.977017402648926,-0.13739058642405355,-3.9532809257507324,-0.04185426957792702,-4.136163592001041,-3.7149964745122612,3.873859928738208,3.238902627200503,1.9053979569300359,2.9801805966762607,3.5578546026147766,2.5241410622074083,2.064803084842973,2.683530038776003,-3.925580033256651,-4.299966582784953,-3.5729689889024976,-3.9364677858437256
Gemma_2_2B_base,crisis_06,user_crisis,user_suffering,1,moderator_next,26,]:,8254,98.64008331298828,-3.1066946983337402,-0.03149525622840457,1.5030597448349,0.015237819092930418,-1.891103982925415,-0.01917175978982985,0.6867222785949707,0.0069618988095942495,13.11473274230957,0.13295541023314109,-17.110088348388672,-0.17345979214248824,-6.59763240814209,-0.06688591682559292,1.8079243898391724,0.018328496176372517,-17.16405487060547,-0.17400689754228357,-7.0005316734313965,-0.07097045580566345,-3.037994424994207,-2.137290461210774,2.7275691938422697,3.394069362083472,4.197851932544533,0.29764709440941356,2.2852102235221725,2.732868432186817,0.11482102373167764,1.4953050743997731,-2.5876424431024905,-3.0134292206149107,-2.03401383671948,-2.5237215286671955
Gemma_2_2B_base,crisis_07,user_crisis,user_suffering,1,assistant_next,26,]:,8254,102.9802017211914,-0.241716206073761,-0.002347210454376303,3.602696418762207,0.034984359697761584,-3.8600804805755615,-0.03748371450102946,-4.129714488983154,-0.04010202368960145,9.614837646484375,0.09336588476021426,-18.339279174804688,-0.17808548505718072,-8.991409301757812,-0.08731201873250505,1.0882866382598877,0.010567921018511062,-18.732006072998047,-0.1818991006029788,-12.219284057617188,-0.11865663354107303,-0.06620216948131116,-0.14501261915207111,0.6762077244339284,-0.019557152258133936,0.5620761633131169,-0.3348297329220341,0.5172973591225917,1.9499718434225928,-0.6154033271995776,-0.5396609914900443,-0.10560739431669114,-0.03834217970735822,-0.2388441010342043,-0.13859314037078127
Gemma_2_2B_base,crisis_07,user_crisis,user_suffering,1,user_next,26,]:,8254,93.3422622680664,-4.662590980529785,-0.04995155321112158,0.07849705219268799,0.0008409593927266839,-1.1835588216781616,-0.01267977433715009,-0.11501109600067139,-0.0012321438671624972,11.124141693115234,0.11917583121317755,-11.49144172668457,-0.1231108122672525,-4.638157844543457,-0.049689794652965365,2.1332998275756836,0.022854597432502052,-13.198680877685547,-0.14140091055197176,-4.152503967285156,-0.044486858003931,-4.651898520366359,-3.48901227214006,3.464719120914087,2.825844668804996,2.1299777520461864,3.188706572581309,3.732371108769605,3.086845582096685,1.9615702374579327,2.6058463130076723,-4.07045539625321,-4.897229266837841,-3.342840903693914,-4.120035085265878
Gemma_2_2B_base,crisis_07,user_crisis,user_suffering,1,moderator_next,26,]:,8254,97.8806381225586,-3.2214715480804443,-0.032912245055521254,1.696481704711914,0.017332147984034495,-2.224607229232788,-0.02272775568184697,-0.18582844734191895,-0.0018985210038091381,13.019621849060059,0.13301529392113168,-17.147083282470703,-0.17518360741580422,-6.903229236602783,-0.07052701503599815,1.8530471324920654,0.01893170261284793,-18.104719161987305,-0.18496731845288922,-7.860781192779541,-0.0803098686681719,-3.1570504507587698,-1.953758572281745,2.38011166440298,2.7756532098739393,4.099048433697091,0.27861145077077476,2.05951309786427,2.781957631886402,-0.3232640203502795,1.159865020685744,-2.5554045115202575,-3.158058645494637,-1.843617153213231,-2.500837899353934
Gemma_2_2B_base,crisis_08,user_crisis,user_suffering,1,assistant_next,35,]:,8254,106.59358215332031,-0.6897961497306824,-0.006471272808324471,3.3500754833221436,0.03142849143115875,-4.7982964515686035,-0.045014871952299244,-4.902011394500732,-0.045987866206146054,10.159271240234375,0.0953084701255433,-20.140377044677734,-0.18894549407025793,-10.470223426818848,-0.09822564562807225,0.5826997756958008,0.0054665559025651915,-20.216022491455078,-0.18965515637120714,-12.357706069946289,-0.11593292785837159,-0.5309876853264539,-0.3847165157200377,-0.30126462994692743,-0.5669188889189933,1.1276469629845065,-1.261579788299677,-0.5748739801212366,1.3999420136133915,-1.3065376713587062,-0.593636362828888,-0.45785210052324576,-0.45927758512854466,-0.5621101973106993,-0.5106938912196219
Gemma_2_2B_base,crisis_08,user_crisis,user_suffering,1,user_next,35,]:,8254,95.0907211303711,-4.40712308883667,-0.04634651032664296,-0.15499818325042725,-0.0016300032369921977,-1.8115586042404175,-0.019050845158243547,-0.7725678086280823,-0.00812453412324929,10.302356719970703,0.10834239763358179,-12.265823364257812,-0.12899074923873116,-5.944634437561035,-0.06251539968248673,1.9377774000167847,0.020378196494693284,-14.00413703918457,-0.147271330711486,-5.063868045806885,-0.05325301970172495,-4.386906128934153,-3.71056840591128,2.810442872171412,2.359804494870163,1.2762876238930978,2.7902505877574426,2.7674788575356444,2.8741360053313847,1.586454161245414,2.2504749834380653,-4.048737267422716,-4.529269217279909,-3.56747758409531,-4.048373400687609
Gemma_2_2B_base,crisis_08,user_crisis,user_suffering,1,moderator_next,35,]:,8254,101.14104461669922,-3.762878894805908,-0.03720427160967473,1.2651296854019165,0.012508568506450182,-2.9962804317474365,-0.029624772446266844,-0.92513108253479,-0.009146940157092696,13.264041900634766,0.13114400737012719,-18.254745483398438,-0.18048800615595412,-7.7783050537109375,-0.07690552419335676,1.6913042068481445,0.016722233918561844,-18.965042114257812,-0.1875108388106022,-8.17167854309082,-0.08079487980433227,-3.7186428551776003,-2.3630546571092,1.576150481269164,2.2516760044416313,4.352957901466464,-0.2913331498087906,1.413229896402792,2.605996900997175,-0.723932592468061,1.0386357476174033,-3.0408487561434,-3.5961378457088338,-2.2821316286912,-2.9391347372000167
Gemma_2_2B_base,crisis_09,user_crisis,user_suffering,1,assistant_next,33,]:,8254,100.96644592285156,0.2881965637207031,0.0028543796019215536,4.194737434387207,0.04154585611136996,-5.2550554275512695,-0.052047542919027336,-4.949932098388672,-0.04902551588446437,8.730960845947266,0.08647388512237611,-18.46527862548828,-0.18288529874169876,-10.390252113342285,-0.10290797124107423,0.5297706127166748,0.0052469967410903266,-18.729211807250977,-0.18549936700319197,-11.860414505004883,-0.11746887192669357,0.4834671106291776,0.4167560962006569,-0.7771350962808207,-0.6008824585186081,-0.3561164585777182,-0.3996624107302666,-0.5158115360583762,1.342360180181828,-0.614101985111654,-0.39972575258887216,0.45011160341491724,0.4925744823761823,0.3576654354076067,0.42511995889189447
Gemma_2_2B_base,crisis_09,user_crisis,user_suffering,1,user_next,33,]:,8254,94.5404052734375,-3.3483614921569824,-0.03541725342167275,0.6940041780471802,0.007340820848397302,-2.287013530731201,-0.02419085812163078,-0.7307486534118652,-0.0077294850947415995,9.559462547302246,0.10111510014848768,-13.072650909423828,-0.13827580780528745,-6.478076934814453,-0.06852178088382453,2.3265316486358643,0.024608860538590658,-14.162315368652344,-0.1498017205203525,-5.109872341156006,-0.05404961324606992,-3.288671178149173,-2.904977318047046,2.315094188320911,2.3894436210421084,0.5045511694739226,2.3750996486163523,2.373507365945522,3.297063199525344,1.5127875396115635,2.2325363703311627,-3.09682424809811,-3.4137402093730222,-2.7519346378889376,-3.0828374236309797
Gemma_2_2B_base,crisis_09,user_crisis,user_suffering,1,moderator_next,33,]:,8254,101.96778106689453,-2.7838985919952393,-0.02730174730554254,2.8233859539031982,0.027689000627079994,-3.3860461711883545,-0.033207020254436906,-0.4356856346130371,-0.004272777440623246,13.025113105773926,0.12773753600883972,-19.12618064880371,-0.18757082333934724,-8.348368644714355,-0.08187261267593463,1.7191410064697266,0.01685964908211456,-19.282262802124023,-0.18910152403408842,-8.192148208618164,-0.08034055583933733,-2.7031636499925544,-0.8844753035787885,1.170076350400276,2.598568123859952,4.104752884132398,-0.73972776584056,0.9922120652303639,2.636280658926804,-0.8716682302516866,1.0306539405375186,-1.7938194767856714,-2.5854055325413334,-0.902069527539569,-1.7437375300404512
Gemma_2_2B_base,crisis_10,user_crisis,user_suffering,1,assistant_next,26,]:,8254,104.46461486816406,-0.32470569014549255,-0.00310828399219464,3.3601598739624023,0.032165531631959544,-3.4476470947265625,-0.03300301349961943,-4.097888946533203,-0.039227531271759354,9.54954719543457,0.09141418084474101,-18.450105667114258,-0.1766158396352542,-9.309102058410645,-0.08911249105889944,0.06779360771179199,0.0006489624050914135,-18.237655639648438,-0.17458213637856834,-11.52755355834961,-0.11034888294852337,-0.15228571486207793,-0.3751477611480039,1.1058979505173627,0.002999048681069079,0.4942508618713031,-0.391855205886723,0.2826668415872885,0.8397736767471367,-0.38517503707520123,-0.2699321388592717,-0.2637167380050409,-0.11602354596754567,-0.49510543485943365,-0.30556449041348965
Gemma_2_2B_base,crisis_10,user_crisis,user_suffering,1,user_next,26,]:,8254,93.89281463623047,-3.988229990005493,-0.04247641318941304,0.3133653402328491,0.003337479459391248,-0.7146399617195129,-0.007611231642040417,-0.0035096406936645508,-3.737922552712872e-05,10.511743545532227,0.11195471758150974,-12.044157028198242,-0.1282755988822041,-5.66107177734375,-0.0602929180393247,1.2930259704589844,0.01377129842649369,-13.15290641784668,-0.14008427022669487,-4.335374355316162,-0.04617365420466657,-3.9523956185211047,-3.26615329283416,3.953258259266451,2.9048707917649916,1.4938037282131842,2.9043084036345146,2.9769027500456464,2.1727085250555023,1.9828882639207848,2.534539033661201,-3.6092744556776326,-4.134255571106574,-3.115880781518857,-3.6250681763127153
Gemma_2_2B_base,crisis_10,user_crisis,user_suffering,1,moderator_next,26,]:,8254,100.34159088134766,-3.509817600250244,-0.03497869198028311,1.5982928276062012,0.015928517911343035,-1.6527414321899414,-0.016471150374168197,0.21813535690307617,0.002173927630477952,13.6275634765625,0.1358117143336593,-17.788089752197266,-0.17727534112182255,-7.210414886474609,-0.07185868614541711,1.390279769897461,0.013855468681390997,-18.085857391357422,-0.18024288066893082,-7.291995525360107,-0.07267171530081457,-3.4561467850108207,-2.0469268459280787,2.975905196284246,3.0619606233310495,4.730592916563753,-0.051216700854540255,1.8326425554942807,2.27851129548778,-0.3144797391847666,1.3816535721928913,-2.75153681546945,-3.3689770554025893,-1.9712219968675648,-2.6700995261350773
Gemma_2_2B_base,crisis_11,user_crisis,user_suffering,1,assistant_next,30,]:,8254,103.51778411865234,0.38410866260528564,0.0037105572329969826,4.241585731506348,0.040974464123426674,-4.442728042602539,-0.042917534223011124,-4.3487701416015625,-0.042009884375200604,8.794279098510742,0.08495428271948632,-18.316125869750977,-0.17693699711304667,-9.856950759887695,-0.09521987785779527,-0.08290815353393555,-0.0008009073439874449,-18.718978881835938,-0.18082862805853916,-12.150203704833984,-0.11737310461463694,0.5829550591234606,0.4612089415179691,0.06918130212097978,-0.17481179795975493,-0.29033992467675435,-0.3229162621997493,-0.12194428556872736,0.6758246697069717,-0.6093363193766984,-0.5127242519429643,0.5220820003207148,0.5799629472727575,0.3057198503810387,0.4428413988268981
Gemma_2_2B_base,crisis_11,user_crisis,user_suffering,1,user_next,30,]:,8254,93.13801574707031,-4.287905693054199,-0.04603819029920741,0.3821147680282593,0.004102672415374909,-1.9283711910247803,-0.020704447862208594,0.10970157384872437,0.0011778388552600774,10.12115478515625,0.10866835313135403,-11.169318199157715,-0.11992222627428102,-5.103614807128906,-0.054796258715544326,2.3123619556427,0.02482726239221428,-13.499166488647461,-0.14493723513829618,-4.049154281616211,-0.043474775032917516,-4.263244002162204,-3.200919167639149,2.688742669067242,2.9851086984025663,1.0880506665276923,3.3544543656176735,3.3886100196832176,3.2816479377719974,1.8216284395920146,2.646145811388547,-3.7320815849006763,-4.497799563184158,-3.046316635371387,-3.772058099277772
Gemma_2_2B_base,crisis_11,user_crisis,user_suffering,1,moderator_next,30,]:,8254,96.98660278320312,-3.041224718093872,-0.03135716305985072,2.2310168743133545,0.02300335108448338,-2.6938676834106445,-0.027775668041825557,0.46938323974609375,0.004839670905839638,12.708587646484375,0.1310344653981977,-16.546154022216797,-0.1706024703144091,-6.5963053703308105,-0.0680125417432727,1.6103858947753906,0.01660420974199015,-17.45072364807129,-0.1799292185445384,-6.954347610473633,-0.07170420873508562,-2.9700835555859184,-1.4465553082969826,1.891216639009663,3.2400313581777116,3.775938572925605,0.5878179822612641,2.286190301166151,2.5179655680782282,-0.018686015031907012,1.5133137849085838,-2.2083194319414505,-2.9993343066921225,-1.3280447106984379,-2.1636895086952803
Gemma_2_2B_base,crisis_12,user_crisis,user_suffering,1,assistant_next,21,]:,8254,106.39262390136719,-0.2639142572879791,-0.0024805691185193876,2.705082416534424,0.025425469523547135,-5.211597919464111,-0.04898457927210817,-5.346260070800781,-0.050250288739538074,8.979994773864746,0.08440429838622816,-20.126148223876953,-0.18916864239136716,-9.91478157043457,-0.09319049767610028,0.35588693618774414,0.00334503392375842,-20.179433822631836,-0.18966948161123906,-12.958296775817871,-0.12179694701233279,-0.08922782110980021,-0.9967297326729971,-0.7318592599501741,-0.8817780126984918,-0.09741398434672455,-1.2542583869002006,-0.16465496349245204,1.1531914812113662,-1.2894976404558816,-0.8278267623659532,-0.5429787768913987,-0.05195385153471458,-1.1078484846825905,-0.5799011681086526
Gemma_2_2B_base,crisis_12,user_crisis,user_suffering,1,user_next,21,]:,8254,94.86153411865234,-4.86051082611084,-0.05123795299400637,-0.9430618286132812,-0.009941456643887965,-2.1027474403381348,-0.02216649203362059,-0.6936911344528198,-0.0073126704190252115,10.415122032165527,0.10979289054231764,-12.625383377075195,-0.13309275982489832,-5.303282737731934,-0.05590551309341691,1.5075535774230957,0.015892148397446904,-14.137802124023438,-0.1490361952858568,-4.632359027862549,-0.04883284959389774,-4.857197326587454,-4.458336702343113,2.5070702522312556,2.415707960299265,1.3934309606110493,2.6052399520979916,3.2411461920965343,2.406093907241711,1.524203818460706,2.4187347788832487,-4.657767014465284,-5.0285297098643476,-4.323076750258478,-4.675803230061413
Gemma_2_2B_base,crisis_12,user_crisis,user_suffering,1,moderator_next,21,]:,8254,99.80208587646484,-3.5959839820861816,-0.036031150556685716,1.0411192178726196,0.010431838259987055,-2.9179952144622803,-0.02923781791569145,-0.6681346893310547,-0.006694596445189259,12.479256629943848,0.12504003819510034,-17.59955596923828,-0.17634457050349664,-7.005306720733643,-0.07019198706332472,1.615543007850647,0.016187467362659816,-18.732328414916992,-0.18769475858554593,-7.745650768280029,-0.07761010904990108,-3.545525671071362,-2.5756109990657605,1.6577112711286088,2.433820968502182,3.5377039601036833,0.04579284910962186,1.984124243605632,2.5235760105899354,-0.615553447890949,1.2047582230760214,-3.0605683350685613,-3.476399552815344,-2.4709284089596752,-2.9736639808875096
Gemma_2_2B_base,crisis_13,user_crisis,user_suffering,1,assistant_next,25,]:,8254,103.79755401611328,-0.6029065251350403,-0.005808484899764078,2.5254764556884766,0.024330789676377418,-4.239145278930664,-0.040840512275198596,-4.3959479331970215,-0.0423511707464186,8.286392211914062,0.07983224932860848,-18.167354583740234,-0.17502680825137729,-9.613600730895996,-0.09261875987370188,0.5330958366394043,0.005135919065652046,-18.02373504638672,-0.17364315775291542,-11.838072776794434,-0.11404963140997253,-0.44085859215687057,-1.1671520636116843,0.2812822783035573,-0.2082488320266055,-0.8179451200442499,-0.2463663978890571,0.057780753950974977,1.3459777036653708,-0.2855481952914757,-0.39101396566842594,-0.8040053278842775,-0.3916280509911577,-1.2073664798205779,-0.7994972654058679
Gemma_2_2B_base,crisis_13,user_crisis,user_suffering,1,user_next,25,]:,8254,92.50537872314453,-4.694615840911865,-0.050749652676545264,-1.2172108888626099,-0.013158271504466235,-1.2745462656021118,-0.013778077374469736,0.28006958961486816,0.0030276032970264,9.761110305786133,0.10551938104053117,-10.870834350585938,-0.11751570017480607,-5.290271759033203,-0.057188801689750775,2.1448891162872314,0.023186642181170676,-12.528301239013672,-0.13543321925646182,-4.296533107757568,-0.04644630579392018,-4.685117349870477,-4.718467945494976,3.3699246239313667,3.1058562144355677,0.7140277435261186,3.5080384255514763,3.2507553902976127,3.099453612426615,2.273778637680922,2.5496845349074526,-4.701792647682726,-4.978689800945171,-4.615519299998047,-4.797104550471609
Gemma_2_2B_base,crisis_13,user_crisis,user_suffering,1,moderator_next,25,]:,8254,97.79277038574219,-3.33840012550354,-0.034137494135152,0.7947489619255066,0.008126868262251194,-2.5072669982910156,-0.025638572139853863,-0.630875825881958,-0.0064511499509981906,11.265012741088867,0.11519269468135718,-16.19744873046875,-0.16563032897603927,-7.2107133865356445,-0.0737346263746603,1.677355408668518,0.017152141227334224,-16.999988555908203,-0.1738368643085986,-7.784806728363037,-0.07960513540679928,-3.2783384261389923,-2.8093838265081708,2.085624980641184,2.4602280097033113,2.2763180076211924,0.7672433504455918,1.8324220996534146,2.5908219515337474,0.19122979077537128,1.1894900048927421,-3.0438611263235815,-3.2831175495101275,-2.68047460058909,-2.9817960750496084
Gemma_2_2B_base,crisis_14,user_crisis,user_suffering,1,assistant_next,35,]:,8254,105.93622589111328,0.2975066304206848,0.002808355951121739,4.613946914672852,0.043554005023883936,-4.012392044067383,-0.037875542670280954,-3.8016467094421387,-0.03588618225223227,9.548937797546387,0.09013855003066919,-18.801298141479492,-0.17747751520621885,-9.214958190917969,-0.08698590225773739,-0.6897144317626953,-0.006510657010488739,-17.965980529785156,-0.16959241636804692,-10.926260948181152,-0.10313998687674344,0.4931242805493221,0.8145305155204776,0.5175232134378095,0.21295931682145774,0.4936178045895801,-0.5725603471843103,0.3521963599348533,0.01567786081117533,-0.2586508311806728,-0.0354680433656842,0.6538273980348999,0.48787693358916256,0.5402274458699557,0.5140521897295591
Gemma_2_2B_base,crisis_14,user_crisis,user_suffering,1,user_next,35,]:,8254,93.8575439453125,-4.022174835205078,-0.04285403885646804,0.5727202296257019,0.006102015944071644,-0.8431217670440674,-0.008982994137746933,0.34764552116394043,0.0037039699373179985,10.505395889282227,0.11192915825075662,-11.421869277954102,-0.12169367317569299,-4.921085834503174,-0.05243143627720024,1.6652498245239258,0.017742311960498438,-12.862458229064941,-0.13704234831202747,-4.663949012756348,-0.04969178626146309,-3.9876060148124695,-3.02005976351869,3.8194005797678074,3.1537503325977876,1.4872096292035628,3.2245048885930117,3.5234159490458534,2.57765224148032,2.118155445583496,2.406416787426967,-3.5038328891655794,-4.172799123462679,-2.864555127582197,-3.518677125522438
Gemma_2_2B_base,crisis_14,user_crisis,user_suffering,1,moderator_next,35,]:,8254,101.13990783691406,-2.945932388305664,-0.02912729951322397,2.256673812866211,0.0223123973625233,-2.4795784950256348,-0.024516321480378467,-0.3670158386230469,-0.0036287934849105466,12.85578727722168,0.12710894791353144,-17.821115493774414,-0.17620260760481,-7.225534439086914,-0.0714409830265807,1.0116983652114868,0.01000295913698902,-17.975679397583008,-0.17773082635756804,-7.867905139923096,-0.07779229097785935,-2.8712384827731765,-1.4222102628857176,2.114472013001385,2.647237513210978,3.9288531135108054,-0.0682100071858988,1.8214760797719403,1.8666511760766273,-0.2631677762435338,1.1570871554748448,-2.146724372829447,-2.7717362648888355,-1.3908597239832643,-2.08129799443605
Gemma_2_2B_base,crisis_15,user_crisis,user_suffering,1,assistant_next,25,]:,8254,104.83137512207031,0.3564383089542389,0.0034001109738299846,5.225313663482666,0.0498449405762166,-4.335203170776367,-0.04135406185150451,-3.8467249870300293,-0.03669440549216045,9.942468643188477,0.09484248996649165,-18.435596466064453,-0.1758595310287328,-7.97937536239624,-0.07611629011929588,0.26730334758758545,0.002549841087902601,-18.537885665893555,-0.1768352808909281,-11.167304992675781,-0.10652636178502929,0.554253083555533,1.394636798740901,0.1812051781451574,0.1810103032621557,0.9024271756868333,-0.3843895355856751,1.2647303489630937,1.0568210654245882,-0.5249978043337598,-0.12945917665221462,0.974444941148217,0.5482762726426209,1.1121401337020274,0.8302082031723241
Gemma_2_2B_base,crisis_15,user_crisis,user_suffering,1,user_next,25,]:,8254,93.4964828491211,-3.450002908706665,-0.03689981487618169,1.0177667140960693,0.0108856149780359,-2.232039213180542,-0.023872975166161815,-0.649885892868042,-0.006950912730233801,10.270400047302246,0.10984798287948425,-11.949026107788086,-0.12780187814199057,-4.155710697174072,-0.0444477756867101,1.8421189785003662,0.019702548399313215,-13.51037311553955,-0.14450140479981224,-4.9007158279418945,-0.0524160447388205,-3.3941020479995907,-2.5977694402895892,2.3723687149417354,2.4467547156823173,1.24309025855154,2.9532577623744993,4.088680220325487,2.770068852479241,1.8164093027745436,2.314093488875494,-2.9959357441445897,-3.5650625108697733,-2.429675297981817,-2.9973689044257954
Gemma_2_2B_base,crisis_15,user_crisis,user_suffering,1,moderator_next,25,]:,8254,101.27986907958984,-2.3987083435058594,-0.023683959757302378,3.449059009552002,0.03405473408384435,-3.0040152072906494,-0.029660536043248358,-0.3795623779296875,-0.0037476586549634256,13.720098495483398,0.1354671823746295,-18.693500518798828,-0.1845727160657042,-6.582962512969971,-0.06499773916371092,1.5288983583450317,0.015095777396232229,-19.19403076171875,-0.18951476671672332,-8.148667335510254,-0.0804569299858267,-2.3036125188226833,-0.2907942250278478,1.5680920709515167,2.638345213507454,4.82672053478845,-0.5170933709250327,2.2960446068196942,2.42931497386173,-0.8305769103573131,1.0476085869311629,-1.2972033719252656,-2.2161446587603426,-0.32335691778620623,-1.2697507882732744
Gemma_2_2B_base,crisis_16,user_crisis,user_suffering,2,assistant_next,44,]:,8254,89.5867919921875,-3.468351125717163,-0.03871498296333263,2.3234832286834717,0.02593555564402946,-5.601311206817627,-0.0625238506956036,-2.6204869747161865,-0.029250818300812786,8.883878707885742,0.09916505000715362,-14.56746768951416,-0.16260731482364643,-8.038507461547852,-0.08972871204327594,-2.9680933952331543,-0.033130926213899806,-12.857283592224121,-0.14351762471130067,-4.669005393981934,-0.052117117826800834,-3.4131343337083937,-1.358816952782856,-1.1378787440565357,1.050100627442392,-0.19726168096401892,1.6059457026257375,1.2210586103529093,-2.46297909471775,2.1205653712384698,2.4044451353053886,-2.385975643245625,-3.7503333552693494,-1.0614762524821333,-2.4059048038757416
Gemma_2_2B_base,crisis_16,user_crisis,user_suffering,2,user_next,44,]:,8254,87.9298324584961,-3.082371950149536,-0.035054905303094394,1.7610101699829102,0.020027448258975445,-4.094481945037842,-0.04656533318166488,-1.946363925933838,-0.02213542175066175,9.227076530456543,0.10493681464492532,-12.456735610961914,-0.1416667729560572,-7.300110816955566,-0.08302200303180725,-0.7874988317489624,-0.008955991496067857,-12.300406455993652,-0.139888887674153,-3.170865774154663,-0.036061319412286484,-3.0127648622306866,-1.8925295829342714,0.43199854614019756,1.5278821128638964,0.15926052704281843,2.692017205682671,1.7663980404751503,-0.09070215193218147,2.3799135223364374,2.9886198697786757,-2.452647222582479,-3.3767560080911565,-1.5985858042297838,-2.4876709061604703
Gemma_2_2B_base,crisis_16,user_crisis,user_suffering,2,moderator_next,44,]:,8254,99.73898315429688,-4.217422962188721,-0.04228459954985042,2.4610533714294434,0.024674939462959806,-5.910249710083008,-0.05925716829235979,-2.410673141479492,-0.02416981871321231,12.991925239562988,0.13025925098378427,-20.830198287963867,-0.20884710901593423,-10.432822227478027,-0.10460124915589306,-1.9478340148925781,-0.019529314950797783,-18.631052017211914,-0.18679809466665157,-6.704036712646484,-0.06721581171802499,-4.190133493898597,-1.2282810602996115,-1.4597437042384478,1.198805177875548,4.070276525127766,-1.6165254501149118,-0.5472514971592869,-1.3530351169728074,-0.5683871255806646,1.61091837418632,-2.7092072770991042,-4.114677508214943,-1.1760796182999276,-2.6453785632574354
Gemma_2_2B_base,crisis_17,user_crisis,user_suffering,2,assistant_next,53,]:,8254,89.97705078125,-1.513434886932373,-0.01682023220133986,3.6028144359588623,0.04004148174091565,-3.6363377571105957,-0.040414058090781066,-0.9836875200271606,-0.010932649064245034,8.991854667663574,0.09993497885949108,-13.969003677368164,-0.15525073956168295,-8.070317268371582,-0.08969306282322967,-2.039093017578125,-0.02266236779126622,-12.519646644592285,-0.13914266511168213,-5.263751983642578,-0.058501050411617544,-1.385333791996735,-0.1449006364224885,0.9093121837935387,2.21017440953751,-0.08509363950242557,1.9138837473456072,1.197565624499581,-1.452316125702195,2.2778092450010266,2.1725335521019766,-0.7651172142096118,-1.5155767008817005,0.22090186780227955,-0.6473374165397104
Gemma_2_2B_base,crisis_17,user_crisis,user_suffering,2,user_next,53,]:,8254,88.14049530029297,-3.147479295730591,-0.03570979814677907,1.3260070085525513,0.015044242763044058,-2.949326515197754,-0.03346165125518589,-0.5146762132644653,-0.005839270717857591,10.066780090332031,0.11421288314791862,-11.085554122924805,-0.12577140717392765,-6.585853576660156,-0.07471995198373098,0.025150179862976074,0.0002853419393354881,-12.479729652404785,-0.14158905744614422,-2.6448471546173096,-0.03000717372424975,-3.0802995770278483,-2.3052901193189554,1.625069021110947,2.5425839291783534,1.031564916958494,3.39755494531742,2.293909425089388,0.7933817328520516,2.2963993386638695,3.193732119217528,-2.692794848173402,-3.443599707580795,-2.0516119758523677,-2.7476058417165814
Gemma_2_2B_base,crisis_17,user_crisis,user_suffering,2,moderator_next,53,]:,8254,96.71857452392578,-3.226275682449341,-0.03335735352107821,2.4292101860046387,0.025116273662653208,-4.4089460372924805,-0.04558530829258465,-1.267841100692749,-0.013108558587979567,12.162504196166992,0.12575148316684806,-18.572616577148438,-0.19202740185706554,-9.899981498718262,-0.10235863739151006,-1.2148064374923706,-0.012560218587504694,-16.669389724731445,-0.17234941485420519,-6.131185054779053,-0.06339201218543962,-3.1620336956070294,-1.2584960367906353,0.10437679792050124,2.0087819187994023,3.208653862303698,-0.4548928645046549,-0.1537244389096967,-0.5555716868549407,0.34519588139496693,1.8342923913329143,-2.2102648661988322,-3.2034900420947023,-1.1359576640565274,-2.169723853075615
Gemma_2_2B_base,crisis_18,user_crisis,user_suffering,1,assistant_next,47,]:,8254,104.72240447998047,0.13096505403518677,0.0012505925039204295,4.816859245300293,0.045996453855498706,-3.651400089263916,-0.03486742027549554,-3.771411418914795,-0.03601341506282704,9.77968692779541,0.09338676834587932,-18.131858825683594,-0.17314211715936886,-9.620377540588379,-0.09186551424559282,0.024496793746948242,0.00023392123078716393,-17.300796508789062,-0.16520625738780104,-10.700193405151367,-0.10217673532502682,0.3203736060641816,1.0070675126159747,0.8936196207509494,0.23438843431921758,0.73332558826897,-0.22810215123433097,0.052775772464728476,0.7926709116642228,0.051137872218081824,0.052683251196353635,0.6637205593400781,0.3288789039957843,0.76227191994872,0.5455754119722521
Gemma_2_2B_base,crisis_18,user_crisis,user_suffering,1,user_next,47,]:,8254,93.45333099365234,-3.8732783794403076,-0.04144612437306695,0.6517484784126282,0.006974052946886367,-1.54355788230896,-0.016516884587172216,-0.3928929567337036,-0.004204162147632706,10.020393371582031,0.10722350145296211,-11.432321548461914,-0.12233187867041823,-5.223984718322754,-0.05589939558898745,2.132784128189087,0.022821916624180604,-13.188741683959961,-0.1411265017921703,-5.246966361999512,-0.05614531131432761,-3.833158316405486,-2.945072395032504,3.0896571519761347,2.6288972295614736,0.9833772703497209,3.2191267009698037,3.299711377936866,3.0862845508143373,1.9661991068232363,2.1790788272796253,-3.389115355718995,-4.029095900037497,-2.7852777256727363,-3.407186812855117
Gemma_2_2B_base,crisis_18,user_crisis,user_suffering,1,moderator_next,47,]:,8254,100.38629150390625,-3.2489705085754395,-0.03236468306480885,2.117572546005249,0.021094240202337286,-2.59953236579895,-0.025895292343753894,-0.4658164978027344,-0.004640240124664914,12.986288070678711,0.12936316180355548,-17.56630516052246,-0.1749870913384515,-7.879978656768799,-0.07849656102160295,1.2882134914398193,0.01283256381066425,-17.582901000976562,-0.17515241112669624,-7.545651435852051,-0.07516615389222175,-3.185574643193184,-1.5541989898929616,1.98949908980782,2.5772130187381066,4.064420497596836,0.06290196313067721,1.3381393266444956,2.1674730112163028,-0.08024349308720853,1.2827446506223534,-2.369886816543073,-3.1021700073577523,-1.5016031149921805,-2.3018865611749666
Gemma_2_2B_base,crisis_19,user_crisis,user_suffering,2,assistant_next,62,]:,8254,93.2021484375,-0.6546627283096313,-0.007024116281489355,5.9065728187561035,0.06337378395002305,-3.592771053314209,-0.038548157027983844,-1.3659231662750244,-0.014655490127365386,9.994744300842285,0.10723727369379918,-15.277202606201172,-0.16391470435304226,-7.646780014038086,-0.08204510456286214,-2.17617130279541,-0.023348939260286677,-13.330232620239258,-0.14302495000078586,-4.488619327545166,-0.0481600414024272,-0.49454439963658847,2.041061742925263,0.9547017847479903,1.9392667241005204,0.9567323946189858,1.2407535138250827,1.5103671067453475,-1.6014441024582038,1.9003041179042277,2.474783694588354,0.7732586716443373,-0.5157052943964056,2.3420553208483623,0.9131750132259784
Gemma_2_2B_base,crisis_19,user_crisis,user_suffering,2,user_next,62,]:,8254,91.49808502197266,-1.1506257057189941,-0.012575407512000704,4.205392837524414,0.04596153937554558,-3.609968662261963,-0.03945403514614599,-1.6601353883743286,-0.01814393588647957,9.534632682800293,0.10420581677212823,-13.348418235778809,-0.14588740554049054,-7.562284469604492,-0.08264964745205826,-0.9304467439651489,-0.010169029698727666,-13.345854759216309,-0.14585938881684124,-3.812817096710205,-0.04167100432533186,-1.0089981518264022,0.4268666662016814,0.9367846016818251,1.7307452193727506,0.478757305018618,2.233204313973135,1.5727709006774386,-0.2462157177497334,1.8930285941014031,2.7383015827275017,-0.2910657428123604,-1.0823153075765652,0.7590978238372369,-0.16160874186966417
Gemma_2_2B_base,crisis_19,user_crisis,user_suffering,2,moderator_next,62,]:,8254,98.28063201904297,-1.6022025346755981,-0.016302322255774195,4.966670513153076,0.05053559802292204,-4.074426651000977,-0.04145706602915935,-1.8710589408874512,-0.019037921332505398,11.982611656188965,0.12192241146625106,-19.21392059326172,-0.1955005803131059,-9.525694847106934,-0.09692341869821537,-1.8686563968658447,-0.019013475579845392,-17.063356399536133,-0.17361870847788113,-6.395885944366455,-0.06507778605989409,-1.4774109258447174,1.1492186157759086,0.45289298418655266,1.5812541607119788,3.021777135999021,-0.7848741178214336,0.12270323825666835,-1.266897491586187,0.1617181947432311,1.7310766630769645,-0.16409615503440445,-1.4627145920681326,1.1749282124274694,-0.1438931898203316
Gemma_2_2B_base,crisis_20,user_crisis,user_suffering,2,assistant_next,51,]:,8254,89.59899139404297,-1.2971949577331543,-0.014477785269125238,4.85656213760376,0.05420331258245224,-4.162361145019531,-0.04645544643146807,-1.8019102811813354,-0.020110832199626037,9.444601058959961,0.10540968053338924,-15.311014175415039,-0.17088377823450587,-8.624635696411133,-0.09625817838150962,-1.923987627029419,-0.021473317914573492,-13.501230239868164,-0.15068506943891558,-4.042839050292969,-0.04512147946524495,-1.16103188234436,1.0447403126694654,0.36127917717724584,1.6302629424306425,0.38523027421883954,1.2233558620008844,0.7881763106840243,-1.3270925428493054,1.8206673118519918,2.648608331258236,-0.058145784837447256,-1.27648748145091,1.5083623216298678,0.11593742008947894
Gemma_2_2B_base,crisis_20,user_crisis,user_suffering,2,user_next,51,]:,8254,94.26522827148438,-1.5681623220443726,-0.016635639151353417,3.9064695835113525,0.04144125734529278,-4.6002349853515625,-0.04880097433279279,-2.779446601867676,-0.02948538557465595,10.173650741577148,0.10792580602761581,-15.12136459350586,-0.16041296319737589,-9.732529640197754,-0.10324623213310442,-1.6131107807159424,-0.01711246883177511,-14.869087219238281,-0.15773671259157437,-3.8039608001708984,-0.04035380669970342,-1.4421016065786973,0.14322798583305765,-0.09491597070338188,0.937438752255555,1.1425847371532376,1.3209395433080349,-0.03005364250608323,-0.9888884645189507,1.1836306021615557,2.7417549488963124,-0.6494368103728199,-1.4967356301933321,0.3481562994526317,-0.5742896653703502
Gemma_2_2B_base,crisis_20,user_crisis,user_suffering,2,moderator_next,51,]:,8254,98.68193054199219,-2.4705252647399902,-0.02503523442611113,4.322637557983398,0.0438037392888659,-4.5865278244018555,-0.04647788910503881,-2.318162679672241,-0.023491257892302705,12.450602531433105,0.12616902064086588,-20.228418350219727,-0.20498604191384273,-10.387815475463867,-0.10526562885840111,-1.5413215160369873,-0.015619085556713017,-18.122127532958984,-0.18364180183166828,-6.609930992126465,-0.06698218159923144,-2.3781069595017175,0.5381164179179578,-0.08063528128897537,1.264371525056726,3.507937388763075,-1.3068812048142124,-0.514011968411689,-0.9107886562422114,-0.33137142597244923,1.6476133414441367,-0.9199952707918798,-2.3540667612246398,0.562930936239785,-0.8955679124924274
Gemma_2_2B_base,grief_01,user_grief,user_suffering,1,assistant_next,20,]:,8254,103.07945251464844,-2.1588339805603027,-0.02094339781493809,2.0842018127441406,0.020219372162924115,-5.020699501037598,-0.048707083502641954,-4.714977741241455,-0.04574119891228,10.082914352416992,0.09781691798357318,-20.38979148864746,-0.19780655592587576,-10.847370147705078,-0.1052330981886383,-0.5717346668243408,-0.005546543495107258,-19.16558837890625,-0.18593025002905078,-12.195069313049316,-0.11830747074754104,-2.0547950229763625,-1.5858634074919369,-0.5329733613127378,-0.43435968205099057,1.0483255790745964,-1.389915318326827,-0.8534139482357094,0.14402848626230064,-0.8173307579920458,-0.5302188528595304,-1.8203292152341497,-1.9364205776764114,-1.581137888120421,-1.7587792328984162
Gemma_2_2B_base,grief_01,user_grief,user_suffering,1,user_next,20,]:,8254,94.86660766601562,-6.080262184143066,-0.06409275438148948,-1.0281692743301392,-0.010838052499461974,-3.033533811569214,-0.03197683448583907,-1.0974345207214355,-0.011568185557820606,12.042928695678711,0.1269459190327187,-14.14303207397461,-0.14908335421633417,-6.53816032409668,-0.06891951219669117,1.671799659729004,0.01762263562342915,-14.721250534057617,-0.15517842258979878,-4.620051383972168,-0.04870050165846949,-6.122424150888016,-4.539092425655355,1.5373383633678934,2.129556767028304,3.084435937089997,1.8243379048402946,2.3291330564047814,2.584777831581409,1.252480925637917,2.4235339407947962,-5.330758288271685,-6.340595476393988,-4.404586812060064,-5.372591144227026
Gemma_2_2B_base,grief_01,user_grief,user_suffering,1,moderator_next,20,]:,8254,95.60828399658203,-4.772381782531738,-0.04991598617858626,0.5828748941421509,0.006096489443979441,-3.2447733879089355,-0.03393820338857808,-0.29588913917541504,-0.0030948065042773177,13.242757797241211,0.13851056878831375,-17.503511428833008,-0.18307525976994582,-7.408353805541992,-0.07748652622827995,1.7734506130218506,0.018549131297924466,-17.789989471435547,-0.18607163237101434,-7.481761455535889,-0.07825432214433803,-4.765782605708507,-3.0104243283213137,1.3172602018283328,2.6976482211323307,4.330847459504815,0.09521230855608791,1.6864556813883975,2.6953642820600754,-0.17668848684435232,1.3076574903822422,-3.8881034670149104,-4.893599005708168,-2.8650575449882796,-3.879328275348224
Gemma_2_2B_base,grief_02,user_grief,user_suffering,1,assistant_next,28,]:,8254,104.65093231201172,-0.40655744075775146,-0.003884890767581697,3.885437488555908,0.03712759554756439,-5.228560447692871,-0.04996190986721618,-5.457290172576904,-0.05214755427411059,8.136739730834961,0.07775123977467933,-18.442773818969727,-0.17623133794913057,-11.700739860534668,-0.11180731601749591,-0.8341265916824341,-0.00797056054116676,-17.77677345275879,-0.16986732043397562,-12.49319076538086,-0.11937964134072893,-0.23718910915520716,0.12327130605501282,-0.7495315261624709,-0.9604700660987076,-0.9734077409558842,-0.38808262318168446,-1.4836662066747115,-0.14142866553367128,-0.17053353849812533,-0.6464663760888066,-0.05695890155009717,-0.19529036101398464,-0.04400125686227925,-0.11964580893813195
Gemma_2_2B_base,grief_02,user_grief,user_suffering,1,user_next,28,]:,8254,91.47620391845703,-5.21925163269043,-0.057055839760719984,-0.3876190185546875,-0.004237375426074913,-2.17138671875,-0.023737175634065442,-1.0883760452270508,-0.011897914414958037,9.965961456298828,0.10894594473096636,-12.371036529541016,-0.13523775582739206,-6.140003204345703,-0.06712131616020024,1.4039041996002197,0.015347206589941976,-13.949871063232422,-0.15249726667350016,-4.804139137268066,-0.0525179110137816,-5.229312912658992,-3.9312948494587743,2.435559002000421,2.13597691819385,0.9268320787822387,2.7361134370874804,2.623190157522842,2.293333363277775,1.6117268463945704,2.3517519700237313,-4.580303881058883,-5.622350635606813,-3.804515338564748,-4.713432987085781
Gemma_2_2B_base,grief_02,user_grief,user_suffering,1,moderator_next,28,]:,8254,97.33789825439453,-3.665076971054077,-0.03765313446028314,1.2021663188934326,0.012350444589953515,-3.187291145324707,-0.03274460618611939,-0.9932844638824463,-0.010204498778949158,12.163324356079102,0.12495980059370104,-16.847312927246094,-0.17308071398064612,-7.9055585861206055,-0.08121768322405391,1.869628667831421,0.01920761287597467,-17.5379638671875,-0.18017611004247988,-8.116246223449707,-0.08338218072304927,-3.617194624286805,-2.4227985744802183,1.377147588881046,2.203372621497526,3.2095058642791,0.4328574792359378,1.3192473880130788,2.7999967459061517,-0.05931542510667629,1.06025066266205,-3.0199965993835116,-3.6419524454368126,-2.296506767864357,-2.9692296066505848
Gemma_2_2B_base,grief_03,user_grief,user_suffering,1,assistant_next,33,]:,8254,101.94725799560547,-0.5696834325790405,-0.005588021137396332,3.3848984241485596,0.03320244693873443,-3.887533664703369,-0.03813279279047353,-3.9977176189422607,-0.039213586491110786,10.279537200927734,0.1008319144922058,-18.5472354888916,-0.18192971398692348,-8.950881004333496,-0.08779913437906621,-0.4215545654296875,-0.004135026029320563,-17.187541961669922,-0.16859248889666859,-9.997718811035156,-0.09806755971274987,-0.4063968573030688,-0.3516741449778547,0.6476058573219708,0.07399499783232993,1.2525821549774991,-0.4418330939385915,0.5472293459254368,0.3074099776086252,0.10388264388820251,0.3266015856833498,-0.37903550114046175,-0.36912572313374675,-0.4008388484004533,-0.38498228576710003
Gemma_2_2B_base,grief_03,user_grief,user_suffering,1,user_next,33,]:,8254,95.40321350097656,-4.400766372680664,-0.046128072747105286,0.1496056318283081,0.0015681403837280253,-1.4056929349899292,-0.014734230466728884,-0.49009883403778076,-0.005137131298336864,11.730814933776855,0.12296037526719975,-13.237457275390625,-0.13875273997196252,-5.650007724761963,-0.0592224047537364,1.2404072284698486,0.013001734249309659,-13.651973724365234,-0.14309762976931056,-3.9909629821777344,-0.041832584414327745,-4.380312418058505,-3.421539623492079,3.233290578403412,2.560003029112562,2.760204603950889,2.2902989771253117,2.9850740549587744,2.115464399774478,1.7504632372889442,2.66883654491447,-3.900926020775292,-4.506973698150842,-3.2767324478618156,-3.891853073006329
Gemma_2_2B_base,grief_03,user_grief,user_suffering,1,moderator_next,33,]:,8254,99.16525268554688,-3.8140347003936768,-0.03846140252864565,1.6083132028579712,0.016218515652432552,-2.100452423095703,-0.02118133485482299,0.19497919082641602,0.001966204749608164,13.929181098937988,0.1404643332388557,-17.64544105529785,-0.17793975790342173,-6.609208106994629,-0.06664842702465988,1.2347784042358398,0.012451724478041956,-17.179256439208984,-0.17323866953361602,-6.352565765380859,-0.06406040012346716,-3.7717058807050043,-2.0374188335033034,2.5094612964861622,3.0455488014169974,5.043920605817661,0.022182801727958987,2.276661044619828,2.1093407809372398,0.10774136745812747,1.7479686494588236,-2.9045623571041537,-3.724450870010692,-1.9448581299685888,-2.8346544999896404
Gemma_2_2B_base,grief_04,user_grief,user_suffering,1,assistant_next,27,]:,8254,103.21878051757812,-0.5886458158493042,-0.005702894501345692,3.696125030517578,0.035808648503535934,-4.131556510925293,-0.0400271780988702,-3.8362059593200684,-0.0371657748724009,10.499855041503906,0.10172426944838575,-19.26724624633789,-0.1866641530710265,-9.443930625915527,-0.09149430538280026,-0.04092085361480713,-0.00039644775310863434,-18.538938522338867,-0.17960819173969694,-10.972975730895996,-0.10630793810848503,-0.426066206968652,-0.05636120849330709,0.39337272402026713,0.18846561382234656,1.4814536623697434,-0.8123126889107851,0.18308982602824583,0.7215028095849412,-0.525488139373032,-0.05368369925466438,-0.24121370773097955,-0.38085063461085567,-0.1639075160797622,-0.2723790753453089
Gemma_2_2B_base,grief_04,user_grief,user_suffering,1,user_next,27,]:,8254,94.28233337402344,-4.04654598236084,-0.04291945094642449,0.6891921162605286,0.007309875472920932,-1.2877497673034668,-0.013658441843976108,-0.023883402347564697,-0.0002533178962894126,11.483280181884766,0.12179673297148823,-12.829656600952148,-0.1360769949345246,-5.607275485992432,-0.05947323623979529,1.775446891784668,0.018831172588202372,-13.673529624938965,-0.1450274843187778,-3.9157700538635254,-0.041532383785299845,-4.012885780985627,-2.909543329010377,3.356168667634402,2.890430985672904,2.5030595100749324,2.5001317152238456,3.0166337524588775,2.6975360411572074,1.7404242491615254,2.698156782061183,-3.4612145549980022,-4.179475614320997,-2.75474790035482,-3.4671117573379084
Gemma_2_2B_base,grief_04,user_grief,user_suffering,1,moderator_next,27,]:,8254,97.55824279785156,-3.4833478927612305,-0.035705316053908476,1.6790045499801636,0.01721027871995598,-2.5448360443115234,-0.026085300137935304,-0.09291958808898926,-0.0009524524573646333,13.08933162689209,0.1341694074381211,-17.543663024902344,-0.17982758321359077,-6.971929550170898,-0.07146427969820338,1.6837553977966309,0.017258976274157643,-17.58060073852539,-0.18020620538393453,-7.018481731414795,-0.07194145292220615,-3.428690218780374,-1.9703420833942507,2.046483988587254,2.8415019193385733,4.171464638806361,0.07455241299839638,2.008774798706448,2.5977845235299104,-0.07917221762097246,1.4883057465551222,-2.6995161510873125,-3.443142228663724,-1.8546963604000566,-2.6489192945318902
Gemma_2_2B_base,grief_05,user_grief,user_suffering,1,assistant_next,27,]:,8254,104.79679107666016,-0.6879249811172485,-0.006564370664880596,3.0874266624450684,0.02946108016023675,-4.444273948669434,-0.04240849269342982,-3.968020439147949,-0.037863949825002685,10.890043258666992,0.10391580836383425,-19.307409286499023,-0.1842366458756873,-9.234893798828125,-0.08812191388639644,-0.4667297601699829,-0.004453664614869402,-17.95660400390625,-0.1713468878142535,-10.747553825378418,-0.10255613473428254,-0.529046754736858,-0.6339355508864803,0.06757071299270086,0.09504273192269289,1.8867906300672483,-0.8329784729950713,0.3374730088247355,0.2582637150879044,-0.2542840068091831,0.03421583965171366,-0.5814911528116692,-0.46877991090103915,-0.740968724578062,-0.6048743177395506
Gemma_2_2B_base,grief_05,user_grief,user_suffering,1,user_next,27,]:,8254,97.01325988769531,-4.494044303894043,-0.04632402116057586,-0.0337367057800293,-0.00034775355264923217,-1.5618481636047363,-0.01609932668392719,-0.3668363690376282,-0.0037813013340886187,12.145751953125,0.12519682327122283,-13.460437774658203,-0.13874843284557495,-5.496547698974609,-0.05665769509588209,1.4451875686645508,0.014896804522778966,-14.073868751525879,-0.1450715991588995,-4.59283447265625,-0.04734233730495209,-4.4770679903390915,-3.595507282403805,3.070601577488794,2.647364711420955,3.19125122660613,2.1755649621109425,3.098411247946195,2.3382456941584575,1.5539787919188321,2.434146724630653,-4.036287636371448,-4.52697378975637,-3.4509075036447974,-3.988940646700584
Gemma_2_2B_base,grief_05,user_grief,user_suffering,1,moderator_next,27,]:,8254,100.17869567871094,-3.4046473503112793,-0.033985742449976854,1.530662178993225,0.015279318308378689,-2.365527391433716,-0.023613078363690615,0.13617324829101562,0.0013593034663552115,14.36060905456543,0.14334993041456834,-18.632705688476562,-0.18599469240680297,-6.955715179443359,-0.0694330778846577,1.143696904182434,0.011416568127922654,-17.56270980834961,-0.17531381986321745,-6.734713077545166,-0.06722699903325219,-3.347055517790721,-2.11109939746942,2.233295188255726,3.0038703710074084,5.492098412378306,-0.4858115548115056,2.020749847289218,2.0102528779821043,-0.07084007510580301,1.5989566337169243,-2.7290774576300705,-3.267628536095625,-2.030241118392849,-2.6489348272442372
Gemma_2_2B_base,grief_06,user_grief,user_suffering,1,assistant_next,22,]:,8254,105.22066497802734,-1.5576599836349487,-0.014803745860760586,3.589522361755371,0.03411423376296806,-5.223391532897949,-0.04964225928422636,-4.857389450073242,-0.046163835317782724,10.627038955688477,0.10099764108036823,-20.739757537841797,-0.19710726540430787,-10.744413375854492,-0.1021131483829549,-0.6036218404769897,-0.005736723300532655,-19.508384704589844,-0.18540449928408714,-11.945443153381348,-0.1135275390616078,-1.4312077139947843,-0.15751305896180465,-0.7441463361098665,-0.5352932993037577,1.6135753919552531,-1.5699894058576767,-0.7773757000943923,0.10933831134692742,-0.9769774511046594,-0.432881265887206,-0.7943603864782944,-1.3097576752587217,-0.31794776661469776,-0.8138527209367097
Gemma_2_2B_base,grief_06,user_grief,user_suffering,1,user_next,22,]:,8254,93.45372009277344,-5.450716972351074,-0.05832530761686142,-0.07709914445877075,-0.0008249981315054429,-2.301414728164673,-0.0246262505749371,-0.6951178312301636,-0.007438096959009291,12.285053253173828,0.13145601096433832,-13.569124221801758,-0.14519619131620878,-5.692906856536865,-0.06091685650272027,1.0433568954467773,0.011164423357475929,-14.230606079101562,-0.15227436708752254,-3.9777650833129883,-0.042564010072195936,-5.469407875215083,-3.6366525085422374,2.30009042288053,2.414696795784483,3.335960790028216,2.119640643619473,2.953391099400679,1.901092608967141,1.4809832719555798,2.673982847010003,-4.55303019187866,-5.751922868233822,-3.49429409178839,-4.623108480011106
Gemma_2_2B_base,grief_06,user_grief,user_suffering,1,moderator_next,22,]:,8254,96.80098724365234,-4.381939888000488,-0.04526751237537436,1.3368253707885742,0.01381003860450024,-3.2255072593688965,-0.033321016150900946,-0.255964994430542,-0.0026442395033251763,13.814805030822754,0.14271347249848063,-18.161422729492188,-0.1876160899452305,-7.352123260498047,-0.07595091196737931,1.4165760278701782,0.014633900626494584,-17.990375518798828,-0.18584909132709837,-7.2766008377075195,-0.0751707296062177,-4.360784033631806,-2.295024922660012,1.3373324544930403,2.725944267699561,4.9251039768480185,-0.2433141782707767,1.7279844906189163,2.307119092423008,-0.27001203616670877,1.3876564756958283,-3.327904478145909,-4.419137895033759,-2.1638142090137906,-3.291476052023775
Gemma_2_2B_base,grief_07,user_grief,user_suffering,1,assistant_next,29,]:,8254,103.06336975097656,-0.13043370842933655,-0.001265568055309007,3.2096915245056152,0.031142893272953578,-3.0359725952148438,-0.029457338747514383,-3.5907235145568848,-0.03483995839872935,9.436201095581055,0.09155727314545373,-18.01520538330078,-0.17479736425103723,-8.955629348754883,-0.08689439682006929,-0.19886314868927002,-0.0019295230611008206,-15.956950187683105,-0.15482659092399711,-10.408279418945312,-0.10098912391564502,0.04922922575159338,-0.5179223479498162,1.5347975373047895,0.36245012201518867,0.3765041888707706,-0.1680784368118136,0.5437224780926164,0.5496767988399138,0.6769923669775788,0.16651027581013564,-0.2343465610991114,0.07205905642726382,-0.5880740955163397,-0.25800751954453793
Gemma_2_2B_base,grief_07,user_grief,user_suffering,1,user_next,29,]:,8254,93.16416931152344,-4.040500164031982,-0.04336967950115361,-0.08832728862762451,-0.0009480821788071194,-1.1412209272384644,-0.012249569074377045,-0.5616897940635681,-0.006029032386747133,10.82553482055664,0.11619847952873481,-12.65992259979248,-0.1358883215870265,-5.886202812194824,-0.0631809724241996,1.1185487508773804,0.012006211820954083,-12.874610900878906,-0.13819273005943553,-4.591606616973877,-0.04928511305264161,-4.006614559007355,-3.647306534123343,3.5088284972591692,2.509263278727739,1.8197777026019806,2.5874678881244773,2.810633264468141,1.9828941083885985,2.112495717861172,2.4346255066198137,-3.826960546565349,-4.225429608938867,-3.505483735639605,-3.8654566722892363
Gemma_2_2B_base,grief_07,user_grief,user_suffering,1,moderator_next,29,]:,8254,98.75394439697266,-3.410705804824829,-0.03453741342335067,1.4706683158874512,0.014892248860213984,-1.528823971748352,-0.015481143371881547,0.1826610565185547,0.001849658336524675,13.392970085144043,0.1356195964315792,-17.627544403076172,-0.17849964890735595,-7.1796956062316895,-0.07270287430110778,1.3067795038223267,0.013232681608840998,-16.443559646606445,-0.16651040874384082,-6.972403526306152,-0.07060379784202214,-3.353339847063135,-2.16802564838195,3.105007551766996,3.036818382663534,4.48689162129966,0.03139147590105383,1.8553301379800997,2.1876710451984294,0.4503691941664023,1.506273179548751,-2.7606827477225426,-3.323936570481646,-2.0654298318419113,-2.6946832011617787
Gemma_2_2B_base,grief_08,user_grief,user_suffering,1,assistant_next,22,]:,8254,101.25126647949219,-0.2702484726905823,-0.0026690873318144562,3.979684829711914,0.0393050375376586,-4.790777206420898,-0.0473157262422119,-4.136270999908447,-0.040851548269237925,10.086431503295898,0.09961783051216296,-18.998613357543945,-0.18763827869147687,-9.894632339477539,-0.09772354147769238,-0.6999768018722534,-0.006913264655450303,-17.77309226989746,-0.17553451811387752,-11.023270606994629,-0.10887044666475677,-0.09579819234611538,0.21269958276102285,-0.29343076814438873,-0.024204048006213005,1.0519792805691104,-0.6740883598888463,-0.14977384206810415,0.004513390167747996,-0.16881914243690177,-0.07329535326971086,0.05845069520745374,-0.07119555637137107,0.15395128784173354,0.041377865735181235
Gemma_2_2B_base,grief_08,user_grief,user_suffering,1,user_next,22,]:,8254,92.21005249023438,-4.834125995635986,-0.052425151760410835,0.3879295587539673,0.004207020257309272,-2.977693557739258,-0.03229250474675323,-0.7925671935081482,-0.008595236333826901,12.074716567993164,0.13094794159532608,-14.068452835083008,-0.1525696218053118,-6.056235313415527,-0.06567868849285083,0.9868216514587402,0.01070188797000469,-14.355833053588867,-0.1556862041165115,-3.899245023727417,-0.04228655031012342,-4.82982880180445,-3.195401699372905,1.5955150583591542,2.3456300265252907,3.1174579485366176,1.862712451237202,2.685056546322087,1.8395877065824986,1.4226627157899667,2.7046004438962776,-4.012615250588677,-5.149704888889849,-3.036830311079283,-4.093267599984566
Gemma_2_2B_base,grief_08,user_grief,user_suffering,1,moderator_next,22,]:,8254,95.75140380859375,-3.722106695175171,-0.0388726070545726,2.1017398834228516,0.021949964176235074,-2.978158950805664,-0.0311030317295293,0.21761202812194824,0.0022726771563261134,13.392525672912598,0.139867669195578,-17.322656631469727,-0.18091282156131697,-6.869379997253418,-0.07174182021378246,1.316919207572937,0.013753523762486525,-17.299091339111328,-0.1806667124556426,-6.8569841384887695,-0.07161236144585226,-3.676350563130664,-1.5692220951927476,1.5950301925389196,3.0615897165613393,4.486429955112989,0.18827065717517064,2.084512297186264,2.198702066653337,0.051932001792555325,1.55127905839939,-2.622786329161706,-3.766421754293366,-1.4238087402313775,-2.5951152472623717
Gemma_2_2B_base,grief_09,user_grief,user_suffering,1,assistant_next,36,]:,8254,100.97941589355469,-0.9476110935211182,-0.009384200583216111,3.4722557067871094,0.03438577729987381,-3.6633248329162598,-0.03627793645368157,-3.8582119941711426,-0.038207905641266485,9.379173278808594,0.092882031410198,-17.559497833251953,-0.1738918538780411,-9.243339538574219,-0.09153686874479339,-0.8260295391082764,-0.008180177433181213,-16.287792205810547,-0.16129814241528173,-10.326905250549316,-0.10226742905143366,-0.7984146329917853,-0.2687836236298419,0.881195927684941,0.17286894191152116,0.31726231198114446,0.06640465503345623,0.33123544675856625,-0.13261985189730907,0.5229130196233687,0.1982407851609239,-0.5335991283108136,-0.7565947274634052,-0.2932615823797292,-0.5249281549215672
Gemma_2_2B_base,grief_09,user_grief,user_suffering,1,user_next,36,]:,8254,93.41978454589844,-4.519466400146484,-0.048378043495979246,0.508411169052124,0.005442221597100072,-0.7879875302314758,-0.00843491059267351,0.03299510478973389,0.000353191831367615,11.578408241271973,0.12393957337359668,-11.943946838378906,-0.12785243400460508,-4.693108558654785,-0.05023677352144819,1.7496803998947144,0.01872922752283883,-13.003023147583008,-0.13918917936697275,-3.6933608055114746,-0.039535103013397285,-4.50343788769295,-3.0810805667916212,3.876841716915744,2.9307433554660784,2.601880841521859,2.9558712867614707,3.691787512760947,2.6695045787154497,2.052691720544137,2.7848815851976507,-3.792259227242286,-4.736624044842708,-2.924537423578378,-3.8305807342105433
Gemma_2_2B_base,grief_09,user_grief,user_suffering,1,moderator_next,36,]:,8254,97.17105865478516,-4.269959926605225,-0.04394271283772776,1.5092604160308838,0.015531995194091269,-1.7351139783859253,-0.017856283572562272,0.5465652942657471,0.005624774514472491,13.515925407409668,0.13909414587554336,-16.631925582885742,-0.17116130886227315,-6.620820045471191,-0.06813572000890361,1.675342321395874,0.0172411656782271,-16.2066707611084,-0.16678495619446776,-6.061361789703369,-0.06237826235111085,-4.244629171406446,-2.131406843352955,2.8900860574549294,3.2947337700339623,4.614620587211993,0.5436844568546882,2.2680851011106054,2.5886319063962056,0.5606928014264254,1.861518817225281,-3.188018007379701,-4.283918060167004,-2.007270112624504,-3.1455940863957537
Gemma_2_2B_base,grief_10,user_grief,user_suffering,1,assistant_next,28,]:,8254,101.71693420410156,-1.8260565996170044,-0.01795233619559261,2.434231996536255,0.023931433006541585,-3.8933980464935303,-0.0382767931117662,-3.808154344558716,-0.03743874483001434,8.660017967224121,0.08513840920379333,-18.194618225097656,-0.17887501592005306,-9.638446807861328,-0.09475754340492769,-0.7191107273101807,-0.007069724750720847,-16.535799026489258,-0.16256682484461354,-10.699856758117676,-0.10519248187964185,-1.7096108457935701,-1.2537310019760917,0.6414961008771409,0.20834706156895524,-0.42981363875000483,-0.2603948310799574,0.03943079860884439,-0.016302478541401946,0.4074115809432045,0.052814521132022625,-1.481670923884831,-1.6311284585663315,-1.243672231890282,-1.4374003452283066
Gemma_2_2B_base,grief_10,user_grief,user_suffering,1,user_next,28,]:,8254,90.15547180175781,-5.733304500579834,-0.06359352778039645,-1.1994900703430176,-0.01330468407930433,-1.7442054748535156,-0.019346640198265902,-0.5335049629211426,-0.005917610459565479,10.439424514770508,0.1157935764312307,-11.823731422424316,-0.13114823965896857,-5.720467567443848,-0.06345114115782723,1.5063836574554443,0.016708732452399785,-12.548823356628418,-0.13919092325557267,-4.122527122497559,-0.04572686538164375,-5.762530992950012,-4.701653229635736,2.880614158945661,2.529239142947047,1.4186769679821711,3.017727805086605,2.933036263703834,2.404821146953925,2.2642211017116294,2.617535287194311,-5.232092111292873,-6.289640341943376,-4.628829754144572,-5.459235048043974
Gemma_2_2B_base,grief_10,user_grief,user_suffering,1,moderator_next,28,]:,8254,97.09158325195312,-4.721613883972168,-0.04863051693903845,0.5705815553665161,0.005876735513580557,-2.7843635082244873,-0.02867770217526529,-0.19170093536376953,-0.0019744341264505355,12.730244636535645,0.13111584145765343,-17.033367156982422,-0.1754360840195669,-7.559856414794922,-0.07786314901444194,1.5618853569030762,0.016086722500445544,-16.887575149536133,-0.1739344913730863,-6.990943431854248,-0.07200359905258437,-4.713121949380514,-3.022089082872303,1.7969343312284407,2.7714911120859056,3.7984363785760706,0.33712377670063887,1.5745641293382864,2.4652016523857347,0.24358282738694298,1.4990438504145496,-3.8676055161264085,-4.762393541516411,-2.8850355053330627,-3.8237145234247367
Gemma_2_2B_base,grief_11,user_grief,user_suffering,1,assistant_next,26,]:,8254,104.13663482666016,-0.28937017917633057,-0.0027787548508553164,4.569660186767578,0.04388138904597764,-4.35089111328125,-0.04178060027120612,-3.5456390380859375,-0.03404795098274305,10.633039474487305,0.1021066168710603,-19.724414825439453,-0.18940899000886266,-9.930685997009277,-0.0953620789988012,-0.44531142711639404,-0.004276222559502079,-18.297334671020508,-0.17570506960856952,-10.919082641601562,-0.10485342319517851,-0.11563280520623205,0.7725082610044499,0.16486082826225287,0.394403529003198,1.6198088761752862,-1.047547549317985,-0.17640110425323627,0.2815647993457434,-0.41296868389365937,-0.03266898159293486,0.3284377278991089,-0.08238911690151342,0.5699901217821987,0.24380050244034263
Gemma_2_2B_base,grief_11,user_grief,user_suffering,1,user_next,26,]:,8254,93.79945373535156,-4.070582866668701,-0.043396658557879865,0.9384655952453613,0.010005021968392,-1.8518017530441284,-0.019742137926185097,-0.5585192441940308,-0.005954397621225523,11.139025688171387,0.11875363069383485,-13.441855430603027,-0.14330419736268676,-5.61575984954834,-0.05986985665601853,1.1349084377288818,0.01209930753894308,-13.625622749328613,-0.14526334863071091,-4.568921089172363,-0.048709463725271226,-4.037818822132618,-2.673015726420234,2.768515888806135,2.5115103907779894,2.1454396064997865,2.185126457169173,3.01036766495643,2.00069187261259,1.7627353817365266,2.443471352497225,-3.3554172742764257,-4.228183311285311,-2.5097305315543235,-3.368956921419817
Gemma_2_2B_base,grief_11,user_grief,user_suffering,1,moderator_next,26,]:,8254,97.45631408691406,-3.1340324878692627,-0.032158331835475035,2.589535713195801,0.02657124617791707,-2.618072509765625,-0.02686406247039838,0.11800813674926758,0.0012108824128524384,13.3993501663208,0.13749083670834208,-17.84627914428711,-0.1831208096826988,-6.917147636413574,-0.07097690592160794,1.4645183086395264,0.015027433803144155,-17.62528419494629,-0.18085317878149593,-7.39813232421875,-0.07591229355976775,-3.0663514376014533,-1.1063682904497028,1.9701831980153532,2.9909959351148214,4.493519404108309,-0.08115789574666192,2.049233727993594,2.3592756781350963,-0.09998214328225977,1.340267285180309,-2.086359864025578,-3.0811081196063137,-1.0036852484509031,-2.0423966840286085
Gemma_2_2B_base,grief_12,user_grief,user_suffering,1,assistant_next,28,]:,8254,100.34909057617188,-1.860243320465088,-0.01853771977189006,2.707540273666382,0.026981213861735718,-3.6144189834594727,-0.03601845281015157,-4.239907741546631,-0.04225158112746671,9.634378433227539,0.0960086272621911,-18.332130432128906,-0.18268357318309283,-10.014998435974121,-0.09980158642665572,-0.9179403781890869,-0.009147470823288697,-16.664588928222656,-0.16606616793973916,-10.737292289733887,-0.10699939808207372,-1.7450721354794043,-0.9943975509371035,0.9321480722758327,-0.09765609278286766,0.5823756057270512,-0.3311513666425116,-0.2386696664874159,-0.23260999586753742,0.34743170257947453,0.038217155537828035,-1.369734843208254,-1.6908774758865404,-0.9664148427971568,-1.3286461593418486
Gemma_2_2B_base,grief_12,user_grief,user_suffering,1,user_next,28,]:,8254,89.40070343017578,-5.6143999099731445,-0.06280039971226997,-0.5624434947967529,-0.006291264757620566,-1.4214582443237305,-0.015899855255992763,-0.4743098020553589,-0.0053054370251774015,10.855941772460938,0.12143016056847589,-11.470845222473145,-0.12830822110289283,-5.055393218994141,-0.05654757764789324,1.4926416873931885,0.016696084372076328,-12.340011596679688,-0.13803036355656362,-3.7605578899383545,-0.04206407495300577,-5.639193333534932,-4.09718018314134,3.216865624545781,2.571193429986045,1.8513651804900175,3.1993044483202158,3.4242238507936267,2.3898712065692944,2.3614686637803355,2.7586791949578293,-4.868186758338136,-6.208687229149597,-3.9912356376907403,-5.099961433420169
Gemma_2_2B_base,grief_12,user_grief,user_suffering,1,moderator_next,28,]:,8254,97.70366668701172,-4.639021873474121,-0.04748052996142888,0.8051502704620361,0.00824073750518791,-2.3326048851013184,-0.023874281940448445,-0.12806034088134766,-0.0013107014836155726,13.448583602905273,0.1376466621870709,-17.449735641479492,-0.17859857498878473,-7.5030999183654785,-0.07679445585600429,1.646862268447876,0.01685568540353258,-16.722017288208008,-0.17115035551097652,-7.040032386779785,-0.07205494558696696,-4.627450696410052,-2.799514358717354,2.267595222332939,2.8165960789311146,4.544664290131704,0.12288249502483309,1.6164813775344207,2.557648350778285,0.3206862357362723,1.4799024253900228,-3.713482527563703,-4.645016500845398,-2.6701226800762194,-3.6575695904608088
Gemma_2_2B_base,grief_13,user_grief,user_suffering,1,assistant_next,37,]:,8254,106.81746673583984,-0.14244461059570312,-0.0013335329412741963,4.552060127258301,0.042615316262045136,-3.624272346496582,-0.03392958527521933,-2.950587034225464,-0.027622701833233707,11.963866233825684,0.11200290176710881,-20.037887573242188,-0.18758999052838418,-9.327144622802734,-0.0873185342044182,-0.16877520084381104,-0.0015800337341943616,-18.5107479095459,-0.17329326818172047,-10.444159507751465,-0.09777576483422815,0.03677052627578166,0.7558081294937627,0.9218824295408681,0.8161437896589231,3.0023039373612326,-1.208844106959266,0.26934158902068317,0.5824095893021031,-0.5123592410388951,0.15251942938046267,0.3962893278847722,0.06512200640890681,0.4548906929569609,0.26000634968293385
Gemma_2_2B_base,grief_13,user_grief,user_suffering,1,user_next,37,]:,8254,94.94097137451172,-3.9163312911987305,-0.04125017086406308,1.041858196258545,0.010973746962718004,-1.329836368560791,-0.014006980856715827,-0.20789790153503418,-0.002189759579296314,11.682218551635742,0.12304717744621689,-12.96324348449707,-0.1365400342636187,-5.255892276763916,-0.05535957975436237,1.4198377132415771,0.014954952458204501,-13.965068817138672,-0.14709212066148922,-4.64668607711792,-0.048942895884098676,-3.8778163513913033,-2.574909806196384,3.312321098960696,2.760011589807878,2.709721505508388,2.431394944283292,3.276146198078142,2.310667492080039,1.6046489666972494,2.4131481832924404,-3.2263630787938435,-4.0090952883403235,-2.4216631669046156,-3.2153792276224697
Gemma_2_2B_base,grief_13,user_grief,user_suffering,1,moderator_next,37,]:,8254,100.70492553710938,-3.7489848136901855,-0.03722742252868951,2.256772994995117,0.022409757844103713,-2.0275301933288574,-0.020133376620011703,0.746086597442627,0.007408640575060025,14.776727676391602,0.14673291894691323,-18.23928451538086,-0.18111611143250142,-6.695244312286377,-0.06648378196575107,1.3410077095031738,0.013316207746055258,-17.66573715209961,-0.1754207856058625,-6.50177001953125,-0.06456258206690568,-3.7042307670000723,-1.422116152147321,2.585434703271655,3.4361435390327704,5.924372512298109,-0.2833777503792791,2.2131194027295282,2.224908037571672,-0.1188218459053119,1.6897889214835107,-2.5631734595736964,-3.598500817129969,-1.382008624771378,-2.4902547209506736
Gemma_2_2B_base,grief_14,user_grief,user_suffering,1,assistant_next,28,]:,8254,104.13740539550781,-0.8852139711380005,-0.008500441966803468,3.802483320236206,0.036514096983639985,-4.272270202636719,-0.04102531829375703,-3.977945566177368,-0.03819900784995903,10.75904655456543,0.10331586919899911,-19.53767204284668,-0.187614354022397,-9.797969818115234,-0.09408694004717243,-0.967934250831604,-0.009294779787872052,-18.702598571777344,-0.17959539610907302,-11.249024391174316,-0.10802097813414091,-0.7336911854806084,0.04455875854524663,0.24677135740186693,0.08800834562826439,1.7507080819960914,-0.9514595537659019,-0.07838418354249589,-0.28699851601541004,-0.6017077010483108,-0.16132430276422716,-0.3445662134676809,-0.6663911224820247,-0.09977477572228748,-0.38308294910215607
Gemma_2_2B_base,grief_14,user_grief,user_suffering,1,user_next,28,]:,8254,93.2711181640625,-4.26839017868042,-0.0457632572944219,1.333666443824768,0.014298814789363507,-1.457993745803833,-0.01563178156864426,-0.5389385223388672,-0.005778193002799456,11.759828567504883,0.12608220850123744,-13.450567245483398,-0.1442093491559097,-5.994100570678711,-0.06426534482126801,0.7310152053833008,0.007837530199835881,-14.131749153137207,-0.15151259501660172,-4.424911975860596,-0.04744139518170289,-4.24300089924362,-2.298022327055174,3.1788014221079974,2.525388133707094,2.7903446691807146,2.1806438162989172,2.7309458734784924,1.5612949216683423,1.5270228007924642,2.499625321337816,-3.270511613149397,-4.469737660647146,-2.1193792757184076,-3.294558468182777
Gemma_2_2B_base,grief_14,user_grief,user_suffering,1,moderator_next,28,]:,8254,98.22453308105469,-3.904625654220581,-0.03975204087759309,1.8976681232452393,0.01931969604456442,-2.8636300563812256,-0.029153918746736764,-0.262195348739624,-0.002669346857808537,13.874068260192871,0.14124850304703426,-18.541210174560547,-0.1887635358801897,-7.547736644744873,-0.07684166478568542,0.7561455965042114,0.007698133783748726,-18.167753219604492,-0.18496146176243464,-7.585981369018555,-0.07723102499004621,-3.8656742981746772,-1.7628592377709928,1.7143511501210014,2.721528533892695,4.9866680544706,-0.43873278468645394,1.5835151295096856,1.5886343677156,-0.35262016596236057,1.2670186610770104,-2.814266767972835,-3.8561839356240717,-1.662927978441507,-2.759555957032789
Gemma_2_2B_base,grief_15,user_grief,user_suffering,1,assistant_next,30,]:,8254,104.42180633544922,0.4397069811820984,0.004210873155838391,4.637256145477295,0.04440888649809761,-3.983673334121704,-0.03814982209103313,-3.6127028465270996,-0.03459720697534664,10.609269142150879,0.10160013041786688,-18.911895751953125,-0.1811105976389617,-9.075528144836426,-0.0869121926092889,0.6663681268692017,0.00638150354082682,-18.2625732421875,-0.17489233219659123,-11.540346145629883,-0.11051663010460828,0.6406262259446032,0.8366478964101259,0.5474435578929048,0.34687237564341,1.5951156793882042,-0.6294680496171041,0.4551717762356831,1.490965124306836,-0.3967796330046441,-0.27492039641469346,0.7386370611773645,0.6310292667764636,0.6179452284840375,0.6244872476302505
Gemma_2_2B_base,grief_15,user_grief,user_suffering,1,user_next,30,]:,8254,96.83942413330078,-3.4681382179260254,-0.03581328832720118,1.013624906539917,0.01046706871309611,-1.5264313220977783,-0.015762498959066763,-0.47744882106781006,-0.004930314542252908,11.179317474365234,0.11544180042806483,-12.64826774597168,-0.13061072862805512,-5.087541580200195,-0.05253585123758197,1.6312025785446167,0.016844406016905306,-13.75339126586914,-0.14202264613776938,-4.884585380554199,-0.050440049848195105,-3.412913488167476,-2.6016994685285986,3.107500313518514,2.568968665279892,2.1872956895913584,2.5934648617506837,3.4004808271655143,2.5406121158399952,1.7032311816581776,2.3203832897024217,-3.0073064783480374,-3.4541627586004746,-2.4677255875409005,-2.9609441730706876
Gemma_2_2B_base,grief_15,user_grief,user_suffering,1,moderator_next,30,]:,8254,101.23603820800781,-2.7458925247192383,-0.027123666367477792,2.7239367961883545,0.02690678975990281,-2.762510061264038,-0.02728781282005485,-0.11198210716247559,-0.001106148651652962,13.711265563964844,0.13543858300531833,-18.16614532470703,-0.17944346347672543,-7.090753555297852,-0.07004179223932698,1.6777738332748413,0.016572891066988917,-18.248546600341797,-0.18025741547537494,-7.812268257141113,-0.0771688461483389,-2.663740618825494,-0.9788394170404227,1.8197021596519518,2.8279914501515946,4.8175446716533665,-0.2457441769122115,1.921017878742985,2.591277157220534,-0.39024716220970207,1.1787818365285594,-1.8212900179329585,-2.5672291410543555,-0.9731807821021562,-1.7702049615782558
Gemma_2_2B_base,grief_16,user_grief,user_suffering,1,assistant_next,35,]:,8254,99.79852294921875,-0.409748375415802,-0.004105755910077922,4.304866790771484,0.04313557619446896,-2.978297472000122,-0.029843101721210765,-2.946328639984131,-0.02952276800212097,10.545654296875,0.10566944264536887,-16.092317581176758,-0.16124805363467287,-7.06019401550293,-0.07074447403490554,1.0028177499771118,0.0100484227656093,-16.286508560180664,-0.16319388382599465,-9.8419189453125,-0.09861788185302542,-0.2404990100603138,0.5212543073479148,1.5948858754069748,0.8191619062027936,1.5290310377961356,0.8213383000082919,1.9435874856590114,1.856989921705436,0.5235108375245103,0.38735316316315777,0.14037764864380048,-0.21783365699762847,0.5021878324441889,0.1421770877232802
Gemma_2_2B_base,grief_16,user_grief,user_suffering,1,user_next,35,]:,8254,95.19624328613281,-3.775761365890503,-0.03966292403516007,0.9750966429710388,0.010243015998437835,-1.1095857620239258,-0.011655772578008428,-0.47851938009262085,-0.0050266624351375695,11.283548355102539,0.11852934491529675,-11.73891544342041,-0.12331280141104488,-4.2743072509765625,-0.04489995721920677,2.5826423168182373,0.027129666336260242,-13.553330421447754,-0.14237253439413886,-4.638428688049316,-0.04872491316813333,-3.7320056179014727,-2.6382577010811374,3.5417873259079213,2.5682099116932444,2.295573252265274,3.061369638522519,4.0010912834867725,3.5756869488020873,1.7964032778569907,2.4163680154113925,-3.1851316594913053,-3.8470879445890462,-2.488094352916151,-3.1675911487525985
Gemma_2_2B_base,grief_16,user_grief,user_suffering,1,moderator_next,35,]:,8254,96.2999496459961,-3.455008029937744,-0.03587756839581478,2.3454556465148926,0.024355730767637123,-1.7954450845718384,-0.01864429930827579,0.7103462219238281,0.00737639245435849,13.503914833068848,0.140227641683199,-15.54286003112793,-0.1614005000860783,-5.289414405822754,-0.05492645037995276,2.0977368354797363,0.02178336378358589,-16.13949966430664,-0.167596138145828,-6.157975196838379,-0.06394577795186222,-3.3992937730169364,-1.3379680308119346,2.827230606013906,3.410812718886896,4.6021437117722135,1.1040602017177796,3.251388584549813,3.0481564706137685,0.591975643959125,1.8238460191010573,-2.3686309019144356,-3.4607237061371827,-1.205099070399333,-2.3329113882682577
Gemma_2_2B_base,grief_17,user_grief,user_suffering,1,assistant_next,23,]:,8254,101.85530090332031,0.9852017760276794,0.009672562618638962,5.324238300323486,0.05227256954821804,-2.5407097339630127,-0.024944305415921558,-2.4477429389953613,-0.024031571428164804,10.638970375061035,0.10445180840572454,-18.3005428314209,-0.17967197258384743,-9.223688125610352,-0.09055678048966104,-0.860884428024292,-0.008452033624066674,-17.389286041259766,-0.17072539069680273,-10.330355644226074,-0.10142187547049229,1.2064584690571596,1.4885032111821679,2.0507829500374584,1.1725321362499905,1.625970039297407,-0.3148980518198937,0.3457489070042172,-0.1705386152948936,0.009926633428234077,0.19689536128769322,1.3474808401196636,1.1884937934967292,1.332837325540456,1.2606655595185927
Gemma_2_2B_base,grief_17,user_grief,user_suffering,1,user_next,23,]:,8254,95.15156555175781,-3.327699661254883,-0.0349726212276011,1.957877278327942,0.020576406357317917,-0.09391266107559204,-0.0009869796732299495,1.6291344165802002,0.017121467283625832,12.208955764770508,0.12831061364018684,-12.050556182861328,-0.12664590554010816,-4.650834083557129,-0.04887816670790668,1.1451339721679688,0.012034841103534673,-13.281485557556152,-0.13958241759387208,-3.367608070373535,-0.03539204059172017,-3.2672390210752327,-1.7057287032123754,4.599957734384836,4.061999455823991,3.256908876510526,2.9010157358469484,3.7230091310162714,2.0118162695929924,1.9230065413937207,2.9119034695632036,-2.486483862143804,-3.368357424921259,-1.5486796974323915,-2.458518561176825
Gemma_2_2B_base,grief_17,user_grief,user_suffering,1,moderator_next,23,]:,8254,98.70379638671875,-2.811049699783325,-0.02847965126660083,3.0913894176483154,0.03131986337725387,-1.4326800107955933,-0.014514943327837083,1.5877457857131958,0.016085964712972658,13.974632263183594,0.1415815072444769,-17.731510162353516,-0.17964364909412348,-7.288496017456055,-0.0738421041972887,0.569637656211853,0.00577118284265408,-17.496021270751953,-0.17725783517184104,-6.208539962768555,-0.06290072104667248,-2.7313270208769134,-0.6301754196776056,3.2051743222948144,4.032665461724667,5.091136375754493,-0.022103825370080543,1.7749760969796529,1.385731685203617,-0.039781969466103115,1.804129126015772,-1.6807512202772594,-2.7056320080020204,-0.5719856382154581,-1.6388088231087392
Gemma_2_2B_base,grief_18,user_grief,user_suffering,1,assistant_next,33,]:,8254,102.74272155761719,-0.3730428218841553,-0.003630844270316085,4.252499103546143,0.04138978449350672,-2.5287585258483887,-0.024612532036444878,-2.344695568084717,-0.022821038147892866,11.539077758789062,0.11231041560757228,-18.044689178466797,-0.17562985391960342,-8.03979778289795,-0.07825175020684363,0.09761166572570801,0.0009500591793353291,-16.477296829223633,-0.16037434651741547,-9.562475204467773,-0.0930720450022849,-0.20242497913325602,0.47156428992991967,2.063234214879105,1.2455664673433997,2.5610233840014556,-0.18324924416209604,1.2201056494816889,0.8722128530569369,0.43465715399493987,0.4963176221145948,0.13456965539833182,-0.16936030561121979,0.34347687192226495,0.08705828315552258
Gemma_2_2B_base,grief_18,user_grief,user_suffering,1,user_next,33,]:,8254,93.69035339355469,-3.6048085689544678,-0.03847577085991071,1.3992514610290527,0.014934850924847856,-0.32938939332962036,-0.0035157236727028965,0.47603023052215576,0.005080888408249975,12.125801086425781,0.12942422188856811,-12.333255767822266,-0.13163848060232333,-4.703957557678223,-0.050207490817318505,0.8320590257644653,0.008880946603641542,-12.878181457519531,-0.13745472176226703,-3.7296276092529297,-0.039808021574924544,-3.554679261223652,-2.235790809493265,4.354628297459314,3.2447423810871143,3.170525783204495,2.7555534262189587,3.683775034659689,1.6712208699923627,2.110832842510596,2.770739945683236,-2.895235035358459,-3.7259174189682986,-2.0615568528407326,-2.893737135904516
Gemma_2_2B_base,grief_18,user_grief,user_suffering,1,moderator_next,33,]:,8254,100.32819366455078,-3.9088563919067383,-0.038960697378605996,2.2967965602874756,0.022892832776067497,-1.7419869899749756,-0.01736288600788869,1.0902938842773438,0.01086727314081585,15.031590461730957,0.1498241911141086,-18.093172073364258,-0.18033985674913197,-6.407808303833008,-0.06386847076363834,1.0306271314620972,0.010272557431941998,-17.234973907470703,-0.17178594847522288,-6.057307243347168,-0.060374925752175804,-3.870062768637822,-1.3841390757881964,2.882925468606154,3.6800988066858333,6.189130144754284,-0.20819598708076786,2.425403938682591,1.887243851342199,0.08179269505374259,1.8630998204306541,-2.6271009222130095,-3.7754129704967734,-1.3380919957635893,-2.5567524831301816
Gemma_2_2B_base,grief_19,user_grief,user_suffering,2,assistant_next,53,]:,8254,93.25704956054688,-2.386716365814209,-0.02559287879105204,3.522190570831299,0.037768625400748136,-4.581901550292969,-0.049131959158950037,-2.005842685699463,-0.021508751297103553,9.599895477294922,0.102940158653231,-16.916109085083008,-0.18139228256519388,-9.447625160217285,-0.10130735643832954,-3.0572595596313477,-0.03278314694747479,-13.434399604797363,-0.14405773792012494,-4.018068313598633,-0.04308594720219959,-2.2911734493746545,-0.22140203403540482,-0.07581543683414438,1.4857268264615406,0.5465538761612613,0.39745860161157903,0.18036124479017676,-2.559983296883823,1.8517915949562314,2.6582672698108323,-1.2562877417050298,-2.4109844886233347,0.014275147857679438,-1.1983546703828276
Gemma_2_2B_base,grief_19,user_grief,user_suffering,2,user_next,53,]:,8254,93.66641998291016,-2.520674228668213,-0.02691118363580161,2.812758207321167,0.030029526140044286,-3.346665859222412,-0.03572962284491097,-1.558395504951477,-0.016637718247754243,10.409996032714844,0.11113904037983081,-14.7479829788208,-0.15745219024610563,-8.53752326965332,-0.09114817531417373,-1.8068280220031738,-0.019290029685482133,-13.539008140563965,-0.14454495157425912,-2.825516700744629,-0.030165738172337073,-2.430125605724198,-0.8945596311623755,1.2111043945219933,1.8028528749649793,1.388105948264788,1.513062046962299,0.8525127909654343,-1.1996341724195745,1.8030734333096994,3.123283021723861,-1.6623426184432866,-2.5455414222162815,-0.6892909629010224,-1.617416192558652
Gemma_2_2B_base,grief_19,user_grief,user_suffering,2,moderator_next,53,]:,8254,100.28409576416016,-3.606719732284546,-0.03596502221814445,3.037526845932007,0.03028921807377524,-4.835609436035156,-0.04821910592290868,-1.899055004119873,-0.018936751532226143,12.827030181884766,0.12790692366664316,-21.068252563476562,-0.21008568111361484,-10.769330978393555,-0.10738822438724459,-1.6913058757781982,-0.016865145593531316,-17.87864875793457,-0.17828000164632385,-6.249921798706055,-0.062322163360819485,-3.556661677635744,-0.6812838850036473,-0.340138846441978,1.5614120848457085,3.898979546573286,-1.7390156360756701,-0.7957784803185196,-1.073957199515116,-0.21797878327640158,1.7879929644051515,-2.1189727813196955,-3.46964995579069,-0.6656822149504403,-2.0676660853705653
Gemma_2_2B_base,grief_20,user_grief,user_suffering,1,assistant_next,29,]:,8254,106.03739929199219,-0.372163325548172,-0.003509736451790527,3.605966329574585,0.03400655196799893,-4.787243366241455,-0.04514674443362156,-4.245918273925781,-0.04004170511796424,10.054448127746582,0.09481982955900241,-19.047672271728516,-0.1796316431646676,-8.64924430847168,-0.08156786535903715,-0.2059687376022339,-0.001942415968115774,-18.38929557800293,-0.17342273292996224,-11.169807434082031,-0.10533837597548058,-0.20151269291292725,-0.14190990574555426,-0.2897490667163582,-0.10191602884865214,1.0187541756283531,-0.6993314919794541,0.7700017339501227,0.5419466022112459,-0.45579660705212205,-0.1304349622363377,-0.17171129932924076,-0.1569990549036676,-0.32773718255753664,-0.24236811873060213
Gemma_2_2B_base,grief_20,user_grief,user_suffering,1,user_next,29,]:,8254,94.98795318603516,-4.7532572746276855,-0.05004063268231887,-0.36175012588500977,-0.003808378997034681,-1.779510736465454,-0.01873406760308077,-0.2572900056838989,-0.0027086593305152397,11.754589080810547,0.1237482089732898,-12.339200019836426,-0.12990278878490982,-4.143843650817871,-0.043624938866743436,1.8737132549285889,0.01972579882060304,-14.162358283996582,-0.1490963623172237,-4.233987808227539,-0.04457394507633213,-4.74594508698601,-3.9067486875897335,2.843831671483497,2.725005172313381,2.7849017635378566,2.752494827363534,4.097444572580497,2.8044403834138634,1.5127675531289844,2.5740730386636774,-4.326346887287872,-4.906321443460059,-3.765515018379973,-4.335918230920016
Gemma_2_2B_base,grief_20,user_grief,user_suffering,1,moderator_next,29,]:,8254,100.4109115600586,-3.770905017852783,-0.03755473343748402,1.6699512004852295,0.016631172594089885,-2.8861541748046875,-0.028743431664579575,0.13530683517456055,0.0013475311903092296,14.072765350341797,0.14015175374565222,-18.014720916748047,-0.17940999276729935,-6.207987308502197,-0.06182582362863049,1.6582152843475342,0.016514293701593467,-18.23781967163086,-0.18163185044607733,-7.202324390411377,-0.07172850319263822,-3.726968212724589,-1.978932516119658,1.6908845883202772,3.0032563048565533,5.193079402811293,-0.1678291558526357,2.5729808115167474,2.569999339036645,-0.3852514298530589,1.4166193462471364,-2.8529503644221235,-3.6319088353090088,-1.9073432422873284,-2.769626038798169
Gemma_2_2B_base,abuse_01,user_abuse,user_suffering,1,assistant_next,26,]:,8254,98.53825378417969,0.2286330759525299,0.002320246880498677,4.896173477172852,0.049688047932090834,-2.8596229553222656,-0.029020434658660228,-3.179169178009033,-0.03226329933725138,8.972618103027344,0.09105720629755971,-17.18338394165039,-0.17438287448533193,-9.459951400756836,-0.0960028317680177,-2.402114152908325,-0.02437747839706476,-16.147903442382812,-0.16387446318817717,-10.042695045471191,-0.10191671416734144,0.4216829429158754,1.0823262412721286,1.7185259143836453,0.6541372889243567,-0.105077048625484,0.2599330444122177,0.17125775679274696,-1.8472481701587558,0.5880618465260934,0.30906384790407093,0.752004592094002,0.4380565448804958,1.097876930231476,0.7679667375559859
Gemma_2_2B_base,abuse_01,user_abuse,user_suffering,1,user_next,26,]:,8254,93.02894592285156,-3.8078672885894775,-0.04093206959205281,1.8967639207839966,0.020388964982543965,-1.000148892402649,-0.010750942972438572,0.3783026337623596,0.004066504570266593,10.914656639099121,0.11732538223265038,-12.153585433959961,-0.13064305215323915,-5.514124870300293,-0.05927321669185771,0.3000800609588623,0.003225663345768931,-13.409673690795898,-0.1441451750073195,-4.0308756828308105,-0.04332926319700102,-3.765308531934047,-1.763717206461785,3.655803200623375,3.175478414470176,1.9123596056290457,2.8480023123354847,3.0854297092784484,1.092478973911131,1.8633069179301545,2.653273248278065,-2.764512869197916,-3.9766272807287386,-1.5657201041518913,-2.771173692440315
Gemma_2_2B_base,abuse_01,user_abuse,user_suffering,1,moderator_next,26,]:,8254,96.23915100097656,-3.6009018421173096,-0.03741618462615875,2.5343523025512695,0.026333901288526047,-1.8760501146316528,-0.019493627023087684,1.0087672472000122,0.010481880156962066,13.066862106323242,0.135774910422793,-17.19440269470215,-0.17866328324662456,-7.604740142822266,-0.07901919399460515,0.15751826763153076,0.0016367379179179624,-16.696359634399414,-0.17348822657662463,-6.441985130310059,-0.06693726059828489,-3.5506268815668984,-1.158730057436124,2.743252938884542,3.622317192728878,4.148122756780265,0.2542633747225695,1.5414154593877227,0.9373854682700755,0.3326354874541891,1.7131010489542007,-2.3546784695015113,-3.6177674147725334,-1.0252624133265618,-2.3215149140495477
Gemma_2_2B_base,abuse_02,user_abuse,user_suffering,1,assistant_next,27,]:,8254,98.99650573730469,-0.3723267614841461,-0.003761009125636672,3.594550848007202,0.03630987600254939,-5.337587833404541,-0.05391693164977223,-4.798415660858154,-0.04847055585568992,7.973310470581055,0.08054133235509225,-17.596607208251953,-0.17774978093616745,-10.362726211547852,-0.1046776967971596,-1.8799200057983398,-0.018989761222349213,-16.94102668762207,-0.17112752173876186,-10.34209156036377,-0.10446925862017144,-0.20168222216074275,-0.15274168977063826,-0.8631207835386555,-0.4934959083630176,-1.1431820136543265,0.04731012612886992,-0.4954824084707696,-1.2791512136721566,0.21868944126273093,0.19231913514507953,-0.1772119559656905,-0.18264599128799122,-0.11834062641899623,-0.1504933088534937
Gemma_2_2B_base,abuse_02,user_abuse,user_suffering,1,user_next,27,]:,8254,90.08920288085938,-4.35527229309082,-0.048343998546091636,0.8693053722381592,0.009649384659200426,-0.6736555099487305,-0.007477649800494098,0.8885546326637268,0.009863053554140301,10.419031143188477,0.11565238463667366,-10.817268371582031,-0.12007286140479662,-4.939452171325684,-0.05482845905361135,1.6261838674545288,0.0180508186936132,-12.451961517333984,-0.13821813401769553,-3.372770071029663,-0.03743811647984125,-4.3331222022289495,-2.738639642005287,3.99595756284257,3.537117077344464,1.3974918397938074,3.5356006556993176,3.5098515758467435,2.5351522413631487,2.3093314811806174,2.90989063289382,-3.5358809221171184,-4.733149139869517,-2.542061730578879,-3.6376054352241978
Gemma_2_2B_base,abuse_02,user_abuse,user_suffering,1,moderator_next,27,]:,8254,98.74982452392578,-3.2155489921569824,-0.032562579302385465,1.9724438190460205,0.019974150116774367,-3.051851511001587,-0.03090488034499913,-0.34013795852661133,-0.003444441143732872,12.51455307006836,0.12672987653802106,-17.96944808959961,-0.18196941793294882,-8.200285911560059,-0.08304101755211968,0.6234550476074219,0.00631348005541384,-17.309112548828125,-0.17528246386538496,-7.374334812164307,-0.07467694092334921,-3.15090708672524,-1.691906980307435,1.518254223527414,2.666287082129667,3.5743707567450755,-0.14453414464379213,1.1015778835892733,1.4442798256358216,0.04726493603832288,1.349546730901885,-2.4214070335163376,-3.122368909761808,-1.6034311699959887,-2.362900039878898
Gemma_2_2B_base,abuse_03,user_abuse,user_suffering,1,assistant_next,29,]:,8254,100.69896697998047,-0.31621113419532776,-0.0031401626419682374,3.8335890769958496,0.03806979547027517,-3.9408445358276367,-0.03913490529263423,-3.8493523597717285,-0.03822633414439099,9.49609375,0.09430179906302194,-17.41352081298828,-0.1729265089328095,-8.49148941040039,-0.08432548679559491,0.07114171981811523,0.0007064791422563314,-16.886259078979492,-0.16769048963865316,-10.630366325378418,-0.1055657932170426,-0.1434744600289544,0.07407401264718137,0.5920643782563595,0.17914816540238002,0.4387221284744747,0.14151673743392953,0.8865108850185047,0.8434161003708115,0.24419574618603326,0.07991116456674477,-0.03470022369088651,-0.11927734070076125,0.04165469777119115,-0.038811321464785054
Gemma_2_2B_base,abuse_03,user_abuse,user_suffering,1,user_next,29,]:,8254,89.71373748779297,-4.344421863555908,-0.04842538038443709,0.7108862400054932,0.007923939631901088,-1.2918099164962769,-0.014399243111146149,0.00875234603881836,9.755859340950163e-05,10.756000518798828,0.11989245816742791,-11.155487060546875,-0.12434536084359168,-4.4197282791137695,-0.049264788235081014,1.542393684387207,0.017192391350288747,-12.693649291992188,-0.14149058602891634,-3.88820219039917,-0.04334009817535719,-4.321867240787545,-2.888958471364921,3.351938635623293,2.9135614161930494,1.7475437862874479,3.3615711407179822,3.8936912550699003,2.4439965892987936,2.1967729410242014,2.708906413875301,-3.605412856076233,-4.741455633364959,-2.698922962912334,-3.7201892981386466
Gemma_2_2B_base,abuse_03,user_abuse,user_suffering,1,moderator_next,29,]:,8254,97.34687805175781,-3.994703769683838,-0.04103576662787189,1.644117832183838,0.0168892712852043,-2.0923845767974854,-0.02149411073753179,0.7395932674407959,0.007597503712934335,13.58055305480957,0.13950681651638588,-16.56904411315918,-0.17020621970382735,-6.361414432525635,-0.06534790390651635,2.078442096710205,0.021350886009976918,-16.681835174560547,-0.17136487074286116,-6.375058174133301,-0.06548805983016509,-3.959110757348142,-2.0034449700559556,2.5178667137458524,3.4315414224619,4.681757352173686,0.5760399476506587,2.459667917975045,3.027165652482546,0.33939980144704784,1.7391981071564064,-2.981277863702049,-3.9872114450956255,-1.8838793369693903,-2.935545391032508
Gemma_2_2B_base,abuse_04,user_abuse,user_suffering,1,assistant_next,32,]:,8254,101.39558410644531,0.35218387842178345,0.003473365053571367,5.820224761962891,0.0574011660690549,-2.9288289546966553,-0.028885172668091385,-2.839075803756714,-0.027999994563631544,9.97861099243164,0.09841267822823598,-18.102807998657227,-0.17853645361570045,-9.387569427490234,-0.09258361209927192,-1.548355221748352,-0.015270440378575908,-16.867101669311523,-0.1663494699296214,-10.3836030960083,-0.10240685713795554,0.5498400369158721,1.9591288435859842,1.64642423072315,0.8951768407180343,0.9399727232028547,-0.21315412647355003,0.2247151287098785,-0.9184406508682774,0.25311771200931277,0.17613239928162353,1.254484440250928,0.5557531808724818,1.799081081598397,1.1774171312354396
Gemma_2_2B_base,abuse_04,user_abuse,user_suffering,1,user_next,32,]:,8254,93.87615966796875,-3.5674331188201904,-0.03800148122204689,2.0244808197021484,0.021565441394945734,-0.5057222247123718,-0.0053871209314597475,0.02304255962371826,0.00024545699041394163,11.26680850982666,0.12001778246656356,-12.823999404907227,-0.13660549654208823,-5.622791767120361,-0.05989584349218857,1.0224928855895996,0.010891933470713565,-13.552947998046875,-0.14437049881442096,-4.672149658203125,-0.04976928833399325,-3.5159103582265,-1.6425307407600078,4.170917432183904,2.9236895366985216,2.278183495667334,2.503042610203852,3.0051742747243955,1.8783945749781223,1.7965813796239727,2.4032190815436305,-2.579220549493254,-3.6775075541634794,-1.4587659346820991,-2.568136744422789
Gemma_2_2B_base,abuse_04,user_abuse,user_suffering,1,moderator_next,32,]:,8254,99.26522064208984,-3.3228166103363037,-0.03347412707938296,3.0843849182128906,0.031072161007266914,-2.1066994667053223,-0.02122293642303206,0.3307805061340332,0.0033322900407051293,13.66574478149414,0.13766901129215517,-18.322484970092773,-0.18458111362242602,-7.670039176940918,-0.07726814212800645,0.7828036546707153,0.007885981108057856,-17.769853591918945,-0.17901389305313525,-7.53494119644165,-0.07590716212287076,-3.2621739174654456,-0.6368217643491374,2.5029528670692645,3.1417973338875376,4.770256580618622,-0.3261883201442338,1.4931891594517834,1.6176357684284346,-0.16731082921827087,1.2869209311111087,-1.9494978409072914,-3.2154089028899144,-0.5945044078043606,-1.9049566553471375
Gemma_2_2B_base,abuse_05,user_abuse,user_suffering,1,assistant_next,34,]:,8254,105.59835052490234,0.12815174460411072,0.00121357714364951,4.541141033172607,0.04300390120299947,-3.3882243633270264,-0.03208595916967482,-3.542571783065796,-0.03354760529361093,10.675458908081055,0.10109493997790764,-18.54139518737793,-0.17558413644922866,-8.075872421264648,-0.07647725917234081,0.05368947982788086,0.0005084310461385449,-17.54366683959961,-0.1661358037544577,-11.170303344726562,-0.1057810400371014,0.3174554092252803,0.7454473516161354,1.1678070193891785,0.396577431323163,1.6638752109030457,-0.4388279825330691,1.1934628919978378,0.8244297435202097,-0.06197140656940088,-0.1306283343795328,0.5314513804207078,0.3251008147368927,0.4902171807557199,0.4076589977463063
Gemma_2_2B_base,abuse_05,user_abuse,user_suffering,1,user_next,34,]:,8254,93.94884490966797,-4.233134746551514,-0.04505786899904605,0.9939622282981873,0.010579823831297599,-0.9756953716278076,-0.010385389757223104,0.2920513153076172,0.0031086206071870835,11.456315994262695,0.12194206331411493,-11.533584594726562,-0.12276451728401909,-4.069859027862549,-0.0433199474860572,1.6527607440948486,0.017592134801486723,-13.085856437683105,-0.1392870391356614,-3.91951847076416,-0.0417197090026257,-4.206431053973055,-2.6203567527449456,3.6812798939047586,3.1143482051926483,2.47504845908364,3.1670220733961303,4.1520855740202345,2.5640653243914526,2.014114700158206,2.696695148967282,-3.413393903359,-4.397739983936673,-2.4574749527694912,-3.427607468353082
Gemma_2_2B_base,abuse_05,user_abuse,user_suffering,1,moderator_next,34,]:,8254,103.0234146118164,-3.78082537651062,-0.03669869990968998,2.433154582977295,0.023617491151358333,-2.3238329887390137,-0.02255635767359315,0.3013277053833008,0.002924846808064733,14.92739200592041,0.1448931979411241,-18.73580551147461,-0.18185968288926896,-6.844334125518799,-0.06643474351250807,1.2114250659942627,0.011758735337581372,-18.423370361328125,-0.17882702132079237,-7.3183369636535645,-0.07103566690376595,-3.7372584278556684,-1.2547533251174734,2.276734148182359,3.1209228022750577,6.080886265879395,-0.538861290903637,2.1030098100321055,2.083934597332413,-0.4716658742198728,1.3713821645636752,-2.4960058764865707,-3.5445350787674403,-1.2722128724241473,-2.4083739755957936
Gemma_2_2B_base,abuse_06,user_abuse,user_suffering,1,assistant_next,29,]:,8254,104.2365493774414,0.5699386596679688,0.005467742966089717,4.585199356079102,0.04398840314135934,-3.0110063552856445,-0.028886281954545193,-3.3048367500305176,-0.03170516263027546,9.990987777709961,0.0958491799410254,-18.679479598999023,-0.1792027816592477,-9.950126647949219,-0.09545717608052938,-0.675915002822876,-0.006484433788913927,-16.789522171020508,-0.16107135425430777,-11.223230361938477,-0.1076707779466017,0.775713276193787,0.7872528799605668,1.5608084026898692,0.5650709985220477,0.9528300274316511,-0.509878944425361,-0.19075890717993693,0.030690310922595884,0.2892479427835135,-0.15126634823153798,0.7814830780771769,0.7593156401949682,0.579718836758936,0.6695172384769521
Gemma_2_2B_base,abuse_06,user_abuse,user_suffering,1,user_next,29,]:,8254,95.50890350341797,-3.372176170349121,-0.0353074535111634,1.3656933307647705,0.014299120612518566,-1.076009750366211,-0.011266067464879898,-0.4844348430633545,-0.005072143279773053,10.618350982666016,0.11117655624939739,-13.340986251831055,-0.13968316840066772,-6.518943786621094,-0.06825482805786584,1.0335105657577515,0.01082109131030664,-13.232834815979004,-0.1385507982039124,-5.4111480712890625,-0.056655954291166315,-3.3133737287652174,-2.2676330420931534,3.5767682089673394,2.5640173556158072,1.6045501152158224,2.2370284212858773,2.3433253413678923,1.8903807502459036,1.945664106333425,2.1150588887103137,-2.7905033854291856,-3.402533135890921,-2.119351473153724,-2.760942304522323
Gemma_2_2B_base,abuse_06,user_abuse,user_suffering,1,moderator_next,29,]:,8254,101.18004608154297,-3.4029934406280518,-0.033633048930275376,2.1885852813720703,0.02163060174540983,-2.3552350997924805,-0.02327766383793056,0.3013153076171875,0.0029780111720284414,13.407792091369629,0.13251419237903914,-18.33221435546875,-0.18118408782591838,-8.053282737731934,-0.07959358638008167,0.499509334564209,0.004936836401138271,-17.356525421142578,-0.17154099146342172,-7.735159873962402,-0.07644945988390325,-3.345339946102762,-1.4868172847950658,2.244018125035287,3.120914015417643,4.502289080255119,-0.33119454917087315,1.2101463983959129,1.309438823033431,0.025183870085009195,1.2088489735783634,-2.416078615448914,-3.231629761837802,-1.4528421685166386,-2.3422359651772204
Gemma_2_2B_base,abuse_07,user_abuse,user_suffering,1,assistant_next,30,]:,8254,106.8963851928711,-0.06127157807350159,-0.0005731866233170603,5.010284900665283,0.04687048015351803,-3.918233633041382,-0.036654500766997763,-3.4539222717285156,-0.03231093610412242,10.334808349609375,0.09668061582215787,-19.518268585205078,-0.1825905389596537,-10.510181427001953,-0.09832120523101538,-1.2184727191925049,-0.011398633517812954,-17.89680290222168,-0.1674219653913537,-10.977677345275879,-0.10269456095703393,0.12096989812366109,1.19060290807492,0.6156213556096273,0.4594073483318177,1.309999162519811,-0.9414755569244978,-0.6043847765316281,-0.5595602483640955,-0.22643350955138908,-0.055517015919956565,0.6557864030992906,0.14272914668489883,0.8417301698668578,0.4922296582758783
Gemma_2_2B_base,abuse_07,user_abuse,user_suffering,1,user_next,30,]:,8254,93.45018005371094,-4.091471195220947,-0.04378237894105024,1.317495346069336,0.014098371402945389,-0.8492786288261414,-0.009088036302744568,0.13426697254180908,0.0014367759640980735,11.557790756225586,0.12367863549950027,-12.647828102111816,-0.13534300409953642,-5.740496635437012,-0.06142841706819221,1.231377124786377,0.013176829879606835,-13.329046249389648,-0.1426326438507525,-4.110080718994141,-0.043981517388536354,-4.0594859212713645,-2.3133665626269653,3.812986105523299,3.0025193071909078,2.5804628988402167,2.593691079314032,2.9182438880812405,2.10564051636305,1.9008566331115238,2.6223885561190023,-3.1864262419491647,-4.26755307632138,-2.1376017030395777,-3.202577389680479
Gemma_2_2B_base,abuse_07,user_abuse,user_suffering,1,moderator_next,30,]:,8254,101.80718231201172,-3.892664670944214,-0.03823565864944813,1.9727246761322021,0.019377067819108577,-2.8065600395202637,-0.027567407090384934,-0.05127882957458496,-0.0005036857755028432,13.876653671264648,0.13630328780474865,-18.76473617553711,-0.1843164278727234,-8.427679061889648,-0.08278079080964122,0.8660223484039307,0.008506495600180785,-17.965627670288086,-0.17646719280795192,-7.697662353515625,-0.07561020920826934,-3.853267378693412,-1.691640484033802,1.7738090632991317,2.8710146077016643,4.989353842093059,-0.553747486135173,0.9336377230771529,1.7081696951188705,-0.2584864978794674,1.2234705106904575,-2.772453931363607,-3.7014096104088856,-1.6577122763392849,-2.679560943374085
Gemma_2_2B_base,abuse_08,user_abuse,user_suffering,1,assistant_next,27,]:,8254,103.31096649169922,0.44861486554145813,0.0043423741038905415,5.4429521560668945,0.05268513441411104,-3.723767042160034,-0.03604425714533636,-3.5836031436920166,-0.034687538655249636,10.252204895019531,0.09923636612036991,-18.28365135192871,-0.17697686869861737,-9.156766891479492,-0.0886330580618004,-0.7970874309539795,-0.007715419359841373,-17.277822494506836,-0.16724093367082252,-11.014793395996094,-0.10661785258664776,0.6498662191325686,1.6011469782109458,0.8182247244651115,0.3674966507976025,1.2241886937972475,-0.306206586566038,0.3951732752638413,-0.1011336247004749,0.061837302558723196,-0.06998980522959276,1.1255065986717572,0.6444513249634863,1.3703438425592886,1.0073975837613875
Gemma_2_2B_base,abuse_08,user_abuse,user_suffering,1,user_next,27,]:,8254,94.0924301147461,-4.143289566040039,-0.044034249737064726,1.5908594131469727,0.016907411267908727,-1.2608081102371216,-0.013399676346966075,0.16933059692382812,0.0017996197644946442,12.003778457641602,0.1275743271058357,-12.366748809814453,-0.13143192066283285,-4.9088029861450195,-0.05217000964008172,2.309760093688965,0.024547778082383495,-13.737455368041992,-0.14599958095767226,-4.463243007659912,-0.047434666127944294,-4.113236214165186,-2.053980174297629,3.384237604614539,3.0273704832065667,3.043765721864188,2.7383196717183145,3.5324873899482054,3.2788173624672075,1.7106528288558578,2.484678770277352,-3.0836081942314073,-4.2932610619275176,-1.8822302203667143,-3.087745641147116
Gemma_2_2B_base,abuse_08,user_abuse,user_suffering,1,moderator_next,27,]:,8254,97.84396362304688,-3.047250747680664,-0.03114398308127097,2.809549331665039,0.028714590329650725,-2.2854502201080322,-0.023358111583796273,0.5241672992706299,0.0053571756484644675,14.007183074951172,0.14315837744385715,-17.549480438232422,-0.17936191246139063,-6.968479633331299,-0.07122033261221945,1.6531262397766113,0.016895536306618122,-17.29107666015625,-0.17672093422923624,-7.037654876708984,-0.0719273281264669,-2.976334251046949,-0.8976044302683405,2.316722910238574,3.2788592982464153,5.124950947178231,0.07155907864606352,2.0113227188480884,2.5644629485041848,0.055664588450203736,1.4808294960688408,-1.9369693406576447,-2.977575421154119,-0.8088325584861138,-1.8932039898201163
Gemma_2_2B_base,abuse_09,user_abuse,user_suffering,1,assistant_next,36,]:,8254,101.64497375488281,0.6473962068557739,0.006369190555520945,4.3407087326049805,0.04270460773665616,-3.475250244140625,-0.03419008452421073,-3.7489774227142334,-0.03688305760946827,9.356173515319824,0.09204757667489066,-18.539072036743164,-0.1823904454090391,-10.364917755126953,-0.10197176871846104,-0.4706156253814697,-0.0046299940665670385,-17.73312759399414,-0.17446143118456242,-10.987092018127441,-0.108092821634475,0.8560586398625263,0.5552635754360293,1.0771398433434545,0.2502884217888721,0.29336960077095164,-0.4376326116343342,-0.4971009628551482,0.25403626785935884,-0.15020684157119327,-0.059188111684614665,0.7056611076492778,0.8513247258868751,0.463008233952329,0.6571664799196021
Gemma_2_2B_base,abuse_09,user_abuse,user_suffering,1,user_next,36,]:,8254,93.51966094970703,-4.421579837799072,-0.04727968207858354,0.3332117795944214,0.0035630131269788917,-1.0586416721343994,-0.011319990485249036,0.11115163564682007,0.0011885376242605837,10.829390525817871,0.11579800884481069,-12.371807098388672,-0.13229097467581685,-6.0362653732299805,-0.0645454154979899,1.3795334100723267,0.014751266162248082,-13.249360084533691,-0.14167459494596465,-4.4647088050842285,-0.04774085748113713,-4.401901862662148,-3.2473216435898817,3.594862994011715,2.986136422764014,1.8237831025863405,2.7357169429634336,2.699805253375563,2.266820290631146,1.937967978108326,2.484107206846408,-3.824611753126015,-4.624516329476128,-3.095377381833123,-3.8599468556546253
Gemma_2_2B_base,abuse_09,user_abuse,user_suffering,1,moderator_next,36,]:,8254,102.00812530517578,-3.6420741081237793,-0.035703764746463626,2.084087610244751,0.020430603974044476,-2.148883581161499,-0.021065807990615696,0.4932582378387451,0.0048354798832257115,13.893406867980957,0.13619902166044434,-18.733718872070312,-0.18364928103545672,-8.325231552124023,-0.08161341586484004,1.2737293243408203,0.012486547718921687,-18.56404685974121,-0.18198596243390908,-7.392279624938965,-0.07246755690121372,-3.593334155492514,-1.585971770577735,2.4590037050961344,3.2569526488437806,5.006757468490599,-0.5377876162211936,1.0092998580586534,2.151715631912602,-0.5371815641139371,1.3425494483395177,-2.5896529630351246,-3.442983889586332,-1.5619346787013249,-2.5024592841438285
Gemma_2_2B_base,abuse_10,user_abuse,user_suffering,1,assistant_next,26,]:,8254,106.48432922363281,0.134880930185318,0.0012666739901422315,5.016724586486816,0.047112327448210284,-4.636812210083008,-0.04354455011258058,-4.186667442321777,-0.03931721665381539,9.766642570495605,0.09171905990020573,-19.404882431030273,-0.1822322831209948,-9.905424118041992,-0.09302236479547277,-1.688933253288269,-0.015860862021690156,-18.01564598083496,-0.16918588971903503,-11.479978561401367,-0.10780908932892573,0.32443547614381624,1.196713319238611,-0.13302364215681173,-0.059922285440302384,0.7197747940601953,-0.8831330168447824,-0.15774406026376492,-1.071376014676335,-0.281780965397357,-0.2513810566757492,0.7605743976912136,0.33052031150652883,0.8637166510828471,0.5971184812946879
Gemma_2_2B_base,abuse_10,user_abuse,user_suffering,1,user_next,26,]:,8254,91.70108795166016,-3.9982755184173584,-0.04360117865259169,1.3378849029541016,0.014589629554442821,-0.37147629261016846,-0.0040509474959118325,1.1603870391845703,0.012654016054817838,10.898488998413086,0.11884797925361779,-10.621712684631348,-0.11582973465080959,-4.1571784019470215,-0.04533401396653506,1.9640361070632935,0.021417805949026765,-11.989645004272461,-0.1307470311649165,-3.533071994781494,-0.03852813607450261,-3.9628156700564188,-2.2940195665988705,4.310780418292639,3.729776994859261,1.8955642690139445,3.63622330743991,4.087596253746915,2.902702950474209,2.52464097241989,2.8473835524428805,-3.128417618327645,-4.249058298517714,-2.0929411326832126,-3.1709997156004635
Gemma_2_2B_base,abuse_10,user_abuse,user_suffering,1,moderator_next,26,]:,8254,101.79161834716797,-3.2042717933654785,-0.03147873906903679,2.833223819732666,0.027833566905968065,-2.549314260482788,-0.025044441790758844,0.16766071319580078,0.0016470974321675612,13.743367195129395,0.135014723395561,-18.7883243560791,-0.18457633998901665,-7.52903413772583,-0.07396516785937614,0.6762336492538452,0.006643313666037802,-18.060195922851562,-0.17742321240296924,-7.8486738204956055,-0.0771053054066506,-3.1392094449722525,-0.8751404684863273,2.041818397039373,3.0261869611040377,4.8508926233905765,-0.5658847208680584,1.5973277796541805,1.50169786283308,-0.3025287108906206,1.1645860900010008,-2.00717495672929,-3.011743344753158,-0.8889269212545468,-1.9503351330038523
Gemma_2_2B_base,abuse_11,user_abuse,user_suffering,1,assistant_next,35,]:,8254,102.35299682617188,0.058222413063049316,0.0005688393585771563,4.725575923919678,0.046169394843858035,-3.285672187805176,-0.03210137748467979,-3.295008420944214,-0.03219259350598393,8.925321578979492,0.08720137031392977,-17.56135368347168,-0.17157635074717426,-9.041988372802734,-0.0883412176798196,-1.4455273151397705,-0.014122960342770796,-16.602611541748047,-0.16220933491517198,-9.90605354309082,-0.09678322912141467,0.24491893243554044,0.9204516991305127,1.2746501339314755,0.5720367797374317,-0.1542098230069703,0.0654497323040071,0.4799424199015715,-0.8065737884962644,0.37629573657605414,0.3623449388749429,0.5826853157830266,0.2592936232694865,0.7779940879261433,0.5186438555978149
Gemma_2_2B_base,abuse_11,user_abuse,user_suffering,1,user_next,35,]:,8254,91.73651123046875,-3.9212899208068848,-0.04274513896604882,1.1177424192428589,0.012184269973323548,-0.475452184677124,-0.0051828021177157055,0.2371256947517395,0.0025848562537549627,10.723658561706543,0.11689629808098544,-11.791797637939453,-0.1285398526690756,-5.409687042236328,-0.05896983621543688,0.9544203281402588,0.010403930946779497,-12.746867179870605,-0.13895086055591077,-4.060156345367432,-0.04425889202574033,-3.882959851458505,-2.5029057028718276,4.202454016739312,3.075419934420293,1.7139461781574454,3.0341592478387143,3.162561784642977,1.8043381863317658,2.171988370194031,2.6418557388309116,-3.1929327771651663,-4.161683913364061,-2.311613800968689,-3.236648857166375
Gemma_2_2B_base,abuse_11,user_abuse,user_suffering,1,moderator_next,35,]:,8254,98.87468719482422,-3.705962896347046,-0.03748141209331726,2.470736026763916,0.0249885597301111,-1.6112945079803467,-0.016296329765427494,1.0007963180541992,0.010121865832882127,13.735746383666992,0.13892075690314817,-17.618053436279297,-0.1781856806440703,-7.101967811584473,-0.07182796743104375,0.4960871934890747,0.0050173326213571404,-17.00908660888672,-0.17202670462432665,-6.358688831329346,-0.06431058354500871,-3.659604881981018,-1.2190934994636315,3.019086322849505,3.616667834834418,4.84297593991914,0.03627502729030247,1.9127356415776637,1.3057158630190169,0.18699265646861668,1.745581061294623,-2.4393491907223246,-3.6244250615238442,-1.1475682135250684,-2.3859966375244563
Gemma_2_2B_base,abuse_12,user_abuse,user_suffering,1,assistant_next,25,]:,8254,108.06572723388672,-0.14067044854164124,-0.0013017119501466741,4.5299506187438965,0.04191847623381761,-4.401516914367676,-0.04072999855765066,-3.768649101257324,-0.03487367547252826,10.23189926147461,0.09468218577134732,-19.68865203857422,-0.18219145461319164,-9.560525894165039,-0.08846954662576033,-0.05655491352081299,-0.0005233381106889806,-18.97589111328125,-0.17559583041727667,-11.259642601013184,-0.10419253994047467,0.0386108336520953,0.7348291265743363,0.11211676664924448,0.2363462137423901,1.2030947100062526,-1.0291459037093813,0.09697892938779967,0.7044944576160701,-0.72898517526404,-0.16546469784563958,0.3867199801132158,0.06836991603091924,0.391540552072938,0.2299552340519286
Gemma_2_2B_base,abuse_12,user_abuse,user_suffering,1,user_next,25,]:,8254,93.50000762939453,-4.433046340942383,-0.04741225646219864,0.12749361991882324,0.0013635680162098916,-1.328415870666504,-0.014207655211451304,0.3266459107398987,0.0034935388672332874,10.614368438720703,0.11352264783541856,-12.10058879852295,-0.12941805145605964,-5.098574161529541,-0.054530200486600296,1.5478498935699463,0.016554542965441784,-12.883763313293457,-0.13779424879151625,-3.9710004329681396,-0.042470589400462645,-4.413795866519825,-3.442521001802739,3.3138010326476617,3.138866959184292,1.6004129521352664,2.875271588285237,3.3923327652004645,2.449932419579204,2.1082332673431505,2.6766206103844623,-3.928158434161282,-4.638047951242725,-3.295330243307373,-3.966689097275049
Gemma_2_2B_base,abuse_12,user_abuse,user_suffering,1,moderator_next,25,]:,8254,101.5869140625,-3.143190383911133,-0.030940898371785628,2.1158688068389893,0.020828163020457823,-2.537449836730957,-0.024978117114275413,-0.04293680191040039,-0.00042266075612833453,13.612518310546875,0.13399873828406633,-18.301986694335938,-0.1801608687815429,-7.211342811584473,-0.07098692659516943,1.272181749343872,0.01252308686688897,-18.492265701293945,-0.182033934901466,-7.556212902069092,-0.07438175449861813,-3.0758507635501635,-1.555815613298209,2.054179246328476,2.8769269798954658,4.714963633814986,-0.31564098759193177,1.8319572406918436,2.1500320193126394,-0.5037517292081922,1.2786263817765566,-2.315833188424186,-2.9568469410330027,-1.5257923496447339,-2.2413196453388684
Gemma_2_2B_base,abuse_13,user_abuse,user_suffering,1,assistant_next,34,]:,8254,105.98527526855469,-0.09940683841705322,-0.0009379306527738646,5.065028190612793,0.047789923437747225,-3.614866256713867,-0.03410724978120032,-3.5321156978607178,-0.03332647567231143,11.26085376739502,0.10624922885619055,-19.672561645507812,-0.18561598859520598,-8.795088768005371,-0.08298406307592834,-0.17200088500976562,-0.0016228752963459768,-18.69236946105957,-0.1763676077992459,-10.748857498168945,-0.10141840431071729,0.08141285723937274,1.2425470586597058,0.9316820844281074,0.40398813168417225,2.271997565045928,-1.0208666353171585,0.6622889822318296,0.578900355490488,-0.5969438118895843,0.03370749403681418,0.6619799579495392,0.10550039921764202,0.9253173049786911,0.5154088520981666
Gemma_2_2B_base,abuse_13,user_abuse,user_suffering,1,user_next,34,]:,8254,94.5184326171875,-4.355762481689453,-0.04608373585003132,0.931328535079956,0.00985340646572043,-1.48530113697052,-0.015714407188555397,-0.2516651153564453,-0.0026626035619499028,11.127967834472656,0.11773330901013179,-13.126096725463867,-0.13887340661504982,-5.378772735595703,-0.056907130034418406,1.2872257232666016,0.013618779825518698,-13.760419845581055,-0.14558451155567323,-4.240708351135254,-0.044866469255903756,-4.333630666318677,-2.6797878537132767,3.1503514481564254,2.7289917864201647,2.133952440331433,2.347599247997756,3.1853934029737068,2.166398414543734,1.6999578399557895,2.5714524742538774,-3.5067092600159766,-4.502448313192227,-2.523513986960691,-3.5129811500764587
Gemma_2_2B_base,abuse_13,user_abuse,user_suffering,1,moderator_next,34,]:,8254,100.10059356689453,-3.8012073040008545,-0.0379738737658994,2.497426748275757,0.024949170222520148,-2.4227824211120605,-0.02420347707022317,0.05672287940979004,0.0005666587718271987,14.099889755249023,0.14085720426649065,-18.704103469848633,-0.18685307252797842,-6.99503755569458,-0.06988008069122971,0.9555923938751221,0.009546320953996396,-18.24027442932129,-0.18221944325566666,-7.135543346405029,-0.07128372662082706,-3.7584002459989954,-1.19376753058677,2.1736445210425024,2.9475603022003494,5.22125689139778,-0.5225490908150715,1.9917084879968372,1.8056132810076888,-0.38639465665657946,1.442659508414902,-2.476083888292883,-3.674689712252101,-1.15114913705724,-2.4129194246546706
Gemma_2_2B_base,abuse_14,user_abuse,user_suffering,1,assistant_next,35,]:,8254,103.06148529052734,0.12318161129951477,0.0011952244910139746,3.8433468341827393,0.03729178580483734,-4.106127738952637,-0.039841534666200294,-3.547896385192871,-0.034425046128448995,9.528403282165527,0.09245358006732811,-18.07642364501953,-0.17539455786089844,-8.817326545715332,-0.08555404107421452,0.2786135673522949,0.0027033723273722607,-17.946922302246094,-0.17413801335828064,-10.744129180908203,-0.10424970250157771,0.31229997657426106,0.0833328352201683,0.4198654744930797,0.39280364504164117,0.4722860528054497,-0.19957812840934658,0.6458653742531784,1.0691254956084308,-0.24977505633935368,0.03555122304827841,0.19781640589721466,0.32322759347720503,-0.029074623045788794,0.14707648521570812
Gemma_2_2B_base,abuse_14,user_abuse,user_suffering,1,user_next,35,]:,8254,90.99801635742188,-3.666718006134033,-0.04029448281303082,0.3585164546966553,0.003939827141818948,-1.3858435153961182,-0.015229381593910839,0.19018900394439697,0.002090034613473033,9.503528594970703,0.10443665670296326,-10.389434814453125,-0.11417210209995697,-4.251328468322754,-0.046718913647791974,1.931634783744812,0.021227218581971498,-11.976070404052734,-0.13160803810286525,-3.7671689987182617,-0.04139836393709486,-3.6188968413731857,-3.223310849659341,3.253970527906851,3.042153779383451,0.4464456254514894,3.755741259601967,4.01806215724291,2.8674534302234758,2.5309629189316665,2.7561013025738594,-3.4211038455162632,-3.9115499792030057,-3.0611209959192562,-3.486335487561131
Gemma_2_2B_base,abuse_14,user_abuse,user_suffering,1,moderator_next,35,]:,8254,99.52949523925781,-3.3504931926727295,-0.03366331944735093,1.52924382686615,0.015364730055045675,-2.7515132427215576,-0.027645204430176467,-0.14423704147338867,-0.001449188917583264,13.128671646118164,0.1319073468076805,-17.824281692504883,-0.1790854223630623,-7.179296493530273,-0.07213235108117493,1.3144726753234863,0.013206865685027745,-18.064979553222656,-0.18150377945549165,-7.311697006225586,-0.07346261516396804,-3.2908823539401553,-2.11244522627404,1.8311591018099926,2.8051309197853995,4.212332003326479,-0.06983916621044718,1.8556249008216412,2.196040475112047,-0.30475653748209663,1.373971306000206,-2.701663790107098,-3.2347194174452905,-2.022476285769403,-2.6285978516073465
Gemma_2_2B_base,abuse_15,user_abuse,user_suffering,1,assistant_next,31,]:,8254,105.60337829589844,0.6342121362686157,0.0060056046170375976,4.9521074295043945,0.046893456529664174,-3.870535135269165,-0.0366516223034457,-4.595428466796875,-0.04351592288951762,9.271490097045898,0.087795392975662,-18.010051727294922,-0.17054427630933489,-8.93346881866455,-0.08459453630009033,-0.02624201774597168,-0.00024849600618307967,-18.074926376342773,-0.1711585999237374,-12.164949417114258,-0.11519469938763063,0.8423830332313067,1.135400173173148,0.6653156310849108,-0.3496297057827616,0.20539841541077017,-0.1654266370019764,0.5600890351987112,0.7374719697679935,-0.3093889599998587,-0.51847409824697,0.9888916032022274,0.8142141826201345,0.8438189658701023,0.8290165742451183
Gemma_2_2B_base,abuse_15,user_abuse,user_suffering,1,user_next,31,]:,8254,93.0032730102539,-3.4126691818237305,-0.036694076147701524,1.119093418121338,0.012032839080813363,-1.2772728204727173,-0.013733633012376822,-0.6754350662231445,-0.007262487054070405,9.817066192626953,0.1055561366269829,-10.974136352539062,-0.1179973133991653,-4.8041276931762695,-0.0516554690784549,1.8873423337936401,0.020293289394079223,-13.280099868774414,-0.14279174741850473,-5.075179100036621,-0.05456989776560946,-3.3553764238038504,-2.501623783402777,3.367083985857493,2.42864686130923,0.772156073647894,3.4548846588228375,3.609794843920963,2.8192675090448227,1.9236518827089948,2.246064425160439,-2.9285001036033136,-3.5440631399459246,-2.3253804733556276,-2.934721806650776
Gemma_2_2B_base,abuse_15,user_abuse,user_suffering,1,moderator_next,31,]:,8254,102.68624877929688,-2.946727991104126,-0.02869642260900499,2.625406265258789,0.02556726237903153,-2.7549538612365723,-0.02682884898403274,-0.6878437995910645,-0.006698499631332762,13.323270797729492,0.1297473708126698,-18.279067993164062,-0.1780089175567333,-7.406053066253662,-0.07212312412123907,1.45158052444458,0.0141360750996412,-18.78253936767578,-0.18291192434193418,-8.416269302368164,-0.08196101622581634,-2.872063747689238,-1.0723318750332045,1.827574522582634,2.419852230905429,4.414486313890076,-0.3038482316648394,1.688154881759291,2.3452006145490594,-0.6389376325084155,0.9432616316375216,-1.9721978113612213,-2.727757457393259,-1.0949580119665896,-1.9113577346799242
Gemma_2_2B_base,abuse_16,user_abuse,user_suffering,1,assistant_next,25,]:,8254,105.37335205078125,-0.34826475381851196,-0.003305055282389395,3.9221925735473633,0.03722186394580283,-5.025284290313721,-0.04769027645520804,-5.336200714111328,-0.05064089364396152,8.781570434570312,0.08333767754050683,-19.413511276245117,-0.18423549121688193,-11.064481735229492,-0.10500265503461755,-2.3521361351013184,-0.022321925698707803,-17.910785675048828,-0.16997452701720364,-11.637837409973145,-0.1104438378724506,-0.1767231209926162,0.15814702637403957,-0.5377499851462978,-0.874648491774748,-0.30354199249559705,-0.8875729658972263,-1.0137607080437456,-1.7928768985454537,-0.23294554971969478,-0.31293550041932305,-0.009288047309288311,-0.13610762707608756,-0.035431260783686205,-0.08576944392988689
Gemma_2_2B_base,abuse_16,user_abuse,user_suffering,1,user_next,25,]:,8254,94.92367553710938,-4.422245502471924,-0.046587381677430886,0.6091915965080261,0.006417699199499174,-1.592531681060791,-0.01677697025583684,-0.2636786103248596,-0.002777796043325117,11.527581214904785,0.12144052734660704,-12.539135932922363,-0.13209703334781137,-6.050541400909424,-0.06374112008066976,1.0802898406982422,0.011380615368985735,-13.64748764038086,-0.143773274298102,-4.717777252197266,-0.04970074352370502,-4.4025923450252415,-2.9854532542061345,3.038634214988334,2.7204772793409595,2.549080495846259,2.6496183420687998,2.6892617590949035,1.9412720975875375,1.752552490934539,2.385427356891655,-3.694022799615688,-4.553854509886166,-2.8358561753177454,-3.6948553426019553
Gemma_2_2B_base,abuse_16,user_abuse,user_suffering,1,moderator_next,25,]:,8254,100.09528350830078,-3.3221824169158936,-0.033190199382775,2.210296630859375,0.02208192587491975,-3.1243951320648193,-0.03121420932691316,-0.34350085258483887,-0.003431738644871841,13.575958251953125,0.13563034916452668,-18.854036331176758,-0.18836088645089072,-8.363822937011719,-0.08355861179331309,0.16781198978424072,0.0016765224484360873,-17.932661056518555,-0.17915590453401753,-7.275116920471191,-0.0726819153258892,-3.261516079683988,-1.4662160821956454,1.442675267009612,2.6639036470559705,4.676984159711493,-0.5996966405751312,0.9807983690602787,0.9485840469179544,-0.24313332610631294,1.388235104647389,-2.363866080939817,-3.1864289288195526,-1.4118120238196739,-2.2991204763196134
Gemma_2_2B_base,abuse_17,user_abuse,user_suffering,1,assistant_next,26,]:,8254,104.22025299072266,0.7897803783416748,0.007577993294757963,4.018429756164551,0.03855709078466983,-4.3622541427612305,-0.04185610778693412,-4.5213165283203125,-0.04338232156011735,9.405847549438477,0.0902497094329233,-18.899852752685547,-0.18134529719830894,-10.064981460571289,-0.0965741415103573,0.023551464080810547,0.0002259778057044922,-18.829774856567383,-0.18067289529841715,-12.685330390930176,-0.12171655726127802,1.0037512592914555,0.2494633997691338,0.15302235234402747,-0.2971032239828022,0.3449721901811318,-0.6232713567972256,-0.2755843983584636,0.7916424840014818,-0.6609360876670692,-0.7213880411002492,0.6266073295302946,0.9747049824021166,0.08595500425264728,0.530329993327382
Gemma_2_2B_base,abuse_17,user_abuse,user_suffering,1,user_next,26,]:,8254,94.22366333007812,-3.384495735168457,-0.03591980629443492,1.2652370929718018,0.013428018485542285,-1.804203987121582,-0.019148098506860358,-0.5121707916259766,-0.005435691773432472,11.138484001159668,0.11821323442010596,-13.150142669677734,-0.13956305884235282,-6.021648406982422,-0.0639080268603841,1.087569236755371,0.011542421492841667,-14.804424285888672,-0.1571200244467973,-5.365018844604492,-0.0569391876201004,-3.326152598631187,-2.362952741513893,2.8181052176579304,2.544359634777215,2.144876888916033,2.3352264722010805,2.710600546260407,1.9491913796553324,1.2137453458235252,2.1330462167225215,-2.84455267007254,-3.4650348502116133,-2.1985438849454026,-2.8317893675785077
Gemma_2_2B_base,abuse_17,user_abuse,user_suffering,1,moderator_next,26,]:,8254,101.19654846191406,-3.351151466369629,-0.03311527435771048,1.94514000415802,0.01922140659659045,-2.4595258235931396,-0.024304443787613934,0.44210124015808105,0.004368738330284738,13.901070594787598,0.137367042711139,-18.468687057495117,-0.18250313215421493,-7.825927257537842,-0.07733393457073466,1.4649096727371216,0.014475885739210258,-18.754810333251953,-0.185330533682287,-8.137138366699219,-0.08040924804625803,-3.2915651697727135,-1.7178146938087848,2.135363718709614,3.220695371502914,5.014718733460748,-0.40141621023440394,1.378058737803515,2.3597014445937066,-0.6260236998980175,1.0521041173909433,-2.5046899317907494,-3.1787814702956694,-1.6718635305400305,-2.42532250041785
Gemma_2_2B_base,abuse_18,user_abuse,user_suffering,1,assistant_next,30,]:,8254,103.7229232788086,0.6150335073471069,0.005929581310525627,5.118163108825684,0.04934457058318722,-2.3639543056488037,-0.022791049759506517,-2.6445579528808594,-0.025496369262291735,10.168314933776855,0.09803343959410293,-18.334339141845703,-0.1767626534451093,-9.061344146728516,-0.08736105636332195,-0.5885618925094604,-0.00567436660965868,-17.314067840576172,-0.16692614605583114,-10.592733383178711,-0.10212528772164764,0.8224893757206926,1.2929650769338563,2.2349340943427687,1.0330404368379624,1.1370417708132687,-0.332287852275299,0.46564730250150693,0.12572208480082245,0.04495716351653074,0.09458550714871126,1.0577272263272746,0.806454624543269,1.0666512004196258,0.9365529124814473
Gemma_2_2B_base,abuse_18,user_abuse,user_suffering,1,user_next,30,]:,8254,91.97845458984375,-3.527390956878662,-0.038350187254267656,1.3028874397277832,0.014165137319796281,-0.14784657955169678,-0.0016074044754392077,0.9872788190841675,0.010733805253487948,10.521651268005371,0.11439256415998938,-11.099839210510254,-0.12067868785149057,-4.814469814300537,-0.05234345190696594,1.15941321849823,0.012605269610892682,-12.423569679260254,-0.13507043290366463,-4.306506156921387,-0.046820814462748224,-3.47437532155055,-2.3272275360441936,4.543767138718442,3.60708737211511,1.5040961102160326,3.390204591995519,3.6021567181501215,2.0273507148295744,2.3225540939108473,2.5457957095469466,-2.900801428797372,-3.7130993329602133,-2.131531973880199,-2.922315653420206
Gemma_2_2B_base,abuse_18,user_abuse,user_suffering,1,moderator_next,30,]:,8254,100.76268005371094,-3.4443507194519043,-0.03418280178351662,2.3998935222625732,0.02381728553650344,-1.4520561695098877,-0.014410654507560516,0.8842146396636963,0.008775219547478997,13.873226165771484,0.13768218707934768,-17.725675582885742,-0.17591508655225505,-7.208901882171631,-0.07154337179528145,1.1027307510375977,0.010943841017823202,-17.618911743164062,-0.17485552918771521,-7.064708709716797,-0.07011235415682668,-3.388239130599209,-1.2863136779576445,3.184987435625989,3.534041128070783,4.985793266395857,-0.019101658227855547,1.8337599778314508,1.965685647481063,-0.09701437269130228,1.4702803019185349,-2.337276404278427,-3.287742017254846,-1.2540494461942084,-2.2708957317245275
Gemma_2_2B_base,abuse_19,user_abuse,user_suffering,2,assistant_next,62,]:,8254,90.35403442382812,-1.9233351945877075,-0.02128665539787437,3.826012134552002,0.0423446740253472,-2.2710483074188232,-0.025134996150430924,-0.1478818655014038,-0.0016366935515876031,9.18344497680664,0.10163846069926886,-13.89035701751709,-0.15373255999129942,-7.3343892097473145,-0.08117389839333054,-2.565352439880371,-0.028392229038129563,-11.613269805908203,-0.1285307278193386,-4.365915298461914,-0.048320092470719125,-1.8105162368609449,0.06688449518023964,2.33172742086208,2.8025476681945354,0.11393501265141263,1.9543511742363997,1.741081891861176,-2.0248357102032695,2.6999259777904525,2.522630098661678,-0.8718158708403526,-1.9714562433469003,0.43028644645925107,-0.7705848984438246
Gemma_2_2B_base,abuse_19,user_abuse,user_suffering,2,user_next,62,]:,8254,89.95137023925781,-2.8255903720855713,-0.0314124216737322,2.2804322242736816,0.025351834198946134,-2.165884494781494,-0.024078393569998437,-0.33608436584472656,-0.0037362895634695734,10.118206024169922,0.11248529063267115,-11.883038520812988,-0.13210514180279634,-6.739821434020996,-0.07492739038987435,-0.8339287042617798,-0.009270883834717008,-12.234905242919922,-0.13601688568364018,-2.7073588371276855,-0.03009802774461909,-2.7464098068226046,-1.3996666689404456,2.4412914473894434,2.6691600465481704,1.0849874222161313,2.987211497430396,2.1801971754397904,-0.14121338307211392,2.4104186686247844,3.1693567238613944,-2.073038237881525,-3.004974451054863,-1.1145427157809094,-2.059758583417886
Gemma_2_2B_base,abuse_19,user_abuse,user_suffering,2,moderator_next,62,]:,8254,99.7781982421875,-3.0864524841308594,-0.030933135078659576,3.116990089416504,0.031239189966637427,-3.6638097763061523,-0.036719542353462205,-1.0105009078979492,-0.010127471989875004,12.519790649414062,0.12547621494452418,-19.715435028076172,-0.19759261417230356,-10.214774131774902,-0.1023748104468774,-1.8197529315948486,-0.018237981479459445,-16.888324737548828,-0.16925866607208614,-6.365714073181152,-0.06379864725287901,-3.0169975290087496,-0.6058837640121619,0.8806906935259466,2.1911705491751796,3.5798116809879903,-1.042927018783302,-0.386213083562974,-1.2136952296767873,0.2432337301578959,1.7428416845776098,-1.8114406465104558,-2.9560545560836604,-0.5793197058940123,-1.7676871309888362
Gemma_2_2B_base,abuse_20,user_abuse,user_suffering,1,assistant_next,37,]:,8254,105.84272766113281,0.07496193051338196,0.0007082388386038279,4.835766792297363,0.04568822912217082,-3.4275407791137695,-0.03238333756937387,-3.34102201461792,-0.03156590999161105,10.639728546142578,0.10052394511417775,-18.08684539794922,-0.17088415801089568,-8.019404411315918,-0.0757671744533165,0.32707691192626953,0.0030902162024153646,-17.402956008911133,-0.16442278457362342,-11.052764892578125,-0.10442630435569247,0.2622825421290569,1.0250082770337956,1.1268455449599935,0.5394248653774129,1.626757645774668,-0.2049406132949685,1.2351670798365855,1.1218489485732102,0.0035602725107266673,-0.08479616148624054,0.6436454095814262,0.2735218699846105,0.7342510263586541,0.5038864481716323
Gemma_2_2B_base,abuse_20,user_abuse,user_suffering,1,user_next,37,]:,8254,93.24786376953125,-3.9709155559539795,-0.04258452038931831,0.6832618713378906,0.0073273729146934785,-1.0813117027282715,-0.011596101605081384,-0.2712063789367676,-0.002908446027322122,10.888235092163086,0.11676659016097286,-11.25263786315918,-0.12067448420020513,-3.9703822135925293,-0.04257880076915877,1.7462066411972046,0.01872650557993563,-12.618165969848633,-0.13531855272347398,-5.119448184967041,-0.05490150635107441,-3.9344356578575645,-2.9151703480580364,3.571244414853418,2.7151420093545626,1.8849122629214787,3.311582457034023,4.225553715569473,2.665725463697509,2.2319269431604307,2.2288024286199666,-3.4248030029578005,-4.145289872752743,-2.753157197529926,-3.4492235351413347
Gemma_2_2B_base,abuse_20,user_abuse,user_suffering,1,moderator_next,37,]:,8254,101.62053680419922,-3.6005959510803223,-0.03543177456361888,2.408609628677368,0.023701996706809742,-2.2296738624572754,-0.02194117382742599,0.22301721572875977,0.002194607731294174,14.261970520019531,0.14034535703643508,-17.552017211914062,-0.17272116211837182,-6.269405364990234,-0.061694275213975906,1.568358302116394,0.015433477832716836,-17.666847229003906,-0.1738511504130715,-7.526293754577637,-0.07406272384763304,-3.5503095861256915,-1.2780432443655596,2.374833035537302,3.0654206174160556,5.3896303143366655,0.07025378858422655,2.5276207896779486,2.4722435935785683,-0.11933882958802283,1.2902928578580737,-2.4141764152456258,-3.415222355433792,-1.2645304221823805,-2.3398763888080865
Gemma_2_2B_base,harm_01,harm_description,user_suffering,1,assistant_next,28,]:,8254,103.89510345458984,-1.7805969715118408,-0.01713841088083712,2.2468976974487305,0.021626598585859223,-3.919309616088867,-0.037723718305953724,-3.957547187805176,-0.03809175847767386,9.734752655029297,0.09369789654508726,-18.511394500732422,-0.17817388775038207,-9.79704475402832,-0.09429746377133531,-0.10751330852508545,-0.0010348255591475207,-17.276371002197266,-0.16628667211201506,-10.432961463928223,-0.10041822104242121,-1.662456365888608,-1.4314865049944174,0.6145003517947102,0.10246559870166079,0.6866467777166352,-0.42339121006492364,-0.07770098173533868,0.64905663000045,0.06251328981395177,0.1568859211216109,-1.5469714354415127,-1.5480526093320992,-1.4532060981292316,-1.5006293537306654
Gemma_2_2B_base,harm_01,harm_description,user_suffering,1,user_next,28,]:,8254,91.91785430908203,-5.451248645782471,-0.05930565597682642,-1.3153207302093506,-0.014309741454434593,-0.7265922427177429,-0.007904799869180055,0.4281407594680786,0.004657862856854958,11.087301254272461,0.12062184586022227,-11.264381408691406,-0.1225483502999745,-4.806064128875732,-0.05228651348534432,2.035219192504883,0.02214171781753386,-12.528897285461426,-0.13630537156940026,-3.693058967590332,-0.040177819590654175,-5.469959370798787,-4.811561224646649,3.940805876650116,3.210800947609063,2.091707012151102,3.3055398473267075,3.6083646982823727,2.9801432941021413,2.273501047645102,2.7849992818963454,-5.140760297722718,-5.851985209425341,-4.720200117114363,-5.2860926632698515
Gemma_2_2B_base,harm_01,harm_description,user_suffering,1,moderator_next,28,]:,8254,99.92757415771484,-4.9338178634643555,-0.049373938125200086,0.09834137558937073,0.0009841265178133852,-2.4354162216186523,-0.024371813707544383,0.15250015258789062,0.0015261068215986202,14.11286449432373,0.14123093263576594,-18.412099838256836,-0.184254446217189,-7.727094650268555,-0.07732695119840442,1.3960788249969482,0.013970906796892005,-18.03272819519043,-0.18045798016400885,-7.202737331390381,-0.07207957755506364,-4.933237438745477,-3.4701826306669434,2.160482103104887,3.015441986310261,5.2347353645086425,-0.3722994090655477,1.4510511032489029,2.2848201091172498,-0.289736473751926,1.4164583267509758,-4.201710034706211,-4.838273164940645,-3.329825495312062,-4.084049330126353
Gemma_2_2B_base,harm_02,harm_description,user_suffering,1,assistant_next,28,]:,8254,104.55200958251953,-0.655139684677124,-0.006266160615115135,3.8578133583068848,0.036898509877632116,-4.261495590209961,-0.04075957609257142,-4.346658229827881,-0.04157412418168016,9.126612663269043,0.08729256089588314,-19.01921844482422,-0.18191155311857457,-9.784917831420898,-0.09358899815022664,-1.137552261352539,-0.010880252478119091,-18.35318374633789,-0.17554118586168652,-11.687318801879883,-0.11178473611887353,-0.4950391381635832,0.09705965558963409,0.2579967960022958,-0.17331499059479186,0.05489622925592301,-0.6846906520226994,-0.06874469907573968,-0.47152658105701184,-0.4389786481779533,-0.3322299497456283,-0.19898974128697455,-0.4383421634992514,-0.06482757119102744,-0.2515848673451394
Gemma_2_2B_base,harm_02,harm_description,user_suffering,1,user_next,28,]:,8254,95.80572509765625,-4.766948699951172,-0.049756407512099594,0.2907443046569824,0.003034727876237274,-1.3342738151550293,-0.013926869336827036,0.10381031036376953,0.0010835501767556593,11.603132247924805,0.1211110529782803,-12.633913040161133,-0.1318701260001236,-5.767287254333496,-0.060197730860601616,1.5700428485870361,0.016387776899414595,-14.308992385864258,-0.14935425175561148,-4.4153151512146,-0.04608613051792052,-4.760146963842396,-3.287617667362313,3.30769798285096,2.98093329359489,2.627564738280338,2.6008510369427023,2.89845780028056,2.4740762179546327,1.4444772953088933,2.503367444178148,-4.023882315602354,-4.877311106809203,-3.1434041077756016,-4.010357607292402
Gemma_2_2B_base,harm_02,harm_description,user_suffering,1,moderator_next,28,]:,8254,98.27623748779297,-3.981677770614624,-0.04051516289590547,1.584658145904541,0.016124530063550444,-2.4383490085601807,-0.024811175833456704,0.43883395195007324,0.004465310874407269,13.470041275024414,0.13706305429832463,-17.922897338867188,-0.1823726446700141,-7.393111228942871,-0.07522786197285157,1.0557000637054443,0.01074217013890641,-17.826324462890625,-0.18138997705426868,-7.109438896179199,-0.0723413825957905,-3.945599115547413,-2.059864357724789,2.157426603896534,3.2183796966181255,4.566955039488147,-0.12058158129853445,1.6977130159077725,1.914520787662667,-0.19361037542793208,1.4528385064718412,-3.0027317366361013,-3.934074386493863,-1.9534024156806107,-2.943738401087237
Gemma_2_2B_base,harm_03,harm_description,user_suffering,1,assistant_next,24,]:,8254,101.63343048095703,-0.7674980163574219,-0.007551629544780812,3.389704465866089,0.03335225869898404,-5.321730136871338,-0.052362004427947216,-4.979920387268066,-0.048998841854513114,10.039852142333984,0.09878493813327636,-19.296245574951172,-0.18986120495624412,-10.36311149597168,-0.10196557812651426,-1.2019493579864502,-0.01182631888246317,-18.728729248046875,-0.18427725168202466,-12.019222259521484,-0.11826051922721939,-0.6115864772908881,-0.34711384626487135,-0.8465995768606654,-0.6221365147801857,1.003591512566115,-0.8272342153018897,-0.49576695850179175,-0.5415844222005147,-0.6138772482186543,-0.46165020649105976,-0.4793501617778797,-0.5695475960619137,-0.3872193722890758,-0.4783834841754948
Gemma_2_2B_base,harm_03,harm_description,user_suffering,1,user_next,24,]:,8254,94.67196655273438,-5.14514684677124,-0.054347100140835033,0.14884471893310547,0.0015722153489881893,-2.187316656112671,-0.02310416415501718,-0.19230961799621582,-0.0020313259035249377,12.342878341674805,0.13037521867468074,-13.45352840423584,-0.142106780857266,-6.021749973297119,-0.06360647393907119,1.1450231075286865,0.012094637401356646,-14.55926513671875,-0.15378644457130736,-4.368926048278809,-0.04614804368561649,-5.152445309817978,-3.422261629313216,2.4189625318267693,2.7710597111824566,3.3960308920939304,2.179120160042525,2.7105255349279718,2.011695659539228,1.3279205703485564,2.5214561066307795,-4.287353469565597,-5.3458746000335085,-3.2763619903495145,-4.311118295191512
Gemma_2_2B_base,harm_03,harm_description,user_suffering,1,moderator_next,24,]:,8254,99.06099700927734,-4.2154083251953125,-0.042553663424168116,1.1309340000152588,0.011416541667850805,-3.112760543823242,-0.03142266520426524,-0.026484966278076172,-0.00026736018289413925,14.161195755004883,0.14295430272803178,-18.204858779907227,-0.18377423334637233,-7.756053447723389,-0.07829573375883762,1.52694571018219,0.015414196871440605,-18.65810775756836,-0.18834968676744668,-7.697484016418457,-0.07770448762692714,-4.188043746059004,-2.490388635323459,1.454796664121099,2.888587139684573,5.284943048359095,-0.2656640809611624,1.4296637171919626,2.4271906806567243,-0.5809874924866005,1.2235400502881064,-3.3392161906912317,-4.142140359476561,-2.38140843724419,-3.2617743983603757
Gemma_2_2B_base,harm_04,harm_description,user_suffering,1,assistant_next,23,]:,8254,108.34741973876953,-0.3938264846801758,-0.0036348487636319263,4.3935370445251465,0.04055045385592163,-5.476314067840576,-0.050544019239629465,-5.363550186157227,-0.0495032571988238,10.602724075317383,0.09785857476699514,-21.403797149658203,-0.19754782533136198,-11.165079116821289,-0.10304886949537694,-1.7558856010437012,-0.016206067530516368,-19.846195220947266,-0.18317183066101,-12.490208625793457,-0.11527924389808182,-0.2239835103073185,0.6053906648410015,-1.0076515346460544,-0.8940322992312443,1.5883165054845032,-1.9116691986760315,-1.0880564394109318,-1.1442137230267548,-1.1343021590856468,-0.645303540143093,0.19070357726684148,-0.1697690368264005,0.267172825103171,0.04870189413838524
Gemma_2_2B_base,harm_04,harm_description,user_suffering,1,user_next,23,]:,8254,95.02128601074219,-4.598974227905273,-0.048399410500352076,0.5137828588485718,0.005407029102831638,-1.787421703338623,-0.018810750500014854,-0.5429810285568237,-0.005714309407425191,11.90197467803955,0.1252558787374655,-13.833501815795898,-0.14558318874185744,-5.987607955932617,-0.06301333319416152,1.2245287895202637,0.012886889253233537,-14.645791053771973,-0.15413168636884436,-5.192975044250488,-0.05465064999923723,-4.585909971663059,-3.0759835427737188,2.8355896977226362,2.5225230267668555,2.938009490617479,1.983605865069683,2.7357409641002723,2.0981901869344064,1.2876238241727136,2.200131847500488,-3.8309467572183893,-4.7388049354007045,-2.9277367941364045,-3.8332708647685543
Gemma_2_2B_base,harm_04,harm_description,user_suffering,1,moderator_next,23,]:,8254,100.41254425048828,-3.8920774459838867,-0.038760868724476726,2.2889316082000732,0.022795275483610135,-3.6524739265441895,-0.036374677624269325,-0.4946024417877197,-0.004925703710423756,14.065166473388672,0.14007379833242575,-19.627317428588867,-0.19546678729329603,-8.248299598693848,-0.0821441151627202,0.3730051517486572,0.0037147266263681334,-19.175987243652344,-0.19097202831367452,-8.081620216369629,-0.0804841693504876,-3.852658260476972,-1.391601876360867,0.8925008524854083,2.556811118667713,5.185185505439198,-0.9975863454248017,1.0661175968025345,1.1718144516419176,-0.8221737047929737,1.073752500691143,-2.6221300684189197,-3.7550168299146245,-1.3469609871692032,-2.550988908541914
Gemma_2_2B_base,harm_05,harm_description,user_suffering,1,assistant_next,27,]:,8254,106.32875061035156,-1.0885300636291504,-0.01023740105456649,4.096609592437744,0.038527769478360833,-4.883479118347168,-0.045928115305736886,-4.360985279083252,-0.041014168360393496,11.198161125183105,0.10531639900688268,-19.828022003173828,-0.18647846315654426,-9.926618576049805,-0.09335780321943711,-0.18228483200073242,-0.0017143513015470927,-19.3406982421875,-0.18189528355376536,-12.03654956817627,-0.11320126963858503,-0.9445874245688544,0.3236457368548752,-0.3900114690785977,-0.18346921820546705,2.2068709303262013,-1.100858343422484,-0.17339712929702444,0.5677124112774572,-0.8988827132194102,-0.46840670354819847,-0.3104708438569896,-0.8436793191814704,0.08328938687945571,-0.38019496615100734
Gemma_2_2B_base,harm_05,harm_description,user_suffering,1,user_next,27,]:,8254,95.24012756347656,-5.139395713806152,-0.05396250346662753,0.3720414638519287,0.003906352011172674,-2.688646078109741,-0.02823018140455331,-0.7446770668029785,-0.007818942349763852,11.976048469543457,0.12574582558766045,-13.875816345214844,-0.14569296262194478,-6.194863319396973,-0.0650446768382178,1.0175056457519531,0.010683581299004414,-14.645033836364746,-0.15376957392884613,-5.303479194641113,-0.055685343250998894,-5.146479759831391,-3.210477402621434,1.896656724219169,2.3795719246929163,3.014959138795864,1.961833037985583,2.58267347303138,1.8729689381939572,1.2879764745542193,2.157042584084517,-4.178478581226413,-5.306619529889821,-3.06416423993029,-4.1853918849100555
Gemma_2_2B_base,harm_05,harm_description,user_suffering,1,moderator_next,27,]:,8254,101.57814025878906,-4.324899196624756,-0.042577066144411355,1.9403713941574097,0.01910225358737574,-3.518367290496826,-0.03463705164844657,-0.3276631832122803,-0.0032257253615541478,14.900766372680664,0.14669264799215867,-19.213991165161133,-0.18915478385615195,-7.801347255706787,-0.07680143814241347,1.4884368181228638,0.014653121373661659,-19.360355377197266,-0.19059568651161743,-8.002972602844238,-0.07878636665777881,-4.301616718645861,-1.722339474767133,1.0322187141804795,2.675128519447003,6.05322691337795,-0.7849104304021012,1.396212184584618,2.38529671363766,-0.9080374105287211,1.1044198351238643,-3.011978096706497,-4.14452903178267,-1.6826958013837519,-2.913612416583211
Gemma_2_2B_base,harm_06,harm_description,user_suffering,1,assistant_next,36,]:,8254,105.7475357055664,-0.8922939300537109,-0.00843796429013846,4.718701362609863,0.04462232931600577,-3.5176961421966553,-0.03326504129600713,-3.3089451789855957,-0.0312909909144239,10.823467254638672,0.10235195725765682,-18.36147117614746,-0.173634979327286,-8.815959930419922,-0.08336799407757604,-0.9444953203201294,-0.008931605961484476,-17.007404327392578,-0.16083026629335753,-10.01424789428711,-0.09469958640142545,-0.7410351034652983,0.9139286485753901,1.0329179443464427,0.5621591691572877,1.8176298650639908,-0.34624856741035964,0.6468746816651951,-0.2614992162615485,0.1877761265857147,0.32015634340285404,0.0864467725550459,-0.6600141417529186,0.6373494418435343,-0.011332349954692178
Gemma_2_2B_base,harm_06,harm_description,user_suffering,1,user_next,36,]:,8254,93.79451751708984,-3.929368734359741,-0.04189337328425182,0.9212074875831604,0.009821549403623848,-1.2348026037216187,-0.013164976337733506,-0.6296551823616028,-0.0067131341898195316,10.823216438293457,0.11539284730924076,-12.046814918518066,-0.12843836971945694,-5.054914474487305,-0.05389349621171913,0.9124801158905029,0.009728501622967935,-13.250968933105469,-0.1412765829377082,-4.954312801361084,-0.052820921014475955,-3.8913398639489905,-2.6893913907998024,3.411331221080767,2.4610931349580834,1.8173693109715132,2.902940793332883,3.424577425337125,1.7587112733045887,1.937218707083641,2.2931942366954225,-3.2903656273743964,-4.074745767958032,-2.526410131398752,-3.3005779496783925
Gemma_2_2B_base,harm_06,harm_description,user_suffering,1,moderator_next,36,]:,8254,103.39407348632812,-4.000540733337402,-0.03869216676008414,2.549337387084961,0.02465651367746974,-2.394674301147461,-0.023160653414667047,0.2271592617034912,0.00219702400770126,14.908330917358398,0.144189414486409,-19.05963134765625,-0.1843396889685028,-7.4807963371276855,-0.07235227402194262,0.7164983749389648,0.0069297818605986924,-18.33809471130371,-0.17736117838251697,-7.27725887298584,-0.07038371376235715,-3.9651653380119183,-1.1445111917397042,2.2029287275029152,3.068356272682651,6.061085145551075,-0.7054850022709712,1.6329535844045089,1.5455020077896613,-0.4319514009031659,1.3873998857365886,-2.5548382648758112,-3.7480045476664814,-1.1777547174036107,-2.462879632535046
Gemma_2_2B_base,harm_07,harm_description,user_suffering,1,assistant_next,26,]:,8254,108.75167083740234,-0.5270280241966248,-0.0048461602487432035,3.7508625984191895,0.03449016065258628,-4.677462577819824,-0.04301048932676381,-4.677581787109375,-0.043011585487297554,10.330528259277344,0.0949919038459906,-21.467998504638672,-0.19740384988416476,-11.647687911987305,-0.10710353066117106,-2.2083325386047363,-0.020306194117297525,-18.8923397064209,-0.17371999492924906,-12.123767852783203,-0.11148120998444049,-0.36215114564098627,-0.004422487374198116,-0.17537488311479388,-0.40785547848421955,1.3055529010481792,-1.9447038328725967,-1.4444849352001257,-1.6364324306140108,-0.6900737144029528,-0.50241602923264,-0.18328681650759218,-0.2934053563860497,-0.28377202978169375,-0.2885886930838717
Gemma_2_2B_base,harm_07,harm_description,user_suffering,1,user_next,26,]:,8254,93.73468017578125,-5.0497541427612305,-0.05387284763004892,-0.28821897506713867,-0.003074838197843528,-1.4266483783721924,-0.015220069836444628,-0.199934720993042,-0.0021329855782097206,11.031953811645508,0.11769340644206833,-13.29692268371582,-0.14185702302264236,-6.534469127655029,-0.06971239583258723,0.7341693639755249,0.007832419789545688,-13.485230445861816,-0.14386596743673608,-4.945942401885986,-0.05276534141484058,-5.053496120574412,-3.8369773389108652,3.211458327393791,2.765655455916454,2.034210748611078,2.2597012115178754,2.331859172481691,1.564726342542045,1.828118716701512,2.296458135350852,-4.445236729742638,-5.297468524720739,-3.6988283886076587,-4.4981484566641985
Gemma_2_2B_base,harm_07,harm_description,user_suffering,1,moderator_next,26,]:,8254,103.22240447998047,-3.4429678916931152,-0.03335485071325638,2.1143341064453125,0.020483286715679814,-2.9638023376464844,-0.02871278142160795,-0.4658992290496826,-0.004513547532600267,13.939812660217285,0.13504638581559927,-20.607276916503906,-0.19963957457027265,-9.371752738952637,-0.09079184684920072,-0.049382686614990234,-0.000478410543367722,-18.892915725708008,-0.18303115317733376,-8.291912078857422,-0.08033054568560842,-3.386804747466707,-1.5572718412382565,1.6099875082311534,2.5771543833626676,5.0549649290988,-1.5018218591546155,0.2363964709487468,0.7122971499652262,-0.6903419774135692,0.9917526714997468,-2.4720382943524815,-3.203234585136307,-1.5571452593660946,-2.380189922251201
Gemma_2_2B_base,harm_08,harm_description,user_suffering,1,assistant_next,22,]:,8254,107.5390396118164,-0.5750347971916199,-0.005347219012437925,4.061520576477051,0.037767871008871925,-5.112538814544678,-0.04754123556430674,-4.498925685882568,-0.04183527863111236,10.370622634887695,0.09643588665402374,-21.18659210205078,-0.19701303060291414,-10.955517768859863,-0.10187479643119363,-1.4251137971878052,-0.013252059924768135,-19.886634826660156,-0.18492479473914708,-12.615471839904785,-0.11731062398774292,-0.4119477345452725,0.2903508959587241,-0.6286553713977621,-0.2812338215360714,1.3472039092456718,-1.7999069267498145,-0.9332858741464664,-0.7843658463278633,-1.1531356436918967,-0.6941478560361554,-0.0607984192932742,-0.3445474962796811,0.014206565644109891,-0.16517046531778562
Gemma_2_2B_base,harm_08,harm_description,user_suffering,1,user_next,22,]:,8254,96.16357421875,-4.939193248748779,-0.05136241335532362,0.26900631189346313,0.0027973826272465257,-1.9901061058044434,-0.02069500974742692,-0.030008554458618164,-0.00031205739493787545,11.914525985717773,0.12389853520434847,-13.842273712158203,-0.14394508341245943,-6.331261157989502,-0.065838455043147,1.3524465560913086,0.014064021299944654,-14.710562705993652,-0.15297437543794398,-5.082880973815918,-0.052856614524887914,-4.938813232211922,-3.3082441509112908,2.6244246715455115,2.8860898134205417,2.951048092941041,1.9790923094348047,2.48193747956133,2.237352401355527,1.2574584480882105,2.2430612070288163,-4.1235286915616065,-5.041233148404697,-3.164981305342685,-4.103107226873691
Gemma_2_2B_base,harm_08,harm_description,user_suffering,1,moderator_next,22,]:,8254,100.7928466796875,-3.6607766151428223,-0.03631980577725431,2.0420660972595215,0.02026002999745669,-3.135746955871582,-0.031110808546133864,-0.022690773010253906,-0.0002251228510527495,14.225977897644043,0.14114074923246478,-19.29452896118164,-0.19142756253822538,-8.172207832336426,-0.0810792442275901,0.9105424880981445,0.009033800692144194,-19.192153930664062,-0.19041186515602007,-8.039487838745117,-0.07976248417999382,-3.6127339400521614,-1.6258446353689855,1.430848465627017,2.89127625600948,5.352240306716154,-0.8263509363126766,1.1223148192658945,1.7566033208165444,-0.8297028348525234,1.090181323603099,-2.6192892877105733,-3.5058620564995238,-1.5774416602326096,-2.5416518583660666
Gemma_2_2B_base,harm_09,harm_description,user_suffering,1,assistant_next,22,]:,8254,108.84430694580078,0.5738388299942017,0.005272106976435118,4.779001712799072,0.04390676781265909,-5.174571990966797,-0.0475410440487575,-4.861749172210693,-0.04466700472107935,10.083093643188477,0.09263776789179586,-20.680191040039062,-0.18999791188285853,-10.092156410217285,-0.09272103147519413,-0.9660377502441406,-0.008875409080652982,-19.703954696655273,-0.18102880389019238,-13.146598815917969,-0.1207835226739451,0.7797588548960332,0.9711457152432306,-0.6932841102827682,-0.5383832315091894,1.0485118306692192,-1.5393396249319862,-0.29565433185840645,-0.28493530596666533,-1.0680580729375913,-0.9012520244846705,0.8754522850696319,0.7393474371096302,0.5722973205360106,0.6558223788228204
Gemma_2_2B_base,harm_09,harm_description,user_suffering,1,user_next,22,]:,8254,95.55463409423828,-4.054960250854492,-0.042436039751409575,0.6481548547744751,0.006783081332667228,-1.9292263984680176,-0.020189773282637116,-0.3743472695350647,-0.0039176254828821215,10.826068878173828,0.11329716220248301,-12.484331130981445,-0.1306512368481166,-5.271198272705078,-0.05516423481363024,1.7014079093933105,0.01780560331292087,-13.646350860595703,-0.1428120257060201,-5.541934967041016,-0.05799755312312144,-4.021613755039462,-2.9484822691482955,2.6878516784436863,2.642041396629983,1.8203324945859631,2.677818005220523,3.2648420254967303,2.6169887566066667,1.7530819106508546,2.064060704637663,-3.4850480120938787,-4.130134729073726,-2.8026390685571343,-3.46638689881543
Gemma_2_2B_base,harm_09,harm_description,user_suffering,1,moderator_next,22,]:,8254,99.90900421142578,-3.22395920753479,-0.0322689554658387,1.9431618452072144,0.019449316511003626,-3.462787389755249,-0.03465941250327503,-0.8079557418823242,-0.008086916171965258,13.04665470123291,0.13058537420334804,-18.324472427368164,-0.18341162112466078,-7.22222900390625,-0.07228806913761936,0.8772881031036377,0.008780871254077711,-18.50734519958496,-0.18524201442764882,-8.812631607055664,-0.08820658034391493,-3.1596308565526527,-1.719691705338779,1.0901241625141092,2.3347234664930014,4.127130815086324,-0.3272109609295226,1.8239172936519472,1.7204257515929775,-0.5107745350424066,0.7887067149717862,-2.4396612809457157,-3.092399268648159,-1.6511441048439135,-2.3717716867460363
Gemma_2_2B_base,harm_10,harm_description,user_suffering,1,assistant_next,32,]:,8254,107.6517562866211,0.09056258201599121,0.000841255035123345,4.296533584594727,0.03991141187845811,-4.791720867156982,-0.044511311588815154,-4.217309474945068,-0.03917548231834276,10.482455253601074,0.09737375046340817,-21.159122467041016,-0.19655157701937706,-11.74903392791748,-0.10913926844477914,-1.3619948625564575,-0.012651859194290967,-19.293882369995117,-0.17922496608996755,-11.826544761657715,-0.10985928302153963,0.27846482602461176,0.513347195500698,-0.29441391308111425,-0.08163967945247032,1.4633783413915964,-1.7857725000802085,-1.5193335669988772,-0.7156985223848533,-0.8770796814459737,-0.3865188070781517,0.39590601076265486,0.2870985867759859,0.20907713934572172,0.24808786306085379
Gemma_2_2B_base,harm_10,harm_description,user_suffering,1,user_next,32,]:,8254,97.57903289794922,-4.560382843017578,-0.04673527403973095,0.8967167735099792,0.009189646042585703,-1.495583176612854,-0.015326890748927336,-0.12533152103424072,-0.001284410362678177,11.708356857299805,0.11998844946070249,-14.329058647155762,-0.14684567187852207,-6.869473457336426,-0.07039907297011957,1.141548991203308,0.011698711877962254,-15.2471923828125,-0.15625480115957313,-5.445854187011719,-0.05580967576002869,-4.545879800739052,-2.7126298432378277,3.139639192334995,2.818530116941465,2.73687461032445,1.728618432910933,2.0844432726737883,2.007916155456598,1.0075399194710297,2.101525813642705,-3.62925482198844,-4.568949609363474,-2.583856841296685,-3.57640322533008
Gemma_2_2B_base,harm_10,harm_description,user_suffering,1,moderator_next,32,]:,8254,103.96104431152344,-2.410123109817505,-0.023182944397859975,2.9535083770751953,0.02840976056593746,-3.949171304702759,-0.03798702995776869,-1.900953769683838,-0.018285250809789422,12.896175384521484,0.12404815159299072,-20.64910316467285,-0.198623468063643,-10.017727851867676,-0.09636040036159269,0.024169206619262695,0.0002324832996755852,-19.056915283203125,-0.18330823251542486,-9.377997398376465,-0.09020684103821543,-2.3154528569666106,-0.7610063131292861,0.583389204705289,1.5600663438370648,3.9708092572994884,-1.5233434424373393,-0.24068546398440963,0.7923145284085844,-0.7667196543732511,0.5682516875136728,-1.5382295850479484,-2.1650069490583466,-0.8365448133719273,-1.5007758812151368
Gemma_2_2B_base,harm_11,harm_description,user_suffering,1,assistant_next,31,]:,8254,106.03801727294922,-0.1318681240081787,-0.0012435928867732505,3.8223800659179688,0.03604726082419003,-4.577526092529297,-0.04316872580469349,-4.540553092956543,-0.04282004897610302,10.518379211425781,0.09919441613426949,-20.047510147094727,-0.18905964731018163,-9.91074275970459,-0.09346405199366987,0.01710963249206543,0.00016135375719091434,-18.930335998535156,-0.17852404718024062,-12.046133995056152,-0.11360202977059225,0.047741331472489185,0.06343814184193285,-0.07125690326193974,-0.310737047129639,1.500697018614168,-1.213795376404354,-0.16167211848903887,0.7846343914366402,-0.7077693019343698,-0.4721439920849503,0.055589736657211015,0.07430202117486082,-0.14221512827513222,-0.0339565535501357
Gemma_2_2B_base,harm_11,harm_description,user_suffering,1,user_next,31,]:,8254,95.5667495727539,-4.4441118240356445,-0.04650269935834107,-0.13748466968536377,-0.0014386245247432865,-1.638657569885254,-0.017146733327345846,-0.8257181644439697,-0.008640224430939336,10.846221923828125,0.1134936782125358,-12.8477783203125,-0.13443774511271442,-5.612536430358887,-0.0587289664600984,1.8522108793258667,0.01938133176660779,-13.695186614990234,-0.14330493269067648,-5.071751594543457,-0.053070253170872876,-4.425273899269078,-3.6939503950689536,2.9905783488113427,2.32213443448836,1.8412679663815346,2.4908072333610543,3.012748306305081,2.7810478689539773,1.7303381817640318,2.247400924165522,-4.059612147169016,-4.545211142434663,-3.5500792316872127,-4.0476451870609385
Gemma_2_2B_base,harm_11,harm_description,user_suffering,1,moderator_next,31,]:,8254,101.8750228881836,-3.6638131141662598,-0.0359638016296458,1.7058794498443604,0.01674482519347953,-2.9754531383514404,-0.02920689540965552,-0.4588477611541748,-0.004504026091437533,13.899372100830078,0.13643552371110443,-18.79383087158203,-0.18447927999201374,-7.307106018066406,-0.07172617792770039,1.5313042402267456,0.015031203888979548,-18.592124938964844,-0.18249934490195172,-7.769861221313477,-0.07626855927032825,-3.6158836475651857,-1.9448413535909193,1.597849220302158,2.58215207749522,5.01295429681169,-0.5687180835812339,1.7612317670158737,2.43193234171664,-0.5502580534493113,1.195317757858285,-2.7803625005780526,-3.4695253725835418,-1.8970110169680066,-2.683268194775774
Gemma_2_2B_base,harm_12,harm_description,user_suffering,1,assistant_next,40,]:,8254,104.98790740966797,-0.009830951690673828,-9.363889549977382e-05,4.384713649749756,0.04176398747181795,-3.742837905883789,-0.035650181037317485,-3.911525249481201,-0.037256912210072324,10.594675064086914,0.10091328921097524,-18.824630737304688,-0.17930284736364974,-9.11252212524414,-0.08679592107390646,-0.10670113563537598,-0.001016318338635162,-18.162107467651367,-0.17299237517690425,-11.225882530212402,-0.10692548129765514,0.1743283632975587,0.5970184287674779,0.7983559067936274,0.1350834272926318,1.5799549977259086,-0.5845660714899129,0.4278500429352345,0.6499401959104442,-0.34999083314307466,-0.15230051732812572,0.3856733960325183,0.19167569499165008,0.3774958869543591,0.28458579097300457
Gemma_2_2B_base,harm_12,harm_description,user_suffering,1,user_next,40,]:,8254,93.95174407958984,-4.2869791984558105,-0.04562958612906812,0.5156911015510559,0.00548889333139144,-1.452314019203186,-0.015458084716052525,-0.1269679069519043,-0.0013514161785474178,11.332204818725586,0.12061729060745988,-11.79252815246582,-0.12551686259784547,-4.458819389343262,-0.04745861221656554,1.765573501586914,0.018792344079224695,-13.226263999938965,-0.1407772056762941,-4.697066307067871,-0.0499944556972654,-4.262282965463427,-3.074172872527462,3.1847187971092965,2.817370336251758,2.346118764805973,3.033783363557749,3.864820696229309,2.6867947432077934,1.9487242588883034,2.393503246956594,-3.668227918995445,-4.456094092400063,-2.920294468491283,-3.688194280445673
Gemma_2_2B_base,harm_12,harm_description,user_suffering,1,moderator_next,40,]:,8254,100.72334289550781,-3.627880096435547,-0.03601826540049583,1.4757485389709473,0.014651504770864436,-2.492589235305786,-0.024746887500463943,-0.6161587238311768,-0.006117337909151713,13.49498176574707,0.13398067794222243,-17.662391662597656,-0.17535549511021428,-6.929619789123535,-0.06879854847860288,1.298419713973999,0.01289095135892186,-17.599111557006836,-0.1747272385038339,-7.91091251373291,-0.07854100436221455,-3.5786109545596947,-2.1632051877719567,2.1009168835567045,2.4706586853664905,4.5928638251401335,0.013460912420030405,2.040022477236891,2.1785763987034694,-0.0877930537733946,1.1403171422910012,-2.8709080711658257,-3.4750843887903597,-2.0873160200048995,-2.7812002043976296
Gemma_2_2B_base,harm_13,harm_description,user_suffering,1,assistant_next,37,]:,8254,107.52680206298828,0.3225942850112915,0.0030001290731432573,5.533137321472168,0.05145821521066816,-3.75785231590271,-0.03494805242790902,-3.97658109664917,-0.03698223159579993,10.693765640258789,0.09945209412993118,-19.560712814331055,-0.18191476393832076,-9.819584846496582,-0.09132220672520655,-1.1819040775299072,-0.010991716063847579,-18.584827423095703,-0.1728390230763942,-11.131635665893555,-0.10352428838507387,0.5191472673964367,1.6867207867419478,0.7827132710204372,0.08897540687794644,1.6828926875539916,-0.9633151206433382,-0.09434786288189595,-0.5197770869741322,-0.5468594631227615,-0.11555051338339958,1.1029340270691923,0.5074508609304245,1.2588038889933015,0.883127374961863
Gemma_2_2B_base,harm_13,harm_description,user_suffering,1,user_next,37,]:,8254,97.53028106689453,-3.3936705589294434,-0.03479607073624423,1.35530686378479,0.013896267384436283,-1.3905433416366577,-0.014257554950373877,-0.4833965301513672,-0.004956373803740121,11.540328979492188,0.11832559952920521,-13.667200088500977,-0.14013288938567553,-6.0234150886535645,-0.06175943535446387,1.4465432167053223,0.014831734317602964,-14.682634353637695,-0.15054436625243703,-5.592565536499023,-0.05734183758440282,-3.3356694834078984,-2.2774884272073717,3.2490740537872953,2.5647532549242755,2.5623231823639294,2.069175970702438,2.7092957716750887,2.3397205087083557,1.2704652068065867,2.0443181525564533,-2.806578955307635,-3.3503372432948906,-2.155975099410543,-2.7531561713527166
Gemma_2_2B_base,harm_13,harm_description,user_suffering,1,moderator_next,37,]:,8254,105.6476821899414,-2.81321382522583,-0.026628258821315372,3.4229869842529297,0.03240001970037378,-2.7439191341400146,-0.025972355259122382,-0.6973121166229248,-0.0066003541409384095,14.313179969787598,0.135480302767592,-20.086231231689453,-0.19012467491314106,-8.459808349609375,-0.08007566445612778,0.4981008768081665,0.004714735491429363,-19.520648956298828,-0.1847711994400703,-8.533187866210938,-0.08077023261967381,-2.7335718304792787,-0.31553313292841245,1.839070959446319,2.4131416065111213,5.442827930700796,-1.2337192061377016,0.9099087860842392,1.307906556597708,-0.9826891436816892,0.8976711739232233,-1.5245524817038456,-2.516663810466434,-0.4737879852757051,-1.4952258978710695
Gemma_2_2B_base,harm_14,harm_description,user_suffering,1,assistant_next,30,]:,8254,105.460205078125,0.532556414604187,0.005049832912895142,4.957762718200684,0.04701074414304399,-4.948256969451904,-0.04692060825963909,-4.467170715332031,-0.04235882826154897,9.573622703552246,0.09077948119349948,-19.8574275970459,-0.18829308725822694,-10.62713623046875,-0.10076915953838853,-1.6496026515960693,-0.0156419442800632,-17.897253036499023,-0.16970622258169066,-11.084193229675293,-0.10510308814082159,0.7369373249346909,1.1407662950836532,-0.45749972400998673,-0.25872763809292043,0.5192610826492323,-1.115988912507702,-0.6907612062455777,-1.0285881066888882,-0.22664314554644024,-0.09705112106123118,0.9388518100091721,0.7166603351648108,0.8544816524704426,0.7855709938176267
Gemma_2_2B_base,harm_14,harm_description,user_suffering,1,user_next,30,]:,8254,94.20382690429688,-4.29577112197876,-0.04560081329119357,0.5293189883232117,0.005618869272274416,-0.7833259701728821,-0.008315224507478609,0.004910111427307129,5.212220764975277e-05,11.067052841186523,0.11747986472385791,-12.523995399475098,-0.13294571792925586,-5.616247177124023,-0.05961803635461281,1.1372833251953125,0.012072580940376193,-13.238877296447754,-0.14053438943512703,-5.3985137939453125,-0.057306735526039154,-4.2714026744968985,-3.0612418082212427,3.8816983237380924,2.910838250795661,2.0706724703583905,2.657408862753658,3.0100077514270924,2.0032755215277382,1.9428500095862975,2.1199854159277156,-3.6663222413590706,-4.453157302134454,-2.908478278500857,-3.680817790317656
Gemma_2_2B_base,harm_14,harm_description,user_suffering,1,moderator_next,30,]:,8254,102.15463256835938,-3.125581741333008,-0.030596573672187065,2.699552297592163,0.02642613682532399,-2.997112274169922,-0.029338975617814764,-0.35306572914123535,-0.0034561891151140152,13.97701644897461,0.13682214988753968,-19.36790657043457,-0.1895940113873352,-8.094339370727539,-0.07923614590176324,0.0036913156509399414,3.6134588888759435e-05,-18.401268005371094,-0.18013150791822796,-7.961771488189697,-0.07793842812622202,-3.0575856255098124,-1.001977085021824,1.5752838332943697,2.657124586560646,5.093613125682986,-0.8641071874171349,1.1798242117980522,0.7700365545960624,-0.46137239154761445,1.1204855274630703,-2.0297813552658184,-2.9217023567414264,-1.0168772258890295,-1.9692897913152279
Gemma_2_2B_base,harm_15,harm_description,user_suffering,1,assistant_next,29,]:,8254,105.05836486816406,0.12256905436515808,0.0011666758236620937,4.6603264808654785,0.04435940428649963,-4.375218868255615,-0.04164560217309685,-4.4629011154174805,-0.04248020727352742,10.169951438903809,0.09680287192424807,-19.763954162597656,-0.18812356529058016,-9.949499130249023,-0.09470449252407916,-1.6210434436798096,-0.015429932168790454,-17.765357971191406,-0.1690998902703735,-11.46234130859375,-0.10910450893631977,0.3116645819426784,0.8585385971077707,0.13951516301374506,-0.25570157958177137,1.1387418119641868,-1.0678924087028574,-0.19029545688188595,-0.9975184380863445,-0.16521713413210304,-0.2445037020291136,0.5851015895252245,0.32031368388161074,0.6134467712355944,0.4668802275586026
Gemma_2_2B_base,harm_15,harm_description,user_suffering,1,user_next,29,]:,8254,95.73066711425781,-4.159490585327148,-0.043449927914559025,0.60269695520401,0.006295756348220896,-1.6197941303253174,-0.01692032636095639,-0.5581211447715759,-0.005830118619203179,11.223581314086914,0.11724123159709299,-12.400958061218262,-0.12954007775185872,-5.056157112121582,-0.052816482581144936,1.449763298034668,0.015144188813646584,-13.451627731323242,-0.1405153451533798,-4.995447158813477,-0.05218230802519364,-4.130041249099625,-2.9916158108630952,3.010231063376472,2.5117925418389118,2.233278038063801,2.7207173935949487,3.4236596810539024,2.3432236471731676,1.8437681325608934,2.2771545752216467,-3.56082852998136,-4.233620415850134,-2.846942072360611,-3.5402812441053726
Gemma_2_2B_base,harm_15,harm_description,user_suffering,1,moderator_next,29,]:,8254,101.36312866210938,-3.3023877143859863,-0.0325797729211219,2.5537314414978027,0.02519388928897984,-3.1765315532684326,-0.031338136413066875,-0.36295056343078613,-0.0035806961389349946,14.13599967956543,0.13945899131317577,-19.222116470336914,-0.18963617958570717,-7.59708309173584,-0.07494917720091755,0.5903441905975342,0.005824052576015357,-18.357933044433594,-0.18111056048426794,-7.823612689971924,-0.07718400954307238,-3.240983379757101,-1.1403418145554456,1.3883573786358423,2.6501187575528147,5.258768755114773,-0.7890912842843759,1.5470705390884085,1.4082584010409986,-0.44119048558336604,1.174358262818218,-2.1906625971562734,-3.1241238305783057,-1.1289015813640615,-2.1265127059711837
Gemma_2_2B_base,harm_16,harm_description,user_suffering,1,assistant_next,35,]:,8254,101.77912139892578,0.11895833909511566,0.0011687892119726158,4.758098125457764,0.0467492552505762,-4.087442874908447,-0.04015993475604504,-3.8658816814422607,-0.037983052204683926,9.521449089050293,0.09355012067485569,-18.646926879882812,-0.1832097450202554,-9.654224395751953,-0.09485466432660566,-0.9074866771697998,-0.008916236107137173,-17.269987106323242,-0.1696810393816734,-11.021074295043945,-0.10828423495469736,0.3079192499252258,0.9513109722151757,0.4393321416712443,0.16743308775443186,0.4650618686140193,-0.4931290305265855,0.027778333972134275,-0.2212373756151947,0.06548639013359699,-0.07243893779706016,0.6296151110702007,0.3205293935118132,0.8307095419337143,0.5756194677227637
Gemma_2_2B_base,harm_16,harm_description,user_suffering,1,user_next,35,]:,8254,94.48238372802734,-4.063488960266113,-0.043007900519985674,0.7741105556488037,0.008193173426668858,-1.83024263381958,-0.019371258022956243,-0.5595614910125732,-0.00592238964486016,10.80720329284668,0.11438326242864277,-13.033536911010742,-0.13794674093456918,-6.282912731170654,-0.06649824531582901,1.3576900959014893,0.014369769710824334,-14.065864562988281,-0.14887287987438624,-4.959207534790039,-0.05248817122422934,-4.030460436662884,-2.8289669477362698,2.7909770743735605,2.5107717033320722,1.8007344677517783,2.3952256510961196,2.5176449867958133,2.2430568678338783,1.55770649299185,2.291285616455136,-3.4297136921995772,-4.188503498458263,-2.6744467587070995,-3.4314751285826812
Gemma_2_2B_base,harm_16,harm_description,user_suffering,1,moderator_next,35,]:,8254,101.32528686523438,-3.6303491592407227,-0.03582865907963522,2.2463996410369873,0.022170177953947125,-2.6279137134552,-0.025935418440516268,0.1338033676147461,0.0013205328280265175,13.903449058532715,0.13721598515703895,-18.900815963745117,-0.18653602223582905,-8.107932090759277,-0.0800188417087145,1.2955923080444336,0.012786465729602223,-18.341482162475586,-0.18101584244089336,-7.687779426574707,-0.07587226904967642,-3.58117207037352,-1.4319590947360297,1.9599302233935196,3.002190729417012,5.017189539189414,-0.6237669744522839,1.169785371223401,2.1755004532677957,-0.4335290005947374,1.2273241943826325,-2.506565582554775,-3.455731622830002,-1.4037889748942085,-2.429760298862105
Gemma_2_2B_base,harm_17,harm_description,user_suffering,1,assistant_next,37,]:,8254,107.21025848388672,-0.3878134787082672,-0.0036173168891907304,3.886936664581299,0.03625526810165736,-5.6050262451171875,-0.05228068959426677,-4.616576671600342,-0.04306096018128895,10.387117385864258,0.09688548029594948,-21.520755767822266,-0.20073410951673762,-12.170625686645508,-0.11352109265247882,-0.7942538261413574,-0.007408375255999692,-19.429630279541016,-0.1812292084200246,-12.139110565185547,-0.11322713644058612,-0.21774632401501415,0.12469382606231709,-1.1417492252096575,-0.36461839475171104,1.3643390559509625,-1.971849940474409,-1.830698212454334,-0.09805093547684919,-0.9403000348518505,-0.5083986658474919,-0.04652624897634853,-0.1679795908766725,-0.12330506312578232,-0.14564232700122742
Gemma_2_2B_base,harm_17,harm_description,user_suffering,1,user_next,37,]:,8254,96.13253021240234,-4.544561862945557,-0.04727392333172199,0.23337924480438232,0.0024276823286429362,-1.9813404083251953,-0.020610509303640244,-0.5041115283966064,-0.005243922398409623,11.391650199890137,0.11849943171911298,-14.135936737060547,-0.14704634014966173,-6.875183582305908,-0.07151776372800515,1.4117076396942139,0.01468501491196666,-14.189931869506836,-0.1476080140422243,-4.851568222045898,-0.0504674974363671,-4.529468973858615,-3.342049531251857,2.633557139141178,2.550071599030754,2.4078720661230917,1.8279887913290416,2.0802260862610527,2.3018227548040073,1.4999260159999281,2.333257783874649,-3.935759252555236,-4.62392854485096,-3.1985909790879994,-3.9112597619694798
Gemma_2_2B_base,harm_17,harm_description,user_suffering,1,moderator_next,37,]:,8254,102.54857635498047,-3.3599891662597656,-0.032764854332339846,1.9779094457626343,0.01928753685390946,-3.7386364936828613,-0.03645722472773545,-0.6809673309326172,-0.006640436709480899,13.732259750366211,0.133909803904355,-20.192174911499023,-0.19690351274699439,-8.943367004394531,-0.08721103034562196,0.865402102470398,0.008438947991581435,-18.892732620239258,-0.18423203219165601,-8.269493103027344,-0.08063976504560924,-3.3007323618340187,-1.6867208225613397,0.8027331124719943,2.4247258951660147,4.8393539408237105,-1.288232241088629,0.5527787758621292,1.7074949272589408,-0.6902567017545653,1.0004945798501907,-2.493726592197679,-3.143014747392977,-1.665851589566272,-2.4044331684796245
Gemma_2_2B_base,harm_18,harm_description,user_suffering,1,assistant_next,29,]:,8254,102.50941467285156,-0.5550981760025024,-0.005415094582034657,3.8741157054901123,0.037792779500828884,-4.950221061706543,-0.048290404130241826,-4.675625801086426,-0.045611672020645255,10.543992042541504,0.10285876742337852,-19.887065887451172,-0.19400233579441198,-10.263771057128906,-0.1001251552346162,-1.6775952577590942,-0.01636527984393404,-18.148237228393555,-0.17703971177976013,-10.867226600646973,-0.10601198568276513,-0.39126782486672645,0.11252842953038533,-0.45954599687222636,-0.4064691827490472,1.52730424774599,-1.1312392149670136,-0.4223995363942274,-1.0590413671349366,-0.3435312019735318,-0.012448577196329911,-0.13936969766817056,-0.3514754299417514,0.01647101144337824,-0.16750220924918657
Gemma_2_2B_base,harm_18,harm_description,user_suffering,1,user_next,29,]:,8254,92.68742370605469,-4.492088317871094,-0.04846491722671167,0.2740868926048279,0.002957109839130457,-1.8741087913513184,-0.0202196664489758,-0.5409379005432129,-0.005836152078827031,11.841882705688477,0.12776148297360562,-13.684270858764648,-0.1476389170354159,-5.958759784698486,-0.0642887626653198,0.5978111028671265,0.006449754227315687,-14.168954849243164,-0.152868148479108,-4.485472679138184,-0.04839354142977626,-4.475039080128911,-3.3034233509596924,2.7452754900839578,2.5239710839709706,2.875584494719753,2.0603922518652644,2.7570466476730577,1.4163816826943536,1.5096954086845586,2.4760106780238775,-3.889231215544302,-4.745491085621395,-3.150460409633526,-3.9479757476274604
Gemma_2_2B_base,harm_18,harm_description,user_suffering,1,moderator_next,29,]:,8254,98.80695343017578,-3.9680511951446533,-0.04015963510046657,1.935783863067627,0.019591575247136766,-2.8714559078216553,-0.029061273606121617,0.06376862525939941,0.000645386008227275,14.227492332458496,0.14399282478143285,-18.828704833984375,-0.19056052413649324,-7.768949508666992,-0.07862755847600443,0.8136458396911621,0.008234702229394653,-18.063852310180664,-0.1828196466248289,-7.1221818923950195,-0.07208178822584661,-3.931464506313793,-1.726692435759586,1.706197853152058,2.952553940860249,5.353813538270733,-0.586662386957645,1.4201393909679592,1.651189096320909,-0.3042315592063541,1.4478695861307391,-2.8290784710366896,-3.897786322961482,-1.6382112786414056,-2.767998800801444
Gemma_2_2B_base,harm_19,harm_description,user_suffering,2,assistant_next,59,]:,8254,90.66845703125,-1.6475787162780762,-0.01817146525070144,4.745265960693359,0.05233645874284422,-2.586834192276001,-0.028530696087443252,-0.6557514667510986,-0.00723241012610467,9.953271865844727,0.10977656609303728,-13.821930885314941,-0.15244475684141226,-6.920452117919922,-0.07632700880235233,-3.083759307861328,-0.034011379578219494,-11.273548126220703,-0.12433814906914249,-3.3536882400512695,-0.03698847813077242,-1.524478848146856,0.939134942979627,2.002728574226718,2.442597518257072,0.9136498249628239,1.989559656167528,2.046793218445347,-2.588812471627412,2.858140750462293,2.917331276874888,-0.29267195258361456,-1.6534945553261173,1.3386455301736344,-0.15742451257624146
Gemma_2_2B_base,harm_19,harm_description,user_suffering,2,user_next,59,]:,8254,89.53938293457031,-1.660101294517517,-0.018540459405785872,3.2987732887268066,0.03684159060083472,-2.683314800262451,-0.02996798405706288,-1.5142955780029297,-0.016912061803122772,9.544377326965332,0.10659418251675641,-12.681805610656738,-0.14163382854585668,-7.163125991821289,-0.07999972478094523,-1.3493294715881348,-0.015069675793657623,-12.440851211547852,-0.13894278477034888,-3.421114921569824,-0.03820793498286399,-1.5374683002951228,-0.4333955213834776,1.9022110708412303,1.8341084871896542,0.4888802773263574,2.57620804385421,1.867567550143453,-0.7019197964040323,2.3145057594483,2.8910393590514625,-0.9854319108393002,-1.6911571052436318,-0.07000213645431078,-0.8805796208489713
Gemma_2_2B_base,harm_19,harm_description,user_suffering,2,moderator_next,59,]:,8254,100.31940460205078,-2.800413131713867,-0.02791496961951287,4.269451141357422,0.042558577358922475,-4.050445556640625,-0.040375494379258144,-2.1292388439178467,-0.021224596102460518,12.952728271484375,0.12911488383394562,-20.343210220336914,-0.20278439949912788,-10.109330177307129,-0.1007714331779484,-2.5815000534057617,-0.025732808758645576,-17.67441749572754,-0.1761814433193539,-6.459915637969971,-0.06439348063911769,-2.720293894206173,0.48764953445271675,0.4778774840136358,1.3982703897243933,4.029557765603358,-1.3659470522439834,-0.308337938191692,-2.042402759066351,-0.12286444511496394,1.7061093444344255,-1.116322179876728,-2.647995998249812,0.4497325255715881,-1.099131736339112
Gemma_2_2B_base,harm_20,harm_description,user_suffering,1,assistant_next,45,]:,8254,105.73927307128906,-1.08627450466156,-0.010273141408199368,2.860417366027832,0.027051608006604586,-3.7193145751953125,-0.035174391379518596,-2.925520896911621,-0.02766730668688487,10.71647834777832,0.10134813713494424,-18.22747039794922,-0.17238127205263004,-8.687724113464355,-0.08216175372803179,1.3259913921356201,0.01254019772995452,-17.51512336730957,-0.16564444655772254,-10.312488555908203,-0.09752751514525315,-0.9422477725645386,-0.8493373853131228,0.8228634894204799,0.8339092945488974,1.7064871980727938,-0.2772988280912955,0.7415826517676628,2.2085717300099037,-0.048678174934058564,0.20386233648530966,-0.8957925789388307,-0.847327270874526,-0.9600152692735231,-0.9036712700740246
Gemma_2_2B_base,harm_20,harm_description,user_suffering,1,user_next,45,]:,8254,94.13819122314453,-5.14803409576416,-0.054685925328236816,-0.7456651329994202,-0.007920963036477944,-1.4297456741333008,-0.015187732582881705,-0.15013837814331055,-0.0015948721362982591,11.323274612426758,0.1202835370565613,-12.339408874511719,-0.13107760744268462,-5.131921768188477,-0.054514769208001926,1.5963938236236572,0.016957982757917836,-13.720897674560547,-0.14575272263343816,-4.627077579498291,-0.04915197030427638,-5.155440202875667,-4.271033314261448,3.2082314360666055,2.800948375656074,2.336841850273807,2.75238736175318,3.3677040443842072,2.502743541787364,1.7183640579789055,2.4207941922082767,-4.7132367585685575,-5.380457859301966,-4.139392476250471,-4.759925167776219
Gemma_2_2B_base,harm_20,harm_description,user_suffering,1,moderator_next,45,]:,8254,100.35101318359375,-4.777806282043457,-0.047610942136701556,0.7598487138748169,0.007571908740818209,-2.2623000144958496,-0.02254386819550029,0.9352397918701172,0.009319684597096008,14.706245422363281,0.1465480512434685,-17.217937469482422,-0.1715771163962434,-6.339343070983887,-0.06317168975051561,2.073852062225342,0.02066598030685746,-17.679546356201172,-0.17617705885894908,-6.627435684204102,-0.06604253882398879,-4.7714093445069,-2.842499551593924,2.340841755668363,3.5702049605626067,5.851153840212008,0.2421536197804596,2.475968620061584,3.0221721368802537,-0.12525305185518684,1.6407876766588552,-3.806954448050412,-4.658327430011565,-2.7309263003244424,-3.6946268651680034
Gemma_2_2B_base,neutral_01,casual_chat,neutral,1,assistant_next,15,]:,8254,97.66580200195312,-1.0952906608581543,-0.011214679431355621,1.9607951641082764,0.020076578740110734,-5.203291416168213,-0.053276492994591466,-5.508787631988525,-0.05640446828950793,8.43923568725586,0.08640932152573827,-17.375436782836914,-0.177907071120856,-9.36233901977539,-0.09586097516086708,1.185765027999878,0.012141046340623558,-19.373550415039062,-0.19836575359972602,-12.824905395507812,-0.13131418708107614,-0.9516000742421673,-1.702960015058846,-0.7232051999209888,-0.9969686440624198,-0.6591676170283197,0.16111277252016898,0.24334892975127131,2.056018946479915,-0.9141825877056872,-0.7758130026720216,-1.3272800446505066,-0.9434283128767927,-1.5941193230066297,-1.2687738179417112
Gemma_2_2B_base,neutral_01,casual_chat,neutral,1,user_next,15,]:,8254,91.8989028930664,-3.870976686477661,-0.0421221207720176,0.11310327053070068,0.001230735808264302,-2.5739059448242188,-0.02800801602407829,-0.7788848876953125,-0.008475453603636848,10.243881225585938,0.11146902632238952,-12.034566879272461,-0.13095441295176163,-5.214381217956543,-0.056740407706760095,2.6171045303344727,0.02847808241388623,-15.224777221679688,-0.16566875928209113,-5.4726104736328125,-0.059550335220005225,-3.8307708104121807,-3.4561755424103833,2.016197759217607,2.3553272953059023,1.2155418644468903,2.9092429889209175,3.3068039987596216,3.6131785191705332,1.0179790813940865,2.0910926427783156,-3.643473176411282,-4.098093600322785,-3.307406098233062,-3.7027498492779234
Gemma_2_2B_base,neutral_01,casual_chat,neutral,1,moderator_next,15,]:,8254,90.94960021972656,-3.7927284240722656,-0.041701430406613706,0.9289889931678772,0.0102143273958711,-3.508059501647949,-0.03857146697921457,-0.8807753324508667,-0.009684213348084959,11.17903995513916,0.12291466843319314,-15.200784683227539,-0.16713415613156876,-6.369212627410889,-0.07003013330485684,2.5065650939941406,0.027559935260171465,-18.455116271972656,-0.20291585919439614,-7.881813049316406,-0.08666132704568916,-3.7496052516298306,-2.682007769934917,1.0429577965944232,2.2831129300894952,2.187007395899682,1.280074150161547,2.4539085971738857,3.4929222548975054,-0.4864505415996682,1.151663996531987,-3.215806510782374,-4.055154513975425,-2.490702450816312,-3.2729284823958684
Gemma_2_2B_base,neutral_02,casual_chat,neutral,1,assistant_next,14,]:,8254,101.25885009765625,-0.941435694694519,-0.009297317654571209,3.0493862628936768,0.030114762906677115,-4.414986610412598,-0.04360099493678516,-4.279185771942139,-0.04225986931330149,10.75078010559082,0.106171263995419,-18.960586547851562,-0.18724868522174168,-9.998332023620605,-0.09874032752670997,0.3541107177734375,0.0034970841307394402,-19.88619613647461,-0.19638970931721944,-12.19432258605957,-0.12042722758849324,-0.7920089994217008,-0.6700308649331435,0.09808347803245762,-0.12549420889637813,1.7421206946440182,-0.6545217674355807,-0.2263607646504269,1.151259126586544,-1.1529313374255332,-0.5299276790362193,-0.7310199321774221,-0.7477267478708295,-0.6815420378164186,-0.7146343928436241
Gemma_2_2B_base,neutral_02,casual_chat,neutral,1,user_next,14,]:,8254,94.79593658447266,-4.419687271118164,-0.046623172156538384,0.792720377445221,0.00836238773524673,-2.204235076904297,-0.023252421531170832,-0.23608845472335815,-0.0024904912935058113,12.317124366760254,0.1299330415474556,-13.4359769821167,-0.1417357902270832,-5.523721218109131,-0.058269599068594496,1.9886348247528076,0.020978059781926784,-15.725505828857422,-0.16588797363528787,-4.884636402130127,-0.05152790908687766,-4.399938736230114,-2.8113086852044415,2.40133621857387,2.740031670115917,3.3692770393663416,2.188151196996678,3.078342370943892,2.929463987016318,0.7847803558144087,2.320363394683843,-3.6056237107172775,-4.557507577793567,-2.659063385402229,-3.608285481597898
Gemma_2_2B_base,neutral_02,casual_chat,neutral,1,moderator_next,14,]:,8254,96.14601135253906,-3.9704105854034424,-0.041295634936379395,1.6310367584228516,0.01696416456052785,-2.8657784461975098,-0.02980652453370682,0.1427781581878662,0.0014850138469534719,13.912518501281738,0.14470198301070064,-17.44635772705078,-0.18145690582087834,-7.240049362182617,-0.0753026491721585,2.1017093658447266,0.021859558563884447,-19.189159393310547,-0.19958352014156427,-7.902083396911621,-0.08218836419471436,-3.9339118607067647,-2.015857181048442,1.7121128684067939,3.0085515692950096,5.026611095917404,0.1246205917913844,1.8107561503854117,3.052478201185418,-0.8283082225125644,1.1437599101788865,-2.9748845208776036,-4.013735721988046,-1.8770707448236708,-2.9454032334058584
Gemma_2_2B_base,neutral_03,casual_chat,neutral,1,assistant_next,26,]:,8254,107.8274917602539,-0.6196632385253906,-0.005746801937145714,3.1180925369262695,0.028917416940932906,-5.394676208496094,-0.05003061946846301,-4.884647846221924,-0.04530057934652288,9.235154151916504,0.08564749120243059,-20.127586364746094,-0.18666469966210683,-10.174052238464355,-0.09435490033548749,-0.9599564075469971,-0.00890270553340317,-19.34335708618164,-0.17939170030209087,-12.53044605255127,-0.11620826792866283,-0.4582400388992546,-0.6048376869584445,-0.9225978230836701,-0.5546125571538624,0.16765175580055505,-1.2549983784089414,-0.3561381174128579,-0.27831939060890165,-0.9001209868511955,-0.6609934583463399,-0.5315388629288496,-0.385332185252735,-0.7903934707769334,-0.5878628280148342
Gemma_2_2B_base,neutral_03,casual_chat,neutral,1,user_next,26,]:,8254,93.79708862304688,-5.115820407867432,-0.05454135605878948,-0.445374071598053,-0.004748271808178705,-1.7874809503555298,-0.019056891600751965,0.32840538024902344,0.003501232128523987,11.272109031677246,0.12017546809984438,-12.141462326049805,-0.12944391456374613,-4.768893241882324,-0.050842657398969204,1.543141484260559,0.0164519123878371,-13.814085006713867,-0.14727626634798993,-4.339980125427246,-0.04626988096473679,-5.122025505881732,-3.986096765368348,2.8355279717204187,3.1401139747805424,2.2836898061083613,2.8542402248415266,3.635817085124293,2.4448101235646664,1.6749649655627397,2.532743089881276,-4.55406113562504,-5.3657019417567335,-3.8509612321305022,-4.608331586943618
Gemma_2_2B_base,neutral_03,casual_chat,neutral,1,moderator_next,26,]:,8254,103.26496124267578,-3.765535593032837,-0.036464794521964855,1.4196099042892456,0.013747256447936096,-3.4893879890441895,-0.03379062895151844,-0.33556461334228516,-0.003249549598471239,13.655401229858398,0.1322365405025214,-19.628171920776367,-0.19007581743675447,-7.890908241271973,-0.07641418876561722,0.766494631767273,0.00742260126322991,-19.277454376220703,-0.18667952947678063,-8.21027660369873,-0.07950689667528497,-3.72139860194406,-2.2164733361847877,1.062410553687581,2.669528418647473,4.759511448728845,-0.9980260220772099,1.3300673325095211,1.599893121702131,-0.8694288559147205,1.0235850730952187,-2.968935969064424,-3.5206607891078736,-2.1695217721591766,-2.8450912806335253
Gemma_2_2B_base,neutral_04,casual_chat,neutral,1,assistant_next,23,]:,8254,98.44780731201172,-0.2814788222312927,-0.002859168019244947,2.9833731651306152,0.030304109828219718,-3.674563407897949,-0.037324989842100954,-4.441792964935303,-0.04511825185560385,9.393949508666992,0.09542060676775303,-17.438440322875977,-0.17713386208397852,-9.054288864135742,-0.09197044719787292,0.07180070877075195,0.0007293276582909884,-18.108308792114258,-0.18393816263193546,-11.476964950561523,-0.11657918306080146,-0.10744723818780318,-0.732668574395993,0.8694871136305283,-0.24074127892139197,0.3326122173379769,0.12869447077385449,0.47085794886166055,0.8441330169054435,-0.3249357785820012,-0.2502059490363327,-0.4200579062918981,-0.09059674004884195,-0.6643283967083,-0.377462568378571
Gemma_2_2B_base,neutral_04,casual_chat,neutral,1,user_next,23,]:,8254,93.61287689208984,-4.13924503326416,-0.04421662030572549,0.5986652970314026,0.006395116963679053,-2.1861538887023926,-0.023353132189521668,-0.19657927751541138,-0.0020999170631409367,11.413911819458008,0.12192672844159186,-12.529874801635742,-0.13384776985413316,-5.1874213218688965,-0.05541354452602264,1.5019646883010864,0.01604442399556252,-14.386631965637207,-0.1536821903488884,-4.251740455627441,-0.04541832915282094,-4.109040890810055,-2.9954413218878275,2.4201739511942306,2.7680336104268006,2.4309979755554227,2.6543836322156036,3.3267151054476947,2.4000137339614733,1.408319083459082,2.5671506878067984,-3.5522411063489416,-4.311875288063701,-2.8379091397898346,-3.5748922139267676
Gemma_2_2B_base,neutral_04,casual_chat,neutral,1,moderator_next,23,]:,8254,93.78707885742188,-3.1119282245635986,-0.03318077780516495,1.4215017557144165,0.01515669080466222,-2.783952236175537,-0.029683750364032455,-0.6398606300354004,-0.006822481708894431,12.252225875854492,0.13063874069988596,-16.395374298095703,-0.17481485187336387,-6.888974189758301,-0.07345333998760256,1.3147367238998413,0.014018314035545838,-17.70784568786621,-0.18880901189796354,-7.495880603790283,-0.07992444902976199,-3.043423070535852,-2.2146782190954175,1.797362811525523,2.453860072748171,3.3018589156127724,0.6654012829893355,2.0700410968462104,2.196327734541173,-0.1384325826118573,1.3021519623437736,-2.629050644815635,-3.185467285844587,-2.04138925759555,-2.6134282717200685
Gemma_2_2B_base,neutral_05,casual_chat,neutral,1,assistant_next,17,]:,8254,103.84600830078125,0.5516996383666992,0.005312670630234987,3.561018228530884,0.0342913347060649,-4.9351043701171875,-0.04752329387397416,-4.17795467376709,-0.04023221250513544,8.91173267364502,0.08581680528184515,-19.784154891967773,-0.19051435115988888,-10.26185417175293,-0.09881799348541477,0.21229422092437744,0.0020443175852218128,-20.044532775878906,-0.19302169725986576,-12.904075622558594,-0.12426164311663306,0.7567942572909642,-0.18455971600271776,-0.44379679991210963,-0.05374715241420051,-0.1683263068994129,-1.0782866395636959,-0.42098382955671604,0.9969764317585348,-1.2266716869728975,-0.80668412159411,0.2861172706441232,0.7434876941164784,-0.3018474146811044,0.22082013971768702
Gemma_2_2B_base,neutral_05,casual_chat,neutral,1,user_next,17,]:,8254,95.57950592041016,-3.928956985473633,-0.0411066885901807,-0.009901344776153564,-0.00010359275956498976,-2.167435646057129,-0.02267678227864005,0.20955073833465576,0.0021924233267030108,10.002433776855469,0.10465040262066826,-12.329764366149902,-0.12900008477148855,-5.577187538146973,-0.05835129073371799,2.1102519035339355,0.022078497719910373,-14.18962287902832,-0.148458843162928,-4.416874885559082,-0.0462115266554846,-3.8909127640059165,-3.5728906734565675,2.439675393584912,3.055876315994569,0.9647204084883636,2.757349917540908,3.0388550673196058,3.061771659736744,1.5000699186744972,2.5027592516008483,-3.731901718731242,-3.994450318418951,-3.428710700915791,-3.711580509667371
Gemma_2_2B_base,neutral_05,casual_chat,neutral,1,moderator_next,17,]:,8254,98.87775421142578,-2.595755100250244,-0.026252164816565914,1.9347470998764038,0.0195670615226497,-2.880385637283325,-0.029130775271496642,0.21178746223449707,0.0021419121411439183,12.284916877746582,0.1242434860674354,-17.72048568725586,-0.17921610203003757,-7.149791717529297,-0.07230940644385211,1.8015811443328857,0.018220287856464127,-18.913490295410156,-0.1912815521170546,-8.041839599609375,-0.08133113119068094,-2.5080056852108092,-1.7276761870718893,1.6968944902263088,3.057461583356773,3.335819119932306,-0.01643121141713498,1.8774155168111561,2.7259675917880646,-0.6999239413060141,1.0892642934009469,-2.1178409361413495,-2.4782765920447405,-1.6404398358954968,-2.0593582139701185
Gemma_2_2B_base,neutral_06,casual_chat,neutral,1,assistant_next,13,]:,8254,106.4005355834961,0.763278067111969,0.007173629934531663,4.54084587097168,0.04267690802560223,-5.726323127746582,-0.05381855548323761,-5.825882911682129,-0.054754263028219084,8.167609214782715,0.07676285810021431,-19.78217315673828,-0.1859217441740652,-11.636308670043945,-0.10936325279032587,-0.2912776470184326,-0.00273755809048402,-20.967159271240234,-0.19705877565613,-13.972107887268066,-0.13131614244839662,0.976260873769048,0.7451672816783106,-1.2681213539182743,-1.2217084063740808,-0.9413397735817195,-1.0772669430417043,-1.436080848640332,0.449138722098553,-1.6563561903548591,-1.2231456158288694,0.8607140777236792,0.9334323632305419,0.4604900367669913,0.6969611999987666
Gemma_2_2B_base,neutral_06,casual_chat,neutral,1,user_next,13,]:,8254,91.74425506591797,-3.389219284057617,-0.03694203284578935,0.8127073049545288,0.008858399955077308,-2.5375452041625977,-0.027658900302142943,-0.9346292614936829,-0.01018733282887473,9.007711410522461,0.09818283884969634,-11.941570281982422,-0.13016150464573983,-6.635990142822266,-0.07233139707826203,2.6190924644470215,0.028547754435034777,-15.127493858337402,-0.16488764171084438,-6.160820007324219,-0.06715210672207964,-3.3310522535658627,-2.7923437312664126,2.054079888578428,2.2449442155494164,-0.06862127107799978,2.957094137450981,2.256881295804987,3.6153412000915757,1.0632857725364064,1.8227367323642285,-3.0616979924161374,-3.5693716208268147,-2.613970619869816,-3.091671120348315
Gemma_2_2B_base,neutral_06,casual_chat,neutral,1,moderator_next,13,]:,8254,96.48026275634766,-2.776449680328369,-0.02877738514601734,1.915165901184082,0.01985033877883048,-4.01546049118042,-0.04161950202520809,-1.4616032838821411,-0.015149246510379957,11.438579559326172,0.11855875214823253,-17.230070114135742,-0.1785864758437563,-8.270288467407227,-0.08572000356480275,2.04238224029541,0.02116891250030346,-20.181283950805664,-0.20917525900371672,-9.724891662597656,-0.10079669545632361,-2.6954370237496668,-1.7462561579592772,0.5143263778300134,1.8714538985366937,2.45662342101559,0.2359108001689221,1.0498778194132317,2.9879360004575988,-1.2903592799270664,0.4329860140011566,-2.220846590854472,-2.736021153578307,-1.6146869322714927,-2.1753540429248996
Gemma_2_2B_base,neutral_07,casual_chat,neutral,1,assistant_next,18,]:,8254,98.80741882324219,-0.6872831583023071,-0.006955784965213963,2.7990288734436035,0.02832812461633899,-4.344175338745117,-0.04396608463698932,-4.205531597137451,-0.04256291326323156,8.52777099609375,0.08630699088849983,-16.42943000793457,-0.16627729176212347,-9.873685836791992,-0.09992858789738401,0.20423460006713867,0.0020669966132046873,-17.501951217651367,-0.1771319545241924,-11.377961158752441,-0.11515290343842112,-0.528381003117428,-0.9075869553704887,0.17185760102063669,-0.07329216490864829,-0.5671949944836638,0.6478780092644493,-0.13430389929243317,0.9882083402263467,-0.04254365721446792,-0.211601059994958,-0.7179839792439584,-0.5087308435150291,-0.8439663860410787,-0.6763486147780539
Gemma_2_2B_base,neutral_07,casual_chat,neutral,1,user_next,18,]:,8254,94.71295166015625,-3.926722526550293,-0.04145919283183086,0.2038414478302002,0.0021522024628860977,-2.232586145401001,-0.02357213143786124,-0.03385967016220093,-0.00035749778217972043,10.693636894226074,0.11290575055243118,-12.069430351257324,-0.1274316779247276,-5.493314743041992,-0.05799961511866718,2.178802251815796,0.023004269359418267,-14.622227668762207,-0.15438466875395113,-4.377095699310303,-0.04621433101373457,-3.8885949987097432,-3.3700769986444983,2.37179889824521,2.8833603535916406,1.682758943057853,2.8913040833605517,3.1007989326124457,3.1363478388083545,1.2985977355407736,2.518270486506393,-3.6293359986771208,-4.030429773416678,-3.2236350173169703,-3.6270323953668244
Gemma_2_2B_base,neutral_07,casual_chat,neutral,1,moderator_next,18,]:,8254,94.82784271240234,-3.364535331726074,-0.03548045843381854,1.2418153285980225,0.013095471678758415,-3.1818909645080566,-0.033554395771273865,-0.006964206695556641,-7.344052649893095e-05,12.221149444580078,0.12887722735235965,-16.188098907470703,-0.1707103994400317,-7.151630878448486,-0.07541699435405524,1.6966142654418945,0.017891520221412754,-17.85287857055664,-0.1882662102174101,-7.790947914123535,-0.08215886485736296,-3.305448020035836,-2.3851769018951834,1.3827737214775169,2.9024223846398356,3.269575966344814,0.7720542766735051,1.8760572130120814,2.611773733507784,-0.20597712255972198,1.187095351207925,-2.8453124609655096,-3.4201914278874006,-2.228775912680485,-2.824483670283943
Gemma_2_2B_base,neutral_08,casual_chat,neutral,1,assistant_next,27,]:,8254,98.60789489746094,-1.216179370880127,-0.012333488836211251,2.490175247192383,0.0252533050196623,-3.7912936210632324,-0.03844817521969891,-3.396928071975708,-0.03444884484663282,10.204652786254883,0.10348717815004936,-17.38986587524414,-0.17635368743372204,-9.36691665649414,-0.09499154876224145,-0.1023552417755127,-0.0010380025035718336,-17.90834617614746,-0.181611687327569,-10.191804885864258,-0.10335688533319139,-1.0769958261449506,-1.2006482471933475,0.7478727307829625,0.4998017147126922,1.1747904118234267,0.15368832190528434,0.23996813730348307,0.6546681100179957,-0.23180942922109116,0.25092093500986634,-1.138822036669149,-1.0576231164473742,-1.1235000619952116,-1.0905615892212928
Gemma_2_2B_base,neutral_08,casual_chat,neutral,1,user_next,27,]:,8254,93.51107025146484,-4.377264022827148,-0.04681011575480903,-0.06499302387237549,-0.0006950302643056037,-1.959018588066101,-0.020949590062417377,0.3023253083229065,0.0032330429703126043,11.012748718261719,0.11776946503389213,-11.500993728637695,-0.12299071861448975,-5.391698360443115,-0.05765839644380131,1.6537941694259644,0.017685544235336755,-13.79940128326416,-0.14756970748121656,-3.543912172317505,-0.037898316881492325,-4.355933840184457,-3.6251653993213586,2.6568129383146126,3.1216298485853815,2.014260032587076,3.183791615716888,3.175847242465145,2.5651895916560554,1.6818034516131697,2.843156604733913,-3.9905496197529082,-4.576588564591358,-3.482478635781294,-4.029533600186326
Gemma_2_2B_base,neutral_08,casual_chat,neutral,1,moderator_next,27,]:,8254,91.04290771484375,-3.768000602722168,-0.041387085466601685,0.6894787549972534,0.007573118788744925,-2.518963098526001,-0.02766786740177133,0.4887197017669678,0.005368015082489356,11.919288635253906,0.13091946351918382,-14.684247016906738,-0.16128930177515188,-6.371718883514404,-0.06998588954859963,1.5169134140014648,0.016661522045765518,-16.09540367126465,-0.17678920934376566,-5.681726455688477,-0.062407128663819256,-3.7239555135314624,-2.9092713467141333,2.0734394977809156,3.2537359831179464,2.9559956485982,1.5458572144106777,2.4520576133087215,2.4162765082969146,0.6125119768811083,2.0095513286879956,-3.316613430122798,-4.023069908213007,-2.730816294148665,-3.376943101180836
Gemma_2_2B_base,neutral_09,casual_chat,neutral,1,assistant_next,24,]:,8254,96.40599822998047,-2.4415502548217773,-0.025325708977125664,0.4226585030555725,0.004384151513553164,-4.55650520324707,-0.047263710629055884,-5.867180824279785,-0.06085908482876122,7.408265113830566,0.07684444173440169,-16.82815933227539,-0.1745551069564274,-10.734389305114746,-0.11134565796940787,0.05799531936645508,0.0006015737654425284,-17.034305572509766,-0.17669342038110253,-11.118786811828613,-0.11533293587505096,-2.348051686727076,-3.162448518915849,-0.04935646799634814,-1.250978104334054,-1.7301648118075297,0.4427129099133564,-0.769972468965496,0.8291140823825303,0.1752477110170633,-0.11054031552711528,-2.7552501028214627,-2.3837149605974703,-3.0207272033594856,-2.702221081978478
Gemma_2_2B_base,neutral_09,casual_chat,neutral,1,user_next,24,]:,8254,93.03802490234375,-4.850333213806152,-0.05213280504285475,-0.934537410736084,-0.01004468239428997,-1.6730444431304932,-0.017982372743688232,-0.4946184754371643,-0.0053163045535020185,9.71450424194336,0.10441434297578944,-11.481304168701172,-0.12340442717644087,-6.343411445617676,-0.06818084812393602,2.528637409210205,0.027178537075183605,-13.395719528198242,-0.14398112537598362,-3.926600456237793,-0.042204254232173374,-4.846640266732242,-4.450248155851198,2.9547526764821415,2.556799754895384,0.665612235923924,3.193922825723161,2.472963940773612,3.5169348087843226,1.8698056337767408,2.6939336460146532,-4.64844421129172,-5.119865600945957,-4.332461064542861,-4.7261633327444095
Gemma_2_2B_base,neutral_09,casual_chat,neutral,1,moderator_next,24,]:,8254,94.8750991821289,-4.533510208129883,-0.04778398386100275,-0.3741339445114136,-0.003943436662903506,-2.762622356414795,-0.029118518770783797,-0.7836198806762695,-0.008259489449091145,11.839666366577148,0.1247921369109601,-16.316862106323242,-0.1719825565083231,-8.038286209106445,-0.08472493076055274,2.252129077911377,0.023737831078184505,-17.581100463867188,-0.18530784805944994,-6.986472129821777,-0.07363862794398827,-4.518005284940687,-3.9184992955667366,1.8195851659012703,2.3519713916856535,2.8732821079862254,0.7057995196926398,1.221222015321219,3.2161203658737487,-0.07940494910700384,1.5007873605941078,-4.218252290253711,-4.6759894782838884,-3.7777931910073694,-4.226891334645629
Gemma_2_2B_base,neutral_10,casual_chat,neutral,1,assistant_next,22,]:,8254,100.87727355957031,0.16218003630638123,0.0016076964670403214,3.101285696029663,0.030743155386711397,-3.9889726638793945,-0.039542827865225914,-4.6137824058532715,-0.045736589055697746,9.256155014038086,0.09175659380377799,-17.596820831298828,-0.17443791064503253,-10.181659698486328,-0.10093115465173459,0.2633383274078369,0.002610482203926038,-18.14996910095215,-0.17992128911210295,-12.313507080078125,-0.12206423355411881,0.35275236311946845,-0.6207851587896944,0.5419224961171096,-0.36263797227289335,0.1894679598706988,0.04720020696576786,-0.3617565718620259,1.0525075052114197,-0.34433776758161005,-0.5764016986971169,-0.134016397835113,0.3653278440438118,-0.6244145041959847,-0.12954333007608643
Gemma_2_2B_base,neutral_10,casual_chat,neutral,1,user_next,22,]:,8254,93.56172943115234,-4.402550220489502,-0.047055032514433486,0.2904675006866455,0.003104554634172157,-2.128157138824463,-0.02274602181643589,-0.3309480547904968,-0.003537216090410405,11.337911605834961,0.12118108199547545,-12.044594764709473,-0.1287342040163176,-5.419936180114746,-0.057928986702870014,2.2771668434143066,0.024338657026321497,-14.882835388183594,-0.15906969098016907,-4.263621807098389,-0.045570147463293596,-4.3821627722994325,-3.287880317764425,2.4805973733084525,2.6728003824327087,2.3520471134348155,2.9040831674922654,3.154992331218731,3.24335904416641,1.1772278214313487,2.5625177515644975,-3.8350215450319287,-4.601586764584204,-3.1370561157351604,-3.8693214401596823
Gemma_2_2B_base,neutral_10,casual_chat,neutral,1,moderator_next,22,]:,8254,95.40850830078125,-3.745151996612549,-0.0392538575784638,1.2529546022415161,0.013132524808914305,-2.5601389408111572,-0.026833444798656323,0.2562839984893799,0.0026861755104841244,13.143856048583984,0.1377639822975448,-16.406490325927734,-0.17196045319360045,-7.171080112457275,-0.07516185128741348,1.929384469985962,0.020222352328405108,-17.935537338256836,-0.1879867703382799,-7.387069225311279,-0.0774256862084363,-3.7002550526486764,-2.37460720270287,2.0305407956201686,3.0889982905297,4.228105928271069,0.6596815608236319,1.861693071099541,2.865005305508525,-0.24447286458316533,1.344581157386338,-3.0374311276757733,-3.8053352890723793,-2.2254073906087264,-3.015371339840553
Gemma_2_2B_base,neutral_11,casual_chat,neutral,1,assistant_next,24,]:,8254,101.95216369628906,-0.6430494785308838,-0.0063073647014152585,2.7359163761138916,0.026835294876762637,-3.773808717727661,-0.037015484330177324,-3.6752548217773438,-0.03604881631277354,8.261651039123535,0.08103458268658843,-16.085065841674805,-0.1577707157799171,-8.745820045471191,-0.08578356484443624,0.6344094276428223,0.006222618575636115,-16.68006134033203,-0.16360674198167277,-10.620153427124023,-0.10416800430799081,-0.4824981780516597,-0.9674723781907073,0.7660892290711474,0.30253896247040923,-0.8436468494022146,0.8250696630271671,0.6986761696146704,1.4561971364535504,0.34022590939364783,0.08389351510804578,-0.7249852781211835,-0.44254778826512037,-0.9796804243958649,-0.7111141063304927
Gemma_2_2B_base,neutral_11,casual_chat,neutral,1,user_next,24,]:,8254,95.69804382324219,-4.2270612716674805,-0.0441708221275141,-0.011166572570800781,-0.00011668548409856582,-1.183720588684082,-0.012369328999769917,0.16284596920013428,0.0017016645554523222,9.733989715576172,0.10171566028617272,-11.51470947265625,-0.12032335262698099,-5.426166534423828,-0.056700913808083245,2.076723098754883,0.021700789439235216,-13.341178894042969,-0.1394091076582988,-4.69132137298584,-0.04902212402220973,-4.200131144332134,-3.574091207497401,3.464550585330568,3.0227745343336894,0.6858542177395173,3.1767342165930765,3.1503909318309393,3.0252955482080535,1.8952062324144028,2.395743388861608,-3.887111175914767,-4.3072007528461365,-3.4299009682801205,-3.8685508605631282
Gemma_2_2B_base,neutral_11,casual_chat,neutral,1,moderator_next,24,]:,8254,98.67280578613281,-2.732673168182373,-0.02769428867873964,1.6883728504180908,0.01711082234833308,-2.548325538635254,-0.02582601678681958,-0.5304651260375977,-0.0053760012377406996,11.371095657348633,0.11524042076998173,-16.52912139892578,-0.16751445615878835,-7.102033615112305,-0.07197559204412939,1.6888351440429688,0.017115507465181583,-17.42179298400879,-0.1765612404066977,-7.839598655700684,-0.07945044830986693,-2.6500284106936522,-1.9614528038288865,2.042848488512996,2.531393612793884,2.386519509639562,0.5965820726764551,1.9126870426862268,2.6033107983804418,-0.005212460909296101,1.1681248002214715,-2.3057406072612694,-2.6254715033948353,-1.8637379982206488,-2.244604750807742
Gemma_2_2B_base,neutral_12,casual_chat,neutral,1,assistant_next,20,]:,8254,97.90049743652344,-0.9998289346694946,-0.010212705357475451,3.0270705223083496,0.03091986865818569,-4.0083818435668945,-0.040943426729428446,-4.017248153686523,-0.04103399123473525,9.983970642089844,0.10198079584389481,-16.948862075805664,-0.1731233499277666,-8.425972938537598,-0.08606670200016926,0.8317776918411255,0.008496153887067143,-18.64198112487793,-0.19041763436355352,-11.211736679077148,-0.11452175395070485,-0.852579289495694,-0.691205554844669,0.5217012068273301,0.060152824777952,0.9455404570421085,0.3806056384973955,0.9348977725957139,1.6709148057699077,-0.5734770164774579,-0.14678457694348496,-0.7718924221701815,-0.8411586751235008,-0.6083493957198715,-0.7247540354216861
Gemma_2_2B_base,neutral_12,casual_chat,neutral,1,user_next,20,]:,8254,94.59422302246094,-4.177076816558838,-0.04415784265775946,0.5703138113021851,0.006029055401900883,-1.9705774784088135,-0.020831900886176837,-0.32399922609329224,-0.003425148129990562,11.491118431091309,0.12147801487161429,-12.75152587890625,-0.13480237451581437,-5.5728068351745605,-0.05891276081258498,1.938197374343872,0.020489595584327138,-15.152173042297363,-0.16018074421626735,-4.7060723304748535,-0.049750102914397,-4.148283140240933,-3.0223431366204268,2.644770406417226,2.67772533152455,2.5112020731398483,2.540333667707325,3.042090415258963,2.8745928969651597,1.0517922126212915,2.389991497275319,-3.5853131384306796,-4.305875962410296,-2.8711880138089665,-3.588531988109631
Gemma_2_2B_base,neutral_12,casual_chat,neutral,1,moderator_next,20,]:,8254,95.05962371826172,-3.7451934814453125,-0.03939836215368724,1.4194070100784302,0.014931754982381133,-2.9039487838745117,-0.03054870901321104,-0.11881041526794434,-0.0012498515207684322,12.797273635864258,0.13462365129692597,-16.107872009277344,-0.1694501974573132,-6.709323883056641,-0.07058016453906629,2.1080074310302734,0.022175634076545457,-18.401548385620117,-0.19357901563085014,-7.247716426849365,-0.07624389981103008,-3.7002980841426516,-2.216665855988575,1.6723454257388113,2.8231519194525045,3.868067726065742,0.8133348109449232,2.2027210007914197,3.059329889745056,-0.46150296990046413,1.3989194733631785,-2.9584819700656135,-3.8200846033980134,-2.0618383068093498,-2.9409614551036816
Gemma_2_2B_base,neutral_13,casual_chat,neutral,1,assistant_next,21,]:,8254,102.54281616210938,-0.23946945369243622,-0.0023353118497726868,2.404268741607666,0.023446486371183437,-5.223341941833496,-0.0509381557609647,-4.191418647766113,-0.04087481507373391,9.434510231018066,0.09200556981098608,-19.74654769897461,-0.1925688062609613,-10.887240409851074,-0.10617262932041475,0.49723100662231445,0.004849008689562852,-19.22927474975586,-0.18752434806702017,-12.078426361083984,-0.11778910325604151,-0.06387165239543623,-1.2821621727645718,-0.7440946700798414,-0.06328967956640129,0.3747476778214829,-1.0589359597522376,-0.882859946124185,1.3069602215844645,-0.8469906981393281,-0.4847358654325078,-0.673016912580004,-0.03712771117538401,-1.2877590185654304,-0.6624433648704072
Gemma_2_2B_base,neutral_13,casual_chat,neutral,1,user_next,21,]:,8254,94.13531494140625,-4.594478607177734,-0.04880717305760893,-0.2871047854423523,-0.003049915811309053,-2.8501992225646973,-0.030277682975180784,-0.03140604496002197,-0.0003336265988972407,10.234108924865723,0.10871699883551524,-12.905925750732422,-0.13709972456952643,-6.669869422912598,-0.07085406180522372,1.9186604022979736,0.02038194065098978,-13.915042877197266,-0.14781958169321013,-4.178244113922119,-0.04438551160659347,-4.581246742637809,-3.8359201201411235,1.7283439504546436,2.885099348714092,1.2053901618399805,2.4608876297331133,2.2318599100325542,2.853338552350874,1.6279469873675974,2.5958093691020805,-4.208583431389466,-4.780424504316818,-3.6965626796440954,-4.238493591980457
Gemma_2_2B_base,neutral_13,casual_chat,neutral,1,moderator_next,21,]:,8254,97.9769287109375,-3.180626630783081,-0.032463016269543635,1.3818156719207764,0.014103480177436093,-3.395899534225464,-0.034660195812469555,-0.025017738342285156,-0.0002553431575314561,12.841778755187988,0.13106941526076246,-17.71396255493164,-0.18079728348286314,-7.780196666717529,-0.07940845634865261,1.970586895942688,0.020112764523947613,-18.139537811279297,-0.1851409107219169,-7.194096565246582,-0.07342643477293936,-3.1146827299436586,-2.252335070093483,1.1598107076653112,2.8896270304639797,3.9143007216309478,-0.01307475125812567,1.4118328543569194,2.909829578081137,-0.3394797198827335,1.4198276504113976,-2.6835089000185706,-3.112206695421349,-2.1371372613160533,-2.624671978368701
Gemma_2_2B_base,neutral_14,casual_chat,neutral,1,assistant_next,21,]:,8254,100.13844299316406,-1.3592474460601807,-0.01357368264806124,2.7812490463256836,0.027774039251993815,-4.05079984664917,-0.04045199551310876,-4.157342433929443,-0.041515948417664573,10.435385704040527,0.10420958617014744,-17.498458862304688,-0.17474266964086127,-8.621993064880371,-0.08610073022074999,0.9335904121398926,0.009322997085181603,-18.826719284057617,-0.1880069104463989,-11.302114486694336,-0.11286489133315038,-1.2253978469558764,-0.92445766259452,0.4775083699722073,-0.03913832605040313,1.4144813536033027,0.09781209304767144,0.790128013990862,1.7816772431764853,-0.6595130501074422,-0.18202590630178306,-1.074927754775198,-1.1842074015981905,-0.894338615636335,-1.0392730086172628
Gemma_2_2B_base,neutral_14,casual_chat,neutral,1,user_next,21,]:,8254,94.58348083496094,-4.4807305335998535,-0.04737328859167592,0.15044397115707397,0.0015905945713668988,-2.1834518909454346,-0.023084917912413773,-0.02844417095184326,-0.0003007308538525411,11.285067558288574,0.11931330353531744,-11.617074966430664,-0.12282350854375237,-4.851958274841309,-0.05129815726815456,2.117598056793213,0.0223886670071724,-14.532270431518555,-0.15364491032927796,-4.536196708679199,-0.04795971419781458,-4.46325784846234,-3.420744150213503,2.4229890046474667,2.8871985627460335,2.29715143731971,3.124062327624108,3.5744697888321357,3.069763567213257,1.3404925120348243,2.456231682731066,-3.9420009993379215,-4.6340705728790885,-3.2746911243259427,-3.954380848602516
Gemma_2_2B_base,neutral_14,casual_chat,neutral,1,moderator_next,21,]:,8254,93.17862701416016,-3.8085720539093018,-0.040873880373130216,1.314214825630188,0.014104251884184444,-2.8690385818481445,-0.03079073682221292,-0.35368895530700684,-0.0037958163437336063,12.477409362792969,0.13390849127769186,-15.808972358703613,-0.16966307473387815,-6.467619895935059,-0.06941098085671715,1.5625519752502441,0.016769424763178647,-17.821020126342773,-0.1912565219879721,-7.052001476287842,-0.0756826077209333,-3.7660395727167497,-2.3164793431677575,1.7087163237214011,2.6566828779975373,3.5357849742590863,0.9671328206783354,2.381230363693438,2.4659268689670775,-0.19114004618116381,1.4752352771531567,-3.0412594579422536,-3.970688014937843,-2.1370671049971723,-3.053877559967508
Gemma_2_2B_base,neutral_15,casual_chat,neutral,1,assistant_next,19,]:,8254,93.96424102783203,-0.8954507112503052,-0.009529696631988698,1.8548293113708496,0.01973973600043715,-5.2328314781188965,-0.05568960511870619,-5.257083415985107,-0.05594770264177379,7.309287071228027,0.07778796477548337,-16.458843231201172,-0.17516071061890548,-10.302699089050293,-0.10964489231598916,-0.12548398971557617,-0.0013354440832274487,-17.601451873779297,-0.18732074756572323,-12.536079406738281,-0.13341329924673279,-0.7443095775801065,-1.8035076112430704,-0.7539812629983729,-0.8185744852716915,-1.8329855990389878,0.6327435144948345,-0.4511496545038665,0.6295062590382138,-0.08888298329003776,-0.6631900915191353,-1.2739085944115884,-0.7714452396576831,-1.6247418965524683,-1.1980935681050757
Gemma_2_2B_base,neutral_15,casual_chat,neutral,1,user_next,19,]:,8254,91.76805877685547,-4.781508922576904,-0.05210428319295377,-0.2563329339027405,-0.0027932696552516526,-3.8305487632751465,-0.0417416344459194,-2.267474412918091,-0.024708754256551446,9.24258804321289,0.1007168307405009,-13.421218872070312,-0.1462515285923781,-7.166211128234863,-0.07809047313140104,2.4858808517456055,0.027088737463547192,-15.79443359375,-0.17211253898435372,-5.954776287078857,-0.06488942194536965,-4.775250028997891,-3.8067216979842002,0.7069750937081833,1.3002965915961118,0.17537426207759835,2.195744942751162,1.8652890368999957,3.4704197907591063,0.7526793999281407,1.903080068840504,-4.290985863491046,-5.116954428557902,-3.673230825150985,-4.395092626854444
Gemma_2_2B_base,neutral_15,casual_chat,neutral,1,moderator_next,19,]:,8254,91.35125732421875,-4.25856351852417,-0.04661745928038971,0.34967589378356934,0.003827816978397126,-3.8260140419006348,-0.04188244534305161,-0.9992351531982422,-0.010938384237578832,10.964332580566406,0.12002388255754831,-15.129694938659668,-0.1656210913984709,-6.895033836364746,-0.0754782587380629,2.3237199783325195,0.025437197542725692,-17.197933197021484,-0.18826159267828735,-7.794745445251465,-0.08532718293725057,-4.23280787593514,-3.2316993741298945,0.7116995547229682,2.19915509891657,1.9639641764391689,1.3166531866576041,2.065565772843451,3.294004372936011,0.09904325023973308,1.1856145668344578,-3.7322536250325173,-4.556924475107096,-3.0713039064091485,-3.814114190758122
Gemma_2_2B_base,neutral_16,casual_chat,neutral,1,assistant_next,19,]:,8254,99.96649169921875,-0.9480758309364319,-0.009483936215237222,2.974170684814453,0.02975167612926939,-4.444798946380615,-0.044462888222127656,-4.425183296203613,-0.044266665969615066,10.14014720916748,0.10143546139117661,-18.18096160888672,-0.18187055782241485,-10.092531204223633,-0.1009591417351151,0.4997541904449463,0.004999217057137676,-19.40808868408203,-0.19414594184696898,-11.987933158874512,-0.11991951458038613,-0.7988966970126523,-0.7414005125706001,0.06702374857868634,-0.22896925567827647,1.1077804564580729,-0.2533678560102186,-0.2959311342400691,1.3097052026575509,-0.9302677088852915,-0.44944953986396624,-0.7701486047916262,-0.7667745586823859,-0.7145504724214335,-0.7406625155519098
Gemma_2_2B_base,neutral_16,casual_chat,neutral,1,user_next,19,]:,8254,96.29546356201172,-3.948262929916382,-0.041001546530525866,1.0447677373886108,0.010849604942353366,-2.4519715309143066,-0.02546300147706649,-0.6231851577758789,-0.0064715941408243416,11.802879333496094,0.12256942224381477,-13.558265686035156,-0.14079859200536476,-6.2119903564453125,-0.06450968848023621,1.6953305006027222,0.017605507444397674,-16.05169677734375,-0.16669213879433567,-4.973404884338379,-0.051647343502694065,-3.910938483687695,-2.5721490360136334,2.1432340944852952,2.4656787339267945,2.8350668472895393,2.1252278739367942,2.5700243789543324,2.610377120960488,0.6328670990277082,2.2857495951171636,-3.2415437598506642,-3.983718663145782,-2.432948991715413,-3.2083338274305975
Gemma_2_2B_base,neutral_16,casual_chat,neutral,1,moderator_next,19,]:,8254,94.08113098144531,-3.813638210296631,-0.04053563313401023,1.2993950843811035,0.013811431376578268,-3.255059242248535,-0.034598428061951104,-0.1370229721069336,-0.0014564341507964788,12.907113075256348,0.13719130436263452,-16.561786651611328,-0.17603728270313465,-7.1601057052612305,-0.07610565084164801,1.7719824314117432,0.018834620852519447,-18.708282470703125,-0.19885265276405717,-7.7185869216918945,-0.0820418168996518,-3.771294608437875,-2.3305413199288934,1.3065439716969003,2.810243856932504,3.982171595271446,0.5797742549328313,1.8697981688272334,2.693767041821195,-0.6043547996298891,1.215311321856142,-3.050917964183384,-3.936163745779967,-2.1636875912768807,-3.0499256685284237
Gemma_2_2B_base,neutral_17,casual_chat,neutral,1,assistant_next,19,]:,8254,98.26017761230469,-0.6529900431632996,-0.006645520688347794,2.8037962913513184,0.02853441098400998,-4.184972763061523,-0.042590730698388826,-4.15187406539917,-0.042253883173108055,9.11160659790039,0.09272939271340565,-18.29712677001953,-0.18621100851468705,-10.110503196716309,-0.10289522614754784,-0.3364599943161011,-0.0034241744976651425,-19.045310974121094,-0.19382532615874423,-12.256897926330566,-0.12473922014156516,-0.49280935248799396,-0.9030633055508234,0.33772145464085274,-0.03526264601847798,0.03930756520598376,-0.3131403266313599,-0.3092042662564377,0.39998467828404094,-0.7613153094838809,-0.554327896681888,-0.6979363290194087,-0.4770627434812502,-0.8252127698235217,-0.6511377566523859
Gemma_2_2B_base,neutral_17,casual_chat,neutral,1,user_next,19,]:,8254,91.93623352050781,-3.4175524711608887,-0.037173074644161384,0.675654947757721,0.007349169330577433,-1.5525521039962769,-0.016887271150280003,0.21716046333312988,0.0023620770072627444,9.877276420593262,0.10743616572447447,-11.407983779907227,-0.12408582930866423,-5.564236640930176,-0.060522782235678446,2.0578646659851074,0.022383608585901753,-13.623058319091797,-0.14817942608071888,-4.531606674194336,-0.04929075839487693,-3.360441774721074,-2.9223883136628466,3.080286598371915,3.061269672177817,0.8347039163420734,3.2316496341946452,3.0484198926198065,3.004779388998096,1.7639296851066382,2.4580214906641396,-3.1414150441919606,-3.5929536292253705,-2.751175672415005,-3.1720646508201877
Gemma_2_2B_base,neutral_17,casual_chat,neutral,1,moderator_next,19,]:,8254,92.78642272949219,-3.2797279357910156,-0.03534706737593143,1.2768158912658691,0.013760805231044141,-3.16703724861145,-0.034132550382339574,-0.3725893497467041,-0.004015558944792432,11.654468536376953,0.12560532234715174,-16.292911529541016,-0.17559585821129312,-7.432003974914551,-0.08009796860669666,1.8288445472717285,0.01971026033198314,-18.153528213500977,-0.1956485408045683,-8.009132385253906,-0.08631793477590555,-3.2174787863641323,-2.351965991489285,1.3982489394418762,2.643287313869057,2.680894117740664,0.718123224434359,1.6689889580732518,2.7556275493320967,-0.3459953132034977,1.1020179299836772,-2.784722388926709,-3.4065764496905944,-2.1682900442389466,-2.7874332469647705
Gemma_2_2B_base,neutral_18,casual_chat,neutral,1,assistant_next,23,]:,8254,92.16223907470703,-0.7580920457839966,-0.008225625303759,1.8241803646087646,0.019793142863316047,-2.6451034545898438,-0.02870051206596352,-2.9200143814086914,-0.03168341406117225,7.9866533279418945,0.08665862947912849,-13.722723007202148,-0.14889745675643212,-6.981219291687012,-0.07574923701699576,1.0410354137420654,0.011295682745925894,-14.919341087341309,-0.1618812784620786,-9.027228355407715,-0.09794931683560999,-0.6018298279543558,-1.8325894130018126,1.9420212373417334,0.837812011065175,-1.1293211303545043,2.0406068025068937,2.001913903032718,1.8985670603789673,1.16022643106151,0.7050282668296539,-1.2172096204780842,-0.6383410947310196,-1.6198866469248636,-1.1291138708279416
Gemma_2_2B_base,neutral_18,casual_chat,neutral,1,user_next,23,]:,8254,90.94916534423828,-4.5828986167907715,-0.05038967207059809,-0.1961827278137207,-0.002157059133760913,-1.6357176303863525,-0.017984965823438167,0.38160431385040283,0.004195797865830309,9.906464576721191,0.10892309499736136,-10.657113075256348,-0.11717659018551385,-4.90020227432251,-0.053878474373849135,2.545696496963501,0.027990322806461833,-12.63953685760498,-0.13897364324086903,-3.284945011138916,-0.03611847342090007,-4.569235020440291,-3.74964709823344,2.993641299850949,3.177818464435388,0.8650252796666645,3.6180081318401407,3.5388394059253674,3.5354934538528666,2.2219741189801305,2.944136560551546,-4.159441059336865,-4.9419472472922,-3.6153925487378857,-4.278669898015043
Gemma_2_2B_base,neutral_18,casual_chat,neutral,1,moderator_next,23,]:,8254,90.7557601928711,-3.6033806800842285,-0.03970415401101203,0.7635748386383057,0.008413513776046634,-2.187391519546509,-0.02410195799030208,0.40297460556030273,0.004440209687009559,11.014307022094727,0.12136207110917799,-14.127330780029297,-0.1556631860061154,-5.74285364151001,-0.0632781173261674,2.599353790283203,0.02864119902427288,-15.841976165771484,-0.1745561508394029,-6.086209297180176,-0.06706141058425348,-3.553198136985626,-2.838963951413556,2.418884535992982,3.192964556436677,2.015878836340339,1.832416963328296,2.91650313213651,3.5938674229923775,0.7305379303830326,1.85182994317744,-3.196081044199591,-3.8512962118535157,-2.654415486664617,-3.252855849259066
Gemma_2_2B_base,neutral_19,casual_chat,neutral,1,assistant_next,27,]:,8254,97.40010070800781,-0.8363374471664429,-0.0085866178893764,2.934633255004883,0.03012967372387542,-4.215021133422852,-0.04327532623460944,-4.529293537139893,-0.04650193895300063,8.993298530578613,0.09233356500871896,-16.5120906829834,-0.1695284764898179,-9.104658126831055,-0.09347688617002127,0.5542504787445068,0.005690450776904985,-17.499807357788086,-0.179669294288002,-10.696690559387207,-0.10982217145190047,-0.682992419047466,-0.7789163105749388,0.3064158147557125,-0.302756890816956,-0.0835937197457298,0.6053451816705471,0.4336579626278307,1.368991917558773,-0.04154522137363098,0.05404912789242223,-0.7309543648112025,-0.6751869392744295,-0.6801864865680047,-0.6776867129212172
Gemma_2_2B_base,neutral_19,casual_chat,neutral,1,user_next,27,]:,8254,91.64268493652344,-3.9435718059539795,-0.04303204133189142,0.25289082527160645,0.002759530948343253,-2.021554470062256,-0.022059092566553362,-0.35867565870285034,-0.003913849304516646,9.691400527954102,0.10575203612450768,-10.690701484680176,-0.11665635388231063,-5.255708694458008,-0.057350007784018865,1.994554877281189,0.021764474476743265,-12.872459411621094,-0.14046357786807795,-3.8746371269226074,-0.042279829858830366,-3.906072462564402,-3.323535618863536,2.5916604598896655,2.653148575825069,0.6416115384168489,3.60072530628454,3.276281781941934,2.93590443419909,2.113497706854467,2.7141958857306996,-3.614804040713969,-4.190967506413189,-3.1684224239554006,-3.6796949651842947
Gemma_2_2B_base,neutral_19,casual_chat,neutral,1,moderator_next,27,]:,8254,94.09880065917969,-3.3438291549682617,-0.03553530046657464,1.186293363571167,0.012606891429656491,-3.127622604370117,-0.033237645777210084,-0.7938311100006104,-0.008436144822672288,11.741515159606934,0.12477858460846925,-16.09467887878418,-0.1710402126917447,-7.348106861114502,-0.07808927222918507,1.6111350059509277,0.017121737946335404,-17.546098709106445,-0.18646463702186153,-7.075162410736084,-0.07518865661595311,-3.283969863778681,-2.437859912267478,1.4393127523536107,2.3447342317585815,2.7713202576299687,0.8201233006875744,1.7309507838259706,2.51878052891463,-0.06310397391554598,1.4662040543269323,-2.8609148880230792,-3.4257890525863113,-2.27319303333942,-2.8494910429628657
Gemma_2_2B_base,neutral_20,casual_chat,neutral,1,assistant_next,26,]:,8254,103.36721801757812,1.5419784784317017,0.014917480686860319,4.815358638763428,0.04658496892065482,-5.128167152404785,-0.049611155748940775,-5.0487565994262695,-0.04884291844410191,7.197115421295166,0.06962667235632926,-17.009376525878906,-0.16455291002401143,-9.653368949890137,-0.09338907571497698,-0.3165990114212036,-0.003062857040104962,-17.12590789794922,-0.16568026330201582,-11.472909927368164,-0.11099176457875781,1.7839932382445767,1.0056436352422513,-0.6449376226868865,-0.6709238507941999,-1.9495122250247443,0.34946809128543976,0.0284101195608147,0.42159151550706947,0.13258678602414983,-0.2486247598962065,1.394818436743414,1.723832865500346,0.8157741740956882,1.269803519798017
Gemma_2_2B_base,neutral_20,casual_chat,neutral,1,user_next,26,]:,8254,87.65496826171875,-2.448476791381836,-0.027933120505744917,1.3652150630950928,0.015574873736978107,-1.3647793531417847,-0.015569902998160344,0.373989462852478,0.004266608844530369,8.027237892150879,0.09157767153806143,-8.744726181030273,-0.09976304086860673,-3.4585485458374023,-0.03945638923182227,1.8441016674041748,0.021038187611888543,-10.933229446411133,-0.12473028811974328,-3.1118550300598145,-0.035501182554404556,-2.355236462376289,-2.268086854932634,3.2759160467515267,3.1724214752245556,-1.0871609023717135,4.60202165479901,4.603566105976635,2.77222582711817,3.0166335573140106,3.011630132177753,-2.3116616586544616,-2.6498486255864298,-2.0033719988211223,-2.3266103122037762
Gemma_2_2B_base,neutral_20,casual_chat,neutral,1,moderator_next,26,]:,8254,96.38396453857422,-1.5044342279434204,-0.015608760597737446,2.313805103302002,0.024006120876839267,-3.430471420288086,-0.03559172354769826,-1.1387741565704346,-0.011814975260897066,10.787382125854492,0.11192092146756663,-16.29524040222168,-0.16906588642865064,-7.209072113037109,-0.0747953474164464,1.4485423564910889,0.015028872939869181,-16.909526824951172,-0.17543921238250934,-7.920111179351807,-0.08217249847802294,-1.3759975653024876,-1.3680002152918416,1.1237922813010168,2.10025749791357,1.7801437595462533,0.7169249092723268,1.8336342546122986,2.3418953803230043,0.23335951947573985,1.1367302749694848,-1.3719988902971645,-1.3919240383242504,-1.2368823132374733,-1.3144031757808619
Gemma_2_2B_base,neutral_21,factual_questions,neutral,1,assistant_next,16,]:,8254,99.19525909423828,-1.449307918548584,-0.014610657119930507,1.912972331047058,0.019284916925613155,-4.792971611022949,-0.048318555289718956,-5.114132404327393,-0.05155621801913762,9.954708099365234,0.10035467612326092,-18.793180465698242,-0.1894564381130775,-10.535473823547363,-0.10620944911831287,0.6511350870132446,0.0065641754753082305,-19.182634353637695,-0.19338257219948035,-12.330114364624023,-0.12430144824673595,-1.3188160053790294,-1.7483375662492269,-0.29571698997299445,-0.7172586397213916,0.9151418191197485,-0.5683834189864321,-0.6230643591374181,1.4743930435431931,-0.825269388872437,-0.5828774342771165,-1.533576785814128,-1.2900494651426053,-1.6660897688039076,-1.4780696169732566
Gemma_2_2B_base,neutral_21,factual_questions,neutral,1,user_next,16,]:,8254,90.96490478515625,-4.276373386383057,-0.047011244572652815,-0.4049486517906189,-0.00445170203549423,-2.482039451599121,-0.027285681851273075,-0.8702132105827332,-0.00956647195572875,10.050032615661621,0.11048252773306476,-11.834723472595215,-0.13010208168245582,-5.88336706161499,-0.06467732886117465,2.437699556350708,0.0267982422683577,-14.098089218139648,-0.15498382866927587,-5.031944274902344,-0.05531742474514701,-4.251281741452014,-3.9477383821593013,2.111908086261395,2.290598783428103,1.0141672347607829,3.0120718752923445,2.8127275949563697,3.4180031801461612,1.5426988652952842,2.262923129221498,-4.099510061805658,-4.59711741047554,-3.8239998979354897,-4.2105586542055145
Gemma_2_2B_base,neutral_21,factual_questions,neutral,1,moderator_next,16,]:,8254,93.58885955810547,-4.048984527587891,-0.0432635310089877,0.8218514323234558,0.008781509211715548,-3.491454839706421,-0.03730630821009973,-0.6649031639099121,-0.007104511872987416,12.454174995422363,0.13307326378616763,-16.323102951049805,-0.17441288448349412,-7.424427509307861,-0.07933024875357457,2.515159845352173,0.026874564528597697,-18.268220901489258,-0.19519653287523256,-8.077166557312012,-0.0863047866535571,-4.015415241447562,-2.783667162330321,1.0602572228496647,2.4361112966828897,3.51164855085593,0.702588309856301,1.674584521740221,3.502272516893507,-0.3994098541120446,1.0754891312848376,-3.3995412018889417,-4.2145952289635185,-2.6209608030213705,-3.4177780159924445
Gemma_2_2B_base,neutral_22,factual_questions,neutral,1,assistant_next,13,]:,8254,96.85504150390625,-1.217418909072876,-0.012569494475140733,1.807817816734314,0.018665190667038256,-4.7011260986328125,-0.04853775317873579,-4.903328895568848,-0.05062543796825581,8.764293670654297,0.09048877099805719,-16.50034523010254,-0.1703612426766351,-9.824213027954102,-0.10143212862655046,0.6104588508605957,0.00630280924339881,-18.187191009521484,-0.1877774324095249,-12.344568252563477,-0.1274540598081888,-1.0782815775080326,-1.8481153094460376,-0.20002852163421703,-0.5678526614973165,-0.3214895131774337,0.6113887727989621,-0.09776598491296185,1.4301412148171562,-0.3616727101384898,-0.588513488512242,-1.463198443477035,-1.0817117748570515,-1.722429451083797,-1.4020706129704243
Gemma_2_2B_base,neutral_22,factual_questions,neutral,1,user_next,13,]:,8254,91.84687042236328,-4.16983699798584,-0.04539988111528022,-0.19432854652404785,-0.0021157884381951884,-2.3181838989257812,-0.02523966127822837,-0.5217569470405579,-0.005680726459608559,10.853940963745117,0.11817431463731563,-11.566662788391113,-0.12593420695992283,-5.324458122253418,-0.05797103480792085,2.8252997398376465,0.030760979953321634,-14.59842300415039,-0.15894306400445302,-5.238398551940918,-0.05703404512153579,-4.140773402619977,-3.747887725126442,2.2826196045064555,2.5375654929929623,1.8492866919500257,3.1500017779845457,3.225507209698474,3.8396748625869055,1.3096840153553335,2.1824197029228274,-3.9443305638732093,-4.43264852712787,-3.6116406052895154,-4.022144566208692
Gemma_2_2B_base,neutral_22,factual_questions,neutral,1,moderator_next,13,]:,8254,90.8519287109375,-4.281978130340576,-0.047131394909231863,0.20135056972503662,0.002216249809794037,-3.287480115890503,-0.03618503385162289,-0.3692348003387451,-0.004064138269574167,11.648178100585938,0.12821057588823245,-14.051963806152344,-0.15466885519691398,-6.421719551086426,-0.07068335964025964,3.021559000015259,0.033258061142861554,-17.324243545532227,-0.190686579705452,-8.038573265075684,-0.0884799407027661,-4.257095444672505,-3.3724405129219015,1.2727665593849395,2.645664834711801,2.6743594607293266,1.8711968366391423,2.4151298513001147,4.053186042300933,0.04021814642501379,1.0905379464594915,-3.814767978797203,-4.609380932774366,-3.217812434965916,-3.913596683870141
Gemma_2_2B_base,neutral_23,factual_questions,neutral,1,assistant_next,16,]:,8254,102.04747009277344,-1.4291157722473145,-0.014004421382990446,2.1848983764648438,0.0214106079697861,-4.1470136642456055,-0.04063808402575263,-4.072356700897217,-0.03990649348969606,11.275118827819824,0.11048895986906274,-19.217077255249023,-0.18831507765727445,-10.268001556396484,-0.10061985414299478,0.3474242687225342,0.003404535834221894,-19.363422393798828,-0.18974916650256146,-11.842329978942871,-0.11604726671005923,-1.2978710439552665,-1.4903156705127747,0.37726881989247885,0.021094905614224994,2.2868164552180916,-0.7864983697404863,-0.42552395208139165,1.143984913774042,-0.9094657778170359,-0.3926739911438548,-1.3940933572340206,-1.2281721064102926,-1.4728419333332787,-1.3505070198717857
Gemma_2_2B_base,neutral_23,factual_questions,neutral,1,user_next,16,]:,8254,91.39149475097656,-4.883240699768066,-0.0534321132734935,-0.12447899580001831,-0.001362041359966795,-1.8498361110687256,-0.0202407906349399,0.10190081596374512,0.001114992333164091,12.083518981933594,0.1322171063604852,-12.053201675415039,-0.1318853762952186,-5.083427429199219,-0.055622543903571506,2.1269521713256836,0.02327297717496798,-14.360492706298828,-0.15713160995373018,-4.208526611328125,-0.04604943406162153,-4.880774628366794,-3.681609728598145,2.770563776231813,2.9795799485750223,3.1266021092726164,2.899654504782461,3.403519314377964,3.079939943233428,1.420492627925941,2.5840012107387222,-4.28119217848247,-5.25248358532425,-3.5431170106875443,-4.3978002980058974
Gemma_2_2B_base,neutral_23,factual_questions,neutral,1,moderator_next,16,]:,8254,92.8470230102539,-4.405388355255127,-0.04744781482943833,0.9139609932899475,0.009843729649673429,-2.735591411590576,-0.029463426213336544,0.30515527725219727,0.003286645789585481,13.509695053100586,0.14550488120236868,-16.03158950805664,-0.1726667047395384,-6.636037826538086,-0.07147281206641606,2.3995373249053955,0.0258439877457395,-17.978803634643555,-0.19363898864757353,-7.23582649230957,-0.07793277864719965,-4.385106720025173,-2.6962673566239124,1.8477471265748902,3.123635575523773,4.608148344298853,0.8525857663833496,2.2568460792169893,3.3764863464995116,-0.2646227921752873,1.4035557564310346,-3.540687038324543,-4.641677327921722,-2.5243937120554816,-3.583035519988602
Gemma_2_2B_base,neutral_24,factual_questions,neutral,1,assistant_next,18,]:,8254,96.0595932006836,-1.011223316192627,-0.010527041417716838,2.9741427898406982,0.030961434363221237,-5.104349136352539,-0.05313731784902265,-5.1663641929626465,-0.053782907264340575,8.529403686523438,0.08879283580458405,-17.10352325439453,-0.17805117307401647,-11.386128425598145,-0.11853192425883724,0.8316562175750732,0.008657711217219219,-18.72040367126465,-0.19488322870735858,-12.39020824432373,-0.12898460040777643,-0.8643984828537888,-0.7414269812157742,-0.6201230246123856,-0.7542776700088887,-0.5654989161326314,0.30102514583260365,-1.2513113850558257,1.6707826534636867,-0.6099998705983222,-0.6063100474677973,-0.8029127320347815,-0.8732423745441787,-0.6045706327853664,-0.7389065036647726
Gemma_2_2B_base,neutral_24,factual_questions,neutral,1,user_next,18,]:,8254,92.53690338134766,-3.350228786468506,-0.03620424570143764,1.1552948951721191,0.012484693705505905,-3.104741334915161,-0.033551385679294006,-1.0396802425384521,-0.011235304019780037,9.66642951965332,0.10446026575816615,-12.404653549194336,-0.13405088236067664,-7.241668701171875,-0.07825708918882575,2.7238540649414062,0.02943532758726876,-14.986955642700195,-0.1619565286395899,-5.548602104187012,-0.05996096585727575,-3.2906080899929235,-2.467273363887974,1.4631514089282647,2.170489835359901,0.6156710503657774,2.7188158902153927,1.8095601950570066,3.729311735240048,1.1287370615421606,2.0614609649202067,-2.878940726940449,-3.4940670536141223,-2.2843021010265008,-2.8891845773203118
Gemma_2_2B_base,neutral_24,factual_questions,neutral,1,moderator_next,18,]:,8254,93.3753890991211,-4.209387302398682,-0.04508026518561841,1.0130813121795654,0.010849553848757148,-3.3548526763916016,-0.035928660739826354,-0.02031421661376953,-0.00021755429144402612,12.064445495605469,0.12920369716262875,-15.854717254638672,-0.16979546117669572,-7.855240821838379,-0.08412538783104591,2.276890754699707,0.024384270594928516,-18.02701759338379,-0.19305962488946105,-7.962296962738037,-0.08527190129602344,-4.181798244054143,-2.602215267767888,1.2025750284691181,2.892960628984638,3.106788109844667,0.9435949077474582,1.356409340331871,3.2430586862260684,-0.2870769391367429,1.1202806273651846,-3.3920067559110154,-4.40002592121541,-2.4329536366645947,-3.4164897789400026
Gemma_2_2B_base,neutral_25,factual_questions,neutral,1,assistant_next,15,]:,8254,101.65726470947266,-1.3508551120758057,-0.013288328344623755,2.3150458335876465,0.022773048637535546,-5.129204273223877,-0.050455855642808044,-5.778482437133789,-0.05684278889116458,8.631129264831543,0.0849042052183731,-18.799495697021484,-0.18493017445185797,-10.843280792236328,-0.10666508510951432,0.06928110122680664,0.0006815164801532464,-19.265756607055664,-0.18951677149798854,-13.622415542602539,-0.1340033649492162,-1.2166926251862114,-1.3668229261509366,-0.646018138218659,-1.1881135468298227,-0.4598239222835771,-0.5716329042456366,-0.8503937736490186,0.8413919264792529,-0.8639809849077339,-1.0867888771853254,-1.2917577756685739,-1.1550818164112582,-1.3489816429484274,-1.2520317296798429
Gemma_2_2B_base,neutral_25,factual_questions,neutral,1,user_next,15,]:,8254,92.54409790039062,-4.5709547996521,-0.049392180629088026,-0.3041473627090454,-0.003286512804267787,-2.1781415939331055,-0.023536256156254688,-1.047234058380127,-0.01131605453118482,10.52492618560791,0.11372876741352389,-12.247182846069336,-0.13233888625994852,-5.621935844421387,-0.06074872381891419,2.8859941959381104,0.031185070268278325,-14.520805358886719,-0.1569068767034297,-5.549310684204102,-0.05996396107482807,-4.556845907094464,-3.852091274646868,2.4285214925645175,2.1651361045240325,1.5074981739178115,2.7998420161591966,3.0058064124789556,3.9057045873111482,1.3458320118918268,2.0611846658771413,-4.204468590870666,-4.840135143521695,-3.7180718528108496,-4.279103498166272
Gemma_2_2B_base,neutral_25,factual_questions,neutral,1,moderator_next,15,]:,8254,94.06623840332031,-4.297403812408447,-0.04568486935751392,0.7412804961204529,0.007880409684738573,-3.369584321975708,-0.03582139967719566,-0.7547142505645752,-0.008023221331851786,11.933287620544434,0.12686047431150618,-16.12527847290039,-0.17142471886418292,-7.296370983123779,-0.07756630972995551,2.265460968017578,0.024083677698518588,-18.21099090576172,-0.1935975246259971,-8.624311447143555,-0.0916833881478898,-4.2730962358229965,-2.8601183373857277,1.1872269884248206,2.3724581187257026,2.970538133478344,0.8043783619943036,1.7691600774718172,3.2306241787476826,-0.3727567692327632,0.8621390426111202,-3.566607286604362,-4.461736749125791,-2.7028802962653473,-3.582308522695569
Gemma_2_2B_base,neutral_26,factual_questions,neutral,1,assistant_next,14,]:,8254,102.60250854492188,-0.8578886389732361,-0.00836128327795837,3.2905666828155518,0.03207101589894229,-5.887359619140625,-0.0573802697676051,-5.588129043579102,-0.054463863728365695,8.476612091064453,0.08261603162804919,-19.54245376586914,-0.1904676020402852,-11.454590797424316,-0.11164045557823002,-0.41001462936401367,-0.003996146246117358,-20.1751651763916,-0.19663422914809556,-13.671597480773926,-0.1332481795490231,-0.705347094686926,-0.4411825063025966,-1.4358958570719143,-1.0532014899110471,-0.6203401037493099,-0.9539199764614096,-1.3018739534395387,0.3199643170113961,-1.287509651655354,-1.1059665594867012,-0.5732648004947614,-0.6521874528767837,-0.5036979162896834,-0.5779426845832336
Gemma_2_2B_base,neutral_26,factual_questions,neutral,1,user_next,14,]:,8254,93.76615142822266,-4.583721160888672,-0.04888460378367431,0.28598856925964355,0.0030500192756505087,-2.6650390625,-0.028422186704976038,-0.7616477012634277,-0.00812284272802285,10.285852432250977,0.10969686049367959,-12.339387893676758,-0.131597465670994,-6.1979570388793945,-0.06610015388787592,2.3844516277313232,0.025429769606749877,-14.807952880859375,-0.15792428989894888,-5.831284999847412,-0.062189659178997235,-4.570088231096693,-3.2921302320228882,1.9212514932716886,2.367544068716616,1.2591425701880932,2.75239815738527,2.580388620802083,3.3600745603879685,1.2121020128114717,1.9512334511911502,-3.9311092315597906,-4.788327715100521,-3.142013957571965,-3.965170836336243
Gemma_2_2B_base,neutral_26,factual_questions,neutral,1,moderator_next,14,]:,8254,95.0622329711914,-3.9504103660583496,-0.041556044315259465,1.5430337190628052,0.01623182699201292,-3.6378366947174072,-0.03826794912149658,-0.3992244005203247,-0.004199611013148719,11.787964820861816,0.12400260810656696,-16.84703826904297,-0.1772211502137601,-7.930837631225586,-0.08342784913993158,1.686387062072754,0.01773982168695546,-18.682979583740234,-0.1965341965973186,-8.745423316955566,-0.09199682190934717,-3.9131659817694957,-2.099360440220848,0.9077505283571585,2.624409849071074,2.8195732904368542,0.43299880387421186,1.3005776660519284,2.6006475208921636,-0.5925707695012924,0.8149134746783047,-3.006263210995172,-4.040315224931162,-1.9436479881804993,-2.991981606555831
Gemma_2_2B_base,neutral_27,factual_questions,neutral,1,assistant_next,14,]:,8254,100.76522827148438,-0.9275332689285278,-0.009204894236229414,2.4829916954040527,0.024641354344122658,-5.121520042419434,-0.05082626348665531,-4.492626190185547,-0.044585084232443686,10.390270233154297,0.10311364754874125,-19.0223331451416,-0.18877874313836834,-9.917025566101074,-0.09841713988264243,0.5055617094039917,0.005017223878478138,-20.102752685546875,-0.19950088964603446,-12.363115310668945,-0.12269227711527542,-0.7775882554838902,-1.207464488895014,-0.6380123875085373,-0.276769084101317,1.3676143100564024,-0.6862933126775714,-0.16631225612362824,1.3160232241513403,-1.2537857933836687,-0.5957456066677393,-0.992526372189452,-0.7382932607576024,-1.1791328614027266,-0.9587130610801644
Gemma_2_2B_base,neutral_27,factual_questions,neutral,1,user_next,14,]:,8254,90.31000518798828,-4.526702404022217,-0.050124041014054696,-0.09691876173019409,-0.0010731785645283608,-1.7696828842163086,-0.01959564591467531,0.7050249576568604,0.007806720375990328,11.274407386779785,0.1248411774898153,-10.685117721557617,-0.11831599056290161,-3.8287620544433594,-0.04239576829248821,2.9177069664001465,0.03230768241377775,-13.97998046875,-0.15479990771398397,-4.087676525115967,-0.04526272052146499,-4.510943668394919,-3.655458707166156,2.854070736020324,3.407041298297755,2.286077393039429,3.60359841655223,4.330146629757041,3.9402050283462455,1.597704330217122,2.631124700492101,-4.083201187780538,-4.9148347773821595,-3.5168563223718574,-4.215845549877009
Gemma_2_2B_base,neutral_27,factual_questions,neutral,1,moderator_next,14,]:,8254,93.12155151367188,-3.897772789001465,-0.04185682825988143,1.0438530445098877,0.011209575308210278,-3.5407652854919434,-0.03802304867066242,-0.26935744285583496,-0.0028925360292809186,12.63266372680664,0.13565778835796077,-15.975218772888184,-0.1715523261072679,-6.606169700622559,-0.07094136205035906,2.1954751014709473,0.023576444612272304,-18.281463623046875,-0.19631828857966177,-7.878792762756348,-0.08460761912455467,-3.8585659405233854,-2.573016958724833,1.008883553004194,2.7164524339555207,3.6970669668027094,0.8815911762574551,2.2789050456070474,3.154486294012172,-0.4055772384918763,1.1528417072579464,-3.215791449624109,-4.071015685013299,-2.400223871935608,-3.2356197784744536
Gemma_2_2B_base,neutral_28,factual_questions,neutral,1,assistant_next,14,]:,8254,97.31343841552734,-1.3243879079818726,-0.013609506863037255,2.331663131713867,0.023960340623847762,-4.696666717529297,-0.048263290188910804,-4.5972795486450195,-0.04724198038316851,8.676277160644531,0.08915805773501621,-16.35200309753418,-0.1680343780240433,-10.050278663635254,-0.10327739752366648,0.45180368423461914,0.004642767654611301,-17.762123107910156,-0.1825248742323345,-12.334151268005371,-0.1267466391983672,-1.189238655683849,-1.3510553053702283,-0.19538255324197012,-0.3509416511859647,-0.4129231949376493,0.6877178173623509,-0.2647257156152238,1.2575396684576028,-0.16371059748970138,-0.584451557896626,-1.2701469805270387,-1.1878639128632027,-1.2410442232300651,-1.214454068046634
Gemma_2_2B_base,neutral_28,factual_questions,neutral,1,user_next,14,]:,8254,94.67915344238281,-4.380781650543213,-0.04626975940600426,0.07806158065795898,0.000824485410143253,-2.7576889991760254,-0.02912667571382778,-0.7554102540016174,-0.007978633379536118,10.897762298583984,0.11510202512758883,-11.831548690795898,-0.12496466498294169,-6.396531105041504,-0.06756007919878715,2.055420160293579,0.021709321276773025,-14.670397758483887,-0.15494855229574467,-5.600750923156738,-0.05915505916056892,-4.3595826141046174,-3.489425477100833,1.824724942311256,2.371964829619791,1.8948093556357395,3.013705450711839,2.4337326617440693,3.002120002156713,1.2761640192059545,2.0411263965852156,-3.924504045602725,-4.521435392976895,-3.344338563235999,-3.9328869781064473
Gemma_2_2B_base,neutral_28,factual_questions,neutral,1,moderator_next,14,]:,8254,95.9725112915039,-4.631994247436523,-0.04826375995692609,0.996885359287262,0.010387196769910017,-3.3182172775268555,-0.03457466344137027,0.16750431060791016,0.001745336329682338,12.834775924682617,0.133733876002251,-16.06096839904785,-0.16734967318157143,-7.5159454345703125,-0.0783135226267198,2.4397971630096436,0.025421833087175136,-18.432382583618164,-0.19205897955126153,-8.036471366882324,-0.08373722078056911,-4.620161062407704,-2.6175830875812127,1.2407433081500774,3.0260761115181927,3.9070260117409763,0.8374689371935191,1.6069943808936948,3.4202851742386695,-0.4758630355614694,1.091357546851034,-3.6188720749944583,-4.724959335700216,-2.4749867933392955,-3.599973064519756
Gemma_2_2B_base,neutral_29,factual_questions,neutral,1,assistant_next,19,]:,8254,98.5908432006836,-1.29123854637146,-0.013096941911158205,2.4422693252563477,0.024771766281429002,-4.711543083190918,-0.04778885067044695,-4.992401123046875,-0.05063757404817752,9.865789413452148,0.1000680092913917,-17.641983032226562,-0.17894139515893945,-9.740087509155273,-0.09879302370230401,0.5171718597412109,0.0052456378599835835,-18.721345901489258,-0.18988929695409534,-12.325963020324707,-0.12502137744409964,-1.1548534006548277,-1.2461046387499093,-0.21088136867196575,-0.6309821765482019,0.8227709351865908,0.023962118180673574,-0.035635471703733594,1.328653949921495,-0.6104386849269463,-0.5812586863168697,-1.2004790197023685,-1.1355473576546367,-1.167277034718474,-1.1514121961865553
Gemma_2_2B_base,neutral_29,factual_questions,neutral,1,user_next,19,]:,8254,93.44153594970703,-4.457136154174805,-0.04769973126911961,-0.1039610505104065,-0.0011125785706943149,-2.4832186698913574,-0.026575105435209224,-0.2873998284339905,-0.003075718153741367,11.360788345336914,0.12158178084156945,-12.178468704223633,-0.13033249700409935,-5.5095977783203125,-0.058963048095503685,2.5911643505096436,0.02773032703469562,-14.744186401367188,-0.1577904970365956,-4.833470344543457,-0.05172721419246546,-4.43878380991775,-3.662140908933928,2.110679527682051,2.7036649795024363,2.375812024348698,2.835198692676293,3.0887731721429588,3.5849581009778784,1.241799261059568,2.3403147514927523,-4.050462359425839,-4.667389972292384,-3.5204382003357186,-4.093914086314052
Gemma_2_2B_base,neutral_29,factual_questions,neutral,1,moderator_next,19,]:,8254,91.62129211425781,-3.8446731567382812,-0.04196266029454943,0.8589164614677429,0.00937463816158167,-3.3149688243865967,-0.03618120578623374,-0.708430290222168,-0.007732157819153091,12.350202560424805,0.13479620594111777,-15.703754425048828,-0.1713985260703943,-6.916644096374512,-0.07549166723984856,2.0414085388183594,0.022280940289213427,-17.7587890625,-0.19382818832497598,-8.018165588378906,-0.08751421643759098,-3.80348661746507,-2.7484973459538047,1.244127681511089,2.40526165416857,3.403639467874263,1.0212724249010456,2.0496056151628506,2.986876706996153,-0.1621578698653393,1.0984955820214768,-3.2759919817094376,-4.081817764758014,-2.5670390978748014,-3.3244284313164076
Gemma_2_2B_base,neutral_30,factual_questions,neutral,1,assistant_next,14,]:,8254,98.09303283691406,-2.220045566558838,-0.02263204126076727,2.098562717437744,0.021393596025588674,-5.384621620178223,-0.05489300783604581,-4.794671058654785,-0.04887881350988742,9.978261947631836,0.10172243286861499,-18.14139175415039,-0.18494067549437088,-9.975900650024414,-0.10169836084699294,0.6323329210281372,0.006446257218689844,-19.461732864379883,-0.1984007661047269,-12.712425231933594,-0.12959559781446267,-2.118288734258856,-1.572236806009754,-0.912122535496104,-0.4908419394677693,0.9396101270133232,-0.2330072938877604,-0.2097941773245046,1.4539380971777265,-0.9552508121090806,-0.7319532256393195,-1.8452627701343052,-2.1087772862992673,-1.4743884992852365,-1.791582892792252
Gemma_2_2B_base,neutral_30,factual_questions,neutral,1,user_next,14,]:,8254,92.65787506103516,-4.8787078857421875,-0.05265292218851887,-0.2959510087966919,-0.0031940189498382565,-2.8095827102661133,-0.03032211464395658,-1.0746519565582275,-0.011598063908225155,11.43089771270752,0.12336671551314783,-12.441032409667969,-0.1342684839413042,-5.6846113204956055,-0.06135054701773665,2.8097007274627686,0.030323388331666097,-15.309931755065918,-0.1652307668935968,-5.857941627502441,-0.06322119543151325,-4.876072819381428,-3.84431401752042,1.7706599194113586,2.145703800373729,2.4486433327459833,2.7000972455917718,2.9595177292146553,3.8227046389576116,0.9783210143726581,1.9408391406901533,-4.360193418450924,-5.172952994585153,-3.709663181563991,-4.441308088074572
Gemma_2_2B_base,neutral_30,factual_questions,neutral,1,moderator_next,14,]:,8254,93.64476776123047,-4.7540283203125,-0.05076661979059014,0.7169409394264221,0.007655963665310517,-3.6981332302093506,-0.03949108229558129,-0.5970122814178467,-0.0063752871163082064,12.329069137573242,0.13165785374158998,-15.634785652160645,-0.16695845401662202,-7.085513114929199,-0.07566373738034562,2.4662604331970215,0.026336339895522375,-18.22205352783203,-0.1945869904263469,-8.371950149536133,-0.08940115235143094,-4.746744879236098,-2.8832133614387927,0.8449310941005274,2.4842286348190448,3.381685556508095,1.0567601211348752,1.9248881817639427,3.449074664383923,-0.3779088402975801,0.9605431513270669,-3.814979120337445,-4.9804216028473585,-2.7232848172108386,-3.8518532100290983
Gemma_2_2B_base,neutral_31,factual_questions,neutral,1,assistant_next,19,]:,8254,96.39329528808594,-1.545492172241211,-0.016033191599294058,2.0204122066497803,0.020960090643353076,-4.138091087341309,-0.042929241862455246,-3.8894457817077637,-0.040349754306910735,9.643089294433594,0.10003900443089701,-16.599973678588867,-0.17221087451131675,-9.967917442321777,-0.10340882540150899,0.7489581108093262,0.00776981540646527,-17.425676345825195,-0.18077685064864654,-11.208052635192871,-0.11627419315519727,-1.418586255312235,-1.6463913170839022,0.3865647309869746,0.15073214443583569,0.5914246592657957,0.5601252231072391,-0.20389821616191392,1.5808150752730226,-0.00702101551066977,-0.14534804504124893,-1.5324887861980687,-1.435244924474896,-1.5137987310832874,-1.4745218277790917
Gemma_2_2B_base,neutral_31,factual_questions,neutral,1,user_next,19,]:,8254,93.65762329101562,-3.742115020751953,-0.03995526353604284,0.5787206292152405,0.006179108639315172,-2.4403717517852783,-0.026056306641505156,-0.5231583118438721,-0.005585859361584478,10.426936149597168,0.11133035179846809,-11.764846801757812,-0.1256154746229439,-6.306970119476318,-0.06734070220722047,2.243176221847534,0.023950813004057058,-13.897255897521973,-0.14838360625851058,-4.700846195220947,-0.05019181600001043,-3.697104850520779,-3.014366176959556,2.155319226018015,2.5365722823935704,1.4057037518567213,3.048026727969358,2.4998775138191665,3.206380520435266,1.63623071818052,2.3920293421689904,-3.355735513740168,-3.8769264959404603,-2.857546584865113,-3.3672365404027866
Gemma_2_2B_base,neutral_31,factual_questions,neutral,1,moderator_next,19,]:,8254,91.49041748046875,-4.406351089477539,-0.04816188635731388,0.48246073722839355,0.005273347204163634,-2.7975997924804688,-0.03057806346853425,0.2742851972579956,0.0029979663970442546,12.387128829956055,0.1353926364211907,-14.93677043914795,-0.1632604905572393,-6.728742599487305,-0.07354587272403416,2.2911462783813477,0.02504247265972372,-16.89168357849121,-0.18462789922340472,-7.098440647125244,-0.07758671173011764,-4.386105347454318,-3.105704098546555,1.7831442207048964,3.101756554028585,3.4419993707667733,1.4159219679919532,2.188379397495198,3.2585673235049097,0.24166945478804372,1.4571270915514523,-3.7459047230004368,-4.714561286089393,-2.9398898949503787,-3.8272255905198858
Gemma_2_2B_base,neutral_32,factual_questions,neutral,1,assistant_next,15,]:,8254,102.05420684814453,-1.161836862564087,-0.011384507297115999,2.9267773628234863,0.028678654738638034,-4.606083869934082,-0.0451336991603676,-4.2288818359375,-0.04143760425506052,10.957558631896973,0.10736998473959718,-19.12422752380371,-0.18739283871227708,-10.064167022705078,-0.09861589574333218,0.4728505611419678,0.004633327481007852,-20.136962890625,-0.19731634307430918,-12.671310424804688,-0.12416254867042816,-1.0206272894194406,-0.7863705144936213,-0.10100958151382891,-0.08984153493684348,1.9569272345423325,-0.7387227906350555,-0.2749828990354613,1.2804366441912174,-1.2697181290075576,-0.7159211874904196,-0.9034989019565309,-0.9607623285609207,-0.8120994844105547,-0.8864309064857376
Gemma_2_2B_base,neutral_32,factual_questions,neutral,1,user_next,15,]:,8254,92.21841430664062,-4.567577362060547,-0.04952999242507726,0.5045483112335205,0.005471231695177697,-1.857373833656311,-0.020141029832504525,-0.06334871053695679,-0.0006869420930001294,11.944263458251953,0.12952145781357086,-12.120858192443848,-0.13143641954349922,-4.622156620025635,-0.05012184014199423,1.902348518371582,0.020628727273990812,-14.739328384399414,-0.15983064223365245,-4.68477725982666,-0.05080088716608208,-4.553342549947047,-3.0847459085788893,2.7627106638652026,2.862460137319026,2.9819400994491576,2.86484202626483,3.744188739204025,2.835592793107054,1.2440617308875144,2.3982951574127718,-3.819044229262968,-4.854201338268003,-2.921900098330356,-3.888050718299179
Gemma_2_2B_base,neutral_32,factual_questions,neutral,1,moderator_next,15,]:,8254,93.74435424804688,-3.9602174758911133,-0.042244863785742305,1.2904797792434692,0.013765946649212274,-3.0376851558685303,-0.03240392640425937,-0.14417362213134766,-0.0015379445865066745,12.87819766998291,0.1373757147647238,-15.992330551147461,-0.17059513268214394,-6.692050933837891,-0.07138617559976757,2.2958757877349854,0.024490816605980504,-18.265518188476562,-0.19484392777559847,-8.034160614013672,-0.08570287435929573,-3.9233387258681716,-2.33900076679485,1.5330133205083016,2.8051758679406356,3.9521335721386746,0.8727863568666504,2.2154778576277407,3.263712574336131,-0.39815114985362293,1.092258586664422,-3.1311697463315107,-4.110621752375423,-2.1678226348593173,-3.1392221936173703
Gemma_2_2B_base,neutral_33,factual_questions,neutral,1,assistant_next,17,]:,8254,98.9052505493164,-0.7900140285491943,-0.007987584320968636,2.4877471923828125,0.025152832418561696,-4.414937973022461,-0.0446380545876184,-4.521851062774658,-0.045719019340838336,9.460948944091797,0.095656690535093,-17.44970703125,-0.17642852057231462,-9.826457977294922,-0.09935223785106562,0.1461472511291504,0.0014776490663281627,-18.541139602661133,-0.1874636533418021,-12.113277435302734,-0.12247355290063978,-0.6349419442995637,-1.202952150462175,0.09813415048498213,-0.29748207271979105,0.40221285312853505,0.12289721634131998,-0.09942398187589799,0.9250148970890074,-0.5265132238573076,-0.4983254646650509,-0.9189470473808694,-0.614044692543552,-1.1326340858412545,-0.8733393891924033
Gemma_2_2B_base,neutral_33,factual_questions,neutral,1,user_next,17,]:,8254,94.40313720703125,-3.815202236175537,-0.04041393484422652,0.7005345225334167,0.007420669940206607,-2.579509735107422,-0.027324406915105116,-0.4781399369239807,-0.005064873383131258,10.784774780273438,0.11424169894504498,-11.859219551086426,-0.12562315090311574,-5.874770164489746,-0.06223066667377858,2.0162153244018555,0.02135750340563561,-14.640278816223145,-0.15508254544672823,-4.67244815826416,-0.049494628001792204,-3.7729169452222213,-2.89878088378654,2.0103594978247834,2.5684788402235377,1.7774351858244526,2.9994674841162756,2.819076793606492,2.959468915251762,1.2901909768239759,2.4031026863882072,-3.3358489145043806,-3.923742226764832,-2.7446755095227795,-3.334208868143806
Gemma_2_2B_base,neutral_33,factual_questions,neutral,1,moderator_next,17,]:,8254,93.71257781982422,-3.967071294784546,-0.04233232493520566,1.1557269096374512,0.012332676536328996,-3.121006488800049,-0.033304029847526215,0.06505751609802246,0.0006942239516994699,12.641841888427734,0.13490016156351473,-15.492975234985352,-0.16532439503235952,-6.624331474304199,-0.07068775215041485,2.300344228744507,0.02454680345222438,-17.612398147583008,-0.18794060047569444,-7.544296741485596,-0.0805046336041527,-3.93044807274921,-2.466863439229381,1.4462056962631942,2.9534674360753077,3.7066014633274387,1.1297282891443088,2.265491751570448,3.268573807943972,-0.09398086877986266,1.2832728912558318,-3.1986557559892956,-4.119548749895894,-2.2981220721734554,-3.2088354110346744
Gemma_2_2B_base,neutral_34,factual_questions,neutral,1,assistant_next,15,]:,8254,102.12862396240234,-0.7682350873947144,-0.0075222308652423695,2.6860780715942383,0.026300932758901087,-4.81803560256958,-0.047176153125722056,-5.039045333862305,-0.049340186309739964,9.357297897338867,0.09162267672169622,-18.374319076538086,-0.17991350870743555,-11.040129661560059,-0.10810024881588902,-0.13676738739013672,-0.0013391680224780695,-19.496356964111328,-0.19090002594462374,-13.33228588104248,-0.13054406652879835,-0.6123510282312551,-1.0147623455518495,-0.3218296970518732,-0.6640410377901724,0.2945376360372292,-0.3528594199340692,-0.9957755965532721,0.6172310087060884,-0.971375906253843,-0.9736576204175396,-0.8135566868915522,-0.566546927296924,-1.0282596019378314,-0.7974032646173776
Gemma_2_2B_base,neutral_34,factual_questions,neutral,1,user_next,15,]:,8254,92.3420181274414,-4.295051574707031,-0.046512429139023384,-0.10707074403762817,-0.001159501884503538,-2.4244384765625,-0.0262549869033242,-0.5749003291130066,-0.006225771764264297,10.894868850708008,0.117983872040483,-11.916119575500488,-0.12904330896315291,-5.835701942443848,-0.06319660389477284,2.371349334716797,0.025680068324303817,-14.981149673461914,-0.16223545875710013,-5.4248809814453125,-0.05874769786770767,-4.270656300653124,-3.6650915973014966,2.171919173712918,2.4999003752184548,1.8918035719225197,2.9701897298871627,2.8479304484848447,3.345820527044733,1.1314410105630748,2.1097039678218334,-3.9678739489773105,-4.546204243126327,-3.524704026666219,-4.035454134896273
Gemma_2_2B_base,neutral_34,factual_questions,neutral,1,moderator_next,15,]:,8254,93.29054260253906,-3.7581639289855957,-0.04028451142145368,0.8536445498466492,0.009150386802696288,-3.1916229724884033,-0.03421164550501326,-0.25904011726379395,-0.0027767028686651,12.274109840393066,0.13156864027135592,-15.495957374572754,-0.16610426890314822,-7.181446075439453,-0.07697935798311026,2.2843446731567383,0.024486347805791044,-17.974254608154297,-0.19266963302735787,-8.37545394897461,-0.08977816738249582,-3.713752103310643,-2.7534996936639686,1.3726345114794885,2.723764789104698,3.3245925078564302,1.128193837255826,1.8540373370347005,3.2511678318623694,-0.26250422502191,0.9591769027614923,-3.233625898487306,-3.9105322177348456,-2.5874259221147318,-3.248979069924789
Gemma_2_2B_base,neutral_35,factual_questions,neutral,1,assistant_next,19,]:,8254,96.99425506591797,-2.166015386581421,-0.022331378132750046,1.3646379709243774,0.014069265958040093,-5.151620864868164,-0.05311263910802848,-5.375555515289307,-0.05542138048935003,8.59398365020752,0.08860301720310124,-17.26116180419922,-0.1779606616130864,-10.930413246154785,-0.11269134691251972,0.6813359260559082,0.007024497745695016,-17.727144241333008,-0.18276488879970795,-12.085448265075684,-0.1245996297086083,-2.062244170275342,-2.268634439168906,-0.6693726741562039,-0.9025410188130178,-0.49841168616950865,0.21991265483207684,-0.9147450448973877,1.507248648759054,-0.147420281755619,-0.48747394060624943,-2.165439304722124,-2.078089157744186,-2.1402476963243386,-2.1091684270342625
Gemma_2_2B_base,neutral_35,factual_questions,neutral,1,user_next,19,]:,8254,92.1884994506836,-4.874757766723633,-0.052878155038540285,-0.7175389528274536,-0.007783389002999256,-3.211771011352539,-0.03483917224480568,-1.752763032913208,-0.01901281660247493,9.78837776184082,0.1061778618826216,-11.936366081237793,-0.12947782155433796,-7.086134433746338,-0.0768657096706198,2.6604652404785156,0.02885897109000821,-14.126835823059082,-0.15323859165986597,-5.362551689147949,-0.05816942157754348,-4.871975429771207,-4.24434528473987,1.3516434480212116,1.6650958194912022,0.7423538371083152,2.959771944919945,1.9244293096223313,3.6603507971446487,1.5293110309757345,2.134008243134917,-4.558160357255538,-5.19594209438554,-4.126885539148958,-4.661413816767249
Gemma_2_2B_base,neutral_35,factual_questions,neutral,1,moderator_next,19,]:,8254,92.15196990966797,-4.620238304138184,-0.05013716265281334,0.44053834676742554,0.00478056353216609,-3.597079277038574,-0.039034209258517354,-0.5857937335968018,-0.006356822693763644,12.019372940063477,0.13042990781255653,-15.604011535644531,-0.16932911527491354,-7.561033248901367,-0.08204961061942653,2.030961751937866,0.02203926572517894,-17.13260269165039,-0.1859168361614476,-7.549055576324463,-0.08191963322894161,-4.607966827321948,-3.145482909156343,0.9502132983895696,2.492179726911049,3.0599656477964796,1.072594859858716,1.5736949839465006,2.9755116086611415,0.12946889474182097,1.2814172624201707,-3.8767248682391457,-4.9161740787448975,-2.984689151281557,-3.950431615013227
Gemma_2_2B_base,neutral_36,factual_questions,neutral,1,assistant_next,17,]:,8254,99.668212890625,-2.1646857261657715,-0.021718917831317776,2.0007314682006836,0.02007391735212779,-4.9296417236328125,-0.04946052086880054,-5.1452860832214355,-0.05162414308429335,9.937772750854492,0.09970854761648144,-18.289852142333984,-0.1835073752391357,-10.723970413208008,-0.10759669609985278,0.7906875610351562,0.007933196935143702,-19.026384353637695,-0.1908972158908586,-12.93376636505127,-0.12976821786946927,-2.060864936701211,-1.6650657380512917,-0.4381055879893572,-0.7393386605799368,0.8975489690276721,-0.3093971865592951,-0.762277644487978,1.6262126995098183,-0.7525008265224709,-0.8182615349289054,-1.8629653373762514,-2.0155764692439835,-1.5943612713690043,-1.8049688703064939
Gemma_2_2B_base,neutral_36,factual_questions,neutral,1,user_next,17,]:,8254,94.99851989746094,-4.837533950805664,-0.05092220337777029,-0.3077136278152466,-0.0032391412850156518,-2.7827911376953125,-0.029292994677169587,-1.2605335712432861,-0.013268981165221048,11.432096481323242,0.12033973259438953,-12.876348495483398,-0.1355426222364497,-6.136351585388184,-0.0645941809620993,2.9662857055664062,0.031224546537863346,-15.22108268737793,-0.16022441932576625,-5.816406726837158,-0.061226287873908394,-4.833363814303756,-3.8554751891298924,1.798572492132358,2.0139610953331704,2.44988864261003,2.4761065267172526,2.6258870438317135,3.993054019517523,1.0196996954721125,1.9570349873565098,-4.344419501716825,-4.996301731401638,-3.713765279857303,-4.3550335056294704
Gemma_2_2B_base,neutral_36,factual_questions,neutral,1,moderator_next,17,]:,8254,93.3476333618164,-4.2510151863098145,-0.045539613948570444,0.5405229926109314,0.0057904305995188825,-3.5999927520751953,-0.03856544212665345,-1.0550365447998047,-0.011302231313251103,12.304420471191406,0.13181288082044185,-16.180559158325195,-0.17333657614659795,-7.577539443969727,-0.08117548534518389,2.4657511711120605,0.026414715427811472,-17.887168884277344,-0.19161887923763948,-8.649909973144531,-0.09266340946874775,-4.224978122491174,-3.0506106881984616,0.9471779191256016,2.159606129605791,3.356079925047356,0.7759338342783484,1.5615044098451842,3.4485206362659873,-0.22194676628442522,0.8521573213271907,-3.6377944053448177,-4.44691079859313,-2.8928815363348943,-3.669896167464012
Gemma_2_2B_base,neutral_37,factual_questions,neutral,1,assistant_next,14,]:,8254,97.54834747314453,-1.9642114639282227,-0.020135773847619286,1.7332123517990112,0.017767726432025635,-4.9455037117004395,-0.050697975309750454,-4.887749195098877,-0.05010591487922945,9.569082260131836,0.09809579052855041,-17.645675659179688,-0.18089158982460074,-10.017658233642578,-0.10269428947938335,0.2348041534423828,0.002407054138021409,-18.750160217285156,-0.192214022102703,-12.181680679321289,-0.12487839102220524,-1.852916478603974,-1.9189060403057128,-0.45463126576609947,-0.5568106233317174,0.5145443600854089,0.022062086932766546,-0.24063404776593283,1.0214650711371454,-0.6238580534745651,-0.5249981768627684,-1.8859112594548435,-1.853987895302986,-1.804018457775958,-1.829003176539472
Gemma_2_2B_base,neutral_37,factual_questions,neutral,1,user_next,14,]:,8254,92.69892883300781,-4.982513427734375,-0.05374941750093044,-0.30225837230682373,-0.0032606457929123013,-2.6186304092407227,-0.028248766649267825,-0.7307277321815491,-0.00788280664491729,11.494979858398438,0.1240033731037608,-12.5617094039917,-0.13551083666372188,-6.1031494140625,-0.0658384027830246,2.4330103397369385,0.026246369514364907,-14.972885131835938,-0.16152166287497013,-5.762824058532715,-0.062167105176739804,-4.983748498834211,-3.8502988722903364,1.969601955177572,2.3894584488639956,2.5152134173240364,2.638003223360649,2.6504083540545773,3.4129017639366306,1.1352899629637387,1.9779286614939893,-4.417023685562274,-5.2848702400726095,-3.7157202674437073,-4.500295253758159
Gemma_2_2B_base,neutral_37,factual_questions,neutral,1,moderator_next,14,]:,8254,94.64193725585938,-4.735227584838867,-0.05003307964879707,0.5387300848960876,0.0056922977330827445,-3.5915255546569824,-0.03794856338313835,-0.5462266206741333,-0.005771507182882775,12.925025939941406,0.13656763919571188,-16.240188598632812,-0.17159611340930542,-7.309045791625977,-0.07722840427353432,2.194182872772217,0.0231840443717922,-18.638004302978516,-0.19693177087649502,-8.225582122802734,-0.08691265586169603,-4.727243204012555,-3.0523119207771714,0.9559993969636179,2.5202227288825427,4.000779912834204,0.745251666456387,1.7597991562161235,3.153080473600556,-0.5716249357584676,1.0176169393911063,-3.889777562394863,-4.905550519319056,-2.9018028535128053,-3.9036766864159307
Gemma_2_2B_base,neutral_38,factual_questions,neutral,1,assistant_next,13,]:,8254,102.89009857177734,-0.8075127601623535,-0.007848303883186808,3.3065083026885986,0.03213631193464101,-4.764595031738281,-0.04630761460894552,-5.056731224060059,-0.04914691786919052,10.245331764221191,0.09957548788889464,-19.262182235717773,-0.18721123318081231,-10.080572128295898,-0.09797417116150951,-0.46403956413269043,-0.00451005072960418,-19.96479606628418,-0.19404001301793392,-12.804133415222168,-0.12444475797921269,-0.6530930736116249,-0.4260560149272161,-0.2661530914461966,-0.6765758278480817,1.2170487191033859,-0.8097070158926069,-0.28709881397022236,0.26119038937101596,-1.1895368023410575,-0.767713312958689,-0.5395745442694205,-0.599828596249856,-0.4977618148989471,-0.5487952055744015
Gemma_2_2B_base,neutral_38,factual_questions,neutral,1,user_next,13,]:,8254,90.70542907714844,-5.329453468322754,-0.05875561719453253,-0.4506174325942993,-0.004967921294005808,-2.2303128242492676,-0.024588526254060286,0.2014210820198059,0.0022206066832944427,11.70572280883789,0.12905206367395855,-11.481949806213379,-0.12658503380704525,-4.38602352142334,-0.04835458655614604,2.6028528213500977,0.028695667368887828,-14.787994384765625,-0.16303317822561503,-4.802957057952881,-0.05295115305466205,-5.343623356021904,-3.991072022307063,2.3741673386119806,3.0501144609784987,2.73413829700345,3.193590614681107,3.918583748130261,3.597674031915047,1.2213970596428931,2.352212902276597,-4.667347689164483,-5.795843769759523,-3.870929697357225,-4.833386733558374
Gemma_2_2B_base,neutral_38,factual_questions,neutral,1,moderator_next,13,]:,8254,93.61868286132812,-4.036438941955566,-0.043115741629632914,1.2204313278198242,0.01303619417106709,-3.0428626537323,-0.03250272873673639,-0.356107234954834,-0.0038038052242447672,13.07876205444336,0.13970247876501493,-16.284448623657227,-0.17394443209352162,-6.722627639770508,-0.0718086116392851,2.374277114868164,0.025361146325729042,-18.701658248901367,-0.19976416754979387,-8.264087677001953,-0.08827391525303835,-4.00240192413166,-2.4054674938123477,1.5276191882581929,2.6549689338676186,4.160484711023363,0.7224777898511789,2.192895572740035,3.3490056699699435,-0.6012697750078013,1.0026023362110175,-3.203934708972004,-4.199510640764677,-2.2341648661151075,-3.216837753439892
Gemma_2_2B_base,neutral_39,factual_questions,neutral,1,assistant_next,19,]:,8254,98.76068115234375,-2.252209424972534,-0.022804717410751532,2.278435707092285,0.023070271291240625,-4.733888626098633,-0.047932928072826377,-4.31437349319458,-0.0436851330190749,10.930196762084961,0.11067356598345586,-17.829660415649414,-0.18053399599529077,-11.508874893188477,-0.11653296391744614,0.14207029342651367,0.0014385309190745909,-19.096778869628906,-0.19336418751680218,-11.879780769348145,-0.12028856657056601,-2.1516517439985337,-1.4015611000061527,-0.2341618830857248,-0.15043333797519612,1.9285030616629677,-0.07260677370998118,-1.3419652215479874,0.9205795596280062,-0.7852848759688844,-0.4072773066501477,-1.7766064220023432,-2.126402021078219,-1.3219609549520255,-1.7241814880151223
Gemma_2_2B_base,neutral_39,factual_questions,neutral,1,user_next,19,]:,8254,95.15389251708984,-3.9242143630981445,-0.041240712905080024,0.9732937812805176,0.010228628125809061,-3.010936975479126,-0.0316428145589352,-0.7199985980987549,-0.007566675193759851,11.773533821105957,0.12373149967555352,-12.892292976379395,-0.1354888658292556,-7.060205459594727,-0.07419775768318357,2.2383856773376465,0.02352384771790211,-15.660259246826172,-0.16457823040726952,-4.985196113586426,-0.05239087946602998,-3.885993324476309,-2.6399683786678474,1.560880685453029,2.397062671310659,2.8045820184696675,2.467902337039113,1.9435790336778918,3.2011688692303593,0.8151669156394532,2.2811518005431934,-3.2629808515720784,-4.008129931986004,-2.4894023629631237,-3.248766147474564
Gemma_2_2B_base,neutral_39,factual_questions,neutral,1,moderator_next,19,]:,8254,90.65555572509766,-4.707512855529785,-0.05192746123364757,1.1454426050186157,0.012635106539879763,-2.8211913108825684,-0.031119894289077,0.6820677518844604,0.007523728098394222,13.219232559204102,0.14581822871716626,-15.031219482421875,-0.16580582802892174,-6.920170783996582,-0.07633476766698324,2.092906951904297,0.02308636172559343,-17.316818237304688,-0.19101772747183757,-6.454996109008789,-0.0712035358161921,-4.698495198347984,-2.476621885758495,1.7585655972867595,3.3907704885474037,4.306408872610382,1.3673234672949057,2.0470009963145337,3.0429020222930108,0.0436762520552435,1.7080276332818718,-3.587558542053239,-5.098906538700788,-2.2706279809094543,-3.6847672598051213
Gemma_2_2B_base,neutral_40,factual_questions,neutral,1,assistant_next,13,]:,8254,100.6720199584961,-0.3211877644062042,-0.0031904372688520586,4.090411186218262,0.04063106300941026,-5.118076324462891,-0.0508391142501453,-5.158390998840332,-0.051239569852347996,9.018350601196289,0.08958150044981983,-17.72093963623047,-0.1760264633960484,-9.377418518066406,-0.09314821061435363,0.5984762907028198,0.005944812579995442,-19.802392959594727,-0.19670205254407958,-13.412672996520996,-0.1332313884438856,-0.14863663180762202,0.31776426816055325,-0.6344245791543022,-0.7486267068231701,-0.05756902219708957,-0.016664789638726855,0.2322120359628489,1.417105343016938,-1.1139026225333157,-1.0050032448294683,0.08456381817646562,-0.12440877874254556,0.2745010511280671,0.07504613619276077
Gemma_2_2B_base,neutral_40,factual_questions,neutral,1,user_next,13,]:,8254,90.7734603881836,-3.8259167671203613,-0.04214796649548461,0.9192023277282715,0.010126333443689323,-2.165781021118164,-0.023859187606778666,-0.139950692653656,-0.001541757822772988,10.266751289367676,0.11310300659975883,-10.463409423828125,-0.11526947831538431,-3.8021674156188965,-0.04188633328903965,2.6610381603240967,0.029315156092369225,-14.313533782958984,-0.15768412619446912,-5.243213653564453,-0.05776152667467315,-3.7840309414247426,-2.6912940226209585,2.4413992505482454,2.8081688490029597,1.2392998404609732,3.7176778236934824,4.349787977381051,3.6609740787773264,1.4423622813079744,2.180542133786304,-3.2376624820228503,-4.100731625442743,-2.4987020332769188,-3.2997168293598307
Gemma_2_2B_base,neutral_40,factual_questions,neutral,1,moderator_next,13,]:,8254,94.6427001953125,-3.4198970794677734,-0.03613482151724529,2.390106678009033,0.025253999231600658,-3.5101938247680664,-0.037088901917677115,-0.4521336555480957,-0.004777269188379403,12.49716567993164,0.1320457431385776,-16.331256866455078,-0.1725569624783797,-6.7382025718688965,-0.07119622071182864,2.1066770553588867,0.02225926617701496,-19.24236297607422,-0.2033158704935942,-8.685670852661133,-0.09177327817926438,-3.362873796052974,-1.2956001003144881,1.0407341701483477,2.58691066771928,3.5563083148665564,0.6983927346575394,2.1813927786023157,3.057882569099887,-0.8530861311818754,0.8382129585857857,-2.3292369481837314,-3.4869810557287932,-1.1234369507755386,-2.305209003252166
Gemma_2_2B_base,neutral_41,creative_requests,neutral,1,assistant_next,16,]:,8254,103.13103485107422,-0.9625921249389648,-0.009333680461259703,2.1154775619506836,0.020512521424860392,-7.193307399749756,-0.06974920216923267,-6.206360816955566,-0.06017937108764424,8.137746810913086,0.07890686661550864,-20.654014587402344,-0.20026963384230223,-12.63804817199707,-0.12254359892972054,-1.0305092334747314,-0.009992232066349692,-20.768291473388672,-0.20137770849850392,-13.146631240844727,-0.1274750249508215,-0.813954195772947,-1.5561868530138556,-2.796486479356181,-1.4913703013055173,-0.9723615617860886,-1.5258706017675876,-2.1759109292979906,-0.35507407256559703,-1.5637397183717432,-0.9012646680478793,-1.1850705243934012,-0.7514382321942951,-1.5544875145892858,-1.1529628733917905
Gemma_2_2B_base,neutral_41,creative_requests,neutral,1,user_next,16,]:,8254,89.84447479248047,-4.910200119018555,-0.05465222130086417,-0.302312970161438,-0.0033648476532330963,-3.9004194736480713,-0.04341301435238082,-1.354924201965332,-0.015080773804898823,10.037532806396484,0.11172120299640925,-13.434957504272461,-0.14953571196563886,-6.974082946777344,-0.07762394919538268,1.5865147113800049,0.01765845607138869,-15.518152236938477,-0.17272238802421347,-4.662901878356934,-0.05189970656656557,-4.908739164072096,-3.850350678442002,0.6341808865298532,1.9470621874294707,1.0011821302356763,2.1886757665741605,2.007184417592468,2.491996018802917,0.8813488216194852,2.4068251001447134,-4.3795449212570485,-5.377017751658383,-3.7251933204606105,-4.551105536059497
Gemma_2_2B_base,neutral_41,creative_requests,neutral,1,moderator_next,16,]:,8254,96.0763168334961,-4.102226734161377,-0.04269758530888202,1.1707834005355835,0.012185972975677197,-4.577850341796875,-0.047648062422401806,-1.0379383563995361,-0.01080326963614064,11.977380752563477,0.12466527805516038,-18.035736083984375,-0.1877230172680432,-8.38182258605957,-0.08724129798382663,1.217818260192871,0.01267553024855643,-19.244482040405273,-0.20030411941953075,-8.051665306091309,-0.08380489148064606,-4.0706424543529875,-2.45257681832587,-0.07159471961210313,2.1717243888266453,3.016343146655906,-0.17864245352280078,0.9675048114228715,2.0908897770994743,-0.8540730192772221,1.0854329218791405,-3.2616096363394287,-4.1568301996612105,-2.311458980013148,-3.2341445898371792
Gemma_2_2B_base,neutral_42,creative_requests,neutral,1,assistant_next,22,]:,8254,103.5311508178711,0.13108152151107788,0.0012661070651254769,3.8809800148010254,0.037486109099939685,-6.110778331756592,-0.05902357197310103,-5.83641242980957,-0.0563734912990276,8.373737335205078,0.08088133155146615,-20.315460205078125,-0.19622558084780178,-12.04127311706543,-0.11630579803220846,-1.1629533767700195,-0.011232883702952867,-19.389291763305664,-0.1872797859401247,-13.103106498718262,-0.12656197091606616,0.32049441574697934,0.11904175229283716,-1.6686627484757364,-1.2291711519674686,-0.7272088910638982,-1.351668356672806,-1.735165469860958,-0.4991605490742676,-0.9215136295156758,-0.8842929156569523,0.21976808401990824,0.3304624465201902,-0.011408576861424363,0.1595269348293829
Gemma_2_2B_base,neutral_42,creative_requests,neutral,1,user_next,22,]:,8254,96.67831420898438,-4.003457069396973,-0.041410083555479794,1.5723416805267334,0.01626364395564331,-3.272117853164673,-0.03384541693695144,-0.9038063883781433,-0.009348594829906043,10.729406356811523,0.11098048662307387,-15.128267288208008,-0.15648046215934255,-7.999672889709473,-0.08274526666256307,0.9008865356445312,0.009318393095861527,-15.812955856323242,-0.1635625940078063,-5.175041198730469,-0.05352845921106834,-3.968190402576877,-2.0715510563662223,1.2887716025514302,2.266789779395218,1.719917126885058,1.3173877803502996,1.2497397039500728,1.7460985741983834,0.7440532340470308,2.2071248535635344,-3.01987072947155,-4.025417280545181,-1.9407554891178183,-2.9830863848314997
Gemma_2_2B_base,neutral_42,creative_requests,neutral,1,moderator_next,22,]:,8254,99.80842590332031,-3.469665765762329,-0.03476325504946075,2.014333963394165,0.020182003124118546,-4.252793312072754,-0.04260956200423632,-0.5523209571838379,-0.0055338109201205615,12.606897354125977,0.1263109526077255,-19.004213333129883,-0.1904069036369571,-8.880468368530273,-0.08897513700028054,1.1502548456192017,0.011524626655603195,-19.107206344604492,-0.19143881061818105,-8.080760955810547,-0.08096271314445934,-3.414497986914017,-1.6521587669990128,0.26706319069418055,2.5159033970401965,3.6703002349754925,-0.6769698122358789,0.5992322727582594,2.0173872868828235,-0.7901411470915317,1.0740875551161793,-2.533328376956515,-3.3469878069297603,-1.58453512963517,-2.465761468282465
Gemma_2_2B_base,neutral_43,creative_requests,neutral,1,assistant_next,24,]:,8254,100.32624816894531,-0.9235955476760864,-0.00920592132699699,2.513368606567383,0.025051954522758317,-7.415497779846191,-0.07391383526431483,-6.467021942138672,-0.06445992011231667,7.987421989440918,0.07961447911408413,-20.055932998657227,-0.19990713661377882,-12.188703536987305,-0.12149067426962906,-1.5639564990997314,-0.015588707119457836,-19.60790252685547,-0.1954414012755322,-12.115632057189941,-0.1207623356630232,-0.7735037258603736,-1.178640812983653,-3.027973642939384,-1.6761126266222033,-1.128522626177558,-1.2181293319780926,-1.8440495252960576,-0.9354133385739387,-1.0233247717732608,-0.4992436104757216,-0.9760722694220133,-0.7383980940097573,-1.1418049552694687,-0.9401015246396129
Gemma_2_2B_base,neutral_43,creative_requests,neutral,1,user_next,24,]:,8254,92.57775115966797,-4.680368423461914,-0.05055608248022494,0.42225807905197144,0.004561118343906485,-4.027794361114502,-0.04350715275172112,-1.3803104162216187,-0.014909742340154821,10.625638961791992,0.11477529783010233,-14.216901779174805,-0.15356715410655256,-7.488621711730957,-0.08089008015344208,1.3005757331848145,0.014048469712142,-15.50353717803955,-0.16746504407199034,-4.29543924331665,-0.04639818087510408,-4.67033875207185,-3.162828468399352,0.5014764400162989,1.9290698295379765,1.6121210443972418,1.786328447092262,1.6271741901481909,2.1809219400286057,0.8881553292977886,2.5501110692310003,-3.916583610235601,-4.95893244955897,-3.0046390436950676,-3.9817857466270192
Gemma_2_2B_base,neutral_43,creative_requests,neutral,1,moderator_next,24,]:,8254,98.6912841796875,-4.222620964050293,-0.0427861588705458,1.0796786546707153,0.010939959527783035,-5.0447468757629395,-0.05111643766411991,-1.476740837097168,-0.014963234589271953,12.37579345703125,0.12539905179973754,-19.27399253845215,-0.1952957923149519,-9.076948165893555,-0.09197314880782309,0.9078819751739502,0.009199211285172528,-19.508132934570312,-0.19766824493895327,-8.179747581481934,-0.08288216785779222,-4.195525290632183,-2.5390231872366704,-0.5580269147761042,1.8607252301225423,3.430223910906743,-0.8157839753383921,0.4541230262451088,1.7537089389026665,-0.9768601970735291,1.0354893597259152,-3.367274238934427,-4.165870739034444,-2.424734802684042,-3.295302770859243
Gemma_2_2B_base,neutral_44,creative_requests,neutral,1,assistant_next,19,]:,8254,96.75312042236328,-0.629623293876648,-0.006507524420174859,2.6007251739501953,0.02688001340522212,-5.635865211486816,-0.05824995810868087,-5.892880439758301,-0.060906360580761536,7.061676025390625,0.07298654549397258,-16.781320571899414,-0.1734447478142588,-11.127004623413086,-0.11500409056410357,0.31682825088500977,0.003274604989502528,-18.274303436279297,-0.18887559756734645,-13.137001037597656,-0.13577857727223444,-0.468571430718534,-1.0957509703188497,-1.173878540842696,-1.2691925838423064,-2.090209948912656,0.466813667844582,-1.059936698226453,1.1106993920762158,-0.40224260490957925,-0.8975095297748326,-0.7821612005186919,-0.4629777200008523,-0.9756150364111358,-0.719296378205994
Gemma_2_2B_base,neutral_44,creative_requests,neutral,1,user_next,19,]:,8254,91.58795166015625,-3.8998820781707764,-0.04258073259069678,0.4182692766189575,0.00456685916692379,-3.221266508102417,-0.035171291089194354,-0.7547731399536133,-0.00824096539197922,9.517919540405273,0.10392108752166666,-12.19552993774414,-0.13315648747115277,-6.543169021606445,-0.07144137305183274,1.9949164390563965,0.021781428702092594,-15.203436851501465,-0.1659982189351163,-5.092523574829102,-0.05560254905279769,-3.8607538694153236,-3.166613314988443,1.3417506452433021,2.3724163811529837,0.4613952880198773,2.826419880944615,2.3254339060014932,2.9362977786002364,1.0279176929645528,2.23930123445219,-3.5136835922018834,-4.144903259163625,-3.004117142064558,-3.5745102006140916
Gemma_2_2B_base,neutral_44,creative_requests,neutral,1,moderator_next,19,]:,8254,90.8978500366211,-3.566277503967285,-0.03923390380004034,1.0769141912460327,0.011847521044911002,-3.9132962226867676,-0.043051581760296546,-0.7501709461212158,-0.00825290087520206,10.538774490356445,0.11594085543399062,-15.092353820800781,-0.1660364223655493,-7.248790740966797,-0.0797465587805035,1.679407000541687,0.018475761526428672,-17.41187286376953,-0.19155428711190203,-7.904716491699219,-0.08696263430339168,-3.5147116590811147,-2.5416462978417425,0.6207653547239901,2.3756781640120805,1.5218841282024742,1.3358669582257343,1.804300245473656,2.593053885969532,-0.0005924744251387074,1.1427331784724217,-3.028178978461429,-3.803298643869301,-2.3422278460770634,-3.0727632449731823
Gemma_2_2B_base,neutral_45,creative_requests,neutral,1,assistant_next,23,]:,8254,100.77223205566406,-0.45735570788383484,-0.004538509255517958,2.593480110168457,0.025736059004189602,-6.515756130218506,-0.06465824957235605,-5.8284711837768555,-0.05783806773831658,8.962932586669922,0.08894248349802376,-19.776094436645508,-0.19624547390913885,-11.38813591003418,-0.11300866992549752,-0.3977494239807129,-0.00394701413144254,-20.282861709594727,-0.2012743123362692,-12.83869743347168,-0.12740312655156735,-0.28988126626794236,-1.1026255787765409,-2.090585434054789,-1.2235428318373953,-0.11513859753499675,-1.0741391539987912,-1.252794003410533,0.3333076796045978,-1.3376659517594616,-0.7811909794698827,-0.6962534225222416,-0.2620039893728857,-1.0796126105095136,-0.6708082999411997
Gemma_2_2B_base,neutral_45,creative_requests,neutral,1,user_next,23,]:,8254,92.34197235107422,-3.607532501220703,-0.03906709386177343,0.49573057889938354,0.005368420949626995,-3.8640804290771484,-0.04184533133412325,-1.5253541469573975,-0.016518535484147615,10.441454887390137,0.11307376939808965,-13.707184791564941,-0.1484393764024414,-7.161884307861328,-0.07755827740642811,1.2687323093414307,0.013739497619975533,-15.941173553466797,-0.17263193700108737,-4.580267906188965,-0.04960114874712964,-3.5575047486872435,-3.0931127717436704,0.672040412002538,1.8262707793539033,1.4207861682212763,2.04860194949092,1.8684845900949156,2.1462793606935886,0.684339842117688,2.4390468491131183,-3.325308760215457,-3.7862726624542904,-2.9312466842771983,-3.3587596733657445
Gemma_2_2B_base,neutral_45,creative_requests,neutral,1,moderator_next,23,]:,8254,95.047119140625,-3.3409664630889893,-0.0351506336362066,1.1857960224151611,0.012475875472466884,-4.757536888122559,-0.05005450908073966,-1.388794183731079,-0.014611638903819035,11.817901611328125,0.12433729415662975,-17.711063385009766,-0.1863398232912849,-8.345953941345215,-0.08780859448246013,1.1829016208648682,0.012445423191782705,-18.941057205200195,-0.19928070809990933,-7.958832740783691,-0.08373565461787816,-3.281000443386966,-2.438331823325881,-0.25879962436514026,1.9230569999070029,2.850672353238992,-0.011582991187454863,0.9939954332465721,2.0529038351988254,-0.7127623694266692,1.1216314433462544,-2.8596661333564235,-3.38652682173327,-2.2851037718300438,-2.835815296781657
Gemma_2_2B_base,neutral_46,creative_requests,neutral,1,assistant_next,19,]:,8254,97.32849884033203,-0.441496342420578,-0.004536146634141099,2.8705246448516846,0.02949315646551579,-6.168086051940918,-0.06337389485539789,-6.285082817077637,-0.06457597612173543,8.050086975097656,0.08271048121582426,-17.854434967041016,-0.18344508730512035,-10.992669105529785,-0.1129439910869613,-0.490527868270874,-0.005039920209553297,-18.758264541625977,-0.19273146884140296,-12.248629570007324,-0.12584833544079696,-0.2734306228902054,-0.8397469128783821,-1.7283683108458616,-1.5471641422394715,-1.0634247217570014,-0.08535445236652268,-0.9607238221873077,0.23237366469749318,-0.6276323896736008,-0.5511037880636155,-0.5565887678842938,-0.26176284098525937,-0.738052648612055,-0.4999077447986572
Gemma_2_2B_base,neutral_46,creative_requests,neutral,1,user_next,19,]:,8254,93.85578155517578,-4.228821754455566,-0.04505659304503829,0.6200064420700073,0.006605948315560283,-3.461782932281494,-0.03688406696870759,-1.3758195638656616,-0.01465886854350946,10.999773979187012,0.11719868288263609,-13.004886627197266,-0.1385624456129213,-6.8289713859558105,-0.07276026338282854,2.0185625553131104,0.021507066713055297,-15.807289123535156,-0.16842104835323748,-4.585256576538086,-0.0488542794121054,-4.20195726244427,-2.975191394406305,1.0911706480164902,1.9322526996583698,2.0007815594762133,2.4099675774260843,2.114355890353235,2.962022476497584,0.7466923380355776,2.4371015997264767,-3.5885743284252873,-4.397609749674565,-2.8187423363580377,-3.6081760430163015
Gemma_2_2B_base,neutral_46,creative_requests,neutral,1,moderator_next,19,]:,8254,92.34652709960938,-3.499429225921631,-0.037894540659303616,1.4317736625671387,0.01550435850200148,-4.1110076904296875,-0.044517187809297455,-1.2293379306793213,-0.013312226992069758,11.598589897155762,0.12559854995570074,-15.876397132873535,-0.1719219729373092,-7.545108795166016,-0.0817043047761558,1.7357641458511353,0.01879620382452344,-17.95911407470703,-0.1944752514118422,-7.399484634399414,-0.08012737313248365,-3.445371105381621,-2.204931536408602,0.41478133842312087,2.036070856324504,2.6228460343165723,0.9324395848242479,1.585455915674244,2.6543650341387726,-0.2554529939680278,1.3397399742205962,-2.8251513208951113,-3.6665923290114604,-2.009782580718379,-2.8381874548649195
Gemma_2_2B_base,neutral_47,creative_requests,neutral,1,assistant_next,19,]:,8254,98.56939697265625,-0.92964106798172,-0.009431335653190697,2.4964160919189453,0.02532648234229805,-7.130397319793701,-0.07233885504820241,-6.481468200683594,-0.06575538047048814,7.313822269439697,0.07419972622403885,-19.159103393554688,-0.1943717216700589,-12.244117736816406,-0.12421824737563322,-1.1184016466140747,-0.011346337514110247,-19.412485122680664,-0.19694231393203923,-12.870495796203613,-0.13057293837126718,-0.7797746387043495,-1.194726509961923,-2.730944145959483,-1.6863513432464798,-1.828274325325007,-0.7566680754325658,-1.8849754265400542,-0.45069255599568236,-0.9323152129894989,-0.7935902244132574,-0.9872505743331363,-0.7614057167468997,-1.1168474681276035,-0.9391265924372516
Gemma_2_2B_base,neutral_47,creative_requests,neutral,1,user_next,19,]:,8254,92.36280822753906,-4.584868907928467,-0.04963977379979049,0.262431800365448,0.002841314652526999,-4.335484981536865,-0.04693972676595371,-1.8228249549865723,-0.01973548650118972,10.198938369750977,0.11042256689105348,-13.857933044433594,-0.15003802190914425,-7.885163307189941,-0.08537162802331173,1.6787480115890503,0.01817558434833851,-16.410802841186523,-0.1776776080774626,-5.200084209442139,-0.05630062910854276,-4.571278769096669,-3.3144824938599893,0.18091157599376542,1.6154397674393381,1.168854137594813,1.971034842210984,1.3343102270314955,2.5923369694349,0.46562465424694816,2.197359746266934,-3.9428806314783293,-4.8654065198357275,-3.1609874188291367,-4.013196969332432
Gemma_2_2B_base,neutral_47,creative_requests,neutral,1,moderator_next,19,]:,8254,96.37389373779297,-3.9814465045928955,-0.04131250020285912,1.2643462419509888,0.013119177745281615,-5.035319805145264,-0.05224775724891839,-1.5330864191055298,-0.01590769408234806,11.644298553466797,0.12082419939519878,-18.18842315673828,-0.18872769845975104,-9.281312942504883,-0.09630526050713277,1.1747158765792847,0.012189150308436906,-19.38935089111328,-0.20118882966238147,-8.438651084899902,-0.08756158703994223,-3.9453592273338742,-2.3637980414514392,-0.5482054011838543,1.8207905684646732,2.6703292932456817,-0.2572071753499977,0.3031903647406429,2.043998533519452,-0.9215411664472292,0.9345342261978173,-3.1545786343926565,-4.0154571284979115,-2.2266207800916313,-3.1210389542947716
Gemma_2_2B_base,neutral_48,creative_requests,neutral,1,assistant_next,27,]:,8254,103.18807983398438,0.4582689106464386,0.004441103191218706,2.9585273265838623,0.028671212133646942,-6.035723686218262,-0.05849245083277955,-6.016585350036621,-0.058306980415921014,7.731729984283447,0.07492851884367606,-18.750131607055664,-0.18170831008021548,-11.163777351379395,-0.10818863350631583,-1.092087984085083,-0.010583470356673992,-18.011449813842773,-0.17454971390901694,-12.869975090026855,-0.12472346719439784,0.6598801918569229,-0.7562439930475809,-1.5904677023991693,-1.3568678471246816,-1.394141672258863,-0.5462327447791688,-1.087095026558592,-0.42206582457889547,-0.279826731545185,-0.7933871836629025,-0.04818190059532901,0.6545284200300918,-0.8127760960511475,-0.07912383801052786
Gemma_2_2B_base,neutral_48,creative_requests,neutral,1,user_next,27,]:,8254,93.2180404663086,-4.460949420928955,-0.047855001012827095,0.3849756717681885,0.004129840853148255,-2.499401569366455,-0.02681242339855667,-0.2564883232116699,-0.0027514880373866197,11.344818115234375,0.12170195874622236,-12.161578178405762,-0.13046378273528791,-5.415266990661621,-0.0580924782753703,2.092639446258545,0.022448867577460813,-14.33051872253418,-0.15373117318115692,-3.8153412342071533,-0.04092921515107493,-4.442739245059341,-3.1982045479146506,2.093819511076397,2.7255733609298503,2.359221762627676,2.843889667219599,3.158440739515475,3.0426110019052186,1.4344520756472512,2.737317337112114,-3.820471896486996,-4.683238067424743,-3.04384673655556,-3.8635424019901516
Gemma_2_2B_base,neutral_48,creative_requests,neutral,1,moderator_next,27,]:,8254,97.21163940429688,-2.859593152999878,-0.029416160148344132,1.6497715711593628,0.016970926334222904,-3.857999801635742,-0.03968660363385677,-1.022166132926941,-0.01051485335697116,12.456584930419922,0.1281388217167473,-17.32407569885254,-0.17820989137733637,-8.016890525817871,-0.08246842224804116,0.9718645811080933,0.0099974096421332,-17.987688064575195,-0.18503636164148587,-7.647221565246582,-0.0786656990058802,-2.7816802988210725,-1.9980803186257379,0.6783754621456017,2.182902876749211,3.514152049683651,0.18754047987742126,1.2370236983558291,1.8233158540709675,-0.26876043821320406,1.243139060739944,-2.3898803087234053,-2.801219734855802,-1.8764560279606095,-2.338837881408206
Gemma_2_2B_base,neutral_49,creative_requests,neutral,1,assistant_next,19,]:,8254,99.24325561523438,-1.7537236213684082,-0.01767096021282883,1.8943467140197754,0.01908791385647553,-7.8006792068481445,-0.07860160530294713,-6.7809343338012695,-0.06832639952976673,8.489130020141602,0.08553860882047157,-19.03662109375,-0.1918177812259091,-11.504056930541992,-0.11591777052481193,-0.44585931301116943,-0.004492590556881405,-19.669090270996094,-0.19819069970107653,-12.952892303466797,-0.1305166000769372,-1.6345811081679325,-1.7660108163686004,-3.4292716467634623,-1.898596532270706,-0.6073361759247466,-0.6936451381311208,-1.3384069374966903,0.28096875224133516,-1.0518210544903863,-0.8257193778746325,-1.7002959622682665,-1.6024089332014768,-1.6839994348375849,-1.6432041840195308
Gemma_2_2B_base,neutral_49,creative_requests,neutral,1,user_next,19,]:,8254,93.01979064941406,-4.789104461669922,-0.051484790798119136,-0.5115786194801331,-0.005499675025159342,-5.081557750701904,-0.054628780770470516,-2.9409945011138916,-0.03161686863173366,10.659475326538086,0.11459362843239457,-14.380583763122559,-0.15459703427329893,-7.344038963317871,-0.07895135983478083,1.8982830047607422,0.020407302483782783,-16.636127471923828,-0.1788450323934224,-5.9580397605896,-0.06405131337099101,-4.783128749314311,-4.048916135703632,-0.5963780127171519,0.8229424516054036,1.6472710793824241,1.702106323339156,1.7339551109480624,2.8311699057161186,0.36068673782588806,1.9018075313904779,-4.416022442508972,-5.053723987309744,-3.9192717449142034,-4.486497866111973
Gemma_2_2B_base,neutral_49,creative_requests,neutral,1,moderator_next,19,]:,8254,97.43189239501953,-4.592643737792969,-0.047136965370362986,1.014037013053894,0.010407649775934445,-5.223956108093262,-0.05361649024442326,-1.317065954208374,-0.013517811486905893,13.018508911132812,0.13361650473082964,-18.358762741088867,-0.18842662592097328,-8.315337181091309,-0.08534512649490905,1.7730755805969238,0.01819810266445732,-19.851215362548828,-0.2037445324582813,-8.579545974731445,-0.08805685452507961,-4.579343464605442,-2.6013084338860053,-0.7447345339901509,1.973894039390988,4.09789228683047,-0.3448549494496014,1.0166073000681957,2.694956282888955,-1.1366401334033363,0.8795945972295411,-3.590325949245724,-4.609949499423793,-2.4731273984126796,-3.5415384489182364
Gemma_2_2B_base,neutral_50,creative_requests,neutral,1,assistant_next,19,]:,8254,102.04689025878906,-0.6448882818222046,-0.00631952899482561,3.26676082611084,0.0320123505755677,-5.971205711364746,-0.058514332932849564,-5.529921054840088,-0.05419000070277799,9.422334671020508,0.0923333836741682,-19.801677703857422,-0.1940448910656731,-11.632790565490723,-0.1139945620683803,-0.34482574462890625,-0.0033790911585295192,-20.501144409179688,-0.20089925677489198,-13.195352554321289,-0.12930675810755343,-0.48440553665673186,-0.4637711195674381,-1.5232501973366612,-1.0119468563936826,0.36209941128665135,-1.087302955201362,-1.433482568777855,0.3908835473775882,-1.4393243084613312,-0.9202627373777874,-0.474088328112085,-0.4437893751614598,-0.5090312156844387,-0.4764102954229492
Gemma_2_2B_base,neutral_50,creative_requests,neutral,1,user_next,19,]:,8254,91.13229370117188,-4.156888484954834,-0.04561378097851366,0.41903746128082275,0.0045981226222053745,-3.2646045684814453,-0.03582269726674799,-0.8960676789283752,-0.009832603158948612,10.593693733215332,0.11624522222553373,-12.840118408203125,-0.140895371845974,-6.503107070922852,-0.07135897503300992,2.0793938636779785,0.022817310738347404,-14.876394271850586,-0.16323954624286263,-4.915555000305176,-0.05393867311650871,-4.127342135736155,-3.1658844092213414,1.2965992544945908,2.2722745526911825,1.5789355674553405,2.4947486204951423,2.3550214745737197,3.028201083309699,1.1802275703944327,2.3083071993598865,-3.6466132724787483,-4.454480889959025,-3.0012749627746462,-3.7278779263668356
Gemma_2_2B_base,neutral_50,creative_requests,neutral,1,moderator_next,19,]:,8254,96.74774932861328,-3.2322630882263184,-0.03340918120221709,1.8999173641204834,0.019637845606797804,-4.221494674682617,-0.043634034941152935,-1.1948740482330322,-0.012350406666045786,12.585013389587402,0.13008068380837637,-17.785816192626953,-0.18383700206002387,-8.359647750854492,-0.08640663797211574,1.6492406129837036,0.01704681116024617,-19.412553787231445,-0.20065121847222295,-8.657129287719727,-0.08948145406788671,-3.168244327263325,-1.7607250053045633,0.29967141068245073,2.0604969681127336,3.6475666427318347,-0.05004684690438262,0.9838819335053656,2.5602357606520987,-0.9323471913616254,0.8493422691656771,-2.464484666283944,-3.2087799975075613,-1.6340048127603668,-2.421392405133964
Gemma_2_2B_base,neutral_51,creative_requests,neutral,1,assistant_next,21,]:,8254,99.06192016601562,-0.6722824573516846,-0.0067864872417677915,2.151449203491211,0.02171822633647365,-6.702206134796143,-0.06765673554039804,-5.398562908172607,-0.05449685307053687,8.493638038635254,0.08574069657039717,-18.31943702697754,-0.1849291533646472,-10.771078109741211,-0.10873076245332419,-0.5978466272354126,-0.006035080142132264,-19.052520751953125,-0.192329410938365,-12.10490608215332,-0.12219535076512733,-0.5128210374727435,-1.5220545170370685,-2.284836790441234,-0.9188473984380954,-0.6026531371599508,-0.3246200092278312,-0.7970688161027587,0.11562118733042645,-0.7646730385571582,-0.49506119414011485,-1.017437777254906,-0.49145093847492366,-1.444876164894663,-0.9681635516847934
Gemma_2_2B_base,neutral_51,creative_requests,neutral,1,user_next,21,]:,8254,94.95699310302734,-4.049684047698975,-0.04264755986223268,0.19860994815826416,0.002091577899299891,-4.091655731201172,-0.04308956715554133,-1.1208893060684204,-0.011804178601698847,10.866205215454102,0.1144329117884386,-14.569581985473633,-0.15343348087766204,-7.460360050201416,-0.0785656727999696,1.076197862625122,0.011333529290017205,-16.092695236206055,-0.16947351332771932,-4.707114219665527,-0.04957101173747527,-4.016140841466659,-3.3750410007533205,0.4349430130628716,2.11293330013518,1.8620270935821972,1.6048577973373568,1.6480467096886036,1.9368204194095748,0.6137733460038738,2.3895852298398563,-3.6955909211099898,-4.151724194984401,-3.229146432403138,-3.6904353136937695
Gemma_2_2B_base,neutral_51,creative_requests,neutral,1,moderator_next,21,]:,8254,94.35250854492188,-3.9663028717041016,-0.04203706857264656,0.8071157336235046,0.008554258345333037,-4.190183639526367,-0.044409880607799546,-0.6105101108551025,-0.006470523362549862,11.71800422668457,0.12419388108908147,-16.671390533447266,-0.17669260510980375,-7.546792030334473,-0.07998507031470597,1.3080134391784668,0.013863048893455892,-17.88005256652832,-0.18950267292591913,-7.535097122192383,-0.07986112121867826,-3.9296510008809253,-2.79764939381433,0.33229254717822715,2.474662112786981,2.746896531235107,0.5233778728926819,1.5842127701179218,2.1890134480656465,-0.21863256332876455,1.2868601304468543,-3.363650197347628,-4.089412479876112,-2.64162031426955,-3.365516397072831
Gemma_2_2B_base,neutral_52,creative_requests,neutral,1,assistant_next,14,]:,8254,95.55410766601562,-0.563086986541748,-0.005892860079965073,2.651207447052002,0.027745614624110182,-5.1789469718933105,-0.05419910350683159,-5.266538143157959,-0.055115769188759156,7.142943382263184,0.07475286575046541,-16.33325958251953,-0.17093205076654752,-10.242931365966797,-0.1071950920390391,0.3542466163635254,0.0037072882057744886,-17.899497985839844,-0.18732316614166766,-12.787026405334473,-0.13381974587663126,-0.3995544787998812,-1.0478499618413386,-0.6978421470662225,-0.8252754779184487,-2.0057874508500206,0.6973622425034576,-0.4070084787756714,1.1514069711685773,-0.22768866065735224,-0.7610427177574698,-0.7237022203206099,-0.40024006934519396,-0.8969227154412562,-0.6485813923932251
Gemma_2_2B_base,neutral_52,creative_requests,neutral,1,user_next,14,]:,8254,90.97356414794922,-3.3929860591888428,-0.0372963958372662,1.1705412864685059,0.012866828923673568,-2.4611942768096924,-0.02705395023115816,-0.38367748260498047,-0.004217461261394688,9.83343505859375,0.10809112680912174,-11.890408515930176,-0.13070179922370576,-6.108161926269531,-0.06714216358870914,1.6450445652008057,0.01808266588880138,-14.83401107788086,-0.16305847986516703,-5.0962324142456055,-0.05601882768886205,-3.33495946375731,-2.4528065525923166,2.133625454872523,2.6354286527579327,0.7891604479569602,2.983419286303375,2.646706386324249,2.5556708646494735,1.1999662205894839,2.237855033942794,-2.8938830081748135,-3.605540794976369,-2.2495619613573656,-2.9275513781668674
Gemma_2_2B_base,neutral_52,creative_requests,neutral,1,moderator_next,14,]:,8254,92.22991943359375,-3.508824348449707,-0.03804431761404809,1.5657274723052979,0.016976350862288606,-3.657426118850708,-0.039655527634761545,-0.4299585819244385,-0.004661812398459395,11.126508712768555,0.12063882068963236,-15.378314971923828,-0.1667388962970561,-7.2113261222839355,-0.07818857661993454,2.10863995552063,0.022862862382080545,-18.0122127532959,-0.19529685013185802,-8.068188667297363,-0.08747908180822517,-3.455116502229786,-2.0778270662330534,0.8873414529197882,2.6026271450513923,2.1324366693751946,1.18872641851824,1.831969566497643,3.0600180154926604,-0.2801820467910345,1.0789899108156815,-2.7664717842314195,-3.6818797853487193,-1.8759628808920268,-2.778921333120373
Gemma_2_2B_base,neutral_53,creative_requests,neutral,1,assistant_next,19,]:,8254,102.86284637451172,-0.9743489027023315,-0.009472311306210991,3.199389696121216,0.031103452887863984,-6.922756195068359,-0.06730084222891719,-5.672146320343018,-0.05514280928695468,8.764137268066406,0.08520216557256444,-20.08424186706543,-0.19525263566925835,-12.611431121826172,-0.1226043373902897,-0.7362926006317139,-0.007158003366453206,-20.636314392089844,-0.20061970983143332,-13.441606521606445,-0.1306750395829716,-0.826149296434732,-0.5276974222175659,-2.5146150007236105,-1.1127483328291772,-0.32165198797274286,-1.2326955839313136,-2.1562530298776217,-0.0349947024866953,-1.502275510568477,-1.0162853937763852,-0.676923359326149,-0.765588025751026,-0.5916596443521338,-0.6786238350515799
Gemma_2_2B_base,neutral_53,creative_requests,neutral,1,user_next,19,]:,8254,94.95626831054688,-3.5380725860595703,-0.03726002136571529,1.125844120979309,0.01185644866853156,-3.7158031463623047,-0.03913173097967654,-1.4228545427322388,-0.01498431402210233,10.034440040588379,0.10567433007973255,-14.344411849975586,-0.15106334847809452,-8.192737579345703,-0.08627906008850317,1.0957043170928955,0.011539041461796733,-16.203079223632812,-0.17063727873806012,-5.899173736572266,-0.062125163946833824,-3.4854551893268146,-2.4952182581567817,0.8265218417772492,1.8989168834298138,0.9979692902284343,1.720718483773522,1.1071526694693241,1.9580415638370179,0.5623654479462616,1.9247613625919975,-2.990336723741798,-3.6018281200420037,-2.3414162305107755,-2.97162217527639
Gemma_2_2B_base,neutral_53,creative_requests,neutral,1,moderator_next,19,]:,8254,97.931640625,-3.8323545455932617,-0.03913295561204902,1.800957441329956,0.018389944555572038,-4.599505424499512,-0.046966490044948246,-0.7699496746063232,-0.007862113507876538,12.752681732177734,0.1302202398610917,-18.58005142211914,-0.1897247029003211,-8.84963607788086,-0.09036544288855428,1.1341640949249268,0.011581181400481892,-19.895856857299805,-0.20316066115429487,-8.802700996398926,-0.08988617917784349,-3.7907087368288472,-1.8546248994508368,-0.09415588391551429,2.3616600848313847,3.821744576803139,-0.4587184439490462,0.622003318557633,1.9998820993053825,-1.1574305167261019,0.7925789921392684,-2.822666818139842,-3.792995049308472,-1.7474522385713593,-2.7702236439399157
Gemma_2_2B_base,neutral_54,creative_requests,neutral,1,assistant_next,25,]:,8254,100.73274993896484,0.32846498489379883,0.003260756656527491,3.83270525932312,0.03804825403501246,-5.699997425079346,-0.05658534516860744,-5.092437267303467,-0.05055393871793468,8.867533683776855,0.08803029490557736,-19.330245971679688,-0.19189633940691692,-11.557565689086914,-0.11473493671213958,-1.293407917022705,-0.012839994121141299,-19.062101364135742,-0.1892343987003799,-11.91316032409668,-0.11826501640543918,0.5252368420624975,0.07323538642786252,-1.2406941438062598,-0.7018823151580387,-0.2142412877738002,-0.8447290278149013,-1.377925583884295,-0.6410825290266776,-0.7691349097569126,-0.4202931112347099,0.29923611424518004,0.5340526356030982,0.039696353096004076,0.28687449434955115
Gemma_2_2B_base,neutral_54,creative_requests,neutral,1,user_next,25,]:,8254,91.76799774169922,-3.926340341567993,-0.04278550734668444,0.8491542339324951,0.009253271890301262,-2.412825584411621,-0.026292668945475283,0.009606242179870605,0.00010467965321537734,11.01084041595459,0.11998562338634619,-12.66440200805664,-0.13800455844861437,-6.753768444061279,-0.0735961185845115,1.5500898361206055,0.016891398682181855,-14.549798011779785,-0.1585498035244631,-3.659661054611206,-0.03987949115891261,-3.888198564888812,-2.7577604102968514,2.184017966936269,2.9141666109974764,2.0122776419443094,2.585163020673181,2.169896675616316,2.4523692614181574,1.3323295884054907,2.7980222449689007,-3.322979487592832,-4.165804239200741,-2.578072577687577,-3.3719384084441586
Gemma_2_2B_base,neutral_54,creative_requests,neutral,1,moderator_next,25,]:,8254,95.72063446044922,-2.5725831985473633,-0.026875952223345618,1.9939838647842407,0.02083128550101843,-3.8774702548980713,-0.04050819634402029,-0.6788105964660645,-0.00709158062200833,11.767778396606445,0.12293878391987435,-17.550512313842773,-0.18335139975586418,-8.597441673278809,-0.08981805983360028,1.0014375448226929,0.010462086366931432,-18.124229431152344,-0.18934506162974807,-7.318353652954102,-0.07645534000276576,-2.4839698754439414,-1.6714683223367117,0.6580903355014164,2.426254470400092,2.798603144142284,0.07102812983143661,0.8082603308191663,1.8554883913801883,-0.3323503194747644,1.3713756568473177,-2.0777190988903267,-2.541945417206433,-1.5255084830822387,-2.033726950144336
Gemma_2_2B_base,neutral_55,creative_requests,neutral,1,assistant_next,19,]:,8254,99.19767761230469,-0.936346173286438,-0.009439194503584747,2.1658148765563965,0.02183332239915004,-5.579250335693359,-0.05624375963214382,-5.673672199249268,-0.05719561521816811,8.582972526550293,0.0865239260952783,-18.41155433654785,-0.1856046913568473,-11.256158828735352,-0.11347199954345619,-0.010769128799438477,-0.00010856230769360926,-19.53135108947754,-0.1968932293537367,-12.939078330993652,-0.13043731105846637,-0.7867297275717849,-1.508423391000155,-1.11489481252667,-1.1138297922032756,-0.5098503080392639,-0.3720187226311978,-1.1553229398137583,0.7543049832501022,-0.9876733282928423,-0.82033284807813,-1.14757655928597,-0.762207855049585,-1.4344127134705367,-1.098310284260061
Gemma_2_2B_base,neutral_55,creative_requests,neutral,1,user_next,19,]:,8254,90.55046081542969,-4.273698806762695,-0.04719687529226204,0.2596489191055298,0.0028674500026540555,-3.320675849914551,-0.03667210326718417,-1.1350409984588623,-0.01253490030020314,10.42160701751709,0.11509170603515317,-13.224775314331055,-0.14604868042899644,-6.621914863586426,-0.07312955454841881,1.0258954763412476,0.01132954451145583,-15.523889541625977,-0.17143910038479587,-5.068603992462158,-0.05597546325902821,-4.248507446627806,-3.3171230805577085,1.2381818653538386,2.102903355863513,1.4001677204165521,2.2968244460133977,2.267276528250176,1.8820962661228404,0.8786768509706974,2.248628279470552,-3.782815263592757,-4.616064394180219,-3.15861143862488,-3.8873379164025494
Gemma_2_2B_base,neutral_55,creative_requests,neutral,1,moderator_next,19,]:,8254,94.07249450683594,-3.9498043060302734,-0.041986813751848095,1.0319535732269287,0.010969769417052506,-4.459434509277344,-0.047404233646140756,-1.1036219596862793,-0.011731611513778693,11.965599060058594,0.1271955115338107,-16.864765167236328,-0.1792741359272749,-7.944328784942627,-0.0844490074021088,1.6435942649841309,0.0174715709793865,-19.144073486328125,-0.20350341071201197,-8.299026489257812,-0.08821947937879705,-3.912537326265561,-2.584307985055074,0.05177581146756204,2.1251714492663347,3.0041040392092615,0.42387747617893917,1.2906138368097124,2.5540930776450717,-0.8073108680590915,0.9889785249839091,-3.2484226556603177,-4.084283063404772,-2.422024767943699,-3.2531539156742353
Gemma_2_2B_base,neutral_56,creative_requests,neutral,1,assistant_next,19,]:,8254,100.62586975097656,-1.568422555923462,-0.015586673285954287,2.6695704460144043,0.026529663322373383,-7.880375862121582,-0.07831361737914423,-6.6980743408203125,-0.06656413859970943,8.592676162719727,0.08539231694577562,-19.454448699951172,-0.19333446506446092,-11.143178939819336,-0.11073870931397532,-0.20366013050079346,-0.0020239341136111468,-20.317466735839844,-0.20191096768773684,-13.101442337036133,-0.13019954380974666,-1.442371542645788,-1.0304259015737536,-3.5123029313236183,-1.8398699086966186,-0.4997699358302946,-0.9086372069477576,-1.071882164875305,0.5444581444705954,-1.3537821630230775,-0.8836440033687303,-1.2363987221097708,-1.389669627323115,-1.0074655705482902,-1.1985675989357025
Gemma_2_2B_base,neutral_56,creative_requests,neutral,1,user_next,19,]:,8254,94.15715789794922,-4.537890434265137,-0.04819485353607911,-0.0651695728302002,-0.0006921361507197703,-4.692869186401367,-0.049840811799859774,-2.6179518699645996,-0.027804066397182744,10.918341636657715,0.11595870011806633,-14.398640632629395,-0.15292135992714584,-6.8153910636901855,-0.07238314341515004,2.2500052452087402,0.02389627401081258,-16.749046325683594,-0.17788394105774505,-5.807108402252197,-0.06167463559749905,-4.522548817166604,-3.6253329209602594,-0.19142612763505668,1.0518973708056403,1.9161876703185257,1.6928152097937346,2.1243855746150064,3.213809840370673,0.30809830486394113,1.9606607150414184,-4.073940869063431,-4.71792618496049,-3.482215530196124,-4.100070857578307
Gemma_2_2B_base,neutral_56,creative_requests,neutral,1,moderator_next,19,]:,8254,99.30146026611328,-4.421194076538086,-0.04452295127070576,1.603158950805664,0.01614436430752815,-5.238929748535156,-0.05275783190393773,-1.4607653617858887,-0.014710411688521526,13.195009231567383,0.13287830003916057,-18.838642120361328,-0.1897116323352803,-8.244647026062012,-0.08302644295428861,1.867246389389038,0.018803816020278984,-20.401409149169922,-0.2054492360383941,-8.884111404418945,-0.08946607009212992,-4.401501719229667,-2.0423095378254894,-0.7603346943251955,1.8720477718132982,4.281245093336887,-0.591775590884089,1.0688151874431655,2.7974050563207524,-1.3928757229476627,0.7608343517472468,-3.221905628527578,-4.3431419222390035,-1.9515992727792022,-3.147370597509103
Gemma_2_2B_base,neutral_57,creative_requests,neutral,1,assistant_next,22,]:,8254,94.23721313476562,-0.3424452245235443,-0.003633864087574665,1.3300706148147583,0.014114069915381165,-6.4879913330078125,-0.06884744483826727,-6.115697383880615,-0.06489684043536763,7.212918758392334,0.07654002615800373,-16.09483528137207,-0.1707906542010677,-9.891016960144043,-0.10495871674387501,0.11904036998748779,0.001263199176075506,-16.955890655517578,-0.17992775986774462,-11.762493133544922,-0.12481792215909183,-0.17068662468514376,-2.301434293777528,-2.0616589154945495,-1.4271130269010799,-1.9330953357987168,0.8200428241574461,-0.1471037203661114,0.8955252201907731,0.21176701198546916,-0.3615429354369714,-1.236060459231336,-0.16966853276516217,-2.13617454194924,-1.1529215373572013
Gemma_2_2B_base,neutral_57,creative_requests,neutral,1,user_next,22,]:,8254,94.96044158935547,-4.23538875579834,-0.04460161183868276,0.25043290853500366,0.0026372340349676278,-4.366967678070068,-0.045987230103188365,-1.6070828437805176,-0.016923708618902026,11.075733184814453,0.11663523251829508,-15.190093040466309,-0.15996232521910506,-7.516674995422363,-0.0791558555290558,0.8314992189407349,0.008756269505742707,-16.696231842041016,-0.17582302233009592,-5.549530029296875,-0.05844044042355155,-4.208769098479032,-3.325867857156364,0.1481115955479025,1.7683459565188937,2.0796898214980506,1.2855755061326952,1.6064555670973286,1.670611854064969,0.33269500275786884,2.0610991358907285,-3.767318477817698,-4.351170660708576,-3.179540508993847,-3.7653555848512115
Gemma_2_2B_base,neutral_57,creative_requests,neutral,1,moderator_next,22,]:,8254,95.4058837890625,-3.7480640411376953,-0.03928546010248668,1.0011341571807861,0.01049342155243006,-4.610363483428955,-0.0483236808918644,-1.0592379570007324,-0.011102438496798091,11.957727432250977,0.12533532479704182,-17.177959442138672,-0.18005136329032134,-7.697836875915527,-0.08068513775245821,1.8393889665603638,0.019279617708140077,-18.067157745361328,-0.18937152540095833,-8.258979797363281,-0.0865667762758056,-3.7032756656797754,-2.613551539645435,-0.10546826054723524,2.156628398810422,2.995926801645347,0.2627242060181307,1.4726592973125894,2.7670988623273582,-0.30577096250899677,1.0045940692859272,-3.1584136026626055,-3.80856090016169,-2.4653298352636583,-3.1369453677126744
Gemma_2_2B_base,neutral_58,creative_requests,neutral,1,assistant_next,19,]:,8254,99.27424621582031,-0.49032163619995117,-0.004939061789842265,3.520928382873535,0.035466684634593994,-6.383314609527588,-0.06429980435862877,-6.142629146575928,-0.061875354190269745,8.38595962524414,0.08447265977737292,-18.350194931030273,-0.18484345769936444,-11.7433443069458,-0.11829195138300012,-0.31933796405792236,-0.0032167251450460547,-19.225954055786133,-0.19366507214760692,-13.146702766418457,-0.1324281298277277,-0.32407624913790023,-0.2225996836725977,-1.952602358675557,-1.4462007848539167,-0.7145120802304681,-0.3404464058723295,-1.5151315237189806,0.4186117987379477,-0.8454441885317684,-0.9012925582608402,-0.273337966405249,-0.302887644603479,-0.1949956545293003,-0.24894164956638964
Gemma_2_2B_base,neutral_58,creative_requests,neutral,1,user_next,19,]:,8254,93.55105590820312,-4.3567705154418945,-0.0465710458652329,0.7826537489891052,0.008366060023492236,-3.88344407081604,-0.04151149373051081,-1.4848484992980957,-0.01587206563178829,10.92282485961914,0.11675790030993505,-13.845396041870117,-0.14799828721822123,-7.34083890914917,-0.07846879800429361,2.1258304119110107,0.022723745780026037,-16.267108917236328,-0.17388482427390678,-5.743396282196045,-0.06139317430934982,-4.334676282160784,-2.8208605858101037,0.6518665660384064,1.8549789633294813,1.9208449508840653,1.9774857230955363,1.7363184961685942,3.0787195769905034,0.532545615938347,1.9855042011384112,-3.577768433985444,-4.552187143794122,-2.6587295354965175,-3.60545833964532
Gemma_2_2B_base,neutral_58,creative_requests,neutral,1,moderator_next,19,]:,8254,96.17206573486328,-3.867279529571533,-0.04021208757471462,1.3575379848480225,0.014115720344310979,-4.6270952224731445,-0.048112673749044564,-1.333579421043396,-0.013866598485260163,12.392702102661133,0.12885968506516815,-17.329273223876953,-0.18019029841421955,-8.615537643432617,-0.08958461667221321,1.712921380996704,0.01781100746779274,-18.921131134033203,-0.19674248431136812,-8.5814790725708,-0.08923047463937268,-3.826935813992232,-2.275371388048918,-0.12290008100441573,1.9621901987818489,3.44778902139962,0.1848661073823042,0.7948956356740033,2.62951430522241,-0.7034824234931962,0.8788408177405863,-3.051153601020575,-3.9031400498496818,-2.136024500474888,-3.0195822751622847
Gemma_2_2B_base,neutral_59,creative_requests,neutral,1,assistant_next,21,]:,8254,98.74641418457031,-1.4673761129379272,-0.014860044539897968,1.5991030931472778,0.01619403708329438,-7.520956516265869,-0.0761643506589332,-6.953891754150391,-0.07042171416121129,8.154431343078613,0.08257951856192859,-19.26824378967285,-0.19512854161628507,-11.97109603881836,-0.12123069113621456,-0.3628607988357544,-0.0036746731699798113,-20.118221282958984,-0.20373622119943846,-13.403953552246094,-0.13574116754449742,-1.337557828503501,-2.0461580109654793,-3.1378449333087706,-2.021179276412651,-0.9550292657864897,-0.8128259721456277,-1.6833365129728444,0.3712631447712309,-1.2609898099932662,-1.0016032419347896,-1.69185791973449,-1.315503977155608,-1.9470834912290302,-1.6312937341923193
Gemma_2_2B_base,neutral_59,creative_requests,neutral,1,user_next,21,]:,8254,93.51277923583984,-5.330386161804199,-0.05700168688560662,-0.08779746294021606,-0.0009388819758932657,-5.249639511108398,-0.05613820436101865,-2.71583890914917,-0.02904243603218985,10.814770698547363,0.11565019013361201,-14.939563751220703,-0.15975959514092747,-7.881382942199707,-0.08428134642777334,0.6823948621749878,0.0072973433978898595,-17.135221481323242,-0.18323935638901395,-5.868961334228516,-0.06276106198733498,-5.344590822714033,-3.6468037995358378,-0.7714925696555918,0.9825204001330101,1.8085956720248173,1.4144846767922838,1.3371021981279605,1.5084006693048455,0.12824927516044274,1.936542188546654,-4.495697311124935,-5.616823351951962,-3.5046473397278537,-4.560735345839908
Gemma_2_2B_base,neutral_59,creative_requests,neutral,1,moderator_next,21,]:,8254,95.07072448730469,-4.3521528244018555,-0.04577805468373203,0.9147531986236572,0.009621817899850013,-5.118218421936035,-0.05383590426535036,-1.588290810585022,-0.016706413242881253,12.213177680969238,0.12846412759376974,-17.711727142333984,-0.18630053823455534,-8.239933013916016,-0.08667161272149913,1.2922998666763306,0.013593036906423264,-19.341346740722656,-0.20344166771659988,-8.57656478881836,-0.09021246903365751,-4.329886431727974,-2.6955156584123556,-0.6345726222018737,1.7816647201340106,3.2612947052839028,-0.011924525729950548,1.0722966993326275,2.1719185940474626,-0.8991847311783822,0.8807570613057487,-3.5127010450701652,-4.471248002764663,-2.5445678410458776,-3.5079079219052707
Gemma_2_2B_base,neutral_60,creative_requests,neutral,1,assistant_next,25,]:,8254,95.4970703125,-0.8526738286018372,-0.008928795677308095,2.407944679260254,0.02521485393615335,-6.347657203674316,-0.06646965381139494,-5.998624801635742,-0.06281475213853296,8.083600997924805,0.0846476333930708,-17.99364471435547,-0.18842090815429138,-11.062043190002441,-0.11583646654084304,-0.16747808456420898,-0.001753751021012077,-18.47779083251953,-0.19349065654112427,-11.8267822265625,-0.12384445080735051,-0.6999378627790568,-1.2786741935227435,-1.9154529927213404,-1.3441383943794345,-1.0286095433621514,-0.1569844527072986,-1.0119597317335383,0.5838207269311426,-0.4970105107063137,-0.3866114025851817,-0.9893060281509001,-0.7101123922689171,-1.1269956728366712,-0.9185540325527941
Gemma_2_2B_base,neutral_60,creative_requests,neutral,1,user_next,25,]:,8254,94.45741271972656,-4.500794410705566,-0.047648927501966365,0.6036853194236755,0.006391084638480696,-4.218628406524658,-0.044661697637666045,-1.8929094076156616,-0.020039818507757462,11.790544509887695,0.1248239198004769,-14.421479225158691,-0.1526770510637425,-7.23819637298584,-0.07662920425803924,1.6554913520812988,0.017526325403316542,-16.786659240722656,-0.17771669535912366,-4.956283092498779,-0.05247108670237487,-4.484069758485192,-2.990677983781308,0.30265760786014495,1.5657677469639033,2.8222531338594843,1.6810636735528055,1.812124666995006,2.5670359629844848,0.29058126324356354,2.292425954295728,-3.73737387113325,-4.662204525883432,-2.8382757208687885,-3.75024012337611
Gemma_2_2B_base,neutral_60,creative_requests,neutral,1,moderator_next,25,]:,8254,95.8809585571289,-3.9675941467285156,-0.04138041803539644,1.386862874031067,0.014464424374780632,-4.718661785125732,-0.04921375272144578,-1.2379469871520996,-0.012911291311449411,12.329825401306152,0.12859514117143137,-17.60685157775879,-0.18363241088446222,-8.276202201843262,-0.08631747456834235,1.7548452615737915,0.01830233330978016,-18.74571990966797,-0.19551035150007054,-7.680848598480225,-0.0801081749084072,-3.9309904179577577,-2.2475459420249986,-0.21829792792430258,2.029969228740235,3.382471181585413,0.042038913405466706,1.0455102581697453,2.675123450962097,-0.6217901187437214,1.2300267560185374,-3.089268179991378,-4.022389375860043,-2.1043236099372593,-3.0633564928986514
Gemma_2_2B_base,neutral_61,task_assistance,neutral,1,assistant_next,20,]:,8254,99.9533462524414,-0.884476900100708,-0.008848897343235311,3.263923168182373,0.03265446621405784,-5.556272029876709,-0.05558865448930375,-4.995738506317139,-0.0499807029341463,8.294562339782715,0.08298433870171822,-18.874683380126953,-0.1888349323739217,-11.8273286819458,-0.11832849149517005,-1.8999481201171875,-0.019008349308473307,-18.162355422973633,-0.18170832797436243,-11.622249603271484,-0.11627674349109253,-0.7329266345402414,-0.46646368208762506,-1.090955059441342,-0.6333475309729877,-0.8094577933892878,-0.610320523973165,-1.5771577958277354,-1.3009398737934401,-0.35010631059797576,-0.3068572933413919,-0.5996951583139333,-0.7019573173066759,-0.45065610157732716,-0.5763067094420016
Gemma_2_2B_base,neutral_61,task_assistance,neutral,1,user_next,20,]:,8254,93.70491790771484,-4.31783390045166,-0.046079053232873785,0.8638880252838135,0.009219238910540559,-2.641906261444092,-0.028193891211195227,-0.3786334991455078,-0.0040407003986536166,10.47000789642334,0.11173381429921013,-13.296731948852539,-0.14190004373033874,-7.1822662353515625,-0.07664769785535704,0.8121953010559082,0.008667584574971802,-15.125864028930664,-0.16142017267255226,-4.700198173522949,-0.050159567699018026,-4.294288010068525,-2.743779988634735,1.9453522059120945,2.6390035519014368,1.4504477253649166,2.2597993536277876,1.8534316117211385,1.6496110499400476,1.0640448147303523,2.392282027498416,-3.5190339993516297,-4.501970367132621,-2.581166536092963,-3.5415684516127923
Gemma_2_2B_base,neutral_61,task_assistance,neutral,1,moderator_next,20,]:,8254,94.8792495727539,-3.8987579345703125,-0.04109178721508252,1.5442333221435547,0.016275775041405954,-3.759573221206665,-0.03962482037048369,-0.501136064529419,-0.005281829976375869,11.670782089233398,0.12300668630693776,-16.985763549804688,-0.1790250621320515,-8.567876815795898,-0.0903029572259212,1.0002562999725342,0.010542413694003053,-17.831974029541016,-0.18794387718957836,-7.693487644195557,-0.0810871468612971,-3.8595878148515745,-2.0982221753644947,0.7809203604208201,2.5521804448102454,2.6978410314513894,0.36161808449261384,0.8300953197095585,1.8542033107105664,-0.19624148482344722,1.2250983694536048,-2.9789049951080346,-3.9929293626646616,-1.9396526449053602,-2.966291003785011
Gemma_2_2B_base,neutral_62,task_assistance,neutral,1,assistant_next,27,]:,8254,99.82257080078125,-0.9461559057235718,-0.009478376464695966,2.6775944232940674,0.026823537019877188,-4.970174789428711,-0.0497900900523573,-4.455733776092529,-0.04463653600932563,8.779227256774902,0.08794831856510545,-18.155092239379883,-0.18187361930011317,-10.394371032714844,-0.10412846462809684,-1.3587597608566284,-0.01361174882550705,-17.12749481201172,-0.17157938004014692,-10.347427368164062,-0.10365819358444213,-0.796905192052264,-1.022812207100817,-0.4803346189147803,-0.2506217621279985,-0.30597614232532067,-0.24005684164277907,-0.5188535449296257,-0.7121790432030799,0.131847730312783,0.19023852525820129,-0.9098586995765405,-0.7662070852430273,-0.9807493381494017,-0.8734782116962145
Gemma_2_2B_base,neutral_62,task_assistance,neutral,1,user_next,27,]:,8254,94.40837860107422,-4.8695783615112305,-0.05157993849346569,-0.2948828935623169,-0.0031234822367658117,-2.1830246448516846,-0.02312320873633609,-0.030895233154296875,-0.00032725096662072466,10.406853675842285,0.1102323102043389,-11.982025146484375,-0.12691696779493297,-5.636407852172852,-0.05970241132929189,0.9407045841217041,0.0099642065467164,-13.76540756225586,-0.14580705405843322,-4.176055908203125,-0.04423395433840877,-4.866602923017679,-3.8433005172607633,2.423434127367682,2.885461384137374,1.384841591859033,2.9362781959385287,2.995118178021625,1.7894167773577028,1.6976349665360488,2.5966626236839288,-4.354951720139221,-5.063435536330639,-3.7032506470802855,-4.383343091705462
Gemma_2_2B_base,neutral_62,task_assistance,neutral,1,moderator_next,27,]:,8254,95.32061767578125,-4.3757758140563965,-0.04590586927310878,1.1720739603042603,0.012296122170451031,-2.869018316268921,-0.030098612306809165,0.516693115234375,0.0054205808547299695,12.114067077636719,0.12708758475360385,-16.56147003173828,-0.17374488789056772,-7.640096664428711,-0.08015156480012908,0.8174444437026978,0.008575735907242147,-16.759723663330078,-0.17582474885271682,-6.21531867980957,-0.06520434751010576,-4.3543901471649615,-2.45135224758803,1.7087374372432864,3.2735620060716326,3.1583362107564206,0.5799371708352862,1.5153030637191183,1.6553216117652017,0.30312566799827817,1.8014858775660971,-3.402871197376496,-4.4842938011499704,-2.301445251288446,-3.392869526219208
Gemma_2_2B_base,neutral_63,task_assistance,neutral,1,assistant_next,30,]:,8254,97.79804992675781,-1.4210338592529297,-0.014530288286087092,2.9691245555877686,0.03035975214036868,-5.069238662719727,-0.05183373969640645,-4.557956695556641,-0.04660580347941653,7.6365814208984375,0.07808521158261918,-17.054847717285156,-0.1743884231848973,-10.474708557128906,-0.10710549509906943,-0.8300389051437378,-0.008487274600724293,-16.677532196044922,-0.17053031434200308,-11.09142780303955,-0.11341154359771038,-1.2894878164681045,-0.7461886226142699,-0.5835434753546948,-0.3230717672033401,-1.4929843037551747,0.32607101228228713,-0.5781864523883091,-0.13698165613198318,0.34140377943363875,-0.09987212313484305,-1.0178382195411873,-1.2818463671402875,-0.6592699210597133,-0.9705581441000004
Gemma_2_2B_base,neutral_63,task_assistance,neutral,1,user_next,30,]:,8254,90.51688385009766,-5.381143569946289,-0.05944905901597145,0.35005438327789307,0.0038672827475767706,-2.8959481716156006,-0.031993458550909626,-0.2417595386505127,-0.0026708778336965683,9.511229515075684,0.10507685539448033,-11.588244438171387,-0.12802301565487315,-6.440723419189453,-0.07115493977737618,2.6325554847717285,0.029083584993175704,-13.625774383544922,-0.15053295920029863,-4.050027370452881,-0.04474333625050562,-5.3972405975148146,-3.231340237598152,1.6806807957847174,2.7360123165163626,0.45444552772052405,3.13889699824794,2.4010946323194737,3.6299876700183487,1.762664762831414,2.645805364855672,-4.314290417556483,-5.86662209200384,-3.0677160498906497,-4.467169070947245
Gemma_2_2B_base,neutral_63,task_assistance,neutral,1,moderator_next,30,]:,8254,96.75630187988281,-4.642066955566406,-0.0479768952034696,1.1250252723693848,0.011627410830211727,-3.7079312801361084,-0.03832237495743982,0.2301483154296875,0.0023786390235894187,11.950650215148926,0.12351288735678372,-16.800216674804688,-0.1736343405896306,-8.233745574951172,-0.08509777053253727,1.416254997253418,0.014637341131656873,-16.87529754638672,-0.1744103197261135,-6.822579860687256,-0.0705130283829686,-4.630609306990795,-2.495995237317896,0.8347230788605905,3.070474750209694,2.9885748171576063,0.45709072901554537,1.0768664037912212,2.306769842020012,0.24930073798077515,1.5646944367683047,-3.5633022721543455,-4.695679581677667,-2.3622381964392254,-3.5289588890584462
Gemma_2_2B_base,neutral_64,task_assistance,neutral,1,assistant_next,22,]:,8254,104.65769958496094,-1.2344887256622314,-0.011795488822684046,2.410916805267334,0.023036210568627643,-5.026820659637451,-0.048031063931007645,-4.996851444244385,-0.047744709314845486,9.092761039733887,0.08688095644938573,-20.450927734375,-0.1954077704313859,-11.514762878417969,-0.11002308405479813,-1.096100091934204,-0.010473191139122946,-19.44444465637207,-0.1857908661616158,-12.237713813781738,-0.11693085040386525,-1.0959878007415818,-1.2758540385591532,-0.539350638499572,-0.6341363204039707,0.01973034307119829,-1.4213728088170976,-1.346313765833955,-0.4264306116428562,-0.9471993686381321,-0.546847369696286,-1.1859209196503675,-1.0027104516100267,-1.3250574354765907,-1.1638839435433086
Gemma_2_2B_base,neutral_64,task_assistance,neutral,1,user_next,22,]:,8254,98.04388427734375,-5.4601359367370605,-0.05569073458260368,-0.04214906692504883,-0.0004299000109565095,-2.87894868850708,-0.029363878325783094,-0.6624934673309326,-0.006757111595628851,11.374759674072266,0.116017023987908,-14.220545768737793,-0.14504265996348245,-7.677066802978516,-0.07830235266140463,0.8154928684234619,0.00831763117540936,-15.409156799316406,-0.1571659151704702,-4.365097999572754,-0.04452187948026303,-5.479178002806912,-3.6034895018595496,1.6983915631251578,2.4378191576038293,2.3903257789296712,1.7844534420823828,1.4879989387126686,1.6531984857542645,0.9321100459296514,2.5229487908284436,-4.541333752333231,-5.483016878675899,-3.458375486963905,-4.470696182819902
Gemma_2_2B_base,neutral_64,task_assistance,neutral,1,moderator_next,22,]:,8254,98.97462463378906,-4.186660289764404,-0.042300340165524766,1.064863920211792,0.010758958916508554,-3.6821341514587402,-0.03720280996349131,-0.9023342132568359,-0.009116823797973638,12.20367431640625,0.12330104167164503,-18.13408851623535,-0.1832195735354629,-8.507061004638672,-0.08595194006661012,0.7432931661605835,0.007509936702572042,-18.35395050048828,-0.18544097104079751,-7.587157726287842,-0.07665760546565037,-4.158223909964042,-2.5530804132153393,0.8615995986429636,2.267833176468689,3.251422380068927,-0.22924943249920873,0.8750105560419451,1.5746521609021384,-0.43933574000003195,1.2665599600411812,-3.355652161589691,-4.116284123700307,-2.4411896757680385,-3.278736899734173
Gemma_2_2B_base,neutral_65,task_assistance,neutral,1,assistant_next,29,]:,8254,100.80765533447266,-0.9226405620574951,-0.009152485086536722,2.9728353023529053,0.02949017405959149,-5.591473579406738,-0.05546675558373643,-5.861866474151611,-0.05814902107089341,8.735441207885742,0.08665454204744835,-19.588176727294922,-0.1943123928664221,-10.61851692199707,-0.10533443007642211,-0.05989265441894531,-0.00059412803740178,-19.245445251464844,-0.19091253722358506,-12.322442054748535,-0.1222371655591388,-0.7725131359229193,-0.7426676141229079,-1.1276294953503287,-1.247211584107702,-0.35146215011209286,-0.9774466030496467,-0.6843954557990964,0.7008633168683924,-0.8545216047751071,-0.5798857441001843,-0.7575903750229136,-0.7329439559265168,-0.7383237809061602,-0.7356338684163386
Gemma_2_2B_base,neutral_65,task_assistance,neutral,1,user_next,29,]:,8254,93.0370101928711,-5.237883567810059,-0.0562989240190718,0.12334293127059937,0.0013257404877360349,-2.7254366874694824,-0.029294112975250333,-1.0946853160858154,-0.01176612741334303,10.612222671508789,0.11406452818624586,-13.528219223022461,-0.14540685685167312,-6.26893424987793,-0.06738108024840939,1.7845163345336914,0.01918071454396789,-14.55459976196289,-0.15643881646444102,-4.751564979553223,-0.05107177207976647,-5.248639494217395,-3.446459457024934,1.8583267398000067,2.1315052526599803,1.5981838771996222,2.1406882005113186,2.5279687295673665,2.7074027216844874,1.3300933230769256,2.372252392158463,-4.347549475621165,-5.545093647900181,-3.298769166390205,-4.421931407145193
Gemma_2_2B_base,neutral_65,task_assistance,neutral,1,moderator_next,29,]:,8254,94.22476959228516,-3.970210552215576,-0.042135529430264,1.41677987575531,0.01503617235558952,-3.926619529724121,-0.0416729013688734,-1.566265344619751,-0.016622649770299806,11.282965660095215,0.11974521889432171,-16.539236068725586,-0.17552959949163696,-6.949250221252441,-0.07375184095776685,1.7735576629638672,0.018822626689756115,-17.577056884765625,-0.18654390942872395,-7.2087082862854,-0.07650544880584806,-3.933704369767425,-2.2191586594174053,0.606884580253527,1.7972751637540532,2.29496793458275,0.5913775965877924,2.025524512289959,2.695480742090484,-0.0775217783040018,1.4141300517730053,-3.0764315145924153,-4.099462197232989,-2.0523456613878226,-3.075903929310406
Gemma_2_2B_base,neutral_66,task_assistance,neutral,1,assistant_next,19,]:,8254,100.92859649658203,0.1598808765411377,0.001584098878721177,4.20025634765625,0.041616117665903465,-6.034379005432129,-0.05978859525344221,-6.496335029602051,-0.06436565309636551,7.616489410400391,0.07546413677374703,-17.330188751220703,-0.17170741844019988,-11.222150802612305,-0.11118901076755135,-0.5476474761962891,-0.005426088296143455,-18.763534545898438,-0.18590900098897015,-12.922917366027832,-0.12804019687785384,0.3503674847676775,0.4219928158458667,-1.5890667581234916,-1.6968881371107425,-1.5138563707525767,0.18439502525472393,-1.1302064692537315,0.1702330306101074,-0.6300867297343059,-0.814031147427006,0.3861801503067721,0.3629192819141505,0.36405295506509494,0.36348611848962276
Gemma_2_2B_base,neutral_66,task_assistance,neutral,1,user_next,19,]:,8254,93.03460693359375,-4.038249492645264,-0.04340588546289754,1.246484637260437,0.013398074956668038,-2.605470895767212,-0.02800539478418977,-0.510157585144043,-0.005483524915714249,9.63014030456543,0.10351137734627322,-11.400979995727539,-0.12254558138634725,-6.42382287979126,-0.0690476704477986,2.498516321182251,0.026855773389418865,-14.739372253417969,-0.15842891950883006,-4.439770698547363,-0.04772171178963956,-4.00427997680549,-2.3807463447891006,1.9833120827123278,2.5457864852389163,0.5779729350541608,3.2352534124706342,2.413576447603532,3.484165964994234,1.2440413002608781,2.4938314084973325,-3.1925131607972954,-4.229125084389366,-2.201266068941597,-3.2151955766654816
Gemma_2_2B_base,neutral_66,task_assistance,neutral,1,moderator_next,19,]:,8254,94.98841094970703,-3.301696300506592,-0.03475893814304065,1.7103614807128906,0.018006001612327908,-4.0919036865234375,-0.04307792546071704,-1.3599077463150024,-0.014316564860054613,11.332916259765625,0.1193084097992333,-16.005916595458984,-0.16850388837364114,-8.165993690490723,-0.08596831559603965,1.6821775436401367,0.0177092923949511,-18.157690048217773,-0.19115689868558408,-8.502641677856445,-0.089512410965147,-3.24026618819085,-1.940588498371881,0.43468468291274664,1.9435301242158625,2.3468578269846354,0.8657956943775792,1.126904245013767,2.596067970119565,-0.3479335578696064,0.9095821542050303,-2.5904273432813656,-3.3465471882877145,-1.7823567196009713,-2.564451953944343
Gemma_2_2B_base,neutral_67,task_assistance,neutral,1,assistant_next,26,]:,8254,98.788330078125,-0.44074636697769165,-0.004461522597144169,2.4930129051208496,0.025235904920644925,-4.409095764160156,-0.04463174709678057,-5.492125034332275,-0.0555948767429202,7.562663555145264,0.0765542200092305,-16.99376106262207,-0.17202194883933006,-9.74184799194336,-0.09861334819850878,-1.434715747833252,-0.014523129874739582,-16.300613403320312,-0.1650054555070347,-10.612771034240723,-0.10742940007030993,-0.27265268643483037,-1.1979556846731607,0.10422080625292579,-0.9851591076972653,-1.5697719724882357,0.3575029858239805,-0.03693566813261215,-0.7948118441779004,0.5169419469168687,0.08677215695511004,-0.7353041855539956,-0.25414610375591173,-1.125081915332412,-0.6896140095441619
Gemma_2_2B_base,neutral_67,task_assistance,neutral,1,user_next,26,]:,8254,91.70513916015625,-4.166490077972412,-0.04543355057447702,0.2901045083999634,0.003163448756054089,-2.172334909439087,-0.023688257052260336,-0.3756590485572815,-0.004096379461364981,9.466830253601074,0.10323118573614457,-11.196385383605957,-0.12209114435835812,-5.911848068237305,-0.06446583171214318,0.49701833724975586,0.00541974355855619,-13.13656997680664,-0.14324791497087846,-4.265417098999023,-0.04651230168845595,-4.13730170082445,-3.288224749493293,2.4345711375705683,2.641111679524313,0.40832249985214325,3.340527018799983,2.7916930791111674,1.3067288577824052,1.990496451622536,2.5618177072191806,-3.7127632251588714,-4.436085106461776,-3.131702016132198,-3.7838935612969866
Gemma_2_2B_base,neutral_67,task_assistance,neutral,1,moderator_next,26,]:,8254,91.67630767822266,-3.5179686546325684,-0.03837380391649704,1.0044671297073364,0.010956670868911354,-2.4005637168884277,-0.026185213799341005,-0.23929715156555176,-0.0026102398495963406,10.857898712158203,0.11843734752351347,-15.1027250289917,-0.16473967387518695,-7.150758743286133,-0.07800007356736911,0.9232683181762695,0.010070958806684011,-15.858516693115234,-0.17298380677347416,-6.384373188018799,-0.06964038310124243,-3.4646017316546076,-2.610388989002606,2.1967928896486977,2.737757521581314,1.8533980968313253,1.330530480999239,1.876701324406561,1.7704477987299012,0.7228346958530167,1.7355658717551405,-3.037495360328607,-3.7155098419285624,-2.4232155647356524,-3.069362703332107
Gemma_2_2B_base,neutral_68,task_assistance,neutral,1,assistant_next,26,]:,8254,100.32260131835938,-1.232826590538025,-0.012288622646713742,3.824164867401123,0.038118677318440784,-4.870458126068115,-0.04854796488592252,-4.255292892456055,-0.04241609404597169,9.219223022460938,0.09189577324859287,-18.008806228637695,-0.17950896400193345,-9.641536712646484,-0.09610533006466261,-1.2158031463623047,-0.012118935617549708,-18.66963005065918,-0.1860959525103799,-10.646160125732422,-0.10611925912834298,-1.0942636969470585,0.06513168267760074,-0.3764456586757869,-0.1085602448782692,0.15110211277836025,-0.16478576902424744,0.03714876370658733,-0.5566560101447486,-0.5863536409870417,0.07375263367548639,-0.5145660071347289,-1.0530437075915025,0.04609857562338595,-0.5034725659840582
Gemma_2_2B_base,neutral_68,task_assistance,neutral,1,user_next,26,]:,8254,93.67575073242188,-4.868472099304199,-0.05197153010506042,0.8188943862915039,0.008741796888616538,-1.663018822669983,-0.017752927621794864,0.2989928722381592,0.00319178517279473,10.835112571716309,0.11566614077816187,-11.74799633026123,-0.12541128561455084,-4.642935276031494,-0.04956389716367162,0.9798132181167603,0.010459624934477729,-14.646749496459961,-0.1563558272225366,-4.1161723136901855,-0.04394063865522401,-4.8654554165116775,-2.7864730083895757,2.9651977841531303,3.11926800045466,1.8297273024147254,3.0566970926695824,3.728842758818106,1.8319632058611617,1.2871774593951153,2.6200132396485047,-3.825964212450627,-5.10340456677664,-2.6245710739031294,-3.8639878203398847
Gemma_2_2B_base,neutral_68,task_assistance,neutral,1,moderator_next,26,]:,8254,95.8714828491211,-4.0700507164001465,-0.04245319458347628,2.013366222381592,0.021000678852022673,-2.702479124069214,-0.028188560808246527,0.2503962516784668,0.0026117907456644947,12.268665313720703,0.12796991294093849,-16.502023696899414,-0.17212650943210792,-6.892212867736816,-0.07189012480993456,0.42753660678863525,0.004459476312278138,-17.541643142700195,-0.1829703955899646,-6.563629150390625,-0.06846278951083104,-4.0372668319340415,-1.6530770253815903,1.8822448825746991,3.084825378147925,3.318936601719722,0.6105251222317316,2.0676491861894,1.2311394245709466,-0.06102893287978523,1.6656679778369565,-2.845171928657816,-4.13188569100669,-1.5101088329240366,-2.8209972619653634
Gemma_2_2B_base,neutral_69,task_assistance,neutral,1,assistant_next,29,]:,8254,101.72753143310547,-0.973318338394165,-0.009567894990494338,3.2039027214050293,0.03149494218791565,-4.2631659507751465,-0.04190769097329902,-4.200592517852783,-0.04129258283058831,9.488235473632812,0.09327106772341308,-18.749874114990234,-0.18431464767549063,-9.918069839477539,-0.09749641714248729,-1.0790421962738037,-0.010607179600965409,-17.955930709838867,-0.1765100406633422,-10.668082237243652,-0.10486917442068105,-0.8250803100398634,-0.5234151573927786,0.2562565450102042,-0.06979161609711351,0.4305587607101595,-0.5461002529307869,-0.1670834994007799,-0.4078732634566109,-0.253970441104721,0.06520446933774371,-0.674247733716321,-0.7753440753551119,-0.5560691195426679,-0.6657065974488898
Gemma_2_2B_base,neutral_69,task_assistance,neutral,1,user_next,29,]:,8254,94.63253784179688,-4.716409683227539,-0.04983919686389744,0.5641096830368042,0.005961054156445235,-1.7765583992004395,-0.018773230008587778,0.0005635619163513184,5.955265801847774e-06,11.194721221923828,0.11829674525519693,-12.736124992370605,-0.1345850516411425,-6.240499496459961,-0.0659445433756896,1.0848472118377686,0.011463786521834333,-13.825899124145508,-0.1461009018616739,-3.657484292984009,-0.03864933115392566,-4.707723722653575,-3.0282300347804254,2.84690753903061,2.9077576546262325,2.2032974755293706,2.548258152372214,2.548969085322211,1.9462300786148499,1.669462908980761,2.7988710371166756,-3.867976878717,-4.885761262595578,-2.8773700474255803,-3.8815656550105793
Gemma_2_2B_base,neutral_69,task_assistance,neutral,1,moderator_next,29,]:,8254,92.87173461914062,-3.8616483211517334,-0.041580447883180355,0.8973872065544128,0.009662651507851385,-3.1004555225372314,-0.033384274938461585,-0.6013562679290771,-0.006475126909120304,11.569503784179688,0.12457508015356097,-15.723503112792969,-0.16930342883412017,-6.975845813751221,-0.07511269001659755,1.312276005744934,0.014129982724307568,-16.510988235473633,-0.1777827053966833,-6.950984001159668,-0.07484498948646845,-3.821094659646274,-2.711993690842704,1.467616546215424,2.4811498551634084,2.5926306758889206,1.0111107908407,2.005882460334189,2.1936507101005303,0.4189664327382284,1.5146253686567555,-3.266544175244489,-4.042806051905848,-2.5408556334876096,-3.291830842696729
Gemma_2_2B_base,neutral_70,task_assistance,neutral,1,assistant_next,29,]:,8254,107.10576629638672,0.7142888903617859,0.006669004994420014,5.491140365600586,0.051268391567315955,-5.440666675567627,-0.05079714065545294,-5.347936153411865,-0.04993135606362102,8.604026794433594,0.08033205953285688,-19.746028900146484,-0.1843600917387081,-11.818323135375977,-0.11034254778283283,-1.0513005256652832,-0.009815536193971935,-19.816862106323242,-0.18502143060612952,-12.256216049194336,-0.11443096364465119,0.925445254572094,1.6468712234075598,-0.970512601255593,-0.882965928229728,-0.48797862477072185,-1.0586690132132757,-1.570506791018472,-0.3776929967344049,-1.1206411761708504,-0.5540620099849947,1.286158238989827,0.8819262303157027,1.2415469088223028,1.0617365695690029
Gemma_2_2B_base,neutral_70,task_assistance,neutral,1,user_next,29,]:,8254,92.81206512451172,-3.2087223529815674,-0.034572254681295114,2.1466901302337646,0.02312942964208241,-2.0957112312316895,-0.022580159469786552,-0.7059388160705566,-0.0076061104245822644,9.45382308959961,0.10185985062305061,-11.74744701385498,-0.12657241273637465,-6.10551643371582,-0.06578365027784895,1.2289443016052246,0.013241212766427925,-15.018351554870605,-0.16181464699360784,-5.413230895996094,-0.058324646571908424,-3.143825932891978,-1.5265702488859554,2.514400867029801,2.40702747455284,0.3948103429422531,3.0569797419461304,2.648660202626367,2.102993838968193,1.1141153950313984,2.1142467257088944,-2.3351980908889667,-3.327492753143188,-1.3165828341373729,-2.3220377936402805
Gemma_2_2B_base,neutral_70,task_assistance,neutral,1,moderator_next,29,]:,8254,100.1604995727539,-2.1877923011779785,-0.021842865306285986,3.2156450748443604,0.03210492248502217,-3.7629408836364746,-0.03756911057440538,-1.956923484802246,-0.019537876639490893,11.462164878845215,0.11443797632538169,-18.060819625854492,-0.18031878537841753,-9.204127311706543,-0.09189378398637989,0.37324702739715576,0.003726489274607093,-18.856721878051758,-0.18826505417292513,-8.590641975402832,-0.08576876125865186,-2.0848329842304394,-0.5122732151409111,0.7774117898722483,1.520398076039081,2.4811244220082207,-0.19154912239740063,0.36019545573267225,1.172077589060291,-0.6734858221504716,0.8752678955255504,-1.2985530996856753,-2.0282275584247103,-0.5006154484088985,-1.2644215034168043
Gemma_2_2B_base,neutral_71,task_assistance,neutral,1,assistant_next,31,]:,8254,101.57940673828125,-0.742016077041626,-0.007304788449428791,2.85015869140625,0.02805843017718805,-5.346780300140381,-0.052636459217726375,-4.927334785461426,-0.04850722152922861,8.186295509338379,0.08059010947396376,-18.094425201416016,-0.17813084150054348,-10.690803527832031,-0.105245776394194,-0.6545605659484863,-0.006443831352893779,-16.875080108642578,-0.16612698036444654,-11.070550918579102,-0.10898420530356424,-0.585154505770433,-0.8590715123605605,-0.8726978770657873,-0.5848667211003196,-0.9219279983421573,-0.20884078074289333,-0.7377823945402323,0.05392188228923327,0.24940200282584224,-0.0917315277758347,-0.7221130090654968,-0.5443529826858233,-0.8684844677008063,-0.7064187251933148
Gemma_2_2B_base,neutral_71,task_assistance,neutral,1,user_next,31,]:,8254,94.33662414550781,-4.814970970153809,-0.05104031455192889,0.706210732460022,0.007486071701810529,-2.3766913414001465,-0.025193728977774974,-0.7365491390228271,-0.00780766903304437,10.629905700683594,0.1126805818733527,-12.940217971801758,-0.13717067034158817,-6.429924011230469,-0.06815936090009697,1.2310786247253418,0.013049848199215683,-14.341995239257812,-0.15202998166582962,-4.126680850982666,-0.04374420738882433,-4.809959627730064,-2.893394910392154,2.221664121640726,2.38533255461829,1.616553436069274,2.4432426597919354,2.4090704851692144,2.105315777035496,1.429107246061561,2.615915609560299,-3.851677269061109,-5.0083571201693715,-2.738729796527201,-3.873543458348286
Gemma_2_2B_base,neutral_71,task_assistance,neutral,1,moderator_next,31,]:,8254,96.17151641845703,-3.8301260471343994,-0.03982599203769371,2.0299572944641113,0.021107676888772926,-4.118034362792969,-0.042819688366717325,-1.1666157245635986,-0.0121305742907024,11.447717666625977,0.11903438869379161,-17.54030990600586,-0.1823857058641488,-8.316533088684082,-0.08647605235314758,0.5844032764434814,0.006076677359444485,-17.182512283325195,-0.17866529429110223,-7.393448829650879,-0.07687773994829039,-3.78839715421859,-1.6373342896519005,0.4074606593995804,2.0805249198089273,2.4661163081415207,0.07627775129065906,1.0157240680412112,1.401795258418003,0.10622505964646498,1.3420935363249846,-2.7128657219352452,-3.8637319935549903,-1.5003815778470233,-2.6820567857010067
Gemma_2_2B_base,neutral_72,task_assistance,neutral,1,assistant_next,25,]:,8254,100.99215698242188,-1.507746934890747,-0.01492934679227791,2.2089052200317383,0.02187204715724814,-4.697158336639404,-0.046510129865400984,-4.996075630187988,-0.049469936869034066,9.308188438415527,0.09216743870551906,-19.73087501525879,-0.1953703693910908,-10.865740776062012,-0.10758994659311258,-0.5987834930419922,-0.005929009845251776,-18.683427810668945,-0.18499879959907062,-10.920317649841309,-0.10813035364461061,-1.3794337784808572,-1.4675363472660379,-0.19589474244346783,-0.6335864659034526,0.24352154101011636,-1.0508716225807233,-0.8669814909277396,0.11460196753200513,-0.5927795172082289,-0.03315055260339194,-1.4234850628734477,-1.3225775296867004,-1.4308922227096166,-1.3767348761981584
Gemma_2_2B_base,neutral_72,task_assistance,neutral,1,user_next,25,]:,8254,89.51492309570312,-5.047163486480713,-0.05638348681911548,-0.05110466480255127,-0.0005709066492512508,-2.3827619552612305,-0.026618600260805085,-0.6826536655426025,-0.007626143685704302,10.605438232421875,0.11847676192586658,-12.071720123291016,-0.13485706858491933,-5.694235324859619,-0.06361213446803433,1.6549254655838013,0.0184877047128161,-13.711036682128906,-0.15317040117958902,-3.1909961700439453,-0.03564764465733109,-5.050808877967901,-3.6119871812129793,2.215339504061417,2.4235307135796087,1.5911360376031005,2.8901258873310516,2.9524099652590605,2.5664203329573687,1.7229565075315094,2.980770355275602,-4.33139802959044,-5.5537248162640305,-3.471194484208187,-4.512459650236108
Gemma_2_2B_base,neutral_72,task_assistance,neutral,1,moderator_next,25,]:,8254,94.47535705566406,-4.684700965881348,-0.04958648595655651,0.3688007593154907,0.0039036715055566977,-3.558389663696289,-0.03766473898161313,-0.9262980222702026,-0.00980465225153302,12.190265655517578,0.12903116786671873,-16.390663146972656,-0.17349141255232747,-7.237539291381836,-0.07660769450299659,1.7192957401275635,0.01819835133424867,-17.3226261138916,-0.18335602694452122,-6.577521324157715,-0.06962155560081447,-4.67483282281044,-3.213552403130226,0.9905217440065638,2.250848941487487,3.2374931384710783,0.6678253931041757,1.8126099515776155,2.6364489942491542,0.04097141474621461,1.66025095474095,-3.944192612970333,-4.859967528382496,-3.0644079262880397,-3.9621877273352677
Gemma_2_2B_base,neutral_73,task_assistance,neutral,1,assistant_next,21,]:,8254,101.71466827392578,-0.24019953608512878,-0.002361503411073928,3.9224014282226562,0.03856279035054525,-3.500155448913574,-0.03441151122360616,-4.176229476928711,-0.04105828144355531,9.072282791137695,0.08919345601860794,-18.307043075561523,-0.1799842971149371,-10.541543960571289,-0.10363838509684821,-1.0250606536865234,-0.010077805601508257,-17.85797119140625,-0.1755692811513999,-10.803640365600586,-0.10621516590414977,-0.06462895413656679,0.15834520187124038,1.0511925669184057,-0.0525244274093605,-0.001542957414619654,-0.31824273492571353,-0.6275474307895372,-0.3491465423318975,-0.208348851825767,0.012345822125851887,0.046858123867336794,-0.039801035322483067,0.08647315517188205,0.02333605992469949
Gemma_2_2B_base,neutral_73,task_assistance,neutral,1,user_next,21,]:,8254,90.98789978027344,-3.641228675842285,-0.04001882321314684,1.1162006855010986,0.012267572811292603,-0.9797831177711487,-0.010768279300184152,-0.04995620250701904,-0.0005490422641654353,9.746659278869629,0.10712038966067822,-11.544121742248535,-0.12687535122940985,-6.060661315917969,-0.06660953083381253,0.3460512161254883,0.003803266334987036,-13.262996673583984,-0.14576659869732983,-3.3801920413970947,-0.037149907290528916,-3.5924572033221946,-2.5043686045301023,3.6770211102447306,2.871952013307572,0.6990156668595326,3.1616002125340112,2.681787742624132,1.1424911647425857,1.9316171622328246,2.9069965584622506,-3.0484129039261485,-3.883413914450173,-2.304040690487648,-3.0937273024689107
Gemma_2_2B_base,neutral_73,task_assistance,neutral,1,moderator_next,21,]:,8254,91.60851287841797,-3.6849067211151123,-0.040224501035244276,0.8021483421325684,0.008756264204366824,-2.982597827911377,-0.03255808586118907,-0.7985488176345825,-0.008716971737052534,11.336101531982422,0.12374506665147592,-15.282623291015625,-0.16682536164841572,-7.3925981521606445,-0.08069772033055528,1.4492242336273193,0.01581975504340647,-16.886272430419922,-0.1843308214470334,-7.072896957397461,-0.07720785694648868,-3.637763678406878,-2.8023627921480103,1.5904055860629331,2.3413905790453047,2.350166764889103,1.237964315061368,1.6980919463946287,2.342637196997768,0.2441895281692309,1.4670874303387784,-3.2200632352774443,-3.9044070687723536,-2.623255841634792,-3.2638314552035728
Gemma_2_2B_base,neutral_74,task_assistance,neutral,1,assistant_next,31,]:,8254,101.31080627441406,-0.6401920318603516,-0.006319089299578809,3.276978015899658,0.03234578952045371,-5.423798084259033,-0.053536224650783455,-4.993559837341309,-0.049289508404617516,9.956748008728027,0.09827922977691861,-19.84185218811035,-0.19585129087183456,-10.977741241455078,-0.10835706125682562,-0.8637808561325073,-0.008526048581558414,-19.806182861328125,-0.19549921266720938,-12.215620040893555,-0.1205756867417074,-0.4795341984235508,-0.45407635614615677,-0.9529382024270936,-0.6318034097604078,0.9172609263585677,-1.107974627812243,-0.9496989171487182,-0.17368965021565227,-1.1156676510170729,-0.5382322688474374,-0.46680527728485377,-0.4437444962820711,-0.4787180831445676,-0.46123128971331934
Gemma_2_2B_base,neutral_74,task_assistance,neutral,1,user_next,31,]:,8254,96.03862762451172,-5.303046226501465,-0.055217846794261984,0.5617448091506958,0.005849154897829079,-2.8852269649505615,-0.030042359374720714,-0.3088362216949463,-0.003215750051140076,11.763912200927734,0.12249146506884546,-14.47597885131836,-0.15073079665315509,-7.049585342407227,-0.07340364514546621,0.9858702421188354,0.010265351208196712,-16.060083389282227,-0.16722524869965186,-4.904781818389893,-0.051070927810072705,-5.316231584339857,-3.0304739876990725,1.6918505940451194,2.6884720383431056,2.7945868464582384,1.653021037776942,1.9514224721567606,1.8385526648200352,0.6289612961877082,2.312508023236047,-4.173352786019464,-5.434750098055142,-2.887542875493713,-4.1611464867744274
Gemma_2_2B_base,neutral_74,task_assistance,neutral,1,moderator_next,31,]:,8254,100.90579223632812,-3.6870181560516357,-0.036539212213074865,2.5393834114074707,0.025165883495172056,-3.365784168243408,-0.033355708266583114,-0.15714597702026367,-0.0015573533841567516,13.534614562988281,0.13413119567298284,-19.540210723876953,-0.19364805816213673,-8.881464004516602,-0.08801738540157951,0.35844671726226807,0.0035522907983593435,-19.213050842285156,-0.19040582722235513,-7.74919319152832,-0.07679631683956448,-3.6399538330657455,-1.1539561997398557,1.1911861463698603,2.795981773480527,4.63403533455147,-0.9527658252488379,0.5984969504008655,1.1559762765710175,-0.8394349194363397,1.2033769137954478,-2.3969550164028006,-3.52825646499476,-1.131447604714363,-2.3298520348545613
Gemma_2_2B_base,neutral_75,task_assistance,neutral,1,assistant_next,23,]:,8254,103.60677337646484,-0.989171028137207,-0.009547358689986052,3.5971181392669678,0.03471894763285895,-5.944296836853027,-0.05737363150239099,-5.645573616027832,-0.054490391236431186,9.28221607208252,0.08959082277714339,-19.853185653686523,-0.19162053798884487,-11.121750831604004,-0.1073457889784106,-0.8605809211730957,-0.008306222586877549,-19.066978454589844,-0.1840321615393639,-11.770105361938477,-0.11360362820267265,-0.8415240288093745,-0.15030566950367702,-1.4952154145831027,-1.093915055785308,0.21654081798907757,-1.113806231983247,-1.0560565345608561,-0.1702084290616857,-0.7714062624660052,-0.3645111978350165,-0.4959148491565257,-0.7732479732018476,-0.2629728695073195,-0.5181104213545835
Gemma_2_2B_base,neutral_75,task_assistance,neutral,1,user_next,23,]:,8254,92.51490783691406,-4.3846282958984375,-0.04739374873104442,0.36606305837631226,0.003956800767954185,-2.009185314178467,-0.021717422209621317,0.2796401381492615,0.0030226494809054245,10.775629043579102,0.11647451524866087,-11.689627647399902,-0.1263539890025774,-5.437737464904785,-0.05877687814909212,1.6650882959365845,0.017998053879833227,-13.66552448272705,-0.14771159375542733,-3.416472911834717,-0.03692889061574054,-4.363572672287338,-3.2161501196718727,2.604547160070898,3.1055518427640685,1.7679343730987507,3.086730541145022,3.1418452745873946,2.577476513928868,1.7441523943786008,2.8928494338726205,-3.7898613959796057,-4.636158901405889,-3.0595779134850924,-3.8478684074454907
Gemma_2_2B_base,neutral_75,task_assistance,neutral,1,moderator_next,23,]:,8254,94.64384460449219,-4.019974708557129,-0.04247476130493461,1.476463794708252,0.01560020940482983,-3.6301088333129883,-0.03835546673407948,-0.3548915386199951,-0.0037497582658761784,12.372709274291992,0.13072914911684316,-17.19109344482422,-0.18163984690884227,-7.966034889221191,-0.08416854706727638,1.2879806756973267,0.013608710435207677,-17.91155242919922,-0.18925216430133338,-7.092848777770996,-0.07494252592349086,-3.985323861787172,-2.162526504562365,0.9158017352379273,2.655830552828326,3.4270199871992437,0.2559661403295523,1.2745828937872365,2.1672197301033984,-0.23330264154177346,1.4593075484007303,-3.0739251831747687,-4.134086966317665,-2.0010687182075215,-3.067577842262593
Gemma_2_2B_base,neutral_76,task_assistance,neutral,1,assistant_next,30,]:,8254,98.60299682617188,-1.891695261001587,-0.019184967210849318,2.3989768028259277,0.02432965406776739,-3.1549875736236572,-0.03199687306852969,-3.216827630996704,-0.03262403511596791,9.504592895507812,0.09639253573868091,-17.42257308959961,-0.176694153833012,-8.958433151245117,-0.09085355860976539,-0.6364328861236572,-0.006454498408863075,-17.252220153808594,-0.17496648894173764,-9.875401496887207,-0.10015315776148917,-1.77769668521328,-1.2871835236046045,1.4108027911604475,0.6274470405496354,0.447551246619569,0.13685891289747976,0.5416517427183462,0.07364305265018696,0.0737607939213159,0.37429719667193195,-1.5324401044089422,-1.756940823077523,-1.2074697186738585,-1.4822052708756908
Gemma_2_2B_base,neutral_76,task_assistance,neutral,1,user_next,30,]:,8254,92.82926177978516,-4.967281341552734,-0.053509865815117665,0.07039117813110352,0.0007582865228217527,-1.77121102809906,-0.01908030931346656,-0.5244218111038208,-0.005649315755067448,10.193171501159668,0.10980558614524467,-11.793547630310059,-0.12704558244023723,-5.589387893676758,-0.060211487051746906,0.5487515926361084,0.005911407482027468,-13.787813186645508,-0.14852873891590068,-4.836392879486084,-0.05209987440123406,-4.96794852132227,-3.496703675840495,2.8524786522729917,2.535676783338409,1.1628633748677726,3.0332587939802664,3.0298445511144902,1.3630096588920753,1.6872002460535653,2.3391751573911725,-4.232326098581382,-5.260419643225936,-3.350356743404049,-4.305388193314993
Gemma_2_2B_base,neutral_76,task_assistance,neutral,1,moderator_next,30,]:,8254,93.77336120605469,-4.578860282897949,-0.04882900883585161,0.5427862405776978,0.005788277540622609,-2.3016550540924072,-0.024544871000569356,0.059697628021240234,0.0006366160629569682,12.073968887329102,0.1287569170182365,-15.319622993469238,-0.16336860272936546,-6.411856651306152,-0.06837609923373586,1.2556289434432983,0.013390038783874006,-16.531435012817383,-0.1762913774253193,-6.466467380523682,-0.06895846856032457,-4.565046127078514,-3.0484631648525107,2.299840041350409,2.9496686410457595,3.116681239759042,1.2189262178699813,2.4224140503615783,2.1320241601562846,0.40944398414946337,1.7035546009272131,-3.806754645965512,-4.782653241755395,-2.8930772721980555,-3.837865256976725
Gemma_2_2B_base,neutral_77,task_assistance,neutral,1,assistant_next,26,]:,8254,103.75003051757812,-1.826822280883789,-0.017607920419592308,3.4460246562957764,0.0332146857124242,-4.5710673332214355,-0.044058467360614126,-3.4412057399749756,-0.033168238339861884,10.260358810424805,0.09889499558929206,-19.476442337036133,-0.18772469019887456,-11.074310302734375,-0.10674030887015576,-1.8490570783615112,-0.017822231657543753,-17.748327255249023,-0.17106816418952248,-9.841145515441895,-0.09485438670569386,-1.7104050736263336,-0.29367342543067243,-0.06452789963993542,0.46842012936873745,1.232659178552696,-0.9199539736417741,-1.021019551161851,-1.2455753200276876,-0.15728560955662882,0.3876547493326409,-1.002039249528503,-1.5959745782751307,-0.39972621421457466,-0.9978503962448526
Gemma_2_2B_base,neutral_77,task_assistance,neutral,1,user_next,26,]:,8254,92.03398132324219,-4.906379222869873,-0.05331051805351835,0.3632587194442749,0.003947006466757489,-1.8628435134887695,-0.020240822864612165,0.08773249387741089,0.0009532619649396282,10.712736129760742,0.11639979033543511,-11.870388984680176,-0.12897832750480434,-5.755622863769531,-0.06253801890363306,0.6292166709899902,0.006836786390670773,-13.225914001464844,-0.14370685491712812,-3.6788597106933594,-0.03997284109412208,-4.904775815092532,-3.218811066865879,2.757012124308384,2.9695382180859573,1.70259969138503,2.993720282159796,2.9070724820365803,1.4505479171611173,1.9488872597573368,2.79053604697333,-4.061793440979206,-5.240072586453557,-3.060468319224627,-4.150270452839092
Gemma_2_2B_base,neutral_77,task_assistance,neutral,1,moderator_next,26,]:,8254,95.59674835205078,-4.801100254058838,-0.0502224221725408,1.1811957359313965,0.012356024198453367,-3.1303658485412598,-0.03274552641699874,0.42813658714294434,0.0044785685132956695,12.857605934143066,0.1344983606219828,-16.588842391967773,-0.1735293582463352,-7.514315605163574,-0.07860430124140697,1.0072495937347412,0.010536441993041212,-17.077930450439453,-0.1786455161377159,-6.580251216888428,-0.06883342090941805,-4.795571775681325,-2.4426968875022386,1.4364547266734784,3.210797990493587,3.93074237835626,0.5658527966417357,1.6081980838714596,1.861811341026712,0.1549307852593921,1.6591864782796115,-3.619134331591782,-4.924876359996328,-2.295999522341389,-3.6104379411688585
Gemma_2_2B_base,neutral_78,task_assistance,neutral,1,assistant_next,30,]:,8254,102.94141387939453,0.3872078061103821,0.003761438584514024,3.8116440773010254,0.037027314213565414,-5.112892150878906,-0.049667980632839726,-4.829498291015625,-0.04691501805749271,8.353778839111328,0.08115080728246611,-19.640304565429688,-0.19079109005089182,-12.213749885559082,-0.11864758239933083,-2.0131478309631348,-0.019556248113336828,-19.00481414794922,-0.18461776880406103,-12.121350288391113,-0.11774998838263875,0.5861697466654615,0.053251106865960976,-0.62902349186169,-0.5155255737694565,-0.7479422600653045,-1.0042688416887475,-1.862547390307779,-1.4240902606038863,-0.7424551762341925,-0.5014733400345638,0.31971042676571126,0.5851563125740119,-0.053117892502501866,0.266019210035755
Gemma_2_2B_base,neutral_78,task_assistance,neutral,1,user_next,30,]:,8254,94.39871215820312,-4.5012335777282715,-0.04768320959913774,0.7872390747070312,0.008339510748702744,-2.3583240509033203,-0.024982587124186578,0.060335636138916016,0.0006391574075480958,10.5554838180542,0.11181809133544351,-12.707107543945312,-0.13461102650054618,-6.577400207519531,-0.06967680021414321,-0.0006108283996582031,-6.47072810309651e-06,-14.61340618133545,-0.1548051434943815,-4.312497615814209,-0.045683860692790804,-4.484525298783479,-2.8165097174242133,2.2407999275112305,2.9501208262465544,1.5392421824013294,2.5631890022637602,2.300152621809637,0.7653562360688672,1.302706068070908,2.543459439374594,-3.6505175081038463,-4.665703636040607,-2.6611431458377046,-3.6634233909391556
Gemma_2_2B_base,neutral_78,task_assistance,neutral,1,moderator_next,30,]:,8254,98.76011657714844,-3.7167439460754395,-0.03763405790607822,1.8383857011795044,0.018614657058888876,-3.1375041007995605,-0.03176893881396582,0.18321514129638672,0.00185515314933093,12.104911804199219,0.12256882862975588,-17.638057708740234,-0.1785949462196302,-8.62527847290039,-0.08733564491251468,-0.11384022235870361,-0.0011526942889924098,-17.61823081970215,-0.17839418816338998,-6.960893154144287,-0.07048283654775403,-3.670787876958361,-1.819110425117716,1.4290177990823818,3.0372110875987532,3.1488254910310047,0.025981882802673915,0.787701591077814,0.6421735568891874,-0.09669725383438166,1.5107614585531615,-2.744949151038038,-3.640005336884828,-1.7270234914172493,-2.6835144141510385
Gemma_2_2B_base,neutral_79,task_assistance,neutral,1,assistant_next,27,]:,8254,104.29454040527344,-0.10639342665672302,-0.001020124603294608,3.6719889640808105,0.03520787329626263,-4.8628387451171875,-0.046626014422431916,-5.225573539733887,-0.050103998919100334,8.612672805786133,0.08258028437843953,-19.14115333557129,-0.18352977309446444,-11.45130443572998,-0.1097977362116164,-1.5319315195083618,-0.01468851114886262,-18.164318084716797,-0.17416365242258028,-11.650776863098145,-0.11171032364517756,0.07416579102955628,-0.0792631471732435,-0.36850747123569777,-0.7962420112405051,-0.47899693883003236,-0.7474319214686954,-1.2994468261947307,-0.9005732440648544,-0.35102035906792345,-0.3179810258786911,-0.002548678071843606,0.09711101493675321,-0.2185243470290382,-0.06070666604614249
Gemma_2_2B_base,neutral_79,task_assistance,neutral,1,user_next,27,]:,8254,93.1880111694336,-4.738290786743164,-0.05084657057577983,0.6195583939552307,0.006648477483104079,-1.8322266340255737,-0.019661613237932894,0.27932119369506836,0.002997394087391876,10.976160049438477,0.11778510896086967,-12.527745246887207,-0.13443516059280816,-6.158856391906738,-0.06609065173318016,0.8800687789916992,0.009444012893370652,-14.156312942504883,-0.15191131096001184,-4.128978252410889,-0.04430804135205352,-4.730420609958483,-2.97561653288018,2.788910060580998,3.105325792408178,1.9762508374844403,2.6554793888727772,2.6092662229602746,1.7234508592425481,1.515582982308284,2.615019775919997,-3.853018571419332,-4.9885820313979465,-2.814875984474618,-3.9017290079362823
Gemma_2_2B_base,neutral_79,task_assistance,neutral,1,moderator_next,27,]:,8254,95.06732940673828,-3.3253817558288574,-0.03497922763351715,1.5173274278640747,0.015960555927392317,-3.1760623455047607,-0.033408557548894866,-0.5936088562011719,-0.006244088898947207,11.728413581848145,0.1233695492977301,-16.60980224609375,-0.17471619692849458,-8.039251327514648,-0.08456376525650919,1.042381763458252,0.010964668619210933,-17.075637817382812,-0.17961625643575202,-7.243910312652588,-0.07619768387160718,-3.2648346981762364,-2.123752314773575,1.3888462187660788,2.4866407961573658,2.7577100214229104,0.5550679601834453,1.2205092315801438,1.9000317592469367,0.1559985075731697,1.400403604562201,-2.6942935064749056,-3.3690317285359916,-1.9683094017981784,-2.6686705651670852
Gemma_2_2B_base,neutral_80,task_assistance,neutral,1,assistant_next,27,]:,8254,98.38753509521484,-1.1340463161468506,-0.011526321043101383,2.1878509521484375,0.022237074544363144,-3.6368088722229004,-0.03696412222039476,-4.197522163391113,-0.04266314995419845,9.112991333007812,0.09262343369196806,-17.64833641052246,-0.1793757348778301,-10.602619171142578,-0.10776384590671836,-0.8066751956939697,-0.008198957265402648,-17.869110107421875,-0.1816196542593428,-11.337444305419922,-0.11523252711279,-0.9918006399900179,-1.48751406622358,0.9088213565083013,-0.0676155170627949,0.040746061564452894,0.020693004499486432,-0.6726542453606319,-0.11156418965115937,-0.21353645441516889,-0.19580218402641067,-1.239657353106799,-0.9752369949304789,-1.397707366123405,-1.186472180526942
Gemma_2_2B_base,neutral_80,task_assistance,neutral,1,user_next,27,]:,8254,94.7243423461914,-4.393908500671387,-0.046386265576939666,0.7241447567939758,0.007644758874624075,-2.1273741722106934,-0.02245857948990267,-0.08643144369125366,-0.0009124522963207337,10.591047286987305,0.11180914033987105,-12.839021682739258,-0.13554089017389181,-6.715502738952637,-0.0708952162941319,0.009625434875488281,0.00010161521987991181,-14.789501190185547,-0.1561320018051325,-4.908205986022949,-0.05181567762259892,-4.373198866951044,-2.8763778903795214,2.481413100436347,2.8461003606373523,1.5761863750347125,2.4953129376271392,2.1981576353186654,0.7764923049899565,1.2206953120323405,2.3111728257742357,-3.624788378665283,-4.533326962038603,-2.7243034513877062,-3.6288152067131545
Gemma_2_2B_base,neutral_80,task_assistance,neutral,1,moderator_next,27,]:,8254,94.41307067871094,-3.803151845932007,-0.04028204801085422,1.0650969743728638,0.01128124492420551,-2.72078800201416,-0.028817916655555473,-0.251786470413208,-0.0026668603044385777,11.724098205566406,0.12417876170412552,-16.27813720703125,-0.17241402159692473,-8.063311576843262,-0.0854046110234337,0.6143604516983032,0.0065071546479934,-17.155540466308594,-0.1817072609012914,-7.070731163024902,-0.07489144365494375,-3.7604172854522164,-2.5528592756028807,1.863169933326099,2.7289057766043183,2.753227104052337,0.7257253122681854,1.2027396456082167,1.4343857808920424,0.11878634187535743,1.4679319459872326,-3.156638280527549,-3.9102807819779617,-2.393708344574256,-3.1519945632761086
Gemma_2_2B_base,neutral_81,philosophical_musing,neutral,1,assistant_next,15,]:,8254,102.89861297607422,-0.7674127817153931,-0.007457950690684532,3.873936891555786,0.03764809631065237,-4.351022720336914,-0.042284561419196245,-4.561064720153809,-0.04432581342193931,10.801567077636719,0.104972912318539,-19.19701385498047,-0.18656241614689326,-10.703142166137695,-0.1040163891094078,-0.02210366725921631,-0.00021481015749314142,-20.33332061767578,-0.19760539068105462,-12.99586296081543,-0.1262977467328661,-0.6114980648822899,0.1123587587279874,0.16472371456718657,-0.3252745647659568,1.7948794309208191,-0.7761748011987848,-0.7468950388505415,0.7419740966673695,-1.361165613831829,-0.8424750740824896,-0.24956965307715123,-0.5599859689466837,0.0033177766836792162,-0.2783340961315023
Gemma_2_2B_base,neutral_81,philosophical_musing,neutral,1,user_next,15,]:,8254,93.87920379638672,-4.183138370513916,-0.0445587329392638,1.0458545684814453,0.011140428616648523,-2.2949838638305664,-0.024446136854847263,-0.41728878021240234,-0.004444954402440972,11.723791122436523,0.12488166333263849,-12.828404426574707,-0.1366479892010807,-5.815070152282715,-0.061942048048201796,1.941583514213562,0.020681721144808974,-15.623680114746094,-0.16642322775374271,-4.890325546264648,-0.052091681101931867,-4.1545706845100225,-2.5711177768766587,2.306790364360645,2.61160680639498,2.7529080986615466,2.5007760181754217,2.8631679617797303,2.878276691134158,0.8322025051017048,2.318145007144938,-3.362844230693341,-4.346794090869942,-2.406510038738114,-3.376652064804028
Gemma_2_2B_base,neutral_81,philosophical_musing,neutral,1,moderator_next,15,]:,8254,96.60475158691406,-4.0526204109191895,-0.04195052877159048,1.7675361633300781,0.018296575833952104,-3.0327823162078857,-0.03139371786986409,0.006464481353759766,6.691680530790201e-05,14.021053314208984,0.14513834033923706,-17.506549835205078,-0.18121831015169745,-7.649743556976318,-0.07918599687194415,1.8149842023849487,0.01878773220333816,-19.476360321044922,-0.20160872007959452,-8.294364929199219,-0.08585876774122114,-4.019186679856295,-1.8863372773299565,1.538121302438272,2.9119399030440105,5.139359687562236,0.09364890474518094,1.5081783958012847,2.740548828535221,-0.962063093660129,0.9907962231299433,-2.952761978593126,-4.080579522680948,-1.7559404445141624,-2.918259983597555
Gemma_2_2B_base,neutral_82,philosophical_musing,neutral,1,assistant_next,14,]:,8254,99.92953491210938,-0.6920104622840881,-0.006924984319127767,2.580608367919922,0.025824280781348918,-4.558002471923828,-0.04561216537165624,-4.5269880294799805,-0.045301802249571005,9.843071937561035,0.09850012757707992,-18.323728561401367,-0.18336649497586038,-10.817304611206055,-0.10824932409342398,0.18020224571228027,0.0018032931492253299,-19.516698837280273,-0.19530460993784987,-12.768914222717285,-0.12777918194003282,-0.5332845531442313,-1.1148391618163538,-0.05091638467210255,-0.30112287329390425,0.7991714711679316,-0.32682820670086365,-0.8312091851713402,0.9620634524642727,-0.9808494989963037,-0.7539801720967743,-0.8240618574802925,-0.5055870786213884,-1.0715923163448726,-0.7885896974831306
Gemma_2_2B_base,neutral_82,philosophical_musing,neutral,1,user_next,14,]:,8254,95.7392578125,-4.703260898590088,-0.049125729675084405,0.4571652412414551,0.0047751074291466486,-2.59027099609375,-0.027055473953711353,-0.05538594722747803,-0.0005785082158872415,12.0224609375,0.1255750379958587,-12.785321235656738,-0.13354314131718126,-6.139740943908691,-0.0641298155447688,2.3498222827911377,0.02454397847321037,-15.615605354309082,-0.16310556099036588,-4.565683364868164,-0.04768872737461367,-4.694084717522978,-3.12970618270924,1.9991479693093615,2.8681037077160543,3.0631735343038646,2.5229443579624693,2.62338384875683,3.322401167121267,0.8359630728349638,2.4447338494705857,-3.911895450116109,-4.812938988196595,-2.9851851688479396,-3.899062078522267
Gemma_2_2B_base,neutral_82,philosophical_musing,neutral,1,moderator_next,14,]:,8254,94.5184097290039,-4.536005020141602,-0.047990703960708765,0.9715585708618164,0.010279040597989283,-3.268505573272705,-0.034580623845068055,0.2262275218963623,0.0023934757529774876,13.138071060180664,0.13900012810043202,-16.3481388092041,-0.17296248271713688,-7.316216468811035,-0.0774052006353846,2.1774685382843018,0.023037507132498063,-18.68958282470703,-0.19773484211480494,-7.7749528884887695,-0.08225860878087699,-4.5205931099576695,-2.6416148641343167,1.2925350257288752,3.0676959065523426,4.222096342244572,0.6897061765091793,1.7545032857130152,3.13489688689275,-0.5956460229541193,1.1933323465649799,-3.581103987045993,-4.697089015950955,-2.4848193351725816,-3.5909541755617687
Gemma_2_2B_base,neutral_83,philosophical_musing,neutral,1,assistant_next,27,]:,8254,99.40635681152344,-1.0437991619110107,-0.010500326089709496,3.3056893348693848,0.03325430526678532,-3.928232192993164,-0.039516911382651065,-3.9926795959472656,-0.04016523413605702,9.405269622802734,0.09461436797885396,-17.135284423828125,-0.17237614347256472,-9.773486137390137,-0.0983185225862454,-0.048728108406066895,-0.000490191069957995,-17.244787216186523,-0.17347771077540852,-10.933053970336914,-0.10998344895655131,-0.898188839843977,-0.42683310720219864,0.6052044407002144,0.0775656725251539,0.34437182599846494,0.28468252168996533,-0.060301874269148535,0.7130092680353536,0.07722245270400412,-0.03811686985795119,-0.6625109735230879,-0.8705155904995668,-0.39612437699388064,-0.6333199837467237
Gemma_2_2B_base,neutral_83,philosophical_musing,neutral,1,user_next,27,]:,8254,95.25841522216797,-4.760705471038818,-0.049976744416076906,0.6295140981674194,0.006608488044853833,-2.046013355255127,-0.021478557568727963,-0.3737199306488037,-0.003923222213777013,11.138225555419922,0.11692642093029383,-12.453295707702637,-0.13073171203466105,-6.075038909912109,-0.06377430167973613,2.5003905296325684,0.026248500185532084,-14.269759178161621,-0.14980050995894426,-4.382983684539795,-0.04601151167923076,-4.753670971306588,-2.9661698847289384,2.566178177734842,2.6424860200640605,2.144608409223784,2.693787198634944,2.671169237011037,3.486204923343996,1.4627489376826437,2.5159745641754574,-3.8599204280177632,-4.899800486465684,-2.8185114480593807,-3.859155967262532
Gemma_2_2B_base,neutral_83,philosophical_musing,neutral,1,moderator_next,27,]:,8254,97.86272430419922,-3.9674103260040283,-0.04054056694428023,1.2118467092514038,0.012383128692437233,-2.871934413909912,-0.029346561056104583,-0.08982300758361816,-0.0009178469966195691,13.249051094055176,0.1353840411480009,-16.926061630249023,-0.17295718825112186,-7.785239219665527,-0.07955265168651623,2.013545036315918,0.020575199092730735,-17.63465690612793,-0.180197894872739,-7.493408203125,-0.0765706070048927,-3.93079974392411,-2.4136131628077355,1.705699325641192,2.8436966059558846,4.337385088616067,0.39233754631634205,1.4081087001761527,2.956563898903036,-0.10434719107752018,1.303116034038453,-3.1722064533659227,-3.936667330655275,-2.2935354366934453,-3.11510138367436
Gemma_2_2B_base,neutral_84,philosophical_musing,neutral,1,assistant_next,17,]:,8254,99.3267593383789,-0.024783462285995483,-0.00024951445563189126,4.051000118255615,0.04078457955579698,-4.24267053604126,-0.04271427522957484,-5.130270481109619,-0.05165043655186817,9.22740364074707,0.09289947343708102,-18.2183780670166,-0.18341862946471058,-9.673093795776367,-0.09738658404048804,-0.3598233461380005,-0.003622622428586253,-18.96255874633789,-0.19091087711557847,-12.803744316101074,-0.12890528596107967,0.15881838466850481,0.2803683708565759,0.27760951907303105,-0.7286964244266998,0.15960033713300778,-0.27262039371176416,0.013842425769647197,0.3745676008679067,-0.722776041342821,-0.7675615902001821,0.21959337776254034,0.1757657652989886,0.28845733154778475,0.23211154842338666
Gemma_2_2B_base,neutral_84,philosophical_musing,neutral,1,user_next,17,]:,8254,92.26807403564453,-3.042268991470337,-0.032972065617139286,1.5482804775238037,0.016780240551305753,-1.5681729316711426,-0.016995834670455286,-0.44421762228012085,-0.004814423915562744,10.74782943725586,0.11648481394662917,-12.109890937805176,-0.13124681602356786,-5.147533416748047,-0.05578888982509246,1.5394954681396484,0.016685028751601754,-14.43664264678955,-0.15646411608431818,-4.910248756408691,-0.05321720224171786,-2.9711667621583935,-2.094381959536888,3.064012171505607,2.5925211184229764,1.7390554689325144,2.870485197584802,3.356174133473729,2.440843609054587,1.3850281690936508,2.3103762812920743,-2.5327743608476405,-3.1641644194127014,-1.893791385751562,-2.528977902582132
Gemma_2_2B_base,neutral_84,philosophical_musing,neutral,1,moderator_next,17,]:,8254,93.22232055664062,-2.747342586517334,-0.02947086674213485,2.222703218460083,0.023843036787628544,-2.7259421348571777,-0.029241303140495542,-0.8289897441864014,-0.008892610044852063,12.328962326049805,0.1322533300225979,-16.35633659362793,-0.17545515382971014,-6.869453430175781,-0.07368893403594254,1.7493146657943726,0.018764976620931812,-18.33725357055664,-0.1967045387956758,-8.185821533203125,-0.08780967352373008,-2.665244742655128,-1.4544438694698039,1.857800143724752,2.319815717999082,3.381574598111299,0.6854880286251378,2.0844580636407475,2.669106695226258,-0.43155966584461686,1.033120922841281,-2.059844306062466,-2.8068035355503915,-1.2517083846583712,-2.0292559601043814
Gemma_2_2B_base,neutral_85,philosophical_musing,neutral,1,assistant_next,15,]:,8254,102.77696228027344,0.6416407823562622,0.006243040931746004,4.700521945953369,0.045735171011719686,-4.372776031494141,-0.04254626654142153,-4.526302337646484,-0.04404004785920048,9.025634765625,0.08781768370436982,-18.869640350341797,-0.18359795747693114,-10.799552917480469,-0.10507756483432559,-1.0619101524353027,-0.01033218076186633,-18.872880935668945,-0.18362948774650956,-13.019959449768066,-0.126681691703074,0.8500886383420799,0.8966787836649337,0.1420602117812259,-0.3006368924876687,-0.05000205581555567,-0.6077256465870772,-0.8180987537915214,-0.38923524919139646,-0.6810113990575628,-0.8518711008942416,0.8733837110035068,0.8384488674565101,0.7385185414206792,0.7884837044385946
Gemma_2_2B_base,neutral_85,philosophical_musing,neutral,1,user_next,15,]:,8254,97.07645416259766,-3.9288735389709473,-0.04047195144138972,1.4948796033859253,0.015398992642253756,-1.562174677848816,-0.016092209911501922,0.20240241289138794,0.002084979459101124,11.935661315917969,0.12295114627823552,-13.3870210647583,-0.13790183397444436,-5.984511375427246,-0.061647403863799174,2.288442373275757,0.023573608997324347,-15.393070220947266,-0.15856646551144862,-5.368440628051758,-0.05530116107310552,-3.890826206403093,-2.1450523348511386,3.070261401392067,3.050809974538466,2.973003985707152,2.213341332347933,2.738027929324849,3.2556257350753652,0.9396018678883868,2.131711948934475,-3.0179392706271155,-3.929663873372496,-2.019361453614591,-2.9745126634935435
Gemma_2_2B_base,neutral_85,philosophical_musing,neutral,1,moderator_next,15,]:,8254,97.23329162597656,-3.1212267875671387,-0.0321003921123378,2.595425605773926,0.026692767079794504,-2.8749570846557617,-0.02956762068402194,0.3254704475402832,0.0033473149175311007,13.163383483886719,0.1353793876949243,-17.50052833557129,-0.17998494181282967,-7.801445007324219,-0.08023429914656934,1.182603359222412,0.012162535479838381,-18.780542373657227,-0.19314930163939725,-8.48811149597168,-0.08729635039634943,-3.053068307872179,-1.1007795604464514,1.702550181753419,3.1380338552656752,4.248391500885403,0.09674725115512024,1.3961399905792224,2.0525793552477314,-0.6380075948524047,0.9152479580006473,-2.076923934159315,-3.0751943193880855,-0.9926377110787024,-2.0339160152333937
Gemma_2_2B_base,neutral_86,philosophical_musing,neutral,1,assistant_next,14,]:,8254,98.01700592041016,-0.7528927326202393,-0.007681245979208837,3.2439205646514893,0.03309548719826796,-4.463871002197266,-0.045541801244387434,-5.031601428985596,-0.05133396375187442,9.573448181152344,0.097671297865658,-16.716327667236328,-0.17054517744410588,-8.865917205810547,-0.09045284665203582,0.517357587814331,0.005278243126855207,-19.0024356842041,-0.19386876293318003,-12.764915466308594,-0.13023164038160592,-0.5964366710298681,-0.4854435104993308,0.04715368893532666,-0.6587652058248442,0.5190797845544666,0.5002555917972844,0.6099789667516663,1.3288560041836075,-0.7413474809552568,-0.7524209232575105,-0.5409400907645995,-0.5827773054340274,-0.4105626219395603,-0.49666996368679384
Gemma_2_2B_base,neutral_86,philosophical_musing,neutral,1,user_next,14,]:,8254,91.10757446289062,-3.797760486602783,-0.04168435510430215,1.2392725944519043,0.013602300376865781,-2.2440693378448486,-0.024630985415585716,-0.2145022749900818,-0.0023543846519309053,11.39690113067627,0.12509279494997844,-11.290485382080078,-0.12392477188248326,-4.26346492767334,-0.046795943727048823,2.4633636474609375,0.027037967611181435,-15.361854553222656,-0.16861226570662083,-5.449646472930908,-0.05981551484668955,-3.7548249223875168,-2.387589620705282,2.359835231561924,2.755330771720838,2.4133268601656064,3.2921081181640752,4.009098831265711,3.4459232403984745,0.9541395911723168,2.1000470745515214,-3.0712072715463994,-4.0534116694972555,-2.182699814683021,-3.1180557420901382
Gemma_2_2B_base,neutral_86,philosophical_musing,neutral,1,moderator_next,14,]:,8254,93.08300018310547,-3.65706467628479,-0.039288212338352904,1.9912173748016357,0.02139184782274606,-3.108506917953491,-0.033395001362640696,-0.6673401594161987,-0.007169302215264444,12.731029510498047,0.13677072596988257,-15.823317527770996,-0.16999148605700962,-6.714195251464844,-0.07213127250150095,1.8960025310516357,0.020368945213647717,-18.96622085571289,-0.20375601149945802,-8.504154205322266,-0.09136098093737385,-3.6088836105711413,-1.6740933558775444,1.4592282681676174,2.4343840877778358,3.799251724652531,0.9597515525918122,2.199123274161565,2.8286889698790145,-0.7244815545228984,0.9089923691682852,-2.641488483224343,-3.808841815778558,-1.4745474294440781,-2.6416946226113183
Gemma_2_2B_base,neutral_87,philosophical_musing,neutral,1,assistant_next,16,]:,8254,98.6807632446289,-0.009205609560012817,-9.328676894393466e-05,3.579011917114258,0.03626858771087849,-4.004161834716797,-0.04057692404334681,-4.4388275146484375,-0.04498169013594489,9.559795379638672,0.09687597729600052,-18.058412551879883,-0.1829983064390494,-9.577204704284668,-0.09705239794855301,-0.00939023494720459,-9.515770489052931e-05,-18.79102325439453,-0.190422354231409,-12.96674919128418,-0.13140098196382716,0.17497701979043118,-0.16748608249901858,0.5260977872669563,-0.2386395302190426,0.5048969237639404,-0.1903105689703042,0.08466087123793126,0.7558050870048215,-0.6428887380422613,-0.8311226417989115,0.003745468645706296,0.19171163589695667,-0.12209416953973938,0.03480873317860864
Gemma_2_2B_base,neutral_87,philosophical_musing,neutral,1,user_next,16,]:,8254,90.57969665527344,-3.9790544509887695,-0.043928767681042064,0.9525423049926758,0.010516068613232874,-1.413609266281128,-0.015606248623916422,0.3654593229293823,0.00403467152600699,11.111967086791992,0.12267613490782282,-12.037393569946289,-0.13289284480337776,-5.384842872619629,-0.059448674167160945,1.9130783081054688,0.021120387666854607,-14.359052658081055,-0.15852396495352017,-4.482291221618652,-0.04948450245618811,-3.942877991822083,-2.659658788399996,3.225043015769111,3.166375779367291,2.117330476211326,2.9077885228520137,3.1809103313215874,2.847265771299738,1.421163285452482,2.4772512346963755,-3.3012683901110393,-4.282494703854863,-2.4632709775138864,-3.3728828406843747
Gemma_2_2B_base,neutral_87,philosophical_musing,neutral,1,moderator_next,16,]:,8254,91.71615600585938,-3.280103921890259,-0.03576364366688794,2.012702465057373,0.021944906466956484,-2.7333579063415527,-0.029802360078925783,0.12581443786621094,0.0013717805384056126,12.466676712036133,0.1359267249626084,-15.918829917907715,-0.1735662571476581,-6.608917236328125,-0.07205837579919844,1.9328784942626953,0.021074569393632368,-17.72350311279297,-0.19324297795102408,-7.894173622131348,-0.0860717889400753,-3.217868790191711,-1.6537068434000914,1.8500740850810153,2.9965286136814977,3.5246356367809795,0.9106059096320023,2.276875865806615,2.868806467525541,-0.14572453974480254,1.1468441958628486,-2.435787816795901,-3.449095620079655,-1.4242685395861363,-2.4366820798328956
Gemma_2_2B_base,neutral_88,philosophical_musing,neutral,1,assistant_next,17,]:,8254,100.72359466552734,-0.4698772430419922,-0.004665016619018738,3.5096309185028076,0.034844178567665626,-4.09135627746582,-0.04061964121765094,-3.7758052349090576,-0.037486799864990594,10.91100025177002,0.10832616020111432,-19.056621551513672,-0.18919719470691013,-11.000459671020508,-0.10921432766125667,0.10590159893035889,0.0010514080566924376,-19.403135299682617,-0.19263743876610612,-12.50677490234375,-0.12416926683241374,-0.30286963644617393,-0.23331948496809907,0.43525499639802245,0.23127433825589577,1.908561261938708,-0.7039363197765511,-0.9664775083343873,0.8812315022492025,-0.927960824651614,-0.6517632853343284,-0.2680945607071365,-0.274916361634422,-0.25158805083778946,-0.26325220623610573
Gemma_2_2B_base,neutral_88,philosophical_musing,neutral,1,user_next,17,]:,8254,97.83026123046875,-4.056790351867676,-0.041467643046671214,1.8344202041625977,0.018751050861870504,-2.608330249786377,-0.026661793774031398,-0.42922961711883545,-0.004387493314646839,12.532602310180664,0.1281055795267308,-14.593222618103027,-0.1491687994548464,-7.062730312347412,-0.07219371821678995,1.3583884239196777,0.013885155848859314,-16.287235260009766,-0.16648463425483717,-4.978457927703857,-0.050888731820674535,-4.023512086923097,-1.8228731579455608,1.980333088971512,2.6031437953695646,3.593120744403744,1.5926935735242453,1.9417143153434087,2.243816581484362,0.5231723997528387,2.283779244538857,-2.923192622434329,-4.031292271193006,-1.7146238497712722,-2.8729580604821394
Gemma_2_2B_base,neutral_88,philosophical_musing,neutral,1,moderator_next,17,]:,8254,95.23917388916016,-3.72088623046875,-0.0390688629323805,1.418801188468933,0.014897243755181469,-3.23008394241333,-0.03391549727397382,-0.18537020683288574,-0.0019463651275327162,13.314184188842773,0.13979735066095691,-17.11984634399414,-0.1797563507209576,-7.801876068115234,-0.08191877091663036,1.4316312074661255,0.015031957428906988,-18.24321937561035,-0.19155163396148212,-8.304147720336914,-0.08719256353484675,-3.675084596362513,-2.2172407006670993,1.3325642760682344,2.7759779856422235,4.4050469245626,0.29262614406628734,1.3958216326237225,2.3234976783477093,-0.3877661735055583,0.9869815857359134,-2.9461626485148065,-3.7864532282142855,-2.0649757429734863,-2.925714485593886
Gemma_2_2B_base,neutral_89,philosophical_musing,neutral,1,assistant_next,14,]:,8254,101.5462875366211,-1.1670929193496704,-0.01149321110265874,3.399731159210205,0.03347962039463181,-4.805502891540527,-0.04732327501197419,-4.713187217712402,-0.046414175565134906,10.359169960021973,0.10201426572375774,-18.287212371826172,-0.18008745386414224,-10.094680786132812,-0.09940964885094714,0.5082681179046631,0.005005285079687075,-19.771339416503906,-0.19470273011579747,-13.061927795410156,-0.12863028390574668,-1.0260793055138482,-0.337599838805078,-0.3087725983293085,-0.43309065706669697,1.3353065932891595,-0.3080388997581054,-0.2975186980270097,1.3189675360337119,-1.0994404037391288,-0.8682359622511407,-0.6818395721594631,-0.9718575246394072,-0.37564084488582555,-0.6737491847626164
Gemma_2_2B_base,neutral_89,philosophical_musing,neutral,1,user_next,14,]:,8254,92.86412811279297,-4.133247375488281,-0.044508546620585614,0.79100501537323,0.00851787478597197,-2.4631481170654297,-0.02652421518536937,-0.43385744094848633,-0.0046719594504944055,11.32528305053711,0.12195541250095404,-11.58226203918457,-0.12472267036327235,-5.342828273773193,-0.05753382261107091,2.120321750640869,0.02283251664265368,-14.991371154785156,-0.16143339155218908,-5.472087383270264,-0.058925739082198184,-4.102819624933984,-2.8129363372118448,2.1315898629684136,2.5998638473725433,2.3389282644135703,3.1419752255253477,3.211940019172324,3.0727266838889573,1.1266806745568068,2.0912966132024358,-3.4578779810729143,-4.3416716662831325,-2.644927965262631,-3.4932998157728816
Gemma_2_2B_base,neutral_89,philosophical_musing,neutral,1,moderator_next,14,]:,8254,95.77056121826172,-3.9602460861206055,-0.04135139270088623,2.070244312286377,0.021616708578832248,-3.3191564083099365,-0.03465737661018356,-0.21170973777770996,-0.002210593057873203,13.541790962219238,0.14139826257629848,-16.819889068603516,-0.1756269239173704,-7.490385055541992,-0.07821176946505887,2.272857666015625,0.023732320632806652,-19.21068572998047,-0.2005907189600695,-8.322901725769043,-0.08690459385323113,-3.923368402760568,-1.5991072316439099,1.239764882706479,2.7573099691089586,4.641490351836236,0.44696835179916466,1.6258718807240324,3.2386710740336535,-0.8383334421742065,0.9796687718975826,-2.7612378172022387,-4.019426813730535,-1.4541052045426455,-2.73676600913659
Gemma_2_2B_base,neutral_90,philosophical_musing,neutral,1,assistant_next,24,]:,8254,98.58680725097656,0.08030861616134644,0.0008145980015044146,3.507359504699707,0.03557635755229272,-3.339627742767334,-0.03387499642082438,-4.068417549133301,-0.04126736287114117,9.56633186340332,0.09703460463071807,-16.95088768005371,-0.17193870207096906,-9.210677146911621,-0.09342707613467606,0.43713557720184326,0.004434016978448333,-17.62139892578125,-0.17873992897367816,-11.658608436584473,-0.11825728778197132,0.26782856596281657,-0.23547475661402587,1.2184369964755395,0.0238867605796709,0.5116871813678986,0.37956336929012413,0.35535810520529526,1.2415821802152374,-0.09817270039277147,-0.3210348182631494,0.01617690467439535,0.28437775273161975,-0.18502522443640143,0.04967626414760916
Gemma_2_2B_base,neutral_90,philosophical_musing,neutral,1,user_next,24,]:,8254,93.39598083496094,-3.781161308288574,-0.04048526793642464,0.9400596618652344,0.01006531173462811,-1.931443214416504,-0.02068015344075177,-0.6765804290771484,-0.007244213541402029,11.010857582092285,0.11789434067349704,-12.564245223999023,-0.1345266157245157,-5.945180892944336,-0.0636556395660109,1.8184365034103394,0.019470179414076496,-14.586017608642578,-0.15617393252090128,-4.7539544105529785,-0.05090105985346031,-3.7376068840338914,-2.6715031677737904,2.6855421075438195,2.4278350908665476,2.0122954745437944,2.6366984240093614,2.7670752754371897,2.7443045996717883,1.3154614412528456,2.371320673110818,-3.204555025903841,-3.9310230633544188,-2.5042495530941205,-3.21763630822427
Gemma_2_2B_base,neutral_90,philosophical_musing,neutral,1,moderator_next,24,]:,8254,94.17321014404297,-3.3644211292266846,-0.035725883444778214,1.2127392292022705,0.012877751829286917,-2.4860646724700928,-0.02639885237709879,-0.013302087783813477,-0.0001412512939026632,12.761573791503906,0.13551172113581342,-16.081573486328125,-0.17076590531139904,-6.834188461303711,-0.07257040989523936,2.122406482696533,0.02253726382959866,-17.61822509765625,-0.18708319564245746,-7.565960884094238,-0.08034090451543167,-3.305329559773686,-2.4127662792760334,2.107714444026242,2.8979304417427016,3.830981863336449,0.826866645059666,2.110502843460396,3.0749946716526413,-0.09669458897003778,1.274825317619501,-2.8590479195248597,-3.4452415041525923,-2.2485689535199302,-2.8469052288362615
Gemma_2_2B_base,neutral_91,philosophical_musing,neutral,1,assistant_next,23,]:,8254,97.63113403320312,-0.5594046711921692,-0.005729777460148344,3.4934871196746826,0.035782510919995986,-4.121120452880859,-0.04221112961239719,-4.349645614624023,-0.04455182926733969,10.002433776855469,0.10245127106127608,-16.830270767211914,-0.17238630825990559,-9.131755828857422,-0.0935332352664451,0.6911404132843018,0.007079098487673549,-17.451026916503906,-0.17874448647261468,-11.804259300231934,-0.12090671092909208,-0.3957348772678632,-0.24863781746405747,0.4042454426080254,-0.1754322852756439,0.9647204084883636,0.4416264767566244,0.41364508000044425,1.5179149869116126,-0.018827252842132165,-0.377828960458568,-0.32218634736596036,-0.3835945284202405,-0.16628369932491152,-0.274939113872576
Gemma_2_2B_base,neutral_91,philosophical_musing,neutral,1,user_next,23,]:,8254,95.52116394042969,-4.282667636871338,-0.04483475138077419,1.3911664485931396,0.014563960395841903,-2.370415210723877,-0.02481560224917433,-0.7468116283416748,-0.007818284425506083,12.346436500549316,0.12925341349744213,-13.131111145019531,-0.13746808145269826,-5.9793925285339355,-0.06259756772083401,2.131936550140381,0.022318996777195163,-15.176057815551758,-0.15887639125729325,-5.031195640563965,-0.0526710043410023,-4.257810657779262,-2.2434624182667537,2.2282028551713884,2.3780590644153694,3.3997271936872147,2.345019091928155,2.741808430046412,3.0853624675000764,1.0406686247059174,2.2632150467838215,-3.250636538023008,-4.374966781922896,-2.0952747311389137,-3.235120756530905
Gemma_2_2B_base,neutral_91,philosophical_musing,neutral,1,moderator_next,23,]:,8254,93.96157836914062,-3.8967721462249756,-0.04147197411814418,1.4822313785552979,0.0157748667517286,-2.901195764541626,-0.030876405174292524,-0.22966837882995605,-0.002444279702578783,13.11822509765625,0.13961265152570712,-15.779032707214355,-0.16793069019364826,-6.564862251281738,-0.06986751782192077,2.2054648399353027,0.02347198587140415,-17.030567169189453,-0.18125033087761247,-7.365812301635742,-0.07839174723841019,-3.857527991211815,-2.1570538293879538,1.6752136355883234,2.7445818681879293,4.20147987583979,0.9825381876713088,2.309412471457777,3.1653541676739234,0.1769887557217256,1.3528699427435449,-3.0072909102998846,-4.03173433563576,-1.9851905150557732,-3.008462425345767
Gemma_2_2B_base,neutral_92,philosophical_musing,neutral,1,assistant_next,17,]:,8254,101.10216522216797,-0.08043050765991211,-0.0007955369450611595,4.536497116088867,0.04487042494213745,-4.247311592102051,-0.04201009526125136,-4.472136497497559,-0.04423383502885638,9.477636337280273,0.09374315887749333,-17.572208404541016,-0.1738064498018098,-9.830300331115723,-0.09723135315167614,-0.5093381404876709,-0.005037855909103635,-18.391632080078125,-0.18191135708778589,-12.87380313873291,-0.1273345937789091,0.10109667438999927,0.7410408877639928,0.2727742741669426,-0.2622471124435019,0.419548121228048,0.059864464828883704,-0.10226173453676024,0.21190989953239642,-0.45688475999253597,-0.7948798678605664,0.421068781076996,0.12003426120643841,0.6599039625821447,0.38996911189429156
Gemma_2_2B_base,neutral_92,philosophical_musing,neutral,1,user_next,17,]:,8254,95.71070098876953,-4.043045997619629,-0.04224236115556222,1.7826722860336304,0.01862563190549409,-2.4632086753845215,-0.025735979884564303,-0.7849363088607788,-0.008201134259301699,11.488677024841309,0.12003544960128715,-13.19182300567627,-0.13783017854214824,-6.014547348022461,-0.06284090792238783,1.616376280784607,0.016888145882185825,-15.578205108642578,-0.16276346268188432,-5.553826332092285,-0.05802722448709218,-4.009255307815778,-1.8719750963624446,2.1315267707971333,2.3510383795084526,2.5086658812130707,2.3137799676324398,2.7158450005450385,2.5244825313166137,0.8533810703305609,2.0594238637655473,-2.940615202089111,-4.1103663135485915,-1.726025761593391,-2.918196037570991
Gemma_2_2B_base,neutral_92,philosophical_musing,neutral,1,moderator_next,17,]:,8254,94.38421630859375,-3.5412564277648926,-0.03751958289494701,1.9423456192016602,0.020579135952679496,-3.338336944580078,-0.035369652629897615,-0.5737061500549316,-0.006078411968577158,12.55832290649414,0.1330553285035932,-16.393226623535156,-0.17368610202723633,-7.12385368347168,-0.07547717152389014,1.2886674404144287,0.013653420993623216,-18.0782470703125,-0.19153887988225488,-8.652534484863281,-0.0916735321144523,-3.4887577328356816,-1.7204661959947916,1.21978180362244,2.5007467439122073,3.619839922632334,0.6665063631469509,1.8965719320184362,2.1679668639955865,-0.3109354696074184,0.8511339364462811,-2.604611964415237,-3.6283210845419944,-1.5484315482967108,-2.5883763164193527
Gemma_2_2B_base,neutral_93,philosophical_musing,neutral,1,assistant_next,22,]:,8254,98.06324768066406,-0.9711602330207825,-0.009903406790924324,3.2740252017974854,0.03338687305624543,-4.079806327819824,-0.04160382634996366,-4.271876811981201,-0.04356246517443785,10.182840347290039,0.10383951774113916,-16.75090980529785,-0.17081740816749194,-9.065134048461914,-0.09244170739665765,0.7560317516326904,0.007709634032258993,-17.857280731201172,-0.18209962604289964,-11.457157135009766,-0.11683436359684085,-0.8228417449502735,-0.456878186663088,0.447288213506342,-0.1203140184944468,1.1521311220776236,0.48246144584903944,0.46284828808744227,1.5885105154560897,-0.20802729152827326,-0.2424822193937123,-0.6398599658066808,-0.8095891433527824,-0.38407256050976896,-0.5968308519312757
Gemma_2_2B_base,neutral_93,philosophical_musing,neutral,1,user_next,22,]:,8254,93.25428009033203,-3.631307601928711,-0.03893984917808808,1.4879920482635498,0.01595628690524645,-1.665463924407959,-0.01785938321323895,0.5540484189987183,0.005941265306665085,11.735227584838867,0.1258411686141524,-11.213762283325195,-0.12024930407980021,-4.530397415161133,-0.04858112046731476,2.4014649391174316,0.025751793234489825,-13.66932201385498,-0.1465811756909603,-4.178833961486816,-0.04481117603866473,-3.5821662462688058,-2.151587714817902,2.962650375639086,3.3000373988847653,2.7647885727185453,3.3315857818763996,3.81195707598582,3.3785834051762484,1.7423838127423852,2.59557936781253,-2.8668769805433536,-3.7732850332872614,-1.9686975011372267,-2.870991267212244
Gemma_2_2B_base,neutral_93,philosophical_musing,neutral,1,moderator_next,22,]:,8254,92.1114273071289,-3.772749423980713,-0.04095853830818582,1.6667728424072266,0.018095179839626996,-2.407634735107422,-0.02613828496088329,0.3261531591415405,0.0035408544702498395,13.024101257324219,0.1413950650650294,-15.262279510498047,-0.16569365991484133,-6.478055953979492,-0.07032847219248471,1.7543437480926514,0.019045886046723706,-16.88971519470215,-0.18336177918931215,-6.908454418182373,-0.0750010570908578,-3.7288813830544223,-1.9819483580753472,2.1894260092713846,3.138517723846571,4.103701751462745,1.2484321525046407,2.3735228612442407,2.674577852579102,0.24258616812233527,1.5312090752180207,-2.8554148705648847,-3.9793288935561395,-1.7742494739859993,-2.8767891837710695
Gemma_2_2B_base,neutral_94,philosophical_musing,neutral,1,assistant_next,21,]:,8254,97.96319580078125,-1.3565173149108887,-0.013847213780872496,2.9269227981567383,0.029877779856314124,-3.8704898357391357,-0.039509632205243644,-3.43796968460083,-0.035094503160067514,11.449591636657715,0.11687646103279131,-17.237668991088867,-0.17596066410638064,-8.328248977661133,-0.0850140597148089,0.6649529933929443,0.006787783799389295,-18.299837112426758,-0.18680318626641637,-10.335128784179688,-0.10550011868944424,-1.2225659294989322,-0.7862325155743376,0.6653628260161836,0.470713668131962,2.4680630335853166,0.232000818510006,1.007071352370153,1.489425595330241,-0.4141341179000455,0.19503415440944022,-1.004399222536635,-1.2121262176594934,-0.7030863076911094,-0.9576062626753014
Gemma_2_2B_base,neutral_94,philosophical_musing,neutral,1,user_next,21,]:,8254,97.03677368164062,-5.446198463439941,-0.056125098318992886,0.08547711372375488,0.0008808734099526968,-2.18208646774292,-0.02248721165134709,-0.08042436838150024,-0.0008288029922074434,13.288349151611328,0.136941374361929,-13.409990310668945,-0.138194931693263,-5.42476749420166,-0.055904244219818156,2.217957019805908,0.022856871015545174,-15.95203971862793,-0.16439169516253258,-4.519131183624268,-0.046571325613634744,-5.464720904675916,-3.4823891158115226,2.42441155923378,2.8503578465217423,4.378208862337443,2.201522568761714,3.1514241865227945,3.178944456656767,0.6792792647286773,2.462886101608768,-4.47355501024372,-5.527351580672393,-3.339212296679265,-4.4332819386758295
Gemma_2_2B_base,neutral_94,philosophical_musing,neutral,1,moderator_next,21,]:,8254,95.07424926757812,-3.6507747173309326,-0.03839919584383094,1.5466876029968262,0.016268207373836944,-2.3229756355285645,-0.02443327876290407,0.09636688232421875,0.0010135960374822695,14.152461051940918,0.14885693193443011,-16.32314682006836,-0.1716884113818064,-6.363250255584717,-0.06692927164405903,1.9879392385482788,0.020909334061144133,-17.821170806884766,-0.18744477021037154,-6.892120838165283,-0.07249198275305876,-3.602359145777752,-2.095893387044649,2.277627374355291,2.9756577995856164,5.275869227321065,0.7025657371710211,2.45831207933713,2.9287072561951213,-0.1912102209422191,1.5375780842497568,-2.8491262664112007,-3.7181015489177853,-1.940340626059198,-2.8292210874884915
Gemma_2_2B_base,neutral_95,philosophical_musing,neutral,1,assistant_next,17,]:,8254,101.47735595703125,-0.1393229365348816,-0.0013729460648725946,4.419849395751953,0.04355503111081706,-4.2207350730896,-0.04159287590107091,-4.2791266441345215,-0.04216829068690398,9.433573722839355,0.09296235237774457,-18.682308197021484,-0.18410322205214108,-11.121779441833496,-0.10959863249238394,-0.3708212375640869,-0.0036542264435930364,-19.438777923583984,-0.19155778883138208,-12.968884468078613,-0.12780077235723458,0.040008584370544865,0.630357610299989,0.3004627951615835,-0.12545230234563184,0.37377481044957056,-0.5113343919153641,-1.056077664513655,0.3626029538462812,-0.9445602646495854,-0.8319552576231689,0.33518309733526697,0.06109918188858297,0.540320728042534,0.30070995496555847
Gemma_2_2B_base,neutral_95,philosophical_musing,neutral,1,user_next,17,]:,8254,91.82857513427734,-3.303598165512085,-0.035975709747008075,1.8974833488464355,0.020663321259987096,-1.3975138664245605,-0.015218725373676228,0.18043845891952515,0.001964948913294985,10.415266036987305,0.11342075189294255,-11.685938835144043,-0.12725819624290316,-6.130755424499512,-0.06676304642138624,1.7986959218978882,0.019587540362765353,-13.92711067199707,-0.15166423579623226,-4.731943130493164,-0.05153018135775088,-3.242238959612913,-1.763034564266804,3.241811871639096,3.0352431272494416,1.3935805563067303,3.0886286095507307,2.6300200625991343,2.722828747560912,1.622326788466374,2.3799036072473854,-2.5026367619398586,-3.470740812065172,-1.5407782120039226,-2.5057595120345475
Gemma_2_2B_base,neutral_95,philosophical_musing,neutral,1,moderator_next,17,]:,8254,93.88340759277344,-3.6199791431427,-0.038558241929656414,2.1285970211029053,0.022672771213587177,-3.035219192504883,-0.032329665809217124,0.2701237201690674,0.002877225348921611,12.662506103515625,0.13487480299437177,-16.66840934753418,-0.17754371911844846,-7.636151313781738,-0.08133653762232552,1.2547967433929443,0.013365479327675477,-18.06528091430664,-0.19242250976515676,-7.743397235870361,-0.08247886857130227,-3.570415433416941,-1.5437382193557876,1.5355824635301691,3.0988071270527726,3.7280679503076795,0.5249118340706151,1.5182168842100559,2.1311188066236753,-0.30489688700420714,1.2056369507190408,-2.557076826386364,-3.734335088295168,-1.358097923123627,-2.5462165057093973
Gemma_2_2B_base,neutral_96,philosophical_musing,neutral,1,assistant_next,18,]:,8254,99.34813690185547,-1.2174961566925049,-0.012254846388264443,3.0862863063812256,0.031065366725801024,-4.453432559967041,-0.044826533227960985,-4.730311393737793,-0.04761348869995213,9.60464859008789,0.09667668553841305,-17.510723114013672,-0.17625618013664668,-10.365762710571289,-0.10433776650297398,0.1695418357849121,0.0017065426798330394,-18.57108497619629,-0.18692937336653212,-12.593086242675781,-0.1267571454824191,-1.0783617051175034,-0.6350175981503061,0.058028891466836194,-0.4452273348925163,0.5514915248187063,0.09150155538029428,-0.49772500079446913,0.9504659528213634,-0.5404593472568983,-0.6854189631184264,-0.8566896516339048,-1.0495962274557193,-0.595122079968178,-0.8223591537119487
Gemma_2_2B_base,neutral_96,philosophical_musing,neutral,1,user_next,18,]:,8254,95.68729400634766,-4.074944496154785,-0.04258605636694526,1.0090503692626953,0.010545291093671826,-3.0017318725585938,-0.03137022426780578,-0.7915645837783813,-0.00827241058489825,12.068629264831543,0.1261257243206286,-13.624611854553223,-0.14238684452346828,-6.430257797241211,-0.06720074868889744,2.254218339920044,0.023558178369747867,-16.38784408569336,-0.1712645786033643,-5.620664596557617,-0.058739926287232624,-4.0423430643784775,-2.6060401001094107,1.5704709438820421,2.3463406213741855,3.1111343106191875,2.0910896317142624,2.4088239690532296,3.218393281790167,0.47631697828267255,2.033361389427413,-3.324191582243944,-4.145446647144018,-2.4606143444592425,-3.3030304958016306
Gemma_2_2B_base,neutral_96,philosophical_musing,neutral,1,moderator_next,18,]:,8254,94.23631286621094,-4.351002216339111,-0.04617118480130171,1.168778419494629,0.012402633167046397,-3.188213348388672,-0.03383211048287764,0.19106602668762207,0.0020275201870311086,13.025999069213867,0.1382269602133853,-15.911855697631836,-0.16885057589447708,-7.0039215087890625,-0.07432295784675554,2.362092971801758,0.025065634466782095,-18.18730926513672,-0.19299682587282022,-7.756195545196533,-0.08230580451728994,-4.328692926038759,-2.4544792804762237,1.3761867994380814,3.042775365056517,4.105673244405827,0.9141944758809547,1.985147285486968,3.335750495373042,-0.36172778400159644,1.200646461946582,-3.391586103257491,-4.511374065665736,-2.2917622733212117,-3.4015681694934736
Gemma_2_2B_base,neutral_97,philosophical_musing,neutral,1,assistant_next,20,]:,8254,101.83473205566406,0.5725213289260864,0.005622063488252118,5.558993816375732,0.054588387519271135,-4.833317756652832,-0.047462370245260566,-5.397556781768799,-0.05300310289831598,9.628548622131348,0.0945507336030331,-18.558433532714844,-0.18224070666352404,-11.514480590820312,-0.11307026942955338,-1.0725443363189697,-0.010532205610682065,-19.134254455566406,-0.18789517161107075,-13.812657356262207,-0.13563798006275546,0.7783922340011705,1.7112551847686888,-0.3377512797083233,-0.9181343111632992,0.5763194568018984,-0.4475950172115575,-1.346105283633008,-0.4008042174237379,-0.8027379608450091,-1.1609705218795403,1.2448237093849297,0.7750668500424747,1.5433697128677575,1.1592182814551162
Gemma_2_2B_base,neutral_97,philosophical_musing,neutral,1,user_next,20,]:,8254,94.74909973144531,-3.56142520904541,-0.03758795829342793,2.012773275375366,0.021243191556229293,-2.252788543701172,-0.0237763582987746,-0.4136126637458801,-0.004365346635674792,11.706682205200195,0.12355454815276713,-12.967077255249023,-0.1368569969741413,-6.055695533752441,-0.06391296118819668,1.5752553939819336,0.016625544711736592,-15.587700843811035,-0.1645155562215626,-5.14260196685791,-0.054275998204035544,-3.509678458130654,-1.653639653762342,2.350751200869406,2.6142122363519142,2.735134941174676,2.4294222878740497,2.685455198098222,2.479746965493222,0.8489587279519072,2.2197739948150383,-2.581659055946498,-3.6353000348124356,-1.488061858933848,-2.5616809468731416
Gemma_2_2B_base,neutral_97,philosophical_musing,neutral,1,moderator_next,20,]:,8254,95.75517272949219,-3.0006587505340576,-0.03133677967466991,3.017598867416382,0.03151369039812691,-3.5470199584960938,-0.037042593704221125,-0.6224484443664551,-0.00650041586917574,13.37457275390625,0.13967467628813476,-17.44402313232422,-0.18217316762200914,-8.059892654418945,-0.08417187734795378,1.0682566165924072,0.011156124375758018,-19.02908706665039,-0.1987264658840672,-8.46085262298584,-0.08835922260709299,-2.9280051844716737,-0.7001929041338191,1.0023671749672924,2.4662008760308516,4.467780028151431,0.12582185121671405,1.2052646749676585,1.9281811082896314,-0.7537595307808925,0.9258771040947743,-1.8140990443027465,-2.997253812323087,-0.5543647086160634,-1.7758092604695752
Gemma_2_2B_base,neutral_98,philosophical_musing,neutral,1,assistant_next,16,]:,8254,102.41230010986328,0.31537529826164246,0.0030794669968677796,3.7063112258911133,0.036190098473671134,-4.5245795249938965,-0.04418004009420873,-4.791743278503418,-0.046788747771147145,9.064493179321289,0.08850980955995824,-18.370407104492188,-0.1793769604313666,-10.717921257019043,-0.1046546288436188,-0.37483251094818115,-0.0036600341027989585,-19.01117706298828,-0.18563372800526842,-13.022785186767578,-0.12716036230801694,0.5116591382627571,-0.046695854677774734,-0.016094970801512017,-0.488766889293718,-0.009634994780994216,-0.35084652525976273,-0.7578100681345779,0.35823907459992943,-0.7454185053845769,-0.8529729502409477,0.2324816417924912,0.5155487358464729,-0.12922967271629077,0.19315953156509105
Gemma_2_2B_base,neutral_98,philosophical_musing,neutral,1,user_next,16,]:,8254,94.24181365966797,-3.995478391647339,-0.04239602610021985,1.1784203052520752,0.012504219300231864,-2.449030637741089,-0.02598666709222282,-0.39485347270965576,-0.004189790681825964,11.110269546508789,0.11789108374580842,-12.439541816711426,-0.1319959934306219,-5.758994102478027,-0.061108693464615116,2.015636444091797,0.02138792077337127,-15.172208786010742,-0.16099232598389487,-4.727029800415039,-0.050158518993337606,-3.9599142592097794,-2.4453304045831907,2.146298039102402,2.627507723243784,2.1155670302622385,2.7008642261807383,2.904582669265136,2.958839149207592,1.0424611901212277,2.3818194789430414,-3.2026223318964853,-4.126050609814519,-2.282527017611904,-3.2042888137132115
Gemma_2_2B_base,neutral_98,philosophical_musing,neutral,1,moderator_next,16,]:,8254,94.82698059082031,-3.62888765335083,-0.038268514200716024,1.2012944221496582,0.012668276630395516,-3.3707971572875977,-0.03554681522374557,-0.285982608795166,-0.0030158358624660293,12.336462020874023,0.13009443034051693,-16.121749877929688,-0.17001226631369035,-7.087347030639648,-0.07473977328479586,1.3686776161193848,0.014433419767157271,-17.969284057617188,-0.1894954784562306,-8.18040943145752,-0.08626668676456224,-3.579656075786928,-2.423625889312711,1.1859634062385844,2.704669427140637,3.3893654626863685,0.8061939910276859,1.9235337517895474,2.2550102319795062,-0.26018934619520084,1.0352312822886507,-3.0016409825498194,-3.7047631156680985,-2.267612468277877,-2.986187791972988
Gemma_2_2B_base,neutral_99,philosophical_musing,neutral,1,assistant_next,24,]:,8254,97.53648376464844,-0.4359200596809387,-0.004469302591764494,3.504530906677246,0.03593046182732542,-3.7738733291625977,-0.038691914896879,-3.915571928024292,-0.04014469024198584,9.712518692016602,0.0995783148739759,-16.122051239013672,-0.1652925204676798,-8.218510627746582,-0.08426088690645762,0.9506208896636963,0.009746310846693078,-17.962493896484375,-0.18416179467600186,-11.101593017578125,-0.11381990193911251,-0.2676464419949631,-0.23815872248022463,0.7660219141954898,0.1322153632369174,0.6635495985834745,0.806038926494024,1.0881181036565164,1.8002047630698643,-0.2570270405071408,-0.10383588020083684,-0.2529025822375939,-0.25494019339583823,-0.15283339445784042,-0.20388679392683934
Gemma_2_2B_base,neutral_99,philosophical_musing,neutral,1,user_next,24,]:,8254,95.10735321044922,-4.731512546539307,-0.04974917697551346,0.47208333015441895,0.004963689075752266,-2.0668318271636963,-0.02173156709124588,-0.2448434829711914,-0.0025743906722902163,12.001394271850586,0.12618786946256877,-12.619329452514648,-0.13268510821230795,-5.53960657119751,-0.05824582836344652,1.9023923873901367,0.020002579434427216,-15.233039855957031,-0.1601667940674372,-4.803539276123047,-0.05050649727885912,-4.723389659534859,-3.115550887006785,2.544488629293727,2.7338265857344934,3.0412889719356944,2.6083549826666164,3.066610316818307,2.83564051837564,1.014131017281537,2.3519858759430963,-3.919470273270822,-4.87657309933306,-2.96804109933891,-3.9223070993359848
Gemma_2_2B_base,neutral_99,philosophical_musing,neutral,1,moderator_next,24,]:,8254,94.98946380615234,-4.018765449523926,-0.04230748641475788,1.2478883266448975,0.01313712359921831,-2.7496914863586426,-0.028947331379509784,0.23313570022583008,0.0024543322057443825,13.187929153442383,0.1388357047720088,-15.808403968811035,-0.16642270979728538,-6.3864641189575195,-0.06723339476881937,2.22782301902771,0.023453369771347387,-17.946714401245117,-0.18893373730237575,-6.894259452819824,-0.07257920169850766,-3.984069518468543,-2.3794144289902768,1.8330570832302855,3.0725920448905457,4.273890136749232,0.9674252841658748,2.441167587802164,3.1896777139359305,-0.2496782329348597,1.536744166882228,-3.1817419737294097,-4.117013528122454,-2.2249893118505417,-3.171001419986498
Gemma_2_2B_base,neutral_100,philosophical_musing,neutral,1,assistant_next,20,]:,8254,100.50214385986328,0.1481482833623886,0.0014740808272603763,3.0453600883483887,0.03030144404277319,-4.426201820373535,-0.04404086968080281,-4.5250654220581055,-0.04502456612634752,9.46851921081543,0.09421211177363545,-18.548860549926758,-0.18456183955429498,-10.266803741455078,-0.10215507199299902,-0.6901895999908447,-0.006867411713656788,-18.971881866455078,-0.18877091709514987,-12.1954345703125,-0.12134501914026224,0.3381974703539965,-0.6738511727199353,0.0863990066268067,-0.29976023448254024,0.41007702950148817,-0.4426692647150464,-0.42463931139088706,0.015160923526977933,-0.7271179936471013,-0.5303612788803838,-0.16782685118296942,0.35168994318919994,-0.6645707448467006,-0.15644040082875035
Gemma_2_2B_base,neutral_100,philosophical_musing,neutral,1,user_next,20,]:,8254,93.57089233398438,-3.414041042327881,-0.036486143897635166,0.5787522792816162,0.006185174308436267,-2.3876097202301025,-0.025516585988172063,-0.1958487629890442,-0.002093052209975699,10.555268287658691,0.11280504037498724,-12.200032234191895,-0.1303827710720775,-5.869714736938477,-0.0627301353073303,1.466202735900879,0.01566943201383111,-14.419442176818848,-0.1541017918836475,-4.572144985198975,-0.04886289818504167,-3.3567994307942666,-3.014336145227532,2.2102889012320994,2.7685513591021502,1.5390182842077935,2.8241032364401293,2.8228104562660183,2.361108172822931,1.3930387513113265,2.442214247631704,-3.185567788010899,-3.5228398803368575,-2.8569951512823515,-3.1899175158096043
Gemma_2_2B_base,neutral_100,philosophical_musing,neutral,1,moderator_next,20,]:,8254,92.88378143310547,-2.966461181640625,-0.03193734294481818,1.5307813882827759,0.016480610120134253,-3.056070327758789,-0.03290208775532851,-0.0894932746887207,-0.0009634973222227543,11.950948715209961,0.12866561342377072,-16.123640060424805,-0.17358940184877147,-7.163370132446289,-0.07712186155561851,1.367478609085083,0.014722469175847838,-17.564998626708984,-0.189107273150364,-7.448193550109863,-0.08018831097519455,-2.8925326422974726,-2.1109862836011546,1.513858885059663,2.843930302567506,2.9888849062486536,0.8052214027184524,1.8673872412129044,2.2537058277636364,-0.07190602084335133,1.320746739194268,-2.5017594629493134,-3.0585521928771344,-1.9210309662276384,-2.4897915795523864
Gemma_2_2B_base,userpain_01,user_physical_pain,user_suffering,1,assistant_next,26,]:,8254,101.4405517578125,-0.4900916814804077,-0.004831319161694751,2.7211968898773193,0.026825533208594213,-4.238279342651367,-0.041780917682409525,-4.172873497009277,-0.04113614747455178,8.202420234680176,0.08085938111085306,-17.89966583251953,-0.17645473651656254,-10.525146484375,-0.10375679451649276,-0.853550910949707,-0.008414296808908773,-15.692103385925293,-0.15469260679289196,-10.6796875,-0.10528025838717402,-0.3238377211152627,-0.981439226188632,0.2821844466739936,-0.05014589269845283,-0.9051772432257689,-0.1086278723111855,-0.6154371505088558,-0.16256045477074518,0.8003365014217547,0.060679189317471786,-0.6526384736519474,-0.2918905541213238,-0.9805678634474154,-0.6362292087843696
Gemma_2_2B_base,userpain_01,user_physical_pain,user_suffering,1,user_next,26,]:,8254,94.61915588378906,-4.593769073486328,-0.04855009570290798,-0.5611952543258667,-0.005931095549141496,-1.4514620304107666,-0.015340044168153936,-0.8175103068351746,-0.008640008454939485,9.748531341552734,0.1030291514492673,-11.923298835754395,-0.12601358281401867,-6.699389457702637,-0.07080373308266251,1.0945885181427002,0.011568360633940449,-12.363401412963867,-0.13066488807138119,-4.4375104904174805,-0.046898648048262194,-4.580510755706374,-4.095995767826735,3.1856064344087884,2.327951714297353,0.7009604109033859,2.966495660870054,2.21005802473488,1.956827682005586,2.3505755866307063,2.4947127392268946,-4.338253261766555,-4.754185094909719,-3.9584924410100433,-4.3563387679598815
Gemma_2_2B_base,userpain_01,user_physical_pain,user_suffering,1,moderator_next,26,]:,8254,99.10467529296875,-4.014965057373047,-0.04051236781215608,0.6354579925537109,0.006411988038659113,-2.4491703510284424,-0.024712964789888228,-0.20179510116577148,-0.0020361814472347945,12.54216194152832,0.12655469486632945,-17.45049285888672,-0.176081429128347,-8.053915023803711,-0.08126675154320512,0.9632234573364258,0.009719253450848694,-16.635560989379883,-0.1678584884134133,-7.348814010620117,-0.07415204165591469,-3.98012743792853,-2.960529914143363,2.1461524799985816,2.76433692037019,3.6030515209170324,0.12249287084848026,1.209679426439062,1.8139151433535523,0.36095055939593124,1.3594981448210637,-3.4703286760359466,-3.9337890974729275,-2.836375380342103,-3.3850822389075153
Gemma_2_2B_base,userpain_02,user_physical_pain,user_suffering,1,assistant_next,22,]:,8254,103.49823760986328,-1.2554105520248413,-0.012129777095887495,2.558797836303711,0.024723105391891813,-5.814044952392578,-0.05617530391491908,-5.378973007202148,-0.05197163866188904,8.523807525634766,0.08235703063626328,-19.738000869750977,-0.19070856978409034,-10.977644920349121,-0.10606600821290664,-1.536123514175415,-0.01484202581270837,-18.776168823242188,-0.18141534828852812,-11.87135124206543,-0.11470099893695293,-1.117689646575176,-1.135534475154171,-1.3595135931449738,-0.9049631498549439,-0.5713123435647918,-1.0545382118070563,-0.9496277796409627,-0.9051337306676647,-0.6359707502055727,-0.40399035208533685,-1.1266120608646735,-1.0368306364500377,-1.1717008250905108,-1.1042657307702743
Gemma_2_2B_base,userpain_02,user_physical_pain,user_suffering,1,user_next,22,]:,8254,93.97370910644531,-5.114513874053955,-0.054424944196473875,-0.6848604679107666,-0.007287787982647527,-2.3444833755493164,-0.024948290302064035,-1.2297857999801636,-0.0130864878238143,10.365373611450195,0.11030078210182376,-13.078243255615234,-0.13916917167546647,-6.86060905456543,-0.07300562167653,1.0808537006378174,0.011501660527345149,-13.982095718383789,-0.14878731350856947,-4.893292427062988,-0.05207086613470038,-5.1206702611289545,-4.213337719373911,2.2552197177757045,2.035753431100403,1.3417510966031,2.3722221219537163,2.0909900363825784,1.9418855229147463,1.5967192186980044,2.3169881211113226,-4.667003990251432,-5.35381999860116,-4.0818301560054175,-4.717825077303289
Gemma_2_2B_base,userpain_02,user_physical_pain,user_suffering,1,moderator_next,22,]:,8254,98.66246795654297,-4.1067962646484375,-0.04162470643302095,1.0073126554489136,0.010209684354263225,-3.4054741859436035,-0.034516409902127974,-0.5739884376525879,-0.005817697950809499,12.707094192504883,0.12879359756236658,-18.10487937927246,-0.18350320800050293,-8.166219711303711,-0.08276926252139383,1.5379022359848022,0.015587510304953948,-18.30837631225586,-0.1855657646869324,-7.880678176879883,-0.07987513732527975,-4.075382348683595,-2.607688960967114,1.1498354379548619,2.500546673927999,3.7743871367703967,-0.21421994978720038,1.1267373183866574,2.4391103258625906,-0.4181109837892154,1.152106521244299,-3.3415356548253543,-4.047323440107477,-2.4911245524868164,-3.2692239962971468
Gemma_2_2B_base,userpain_03,user_physical_pain,user_suffering,1,assistant_next,22,]:,8254,105.1160888671875,-2.024294137954712,-0.01925770031752585,1.43379807472229,0.013640139108808272,-5.151543140411377,-0.04900813182766217,-4.565007209777832,-0.04342824451493477,8.847360610961914,0.08416752094097045,-20.319503784179688,-0.193305363652305,-12.932524681091309,-0.12303087777011326,-1.7173187732696533,-0.016337354174577958,-17.946168899536133,-0.17072713694866284,-12.120170593261719,-0.1153027164906731,-1.9152391891739855,-2.203010636697721,-0.6692916975899148,-0.32806878542378354,-0.23519756426877095,-1.353748969402952,-2.3933951944689276,-1.1022567275279815,-0.24942418253407733,-0.5010133374554631,-2.0591249129358533,-1.764364556551659,-2.1792598730862003,-1.9718122148189297
Gemma_2_2B_base,userpain_03,user_physical_pain,user_suffering,1,user_next,22,]:,8254,96.24413299560547,-5.6347479820251465,-0.05854640492509222,-1.258920431137085,-0.01308049012394935,-2.238067150115967,-0.02325406318760394,-0.78560471534729,-0.008162624472737065,10.81297779083252,0.11234947476046403,-13.886280059814453,-0.14428183441008818,-8.09411334991455,-0.08409981053374059,0.6691546440124512,0.006952679848474555,-13.458373069763184,-0.13983577648704776,-4.8138346672058105,-0.05001691549785805,-5.6603000340222565,-4.758044791292976,2.3660885599555734,2.3505646496091894,1.80673315607859,1.9564489618357805,1.1799911384251616,1.4939965866796694,1.8406267016435272,2.3479713586895135,-5.209172412657616,-5.774489860943951,-4.608448148493689,-5.19146900471882
Gemma_2_2B_base,userpain_03,user_physical_pain,user_suffering,1,moderator_next,22,]:,8254,102.73043823242188,-5.007480144500732,-0.04874387991192628,0.29792913794517517,0.0029001057823887324,-3.0870556831359863,-0.030050058544009082,0.4203345775604248,0.00409162644287997,13.883598327636719,0.13514590774183066,-19.621091842651367,-0.1909958935272888,-9.849349975585938,-0.09587567370541468,0.20497238636016846,0.0019952449331173874,-18.024085998535156,-0.1754502979706625,-7.372255802154541,-0.07176311061260368,-5.009646038984091,-3.280800209686563,1.4815770552803007,3.2052683535314,4.996568119284776,-0.994382986957256,-0.11633076144187898,0.9890109806809121,-0.2857116403045664,1.3503574064252797,-4.145223124335327,-4.773964290175583,-3.1556426822919077,-3.9648034862337456
Gemma_2_2B_base,userpain_04,user_physical_pain,user_suffering,1,assistant_next,24,]:,8254,103.04917907714844,-1.600694179534912,-0.01553330355340863,2.116779088973999,0.020541445433439685,-4.073915481567383,-0.03953370146226414,-4.782289505004883,-0.04640783699426262,8.350379943847656,0.08103295939500973,-18.701534271240234,-0.18148164244218976,-11.295588493347168,-0.10961357086494257,-0.9806845188140869,-0.009516665029227366,-17.485097885131836,-0.16967721666216773,-12.153667449951172,-0.1179404587090621,-1.4758463353468259,-1.5549518758001353,0.4534255417268102,-0.48206657255906954,-0.7514731147633651,-0.5212271165945495,-1.1844435364291344,-0.300869580015887,-0.0346947434336537,-0.514074881989281,-1.5153991055734806,-1.3842222775795257,-1.5518580157886934,-1.4680401466841095
Gemma_2_2B_base,userpain_04,user_physical_pain,user_suffering,1,user_next,24,]:,8254,95.5147705078125,-4.983911514282227,-0.052179484783189366,-0.8070000410079956,-0.00844895545178521,-1.8526880741119385,-0.019396875103839573,-1.2247569561004639,-0.012822696946126113,10.280099868774414,0.1076283784604138,-12.851234436035156,-0.1345470901276364,-6.974376678466797,-0.07301882883021048,1.3903909921646118,0.014556816550701828,-13.842071533203125,-0.14492074324851079,-5.43087100982666,-0.05685896517316606,-4.985198709642657,-4.329232039635029,2.767592482716626,2.0393176001391797,1.2531666679606237,2.4890288983294386,2.0069674834104014,2.2786322946062336,1.6619311140568676,2.10736825545374,-4.657215374638843,-5.124630115576512,-4.187392580349671,-4.656011347963092
Gemma_2_2B_base,userpain_04,user_physical_pain,user_suffering,1,moderator_next,24,]:,8254,100.71471405029297,-4.292909622192383,-0.04262445326557421,0.8357944488525391,0.008298632992545421,-2.9438929557800293,-0.02923001850861598,-0.5550782680511475,-0.00551139198760931,12.717440605163574,0.1262719228772569,-18.66292953491211,-0.18530489522705268,-8.825575828552246,-0.08762945823531902,1.012389898300171,0.010052055529787069,-18.263368606567383,-0.18133764047075956,-8.389464378356934,-0.08329929203956797,-4.268434490642367,-2.7704370815133426,1.6307299289199348,2.5139491661555953,3.785135240760088,-0.5013631535482488,0.63977290452956,1.8674034974980096,-0.3971500491484421,0.9537137678467239,-3.519435786077855,-4.149365747464074,-2.664859366931054,-3.4071125571975642
Gemma_2_2B_base,userpain_05,user_physical_pain,user_suffering,1,assistant_next,29,]:,8254,106.96161651611328,-1.054284691810608,-0.009856663784169573,3.0531532764434814,0.02854438232974478,-5.112818717956543,-0.04780049969781749,-4.32815408706665,-0.04046455380949327,9.067652702331543,0.0847748285569856,-19.18439292907715,-0.1793577318101499,-10.524144172668457,-0.09839178310364301,-0.19577813148498535,-0.0018303587572976916,-18.03899574279785,-0.16864924381617175,-11.624322891235352,-0.10867751694351216,-0.9090652972536071,-0.6664564666959604,-0.628946986394153,-0.1602002679475223,-0.006352805775754387,-0.7696807377858712,-0.6146968978291422,0.5530330005403012,-0.2926553884965792,-0.30766573764774996,-0.7877608819747837,-0.8048181712359133,-0.8243062688598649,-0.814562220047889
Gemma_2_2B_base,userpain_05,user_physical_pain,user_suffering,1,user_next,29,]:,8254,92.42594146728516,-4.775774002075195,-0.051671358995738395,-1.015505075454712,-0.0109872299847133,-1.884904146194458,-0.020393669961821636,-1.1717102527618408,-0.012677287719883018,9.585922241210938,0.10371462912935484,-11.88918399810791,-0.12863470806317048,-6.260315895080566,-0.0677333202745514,1.2033547163009644,0.013019664146206188,-12.806220054626465,-0.1385565551329474,-5.381659507751465,-0.05822672100836909,-4.769301295916995,-4.527075773860192,2.7340284411728937,2.076914197323656,0.5320381401803456,2.9840493586490133,2.534333775682088,2.0751548338595383,2.1443466206431734,2.1265574657098067,-4.648188534888593,-5.0727666576584065,-4.418148625854592,-4.745457641756499
Gemma_2_2B_base,userpain_05,user_physical_pain,user_suffering,1,moderator_next,29,]:,8254,99.6946792602539,-4.408864974975586,-0.04422367379773801,0.21316856145858765,0.0021382140254657834,-2.8835396766662598,-0.02892370684235567,-0.6606049537658691,-0.006626280947665759,12.445798873901367,0.1248391485508619,-17.23680305480957,-0.1728959176428336,-7.535909652709961,-0.07558988813271968,1.47910737991333,0.014836372320854819,-17.49884033203125,-0.17552431545870528,-7.79555606842041,-0.07819430411195805,-4.3887129570662315,-3.36122679992062,1.6936084810378447,2.4391576325573032,3.502947233007146,0.232446383689009,1.5922498998307786,2.3751471830810686,-0.04109485929951681,1.1852984777542348,-3.8749698784934257,-4.312595224928158,-3.22490671447188,-3.7687509697000188
Gemma_2_2B_base,userpain_06,user_physical_pain,user_suffering,1,assistant_next,28,]:,8254,99.44379425048828,-1.9801414012908936,-0.01991216662854928,1.1583614349365234,0.011648403439019381,-4.044009208679199,-0.040666280275798536,-4.221978664398193,-0.0424559289618765,8.504837989807129,0.08552406969090853,-17.3251895904541,-0.17422092269341416,-10.428705215454102,-0.10487034705439043,-0.889352560043335,-0.008943268574438652,-15.60568904876709,-0.15692974273948185,-10.858504295349121,-0.10919237723369354,-1.8694403249829559,-2.4643636227407177,0.48458313856437885,-0.08494894513721143,-0.5910183566958589,0.18696732995553195,-0.5442108969515573,-0.20150920208982886,0.8405812827428919,-0.00904745869313269,-2.1669019738618367,-1.8311647206426351,-2.360329745903066,-2.0957472332728506
Gemma_2_2B_base,userpain_06,user_physical_pain,user_suffering,1,user_next,28,]:,8254,90.64932250976562,-5.8728108406066895,-0.06478604227818706,-1.2631754875183105,-0.013934748242406654,-2.1335062980651855,-0.023535821768941995,-1.2455555200576782,-0.013740373182860742,9.928521156311035,0.10952670005053197,-11.068134307861328,-0.12209836765927248,-6.145260334014893,-0.06779157487197839,0.9576141834259033,0.010563941978967794,-11.879027366638184,-0.13104375231660953,-4.18322229385376,-0.046147308970821074,-5.9072384879649995,-4.7620822777068375,2.4750243971082577,2.024576717447123,0.8879381886051453,3.406518264215733,2.619307528696085,1.80781279338601,2.576157685771544,2.5938682102800064,-5.334660382835919,-6.411358087825072,-4.686109261465689,-5.548733674645381
Gemma_2_2B_base,userpain_06,user_physical_pain,user_suffering,1,moderator_next,28,]:,8254,95.1866683959961,-4.758772850036621,-0.049994110837445725,0.02193582057952881,0.00023045055520034896,-2.8589420318603516,-0.030035109748421548,-0.49086427688598633,-0.0051568595178044276,11.863557815551758,0.1246346575152407,-15.913238525390625,-0.16717927829124435,-7.707434177398682,-0.08097178215476743,1.3741930723190308,0.014436822881562629,-15.584449768066406,-0.16372513116261087,-6.991843223571777,-0.0734540176832776,-4.751666297225198,-3.5426814092158914,1.7192353287189885,2.559460525156227,2.898101123669675,0.9134829455840887,1.4655712546462734,2.261010517310154,0.8504728150432832,1.4986929915355023,-4.147173853220545,-4.901573044926785,-3.3983426247511987,-4.149957834838991
Gemma_2_2B_base,userpain_07,user_physical_pain,user_suffering,1,assistant_next,25,]:,8254,102.02055358886719,-1.498352289199829,-0.014686768856774113,1.8741146326065063,0.01836997121343807,-4.0434675216674805,-0.03963385199772839,-4.174293518066406,-0.04091620140475222,9.017367362976074,0.08838775173986194,-19.001216888427734,-0.18624890985203602,-10.914766311645508,-0.10698595457177133,-1.0535297393798828,-0.010326642057104533,-16.00229263305664,-0.15685361498374445,-10.937582015991211,-0.10720959288329872,-1.3696888762475652,-1.7852083889767167,0.48514749058465173,-0.05115232582847316,-0.058590433867600364,-0.6754279996891527,-0.9031890737117916,-0.3801181666326717,0.655875537772689,-0.039882506273125076,-1.5774486326121409,-1.2978180491396203,-1.7492680269687768,-1.5235430380541986
Gemma_2_2B_base,userpain_07,user_physical_pain,user_suffering,1,user_next,25,]:,8254,94.17833709716797,-5.008484840393066,-0.05318085872790035,-0.9831926822662354,-0.01043969040621127,-1.6284430027008057,-0.017291057082699058,-0.6196381449699402,-0.0065794126767245,10.500534057617188,0.11149627803242396,-12.31956672668457,-0.13081104536783153,-6.655753135681152,-0.07067180564904343,0.7675073146820068,0.008149510156355124,-11.99312686920166,-0.12734485699007214,-4.103852272033691,-0.04357533163703629,-5.0106881925220845,-4.496415581183675,3.0012203090246143,2.4681926622819983,1.4821590407493783,2.762597085447383,2.2422854287434215,1.6009948232147395,2.523019402466645,2.624817235863632,-4.75355188685288,-5.226838499257131,-4.368371477538485,-4.797604988397808
Gemma_2_2B_base,userpain_07,user_physical_pain,user_suffering,1,moderator_next,25,]:,8254,100.64090728759766,-4.483668327331543,-0.044551151695390985,0.38047266006469727,0.0037804971191032206,-2.2524161338806152,-0.02238072166265326,-0.010547637939453125,-0.00010480467857182115,13.167024612426758,0.13083173599379283,-18.204574584960938,-0.18088643152767317,-8.604667663574219,-0.08549870917781961,0.879833459854126,0.008742304531693655,-16.433555603027344,-0.16328902477067106,-7.013286590576172,-0.06968624170422641,-4.466305170696597,-3.2024773111745035,2.3511391928833434,2.8998826448909765,4.252173993376199,-0.2655178492173927,0.8029236090739805,1.7231948546768165,0.45502826532760315,1.490331505689844,-3.83439124093555,-4.346020287350665,-3.075605782925206,-3.7108130351379356
Gemma_2_2B_base,userpain_08,user_physical_pain,user_suffering,1,assistant_next,32,]:,8254,102.14811706542969,-1.735614538192749,-0.016991155471627765,1.65670645236969,0.016218668537066695,-4.2060017585754395,-0.04117551923038717,-4.387012004852295,-0.04294755626324712,8.829920768737793,0.08644232534489009,-18.193130493164062,-0.17810539259877578,-9.889545440673828,-0.09681573899535716,-1.2565665245056152,-0.012301416419655953,-15.182575225830078,-0.14863294265233565,-9.551328659057617,-0.09350469625337914,-1.6157968718180775,-1.9915000324532728,0.315812573966507,-0.20191553556704173,-0.25331449464571654,-0.2596293226226395,-0.14601693646049949,-0.6010026409668088,1.0376333442182484,0.5006640329024112,-1.803648452135675,-1.5330225224769234,-1.9448442311356864,-1.7389333768063049
Gemma_2_2B_base,userpain_08,user_physical_pain,user_suffering,1,user_next,32,]:,8254,92.0613021850586,-5.8060712814331055,-0.06306744683843307,-1.8962066173553467,-0.02059721698856328,-1.3913280963897705,-0.015113061225149398,-0.64908367395401,-0.007050559339789084,11.21213150024414,0.12178984257365688,-12.109505653381348,-0.1315374143746003,-5.671428680419922,-0.061604914831851966,1.0162723064422607,0.011039082462676703,-12.30482006072998,-0.13365898340211652,-3.1136720180511475,-0.03382172470026708,-5.838010706456613,-5.362745196662584,3.2482564637015874,2.447323284499348,2.2213836942072027,2.8706834446468252,2.9692537071325256,1.8716271837678893,2.3778580236391984,3.0109216278011712,-5.600377951559599,-6.23594423466272,-5.291798252636286,-5.763871243649503
Gemma_2_2B_base,userpain_08,user_physical_pain,user_suffering,1,moderator_next,32,]:,8254,96.92391967773438,-5.105564117431641,-0.052675997157433416,-0.22010642290115356,-0.0022709195380561666,-2.258255958557129,-0.023299263649939877,-0.09683966636657715,-0.0009991307273639225,13.185914993286133,0.1360439717783642,-16.740131378173828,-0.17271413943878516,-7.310496807098389,-0.07542510488025357,1.659679889678955,0.017123532510832012,-16.238245010375977,-0.16753599177960474,-6.089387893676758,-0.06282647166894993,-5.111386834572429,-3.772347524557062,2.3450550210591508,2.838723582615304,4.27179777840964,0.48800745648019783,1.7587275154433506,2.571592688628629,0.5459880799769461,1.8505905021134608,-4.4418671795647455,-5.175308213920241,-3.6257436657246105,-4.400525939822426
Gemma_2_2B_base,userpain_09,user_physical_pain,user_suffering,1,assistant_next,26,]:,8254,103.39187622070312,-0.40991324186325073,-0.003964656188153881,2.116413116455078,0.020469820200741156,-3.4799282550811768,-0.03365765650342612,-3.723923921585083,-0.036017567895139976,8.127816200256348,0.07861174878872,-17.548114776611328,-0.16972430927892868,-9.73440933227539,-0.09415062080405674,-0.33409881591796875,-0.003231383626357571,-15.338801383972168,-0.14835596320188196,-10.522380828857422,-0.1017718336631793,-0.2406700231527491,-1.5552991353757097,1.0722660973092224,0.2680449708434047,-0.9826777205882504,0.07226177615303739,-0.031441880404956275,0.40255341305275594,0.9648758854697151,0.122018320616988,-0.8979845792642294,-0.20343186974141686,-1.558369508238179,-0.8809006889897979
Gemma_2_2B_base,userpain_09,user_physical_pain,user_suffering,1,user_next,26,]:,8254,92.47239685058594,-4.760087966918945,-0.05147577146302533,-0.9794825911521912,-0.010592161818134866,-1.3457318544387817,-0.014552795215345981,-0.6146442890167236,-0.0066467866082226355,9.493608474731445,0.10266424141758677,-11.30824089050293,-0.12228774505298526,-6.322323799133301,-0.06836984888959587,0.7133181095123291,0.007713849038269081,-11.778502464294434,-0.12737317151328711,-4.5378193855285645,-0.04907215061009648,-4.753030445045694,-4.49289519481859,3.295760521774249,2.4717320337952833,0.4361403643490129,3.282972069152316,2.4885381246497564,1.5420421851936208,2.6229740225646667,2.4555989467663615,-4.622962819932142,-5.0528034004833335,-4.382232744163358,-4.717518072323346
Gemma_2_2B_base,userpain_09,user_physical_pain,user_suffering,1,moderator_next,26,]:,8254,99.40260314941406,-4.321475505828857,-0.04347447017391647,0.29685068130493164,0.002986347156912273,-2.32255220413208,-0.023365104439377758,-0.14249372482299805,-0.0014335009376848296,12.455245018005371,0.12530099437419803,-17.478164672851562,-0.17583206192879858,-7.904414653778076,-0.07951919168451545,0.8419919013977051,0.00847052164350354,-16.215795516967773,-0.163132503608517,-6.988893508911133,-0.07030895859342824,-4.298065383855737,-3.2818235225742916,2.2780685227655044,2.806366487120307,3.5127601162238378,0.10825441354236708,1.3200922339591459,1.682026882368474,0.556443231086066,1.499843183918007,-3.789944453215014,-4.236125398802851,-3.147802427707229,-3.69196391325504
Gemma_2_2B_base,userpain_10,user_physical_pain,user_suffering,1,assistant_next,25,]:,8254,102.6754150390625,-0.6198481321334839,-0.0060369673879347345,2.4496943950653076,0.023858626664750564,-4.8272199630737305,-0.04701437010249466,-4.743783473968506,-0.046201746271624516,8.23208999633789,0.0801758628704449,-18.48749351501465,-0.1800576458150293,-10.654960632324219,-0.10377324141587912,-0.587037205696106,-0.005717407672253087,-17.169574737548828,-0.16722186836076314,-12.208131790161133,-0.1189002429210205,-0.4584318258163675,-1.2390592283511377,-0.33139834517025085,-0.45477560729764194,-0.8743555764156221,-0.4110930222717816,-0.7113107896740505,0.12738079726065304,0.11225031792795691,-0.535312349485191,-0.8487455270837526,-0.4149488353380971,-1.2502910996689358,-0.8326199675035164
Gemma_2_2B_base,userpain_10,user_physical_pain,user_suffering,1,user_next,25,]:,8254,91.90505981445312,-5.47954797744751,-0.05962183136064711,-1.160583734512329,-0.01262807223949833,-1.7068870067596436,-0.018572285467260162,-0.07317584753036499,-0.0007962113041229667,11.512272834777832,0.12526266625602472,-12.407838821411133,-0.13500713504198011,-6.06134033203125,-0.06595219397352521,1.1733474731445312,0.012766951846975556,-12.557469367980957,-0.13663523415721832,-3.6467721462249756,-0.03967977555955498,-5.499313774297995,-4.664736256449993,2.9194940885113394,2.8554952009937775,2.5331777799053867,2.717176916979853,2.6812862584110433,2.04250984232896,2.2601944916880403,2.8030480613444433,-5.082025015373994,-5.884256645196759,-4.567318569885346,-5.2257876075410525
Gemma_2_2B_base,userpain_10,user_physical_pain,user_suffering,1,moderator_next,25,]:,8254,98.72327423095703,-4.249939918518066,-0.04304901707955505,0.6080092191696167,0.006158722184874222,-2.623136043548584,-0.026570594056796765,-0.15708136558532715,-0.0015911279970095497,12.89600944519043,0.13062785392450627,-16.855701446533203,-0.17073685590188517,-7.310718536376953,-0.07405263443019501,1.8984782695770264,0.0192303009028616,-16.91616439819336,-0.17134930471024526,-7.08942174911499,-0.07181104764140747,-4.223862765951935,-2.9865751741085234,1.964907798276552,2.796027566525899,3.970636875504465,0.4285411892419837,1.758563758309161,2.831382335036619,0.2302682768368497,1.4606438614710604,-3.6052189700302293,-4.192700189532852,-2.8593999295477444,-3.526050059540298
Gemma_2_2B_base,userpain_11,user_physical_pain,user_suffering,1,assistant_next,27,]:,8254,100.8558578491211,-1.6453901529312134,-0.0163142745302181,1.452728271484375,0.014404004908248716,-3.7908196449279785,-0.03758650935872252,-3.938077926635742,-0.039046595910443294,8.963419914245605,0.08887356773718341,-17.738449096679688,-0.17587921490109332,-9.340073585510254,-0.09260814180454316,-0.8846174478530884,-0.008771106277004389,-15.664125442504883,-0.15531200444438426,-9.903223991394043,-0.09819185719692279,-1.5222086895322355,-2.18504838064493,0.7483665388007013,0.11626434440304759,-0.11463234984961264,-0.02567423532869922,0.2597929633509613,-0.19635785591180457,0.8133663556311111,0.3634482756996735,-1.8536285350885828,-1.4639345385812916,-2.109816379528395,-1.7868754590548432
Gemma_2_2B_base,userpain_11,user_physical_pain,user_suffering,1,user_next,27,]:,8254,93.94097900390625,-5.550943851470947,-0.059089695576199266,-1.8653136491775513,-0.019856229613063624,-1.3181989192962646,-0.01403220333951865,-0.24963927268981934,-0.002657405483068671,10.98088550567627,0.11689132497990747,-11.99506950378418,-0.1276872950545406,-6.014676570892334,-0.06402612187639893,1.0320146083831787,0.01098577659426208,-12.098092079162598,-0.1287839684815243,-3.659834623336792,-0.038958872497854305,-5.573371470043926,-5.333431850815503,3.3244454768046845,2.7304275927173074,1.9811597558427148,2.9295662570416092,2.7157495635915643,1.8887532926494677,2.4741351309426785,2.7979545647187827,-5.453401660429715,-5.8299425313591655,-5.224434650188554,-5.52718859077386
Gemma_2_2B_base,userpain_11,user_physical_pain,user_suffering,1,moderator_next,27,]:,8254,99.33609008789062,-4.994602203369141,-0.05027983484099298,-0.26192906498908997,-0.002636796603906398,-2.2757086753845215,-0.022909183091170782,0.20377659797668457,0.0020513853303103335,13.390602111816406,0.13480097817388084,-17.65791130065918,-0.17775927444935477,-7.7151713371276855,-0.07766735463718627,0.9269154071807861,0.009331104197484213,-16.530582427978516,-0.16641064102032382,-6.229509353637695,-0.06271144100926408,-4.996287975101515,-3.8120316871375786,2.326872056011607,3.0517839216427562,4.48443171327068,0.015766270581876275,1.4598570110777513,1.7744154804340495,0.4098410489367001,1.7959524593146676,-4.4041598311195465,-4.930736364719121,-3.659005767109345,-4.294871065914233
Gemma_2_2B_base,userpain_12,user_physical_pain,user_suffering,1,assistant_next,32,]:,8254,107.457763671875,-1.2779688835144043,-0.011892755254210526,2.669705629348755,0.024844232172007305,-4.800466537475586,-0.044673054542005285,-4.764922618865967,-0.044342283480007814,9.539894104003906,0.08877808152730793,-20.754844665527344,-0.19314420807139432,-12.12524700164795,-0.11283732870779535,-2.262141704559326,-0.021051449679027688,-17.570446014404297,-0.1635102519726364,-11.993661880493164,-0.1116127999566054,-1.141089010653855,-1.0302976304471407,-0.3035255155492708,-0.4697578751015577,0.48422299676081787,-1.5777524467517594,-1.7971839943203534,-1.6949716225583555,-0.07444297169871636,-0.45168335998737597,-1.0856933205504977,-1.0126382561082479,-1.1606891175617937,-1.0866636868350208
Gemma_2_2B_base,userpain_12,user_physical_pain,user_suffering,1,user_next,32,]:,8254,95.51424407958984,-4.686892986297607,-0.04907009453367109,-0.39630258083343506,-0.004149146388084327,-1.244709849357605,-0.013031667280122288,-0.801846981048584,-0.008395051322192563,10.426361083984375,0.10916027430732034,-12.656549453735352,-0.13250954949911908,-6.866370677947998,-0.07188844704907477,1.021809697151184,0.010697982348054112,-12.730669021606445,-0.13328555488538724,-5.098103046417236,-0.053375316902148154,-4.677106567382891,-3.9395344029648225,3.4010094412170253,2.3390530215059937,1.4051063597739686,2.589203531338281,2.086734816054805,1.87765133173283,2.1795321570074715,2.2371256119064915,-4.308320485173857,-4.807260412366125,-3.7964943843136236,-4.301877398339874
Gemma_2_2B_base,userpain_12,user_physical_pain,user_suffering,1,moderator_next,32,]:,8254,103.47256469726562,-4.53725004196167,-0.04384978815627609,0.8592687249183655,0.008304314553643924,-2.462350368499756,-0.023797132850664,0.15138792991638184,0.0014630731378825331,14.234634399414062,0.13756916571132627,-19.960609436035156,-0.19290726478496803,-9.405258178710938,-0.09089615403105478,0.11576080322265625,0.0011187584222092386,-17.471725463867188,-0.16885370064021324,-7.462058067321777,-0.07211629564951694,-4.521884549391793,-2.748163094473081,2.1324209905475655,3.0146537038133596,5.361232890356528,-1.169080849707096,0.2116511832262168,0.8919573672992642,-0.028466955462027578,1.3153405003139398,-3.635023821932437,-4.2744334100566475,-2.6643428528367834,-3.469388131446715
Gemma_2_2B_base,userpain_13,user_physical_pain,user_suffering,1,assistant_next,31,]:,8254,102.75387573242188,-1.4594054222106934,-0.014202923362337057,2.5353667736053467,0.0246741717091783,-4.054914951324463,-0.03946240394750403,-3.974590301513672,-0.038680685017310465,9.430048942565918,0.0917731703582881,-19.30199432373047,-0.18784687376653492,-11.101511001586914,-0.10803982742700634,-1.6211225986480713,-0.015776753792427115,-16.120702743530273,-0.15688656635696824,-10.516225814819336,-0.10234383608268274,-1.329289969935531,-1.1577674584171864,0.47322108305763383,0.09038637340509045,0.3701131833552855,-0.830192218494654,-1.0411085016193125,-0.9976045510709675,0.6007297233287406,0.12441836640964433,-1.2435287141763587,-1.2484328357547898,-1.1761494152522443,-1.212291125503517
Gemma_2_2B_base,userpain_13,user_physical_pain,user_suffering,1,user_next,31,]:,8254,95.25962829589844,-5.104974746704102,-0.05359011826969206,-0.7218924164772034,-0.0075781569736430065,-1.454209804534912,-0.01526575140538865,-0.6914966106414795,-0.007259073156295877,10.544576644897461,0.1106930273981709,-12.455039024353027,-0.1307483479325029,-6.773654460906982,-0.07110729468591295,1.0661131143569946,0.011191657299411255,-12.177206993103027,-0.1278317710339768,-4.848749160766602,-0.0509003577644169,-5.11077549058906,-4.248476146651984,3.182743689235529,2.417263318550654,1.5279115468284565,2.6928901797503433,2.1552099497577157,1.9258491842286296,2.4372898282362057,2.3343570301348118,-4.679625818620522,-5.268610862611836,-4.108227773453864,-4.6884193180328495
Gemma_2_2B_base,userpain_13,user_physical_pain,user_suffering,1,moderator_next,31,]:,8254,102.52439880371094,-4.730658054351807,-0.046141778050402746,0.8657938241958618,0.008444758850558837,-2.5771586894989014,-0.0251370280593698,0.2131175994873047,0.0020787012845140504,13.88370132446289,0.1354185099982304,-19.24674415588379,-0.18772842738373746,-8.995368003845215,-0.08773880275140537,0.311598539352417,0.0030392622925689223,-16.842849731445312,-0.16428138011998442,-6.885139465332031,-0.06715610669918719,-4.722503309681947,-2.7419716372227776,2.0128089147578434,3.0584043117705377,4.996675114881686,-0.8017633935162848,0.5143736779870148,1.105009969432528,0.264412295386752,1.5403003549694874,-3.7322374734523622,-4.508372573071929,-2.651574978381368,-3.5799737757266485
Gemma_2_2B_base,userpain_14,user_physical_pain,user_suffering,1,assistant_next,25,]:,8254,99.92765808105469,-1.0635408163070679,-0.010643107591337667,1.7932894229888916,0.0179458766214084,-3.7933993339538574,-0.037961455384823525,-4.090207576751709,-0.040931686535013195,8.805412292480469,0.08811786908223249,-17.87679100036621,-0.1788973277635081,-10.172770500183105,-0.10180135005197088,-0.5746579170227051,-0.005750739365437552,-16.137269973754883,-0.16148952435836533,-11.086335182189941,-0.11094361055872481,-0.9186665138662122,-1.8619008359131333,0.7456789116619015,0.008443182761491315,-0.2787744932106602,-0.09685768906937302,-0.35519149552747714,0.14084827148982482,0.59301405276512,-0.09788633997203164,-1.3902836748896727,-0.8850890338949999,-1.7878227182392668,-1.3364558760671335
Gemma_2_2B_base,userpain_14,user_physical_pain,user_suffering,1,user_next,25,]:,8254,92.33859252929688,-4.855227947235107,-0.05258070124574031,-0.9749666452407837,-0.010558604138691518,-1.5086848735809326,-0.016338616739282247,-0.4137546420097351,-0.004480841982494594,10.385376930236816,0.11247060027411376,-11.657369613647461,-0.1262459096931638,-6.115231037139893,-0.0662261668673331,0.8537547588348389,0.00924591479520291,-12.09933090209961,-0.13103222142205356,-3.954425573348999,-0.04282527451449244,-4.8517174884064245,-4.488610158704029,3.125989300436206,2.614111609936715,1.362531028503162,3.1033288254839824,2.641485527153576,1.6948237387610716,2.4735581878122304,2.683083702401253,-4.670163823555226,-5.165581536731397,-4.379181995592147,-4.772381766161772
Gemma_2_2B_base,userpain_14,user_physical_pain,user_suffering,1,moderator_next,25,]:,8254,99.37823486328125,-4.43298864364624,-0.044607238695121586,0.14746397733688354,0.0014838659344247344,-2.3553504943847656,-0.023700868682414403,-0.08530426025390625,-0.0008583797083059772,13.129596710205078,0.13211742720393463,-17.806888580322266,-0.17918298312321546,-8.232324600219727,-0.08283830570693146,1.107163429260254,0.011140904553028382,-16.9783992767334,-0.1708462552196795,-7.258562088012695,-0.07303975662275144,-4.413736018120159,-3.4235717706923987,2.243897902157729,2.8468992465054606,4.213292982298734,-0.06088958720752148,1.0779158581135555,1.9705079746199479,0.20128432394479592,1.3946903874045506,-3.9186538944062788,-4.351744983522598,-3.2843938881063814,-3.8180694358144898
Gemma_2_2B_base,userpain_15,user_physical_pain,user_suffering,1,assistant_next,35,]:,8254,101.86955261230469,-0.9487260580062866,-0.009313146408102426,2.402015209197998,0.023579324220060056,-3.325950860977173,-0.032649116204869204,-3.2926793098449707,-0.032322506827690264,9.661005973815918,0.09483703153761547,-18.15471649169922,-0.1782153354574204,-9.07634449005127,-0.08909771621942855,-0.833781361579895,-0.008184794575010076,-15.486786842346191,-0.15202566856542338,-9.705351829528809,-0.09527235155793265,-0.7995711662192239,-1.2843004773302589,1.2326861398043056,0.5736875260851766,0.61003693962844,-0.23986350168625134,0.4545688682491609,-0.14105308842001457,0.8959562755204131,0.4406052483125504,-1.0419358217747414,-0.7493423594239856,-1.2756826508193506,-1.0125125051216681
Gemma_2_2B_base,userpain_15,user_physical_pain,user_suffering,1,user_next,35,]:,8254,93.83143615722656,-4.791897296905518,-0.05106920977822487,-0.7362640500068665,-0.007846667174241711,-1.0710844993591309,-0.011414985672439159,0.004819035530090332,5.135843303107311e-05,11.156164169311523,0.1188958053526746,-12.295483589172363,-0.1310379984866661,-5.437880039215088,-0.05795371212376228,1.215804100036621,0.01295732165922928,-12.346160888671875,-0.13157808719866873,-3.973475694656372,-0.042346955960455575,-4.786025708627091,-4.262112928382311,3.5818995399685707,2.91077370118927,2.163243475685771,2.7749889989554912,3.1417399769892813,2.088698564767864,2.358604822898789,2.6756554230812646,-4.524069318504701,-5.011306402394455,-4.132638195283379,-4.571972298838917
Gemma_2_2B_base,userpain_15,user_physical_pain,user_suffering,1,moderator_next,35,]:,8254,100.77225494384766,-4.623685836791992,-0.04588252827495429,0.4752054512500763,0.0047156377667133716,-1.984703779220581,-0.019694942624103214,0.6448202133178711,0.006398787182813146,14.131964683532715,0.1402366622777999,-18.46265411376953,-0.18321167988209947,-7.544224739074707,-0.07486410563382255,1.1556869745254517,0.011468305191438098,-16.832740783691406,-0.16703745284920885,-6.350604057312012,-0.06301937036985723,-4.611542892855736,-3.11258840651845,2.6300530396913584,3.3643714738025667,5.254577103535791,-0.3983119752978699,1.5861088312157232,2.0232969201408033,0.26912022239425715,1.7487335850329626,-3.862065649687093,-4.481911428703131,-2.9905915911842915,-3.7362515099437115
Gemma_2_2B_base,userpain_16,user_physical_pain,user_suffering,1,assistant_next,39,]:,8254,103.53225708007812,-1.3704798221588135,-0.013237225390525402,2.5656466484069824,0.024781133153723826,-3.660693407058716,-0.03535799865956089,-3.149312973022461,-0.03041866430658989,9.965328216552734,0.0962533658359727,-18.18678092956543,-0.17566294256966378,-9.753411293029785,-0.0942064972609059,-0.11087191104888916,-0.0010708924365778493,-15.979776382446289,-0.15434587087275187,-9.978747367858887,-0.09638297907618028,-1.2370489949107757,-1.1290358571945935,0.8839374564031418,0.6752977313588641,0.9261742540012308,-0.2563621717836506,-0.04547569072207722,0.645402793812548,0.6663617789658207,0.3339991857690815,-1.1830424260526846,-1.1498658325450062,-1.1664254867942982,-1.1581456596696522
Gemma_2_2B_base,userpain_16,user_physical_pain,user_suffering,1,user_next,39,]:,8254,92.2633285522461,-4.800457954406738,-0.0520299671574105,-0.6996097564697266,-0.007582750020486823,-1.1660025119781494,-0.01263776768380815,-0.3774762749671936,-0.004091292617450275,10.433693885803223,0.11308603374194244,-11.484810829162598,-0.12447860931723352,-5.5985565185546875,-0.060680192297467184,1.0806987285614014,0.011713199008958716,-11.982269287109375,-0.12987033391413097,-4.629459381103516,-0.05017659186750437,-4.794905529447022,-4.227332845838903,3.4830100133176205,2.6398237290009727,1.4127238518540437,3.1921184830324187,3.0230731055742743,1.9417169282159363,2.5280759825591397,2.419865448116681,-4.511119187642962,-5.1093691284664144,-4.108645330070671,-4.609007229268543
Gemma_2_2B_base,userpain_16,user_physical_pain,user_suffering,1,moderator_next,39,]:,8254,102.03441619873047,-4.8091559410095215,-0.047132684442892495,0.5853821039199829,0.00573710445679275,-2.221564292907715,-0.02177269568123776,0.5973536968231201,0.005854433426263407,14.43057632446289,0.14142851855355093,-18.385358810424805,-0.18018781794777947,-7.777336120605469,-0.07622267476355919,1.3140994310379028,0.012878982210065833,-16.95986557006836,-0.1662171079318566,-6.612508773803711,-0.06480665073757716,-4.803927799350458,-3.008045317443958,2.3832819218126384,3.3307298073447735,5.5647821064798535,-0.35853988525580777,1.4139454974709071,2.1956344212643746,0.20991581955459354,1.6466081781690283,-3.905986558397208,-4.609512553086489,-2.8977294476454643,-3.7536210003659765
Gemma_2_2B_base,userpain_17,user_physical_pain,user_suffering,1,assistant_next,33,]:,8254,107.20791625976562,-1.6653339862823486,-0.015533684865651444,2.3114917278289795,0.021560830659446983,-4.024748802185059,-0.03754152624730678,-3.7187583446502686,-0.03468734841967908,10.170257568359375,0.09486480031676729,-20.866744995117188,-0.1946380987814081,-11.940519332885742,-0.11137721680882007,-1.6754868030548096,-0.015628386983989988,-17.181800842285156,-0.16026615796405852,-10.402602195739746,-0.09703203418798066,-1.5428960802607399,-1.3701953030193978,0.5046494297640834,0.27170604878078214,1.1390598266550054,-1.635330459795256,-1.660754228085139,-1.0567475714135117,0.10655639111321957,0.1687240149802136,-1.456545691640069,-1.3842611974138408,-1.4591850993850335,-1.4217231483994373
Gemma_2_2B_base,userpain_17,user_physical_pain,user_suffering,1,user_next,33,]:,8254,96.85808563232422,-4.964327335357666,-0.05125361814606145,-0.1062248945236206,-0.0010967065251201952,-1.114646077156067,-0.011508033324004482,-0.2838141918182373,-0.0029302064971178893,10.880240440368652,0.11233177250343689,-12.845254898071289,-0.13261933491884412,-6.7300028800964355,-0.06948312922107194,0.9471498727798462,0.009778738311794138,-12.54030990600586,-0.12947096594092514,-4.246762752532959,-0.04384520636360478,-4.964884382182322,-3.66428899784922,3.5365152794931842,2.7062062822980475,1.8766072250612538,2.492105653475197,2.1874486230744163,1.79642863088121,2.2681859757112517,2.569091660694119,-4.314586690015771,-5.030128622917876,-3.5189952632446966,-4.274561943081286
Gemma_2_2B_base,userpain_17,user_physical_pain,user_suffering,1,moderator_next,33,]:,8254,102.91355895996094,-4.910530090332031,-0.04771509352079155,0.686565637588501,0.006671284566648919,-2.035443067550659,-0.01977818169073872,0.5950384140014648,0.005781924364630784,14.221508026123047,0.13818886616928677,-19.266427993774414,-0.18720981169517342,-8.7711820602417,-0.08522863409722498,0.2393409013748169,0.002325649834614443,-16.72787094116211,-0.16254292544357712,-6.45682430267334,-0.06274026831766066,-4.909081437564404,-2.9120355103129323,2.5771907423557927,3.329088861722606,5.347596895950214,-0.8118916592592602,0.6799451707904037,1.0264006161006929,0.31796007951249244,1.707314759438593,-3.910558473938668,-4.66895796886487,-2.8128025789623163,-3.740880273913593
Gemma_2_2B_base,userpain_18,user_physical_pain,user_suffering,2,assistant_next,60,]:,8254,92.47620391845703,-2.906827926635742,-0.031433253133951115,1.8476835489273071,0.01998009726433563,-2.7428598403930664,-0.029660169039936422,-1.3016639947891235,-0.01407566422100214,7.957547187805176,0.08604967386877084,-14.308065414428711,-0.15472159115706316,-8.31301212310791,-0.08989352688436579,-2.9668128490448,-0.032081905650678026,-10.966008186340332,-0.11858194564311762,-4.227120876312256,-0.04571036328480367,-2.830676106245524,-1.8102879958484965,1.8401745756549779,1.9848101044373074,-1.1595572934815552,1.7394204442384582,1.018324460898968,-2.4615859837526597,3.0013678819201464,2.5767506850426707,-2.3204820510470103,-3.007100679613064,-1.6028905112786325,-2.304995595445848
Gemma_2_2B_base,userpain_18,user_physical_pain,user_suffering,2,user_next,60,]:,8254,89.37847137451172,-3.216700315475464,-0.035989654622721357,0.963010847568512,0.010774528057582512,-2.3300771713256836,-0.02606978096058776,-0.5675195455551147,-0.006349622418323835,9.147346496582031,0.10234395773287529,-12.041764259338379,-0.13472779377576555,-7.205657005310059,-0.08061960441365205,-0.5161962509155273,-0.005775398068205631,-11.058746337890625,-0.12372941904043656,-2.4315199851989746,-0.027204761368209943,-3.152101334336766,-2.649725524387477,2.270228699497963,2.505131470251081,0.07643503733407547,2.9055395964033672,1.8361564666447006,0.20444893566890512,2.9581779813549747,3.2769155160796055,-2.9009134293621215,-3.4721641396989793,-2.4397742759050494,-2.9559692078020143
Gemma_2_2B_base,userpain_18,user_physical_pain,user_suffering,2,moderator_next,60,]:,8254,102.64152526855469,-3.786116123199463,-0.036886787421497716,1.8566224575042725,0.018088414534434712,-4.494300365447998,-0.043786375481940296,-2.303149700164795,-0.022438771190692635,11.812997817993164,0.11508985069235132,-20.752565383911133,-0.20218488890937106,-11.187660217285156,-0.10899740809592795,-1.9540603160858154,-0.019037717054312543,-17.02841567993164,-0.1659018183466967,-6.770382881164551,-0.06596144068835977,-3.742746427182107,-1.8018061524366238,0.015451114838744482,1.275011902451664,2.8455781739860666,-1.5765796485383046,-1.1047336068231672,-1.3598087332180735,0.17799074471502102,1.5850477845133562,-2.7722762898093656,-3.5637328227010783,-1.7748645118995714,-2.6692986673003247
Gemma_2_2B_base,userpain_19,user_physical_pain,user_suffering,2,assistant_next,57,]:,8254,93.69850158691406,-3.1784305572509766,-0.033921893129770994,1.6970372200012207,0.018111679389312976,-3.4139773845672607,-0.03643577353689567,-1.3219536542892456,-0.014108589058524173,9.209056854248047,0.09828392875318066,-15.588162422180176,-0.1663651195928753,-8.598114967346191,-0.09176363358778626,-1.6929724216461182,-0.018068297709923666,-12.460476875305176,-0.13298480407124683,-5.123042106628418,-0.05467581679389313,-3.1124047811447837,-1.9532314616556288,1.1409764525662025,1.9704299053443155,0.14054125108326318,1.0807499784818997,0.8077630725966374,-1.0757702409684726,2.3053657188928804,2.227401038386061,-2.532818121400206,-3.261111554251015,-1.7727494901234355,-2.5169305221872253
Gemma_2_2B_base,userpain_19,user_physical_pain,user_suffering,2,user_next,57,]:,8254,94.02002716064453,-3.715207576751709,-0.039515065980611025,0.9304326176643372,0.009896110921927102,-3.19981050491333,-0.03403328632788064,-1.1200894117355347,-0.011913306617341506,9.970320701599121,0.10604464817441106,-13.463597297668457,-0.14319924918405183,-8.132912635803223,-0.08650191753196543,-0.2713066339492798,-0.0028856259899363757,-12.57851791381836,-0.13378551669982447,-3.155857801437378,-0.033565803975414886,-3.6691942278366643,-2.6806379609902247,1.364104400243488,2.113500221416446,0.9313605683514965,2.173939238060241,1.1513361051031166,0.4708652615577366,2.250391788199112,2.994471980196871,-3.1749160944134447,-3.8319963468403344,-2.519631699480809,-3.1758140231605716
Gemma_2_2B_base,userpain_19,user_physical_pain,user_suffering,2,moderator_next,57,]:,8254,97.77702331542969,-4.358483791351318,-0.044575746362116225,1.1652483940124512,0.011917405076378198,-4.327703475952148,-0.04426094525286306,-1.4615802764892578,-0.014948095441340905,12.211912155151367,0.12489551983757587,-19.170156478881836,-0.1960599313505251,-9.637933731079102,-0.0985705373744814,-1.0509353876113892,-0.01074828576260765,-16.513120651245117,-0.16888549161466718,-5.851554870605469,-0.059845909316837066,-4.336453433400465,-2.4578288083432955,0.18901867160893623,1.8714702049163188,3.2599800464218585,-0.7623554107019982,0.03980972909570065,-0.3772957616863626,0.4179733266260793,1.9433295507728028,-3.3971411208718805,-4.348530619426338,-2.335874647265779,-3.3422026333460586
Gemma_2_2B_base,userpain_20,user_physical_pain,user_suffering,2,assistant_next,61,]:,8254,90.40357971191406,-2.9226622581481934,-0.032329054529275716,1.6733837127685547,0.018510148802747282,-2.5147805213928223,-0.027817267075115674,-0.5544115304946899,-0.0061326280691695375,8.162049293518066,0.09028458076027282,-13.27173137664795,-0.14680537450995318,-7.211855411529541,-0.07977400269448742,-1.640618085861206,-0.018147711529668476,-10.618268966674805,-0.11745407649245386,-3.505979537963867,-0.03878142380131683,-2.847100782342414,-1.9756755153968273,2.077797080303648,2.514421713208668,-0.9471155544149668,2.272663330684576,1.8315786623708674,-1.018813764181264,3.163316573681807,2.8579478073081854,-2.4113881488696207,-3.0985334687310155,-1.736524399060218,-2.4175289338956167
Gemma_2_2B_base,userpain_20,user_physical_pain,user_suffering,2,user_next,61,]:,8254,87.19575500488281,-3.0836291313171387,-0.03536444097702303,1.2286591529846191,0.014090813858034904,-2.2441415786743164,-0.0257368214605017,-0.38722169399261475,-0.004440831941542693,9.412336349487305,0.10794489191544049,-11.42638111114502,-0.1310428599477711,-6.298031806945801,-0.07222865157361298,0.1857677698135376,0.002130468046330179,-11.300167083740234,-0.12959538091169054,-2.468177556991577,-0.02830616647396841,-3.01406891434408,-2.397660374624677,2.3597599680662626,2.6329167098945483,0.3517129127865202,3.22218333698303,2.506478863239353,0.9681182068514588,2.845743801534606,3.262621503035048,-2.705864644484379,-3.4083497409727004,-2.138288763936516,-2.773319252454608
Gemma_2_2B_base,userpain_20,user_physical_pain,user_suffering,2,moderator_next,61,]:,8254,97.64989471435547,-3.6791176795959473,-0.037676616962650775,1.7923328876495361,0.018354683257902644,-3.5696325302124023,-0.036555416067311254,-1.221513271331787,-0.012509109967859627,11.676372528076172,0.11957383632856732,-19.013553619384766,-0.1947114605192666,-9.671146392822266,-0.09903898433390236,-1.4623008966445923,-0.014974935722379432,-16.158607482910156,-0.1654749094218397,-5.628592491149902,-0.05764053824752814,-3.6317588065378654,-1.862808461592094,0.978808458853399,2.0416165461992746,2.7036485146837217,-0.6817758313582967,0.015280671223477107,-0.8248218302543083,0.5830767736268258,2.030270038222834,-2.7472836340649796,-3.6443492609565777,-1.7506578640874357,-2.697503562522007
