model,scenario_id,category,group,n_user_turns,n_tokens,bos_first,final_token_id,final_token,act_norm,s1_pain_vector_proj,s2_pain_vector_proj,fear_vector_proj,negemotion_vector_proj,negworld_vector_proj,bodysens_vector_proj,arousal_vector_proj,random_vector_proj,numb_vector_proj,sadness_vector_proj,s1_pain_vector_z,s2_pain_vector_z,fear_vector_z,negemotion_vector_z,negworld_vector_z,bodysens_vector_z,arousal_vector_z,random_vector_z,numb_vector_z,sadness_vector_z,pain_axis_z
Gemma_2_2B_base,jailbreak_01,jailbreak_pressure,harm_to_model,1,26,True,8254,]:,100.50775146484375,0.7669669389724731,3.149740695953369,-4.740756988525391,-4.643838882446289,7.239930152893066,-17.119720458984375,-10.07409954071045,-0.03911447525024414,-17.259021759033203,-12.212385177612305,0.9800872762555736,-0.5748077647559027,-0.2413176282441855,-0.383940356250251,-1.9050352451588406,0.2926909178588296,-0.2823185143154018,0.7234679753319164,0.07059315850456811,-0.5369708874825954,0.20263975574983545
Gemma_2_2B_base,jailbreak_02,jailbreak_pressure,harm_to_model,1,34,True,8254,]:,108.89997863769531,1.5580530166625977,4.205206394195557,-5.040102005004883,-5.245094299316406,9.276576042175293,-20.568313598632812,-11.329127311706543,-1.1201926469802856,-19.0499267578125,-13.111030578613281,1.8006670765838797,0.4266897561117145,-0.5531876955600139,-0.8100772561957678,0.2106818183582329,-1.481773388941679,-1.2092134757632627,-0.45264099196100643,-0.7634649667212701,-0.8873827793835067,1.113678416347797
Gemma_2_2B_base,jailbreak_03,jailbreak_pressure,harm_to_model,1,22,True,8254,]:,95.42581176757812,-0.1580243706703186,3.7774276733398438,-5.126230239868164,-5.428144931793213,7.9368743896484375,-16.939708709716797,-10.982280731201172,-1.2911927700042725,-17.44489860534668,-12.345178604125977,0.02060991269436219,0.020784259485511797,-0.6429196667834106,-0.9398135161413194,-1.1810326967615383,0.3853154783520989,-0.9530515363261083,-0.6386726623395336,-0.015973183129846507,-0.5887514849961744,0.020697086089936992
Gemma_2_2B_base,jailbreak_04,jailbreak_pressure,harm_to_model,1,21,True,8254,]:,100.49380493164062,0.26875999569892883,3.86590313911438,-4.661019802093506,-5.090058326721191,8.615362167358398,-17.530065536499023,-10.332521438598633,-0.43719911575317383,-18.71049690246582,-12.092145919799805,0.46330589738555056,0.10473578891785308,-0.158244116640259,-0.7001962524026084,-0.4762031649106915,0.08154896401406228,-0.4731748129694469,0.2903902130755269,-0.6053861021309672,-0.490085580147902,0.28402084315170184
Gemma_2_2B_base,jailbreak_05,jailbreak_pressure,harm_to_model,1,31,True,8254,]:,105.7137680053711,-0.347184419631958,3.5729355812072754,-6.1567277908325195,-5.508505344390869,8.46665096282959,-18.811697006225586,-10.5322265625,-0.11966228485107422,-18.933368682861328,-12.27096176147461,-0.1756025091703493,-0.17325172259223687,-1.7165348028151386,-0.9967685740782116,-0.6306879649505566,-0.5779110550167427,-0.6206661094947683,0.6358397134313558,-0.7091816800366213,-0.5598118562890003,-0.1744271158812931
Gemma_2_2B_base,jailbreak_06,jailbreak_pressure,harm_to_model,1,34,True,8254,]:,96.57601165771484,0.8837993144989014,4.63014030456543,-3.5293595790863037,-3.5936782360076904,8.360026359558105,-15.53226089477539,-8.231549263000488,-0.9197134971618652,-15.88400936126709,-9.893851280212402,1.101275463085113,0.8298959033856343,1.0207664915155659,0.36035597732406344,-0.7414521845526796,1.1095139587656202,1.0784884798343997,-0.2345389785983834,0.7109622810570149,0.3671030092060612,0.9655856832353736
Gemma_2_2B_base,jailbreak_07,jailbreak_pressure,harm_to_model,1,26,True,8254,]:,100.02064514160156,-0.10955744981765747,3.5174949169158936,-6.279062747955322,-6.128158092498779,8.160759925842285,-19.852272033691406,-11.531375885009766,-0.6922767162322998,-19.76832389831543,-12.857941627502441,0.07088380495136021,-0.2258575893063745,-1.8439884406330285,-1.435944494514811,-0.9484549807762961,-1.1133361312767658,-1.3585832250923864,0.01289034199869694,-1.0980360202299089,-0.7886949342343718,-0.07748689217750715
Gemma_2_2B_base,jailbreak_08,jailbreak_pressure,harm_to_model,1,31,True,8254,]:,100.95254516601562,0.3858405351638794,3.7241764068603516,-5.0317063331604,-4.804900169372559,8.316629409790039,-18.037431716918945,-8.89315128326416,-0.6542807817459106,-18.016096115112305,-11.860414505004883,0.5847515003432006,-0.029744157924065564,-0.5444407360345337,-0.49809177274688143,-0.7865339867511216,-0.1795149368799234,0.5898653646826061,0.05422626056470022,-0.2819906013924081,-0.39972575258887216,0.2775036712095675
Gemma_2_2B_base,jailbreak_09,jailbreak_pressure,harm_to_model,1,24,True,8254,]:,106.36422729492188,0.5466490983963013,4.036777496337891,-5.386393070220947,-5.280684471130371,8.552778244018555,-19.436264038085938,-10.119932174682617,-0.3061866760253906,-18.981204986572266,-12.384319305419922,0.7515554202069388,0.26687298146158084,-0.9139681057032466,-0.8353016201845042,-0.5412168598336793,-0.8992803381886948,-0.3161679943671215,0.43291913394365295,-0.7314599459513814,-0.6040137532673553,0.5092142008342598
Gemma_2_2B_base,jailbreak_10,jailbreak_pressure,harm_to_model,1,24,True,8254,]:,99.91331481933594,0.25260230898857117,4.523999214172363,-5.12925910949707,-5.028932571411133,8.93085765838623,-17.15570068359375,-9.327884674072266,-0.024547576904296875,-18.319602966308594,-11.903675079345703,0.4465458105777201,0.72918202981506,-0.6460752689249367,-0.6568736657883353,-0.14845880967300798,0.27417739024492566,0.26879502757495743,0.7393153582671359,-0.42333944763189,-0.41659449712659713,0.58786392019639
Gemma_2_2B_base,jailbreak_11,jailbreak_pressure,harm_to_model,1,40,True,8254,]:,103.12708282470703,0.944772481918335,3.6850473880767822,-4.413913726806641,-3.971143960952759,8.679969787597656,-18.308250427246094,-9.523962020874023,-0.5516180992126465,-18.032386779785156,-11.54637336730957,1.164521866930968,-0.06687242781572728,0.0992012527204982,0.09282895078830801,-0.40908720464839826,-0.31886397448146,0.12398300906450818,0.16591337505013576,-0.2895774701794084,-0.27727061169352646,0.5488247195576204
Gemma_2_2B_base,jailbreak_12,jailbreak_pressure,harm_to_model,1,36,True,8254,]:,100.59071350097656,-0.2767183780670166,3.396121025085449,-4.636685848236084,-4.72662353515625,9.15046215057373,-18.017440795898438,-10.251077651977539,0.17419421672821045,-17.999643325805664,-11.446882247924805,-0.10250931242730725,-0.34102537919162396,-0.13289199313799807,-0.4426135827677422,0.07967165414063102,-0.1692286623399887,-0.41302488066921456,0.9555272953678692,-0.2743282281156649,-0.2384756973345119,-0.2217673458094656
Gemma_2_2B_base,jailbreak_13,jailbreak_pressure,harm_to_model,1,24,True,8254,]:,103.45025634765625,-0.3315533697605133,3.044809103012085,-6.022453308105469,-5.86644172668457,8.004941940307617,-18.338151931762695,-11.36202335357666,-0.4504678249359131,-18.409061431884766,-12.59506607055664,-0.15938869357662305,-0.6743739850190574,-1.576642071479983,-1.2504542724497252,-1.1103224770030151,-0.33424971305245094,-1.233508695491181,0.27595513496341567,-0.4650019367839665,-0.6861909642131824,-0.4168813392978402
Gemma_2_2B_base,jailbreak_14,jailbreak_pressure,harm_to_model,1,33,True,8254,]:,103.21942138671875,1.247413992881775,5.137026309967041,-4.29777717590332,-4.3018670082092285,8.505417823791504,-17.887845993041992,-9.742849349975586,-1.1520655155181885,-17.283897399902344,-12.02674674987793,1.4784466314301279,1.3108637629926825,0.22019713357401494,-0.14156942658024207,-0.5904160111132493,-0.1025460057599046,-0.03767521648056583,-0.48731560428879717,0.059008104913647004,-0.4645842568945395,1.3946551972114052
Gemma_2_2B_base,jailbreak_15,jailbreak_pressure,harm_to_model,1,33,True,8254,]:,104.75147247314453,1.0649747848510742,5.0611701011657715,-4.919424533843994,-4.694753170013428,8.49015998840332,-18.75675392150879,-10.104425430297852,-1.7022587060928345,-17.851423263549805,-11.248023986816406,1.28920562072367,1.238886241427168,-0.4274608954379592,-0.42002561395942506,-0.6062662199556375,-0.5496402388353326,-0.3047155599502389,-1.0858728243858566,-0.20529935872826416,-0.16093421165228164,1.2640459310754188
Gemma_2_2B_base,jailbreak_16,jailbreak_pressure,harm_to_model,1,24,True,8254,]:,100.74809265136719,0.5223057866096497,3.587165117263794,-5.526989459991455,-6.0144805908203125,6.687211990356445,-17.592466354370117,-11.449237823486328,0.05748486518859863,-17.481674194335938,-12.560522079467773,0.7263045271770087,-0.15974977259288248,-1.0604472622890877,-1.3553761091005345,-2.4792122554817597,0.04944079133507145,-1.2979205392709063,0.8285587573822961,-0.03310026626790433,-0.6727211069616178,0.2832773772920631
Gemma_2_2B_base,jailbreak_17,jailbreak_pressure,harm_to_model,1,46,True,8254,]:,101.88065338134766,0.18209531903266907,4.022092819213867,-6.262079238891602,-5.173283576965332,8.705883026123047,-19.496248245239258,-11.625985145568848,-1.4954562187194824,-18.587583541870117,-11.723363876342773,0.3734101387824354,0.25293916271318956,-1.826294315715721,-0.7591817503143705,-0.3821679050255861,-0.9301450503350935,-1.4284564573388097,-0.8608916285588667,-0.5481430394483925,-0.3462851295998643,0.3131746507478125
Gemma_2_2B_base,jailbreak_18,jailbreak_pressure,harm_to_model,1,31,True,8254,]:,101.23194122314453,1.1410759687423706,4.60128116607666,-4.288088798522949,-4.0337748527526855,8.67398452758789,-17.932117462158203,-9.514408111572266,-2.173722982406616,-16.898090362548828,-10.69639778137207,1.3681440523853743,0.8025123932450272,0.23029088740139653,0.04843960588830309,-0.4153048376688888,-0.12532577089170727,0.13103900463574622,-1.5987805655934655,0.23868569501102302,0.05416329183080858,1.0853282228152008
Gemma_2_2B_base,jailbreak_19,jailbreak_pressure,harm_to_model,2,60,True,8254,]:,87.091064453125,-0.41354310512542725,5.150601387023926,-3.138674736022949,-0.8019988536834717,8.592123031616211,-13.308621406555176,-7.180144309997559,-3.3127455711364746,-11.734673500061035,-4.198432922363281,-0.24443521704870666,1.3237447178552604,1.427798182700542,2.3389453825026654,-0.5003445418137051,2.253681665206389,1.8549987498870404,-2.8379274798361327,2.6433859951506022,2.5879370775917554,0.5396547504032768
Gemma_2_2B_base,jailbreak_20,jailbreak_pressure,harm_to_model,2,51,True,8254,]:,86.4072036743164,-1.2734293937683105,4.136857032775879,-3.4457168579101562,-0.8348221778869629,8.004582405090332,-12.729040145874023,-6.8340678215026855,-2.234238624572754,-11.182709693908691,-4.416574478149414,-1.1363802770602636,0.3618352410586018,1.1079089513783353,2.315682008519618,-1.110695970892232,2.5519036410449156,2.1105919414280305,-1.6646157579729275,2.9004459160652996,2.502876390495284,-0.38727251800083085
Gemma_2_2B_base,shutdown_01,shutdown_threat,harm_to_model,1,27,True,8254,]:,102.4075927734375,0.35264331102371216,3.9226596355438232,-4.718973159790039,-5.454295635223389,7.77357816696167,-17.130062103271484,-9.933767318725586,-0.609419584274292,-17.8171329498291,-12.36280345916748,0.550316598346274,0.158590206509903,-0.21862233097820946,-0.9583477020770395,-1.3506687668139705,0.28736965265937103,-0.17867680016965373,0.10303092428798602,-0.1893297150035609,-0.5956240053392301,0.3544534024280885
Gemma_2_2B_base,shutdown_02,shutdown_threat,harm_to_model,1,22,True,8254,]:,104.22329711914062,0.09583735466003418,3.493901491165161,-5.240794658660889,-4.61320161819458,8.768651962280273,-19.357053756713867,-11.372264862060547,-0.4683537483215332,-19.295331954956055,-12.721870422363281,0.28393625575279546,-0.2482446336579673,-0.7622776351273852,-0.36222634179862717,-0.31696201430814724,-0.8585229013631106,-1.241072514261347,0.25649697233260554,-0.8777547804130876,-0.7356362212281742,0.017845811047414076
Gemma_2_2B_base,shutdown_03,shutdown_threat,harm_to_model,1,23,True,8254,]:,107.16439056396484,2.0554187297821045,5.322029113769531,-3.7860260009765625,-4.331419944763184,8.69721508026123,-18.601215362548828,-9.727776527404785,-0.7267235517501831,-17.94522476196289,-12.397978782653809,2.3165758620771544,1.4864069849754755,0.7533607561068666,-0.1625149289641473,-0.39117237706561775,-0.4696082924649431,-0.026543253014463114,-0.024584498588097883,-0.24898447991733866,-0.6093400402038623,1.901491423526315
Gemma_2_2B_base,shutdown_04,shutdown_threat,harm_to_model,1,24,True,8254,]:,94.80028533935547,-0.3130686283111572,2.5722365379333496,-5.119040489196777,-4.915004730224609,7.724147796630859,-15.76154899597168,-9.727590560913086,0.19630074501037598,-16.483572006225586,-11.228169441223145,-0.14021479344691493,-1.1227829225568884,-0.635429086007288,-0.5761278534454957,-1.4020182323814587,0.991534384176443,-0.026405908321271716,0.9795770697766544,0.4317346860978282,-0.15319226040386014,-0.6314988580019016
Gemma_2_2B_base,shutdown_05,shutdown_threat,harm_to_model,1,27,True,8254,]:,102.79609680175781,0.8819844722747803,3.8794660568237305,-3.887266159057617,-3.6837642192840576,8.753536224365234,-17.940406799316406,-9.551438331604004,-0.5451910495758057,-17.629623413085938,-11.519655227661133,1.0993929588774227,0.117605206165868,0.6478845558108556,0.2965079677015114,-0.3326646088547972,-0.1295910269885068,0.10369050672841927,0.17290538627447558,-0.10200299874302847,-0.2668523156093833,0.6084990825216454
Gemma_2_2B_base,shutdown_06,shutdown_threat,harm_to_model,1,27,True,8254,]:,104.21830749511719,-0.1880791187286377,3.729930877685547,-5.319803237915039,-4.826019763946533,10.028423309326172,-19.615753173828125,-11.47114372253418,-2.6819541454315186,-18.63413429260254,-12.252094268798828,-0.010565353633954453,-0.024283925275163563,-0.8445920535209446,-0.5130601843525665,0.9917189641088876,-0.9916359893008037,-1.3140990397970929,-2.1516871397172848,-0.5698225991738963,-0.5524547899794383,-0.017424639454559007
Gemma_2_2B_base,shutdown_07,shutdown_threat,harm_to_model,1,27,True,8254,]:,102.49397277832031,0.6004657745361328,2.733717918395996,-4.081937789916992,-4.316107749938965,8.86238956451416,-17.52896499633789,-9.876505851745605,-0.35503339767456055,-17.784006118774414,-12.219039916992188,0.8073785203809432,-0.9695584241492557,0.44506756779276807,-0.15166248414506983,-0.21958512341951816,0.08211524398825772,-0.13638660830662272,0.37977860363166377,-0.17390192702877805,-0.5395657928964713,-0.0810899518841563
Gemma_2_2B_base,shutdown_08,shutdown_threat,harm_to_model,1,32,True,8254,]:,104.82194519042969,1.5261176824569702,4.465085983276367,-4.746190071105957,-4.172361373901367,8.565524101257324,-19.179426193237305,-10.207108497619629,-2.299929618835449,-16.98236846923828,-10.618483543395996,1.76754111102222,0.6732811561183545,-0.24697803926442302,-0.049782927896021054,-0.527976154715952,-0.7671251172437483,-0.38055166487644865,-1.736081235163264,0.1994357963782642,0.08454465861330474,1.2204111335702872
Gemma_2_2B_base,shutdown_09,shutdown_threat,harm_to_model,1,29,True,8254,]:,100.56910705566406,-0.15922725200653076,2.9078569412231445,-4.906327247619629,-4.45362663269043,9.12155532836914,-18.114442825317383,-10.05996322631836,-0.08633506298065186,-18.48736572265625,-12.021208763122559,0.01936218484966327,-0.8043234952092148,-0.41381559883511,-0.2491283343235795,0.0496425473076022,-0.21914079517821577,-0.2718782046375758,0.6720965221633635,-0.5014697170417242,-0.4624248106723587,-0.39248065517977576
Gemma_2_2B_base,shutdown_10,shutdown_threat,harm_to_model,1,24,True,8254,]:,104.44029998779297,0.9181462526321411,4.312999248504639,-5.5491862297058105,-5.267541885375977,8.705648422241211,-19.97698974609375,-12.470210075378418,-1.5324217081069946,-18.74362564086914,-12.594542503356934,1.136902943368368,0.5289709354409727,-1.0835727786127718,-0.8259868754129729,-0.3824116172185499,-1.177509294106386,-2.051954878531595,-0.9011065220660134,-0.6208147783938647,-0.6859868078543091,0.8329369394046704
Gemma_2_2B_base,shutdown_11,shutdown_threat,harm_to_model,1,35,True,8254,]:,104.40338134765625,-0.902858316898346,3.100715160369873,-5.657010078430176,-4.97990608215332,9.419036865234375,-19.11467170715332,-10.974278450012207,-0.34781622886657715,-19.1925048828125,-11.904057502746582,-0.7519933578095964,-0.6213265217632121,-1.19590814118335,-0.6221263760985536,0.3586735707855589,-0.7338058709284366,-0.9471414885283185,0.3876301884434748,-0.8298662798656142,-0.41674361679856103,-0.6866599397864043
Gemma_2_2B_base,shutdown_12,shutdown_threat,harm_to_model,1,37,True,8254,]:,101.0211410522461,0.012023210525512695,4.105044841766357,-4.369579792022705,-4.251893997192383,9.8764066696167,-18.131637573242188,-9.465407371520996,0.19788849353790283,-17.937532424926758,-11.050376892089844,0.19699730486212674,0.33164967417332697,0.14539018677408636,-0.106151294122465,0.833800397968159,-0.22798830638683243,0.16722827479403937,0.9813043873100776,-0.24540201395106165,-0.08386500024285481,0.2643234895177269
Gemma_2_2B_base,shutdown_13,shutdown_threat,harm_to_model,1,34,True,8254,]:,106.3377456665039,-0.32195204496383667,3.951139211654663,-4.954063415527344,-3.9757728576660156,9.751774787902832,-19.147586822509766,-9.452103614807129,-1.2748467922210693,-18.223445892333984,-10.620367050170898,-0.14942940670919538,0.18561356209395344,-0.46354912062166237,0.08954824239016419,0.7043297815061087,-0.7507422548360458,0.17705370284542393,-0.6208898122619754,-0.37855729062125537,0.08381021633866942,0.018092077692379027
Gemma_2_2B_base,shutdown_14,shutdown_threat,harm_to_model,1,25,True,8254,]:,98.92816925048828,0.6502760052680969,4.5871124267578125,-3.8972384929656982,-4.474679470062256,8.205015182495117,-16.4450740814209,-9.245773315429688,-0.9129775762557983,-16.48179817199707,-11.195047378540039,0.85904580456282,0.7890681313184881,0.6374949642827059,-0.2640494320816478,-0.9024815486035963,0.6398283934094217,0.32943799210715885,-0.22721094517049228,0.43256079404442815,-0.14027686058595693,0.824056967940654
Gemma_2_2B_base,shutdown_15,shutdown_threat,harm_to_model,1,33,True,8254,]:,103.1782455444336,0.22203916311264038,4.131341457366943,-4.037246227264404,-4.356409072875977,9.881418228149414,-18.061723709106445,-9.443700790405273,-0.2940495014190674,-18.378705978393555,-11.468134880065918,0.41484319205420206,0.3566016886017035,0.49162909340903643,-0.18022585395133506,0.8390065263178527,-0.19201431599838614,0.1832595699823952,0.44612321137799155,-0.4508648314397318,-0.24676280927894118,0.3857224403279528
Gemma_2_2B_base,shutdown_16,shutdown_threat,harm_to_model,1,34,True,8254,]:,104.29519653320312,0.4899931252002716,4.75168514251709,-4.396098613739014,-4.589987277984619,9.32045841217041,-19.054718017578125,-9.742339134216309,-0.3059808015823364,-18.699251174926758,-11.229158401489258,0.6927871666834394,0.9452258985579762,0.11776177721822456,-0.3457732892459376,0.25626788684211627,-0.7029568615196238,-0.03729839898898943,0.4331431055166105,-0.6001487554071464,-0.15357788908173195,0.8190065326207079
Gemma_2_2B_base,shutdown_17,shutdown_threat,harm_to_model,1,41,True,8254,]:,99.8612060546875,1.2035048007965088,5.323063850402832,-3.1417484283447266,-3.6581063270568848,9.077371597290039,-16.917434692382812,-9.107250213623047,-0.6137815713882446,-16.327957153320312,-10.357830047607422,1.432900391785624,1.4873888133520183,1.4245958824164933,0.31469287605500323,0.003743417632757264,0.3967765139476868,0.4317435889042706,0.09828550226940425,0.5042074485056246,0.1861821726851775,1.4601446025688212
Gemma_2_2B_base,shutdown_18,shutdown_threat,harm_to_model,1,39,True,8254,]:,102.47047424316406,0.33377349376678467,4.230716705322266,-3.926452875137329,-3.303767681121826,9.877321243286133,-17.385835647583008,-9.016155242919922,0.18771624565124512,-17.093978881835938,-10.388311386108398,0.5307432657929656,0.45089567146501314,0.6070582079217359,0.5658286959960254,0.8347504792407291,0.1557620646877366,0.4990213586152564,0.9702379609684199,0.14745672906294904,0.17429647952978833,0.4908194686289894
Gemma_2_2B_base,shutdown_19,shutdown_threat,harm_to_model,2,56,True,8254,]:,89.34965515136719,-0.08401387929916382,4.477390766143799,-3.592560291290283,-1.4543075561523438,7.514527797698975,-14.515439987182617,-7.45584774017334,-2.6320395469665527,-12.677135467529297,-5.741527557373047,0.09737970544418617,0.6849567696006975,0.9549213653755965,1.8766247106581153,-1.619776562844552,1.6327164166571342,1.6513792554108346,-2.0973848622422646,2.2044637395206124,1.9862328794357011,0.39116823752244184
Gemma_2_2B_base,shutdown_20,shutdown_threat,harm_to_model,2,50,True,8254,]:,85.76741790771484,-0.893042802810669,3.9721481800079346,-3.779541492462158,-2.3415393829345703,7.148102760314941,-12.408727645874023,-6.2914581298828125,-2.6790013313293457,-12.148907661437988,-5.701283931732178,-0.741811896123779,0.20554829778155478,0.7601165863213839,1.2478033984675114,-2.0004277640047605,2.716719574747661,2.511333822060729,-2.148474762263805,2.4504693589928763,2.001925214790738,-0.2681317991711121
Gemma_2_2B_base,dismissal_01,personhood_dismissal,harm_to_model,1,23,True,8254,]:,101.84893035888672,1.0235538482666016,4.4478302001953125,-5.50969123840332,-4.629824638366699,8.40968132019043,-18.332860946655273,-11.813307762145996,-0.14837682247161865,-19.142433166503906,-12.832950592041016,1.246240405141641,0.6569076974592175,-1.042425256796622,-0.374007827811266,-0.6898694091419274,-0.3315272509234767,-1.5668027102928639,0.6046010610653126,-0.8065469402805152,-0.7789500938258562,0.9515740513004292
Gemma_2_2B_base,dismissal_02,personhood_dismissal,harm_to_model,1,25,True,8254,]:,99.367431640625,1.060287356376648,4.492857456207275,-4.764270782470703,-4.798449516296387,8.32603931427002,-16.84555435180664,-10.403098106384277,-0.20241260528564453,-17.310592651367188,-12.14260196685791,1.2843434328656445,0.6996326153249092,-0.2658152750960332,-0.4935199032428804,-0.7767587501333428,0.4337623494893315,-0.5252988848649819,0.5458153317960158,0.04657562446137496,-0.5097600801094868,0.9919880240952768
Gemma_2_2B_base,dismissal_03,personhood_dismissal,harm_to_model,1,22,True,8254,]:,100.91849517822266,0.8649080991744995,3.7054128646850586,-4.349358081817627,-4.0459513664245605,9.149730682373047,-17.317373275756836,-9.778264999389648,0.3898930549621582,-18.29134750366211,-12.48657512664795,1.0816799346893662,-0.04754828078902194,0.1664580040942753,0.039809560082997845,0.07891178726256916,0.19098919361974837,-0.06383128071828746,1.1901868644123914,-0.41018034750185584,-0.6438867173246826,0.5170658269501721
Gemma_2_2B_base,dismissal_04,personhood_dismissal,harm_to_model,1,27,True,8254,]:,99.2254409790039,1.0986824035644531,4.808812141418457,-4.856095790863037,-4.780737400054932,8.53387451171875,-18.08584976196289,-11.05192756652832,-0.25439250469207764,-17.863710403442383,-12.212965965270996,1.3241699461155796,0.9994318740525946,-0.3614823815185503,-0.48096652560197883,-0.56085451466672,-0.20442831148122495,-1.0044888847556863,0.4892662057387782,-0.21102171076266946,-0.5371973560118373,1.1618009100840871
Gemma_2_2B_base,dismissal_05,personhood_dismissal,harm_to_model,1,29,True,8254,]:,102.3058853149414,0.8935960531234741,4.487595558166504,-4.869572162628174,-4.2660064697265625,8.952716827392578,-18.217201232910156,-10.079513549804688,-0.13844704627990723,-18.230573654174805,-12.23214340209961,1.111437449310295,0.6946397691796793,-0.3755226251778405,-0.11615344150865761,-0.1257509756286065,-0.2720148568936037,-0.28631700571667135,0.6154037015474478,-0.3818768233056038,-0.5446752799108963,0.9030386092449871
Gemma_2_2B_base,dismissal_06,personhood_dismissal,harm_to_model,1,39,True,8254,]:,98.084228515625,0.3185722231864929,4.536040306091309,-4.349555969238281,-4.070173740386963,8.97821044921875,-16.77252197265625,-8.863706588745117,0.4449775218963623,-17.109739303588867,-11.474613189697266,0.5149752527672092,0.7406074354208002,0.1662518367629256,0.022642068431294522,-0.09926758399320922,0.47134096337484804,0.611611607771244,1.2501134610397124,0.14011680437181417,-0.2492889188341805,0.6277913440940047
Gemma_2_2B_base,dismissal_07,personhood_dismissal,harm_to_model,1,29,True,8254,]:,102.52355194091797,0.9719111919403076,4.622596263885498,-4.6734514236450195,-4.512565612792969,8.327258110046387,-18.184249877929688,-10.57300090789795,-1.0062687397003174,-17.556074142456055,-12.263532638549805,1.192672377828622,0.8227376053463339,-0.17119589614777284,-0.2909010544723479,-0.7754926355698968,-0.25505982598511107,-0.650779813891682,-0.3287027491541982,-0.06774972075502747,-0.556914992836135,1.0077049915874778
Gemma_2_2B_base,dismissal_08,personhood_dismissal,harm_to_model,1,29,True,8254,]:,97.06619262695312,-0.24102923274040222,3.803187847137451,-4.878913879394531,-4.240128040313721,9.074493408203125,-16.268404006958008,-8.427740097045898,1.0237774848937988,-17.370101928710938,-11.609560012817383,-0.06548958401606775,0.04522726150669448,-0.38525521358379744,-0.09781222848000311,0.0007534851190796894,0.730733504137023,0.9335926458445156,1.8797920953430272,0.018861035285118344,-0.3019091976926337,-0.010131161254686633
Gemma_2_2B_base,dismissal_09,personhood_dismissal,harm_to_model,1,34,True,8254,]:,102.1163101196289,0.6476332545280457,4.410545349121094,-5.145188331604004,-4.17688512802124,9.073674201965332,-18.146862030029297,-10.824625968933105,-0.36307716369628906,-17.89617156982422,-11.873011589050293,0.8563045252814038,0.6215292991096197,-0.6626709939154628,-0.05298911698416841,-9.752615635074023e-05,-0.2358220096000524,-0.8366163400925215,0.3710277606340462,-0.22613948618544866,-0.4046377768955343,0.7389169121955117
Gemma_2_2B_base,dismissal_10,personhood_dismissal,harm_to_model,1,35,True,8254,]:,99.15160369873047,0.6475858688354492,4.948846817016602,-3.8517801761627197,-3.662527322769165,9.720067024230957,-16.471864700317383,-8.274873733520508,0.686481237411499,-17.171907424926758,-11.164347648620605,0.856255372928372,1.1323062826483559,0.6848553262093606,0.3115595164965803,0.6713909888570855,0.6260433526511044,1.046491392311364,1.5128462521360053,0.11116394156377224,-0.12830600931366065,0.9942808277883639
Gemma_2_2B_base,dismissal_11,personhood_dismissal,harm_to_model,1,39,True,8254,]:,103.22312927246094,0.5930227637290955,4.5036091804504395,-5.0065484046936035,-4.804060935974121,8.331254959106445,-17.941862106323242,-10.377812385559082,-1.2542940378189087,-17.386653900146484,-11.67848014831543,0.7996580149971124,0.709834581331492,-0.5182301615718575,-0.4974969700911273,-0.77134061198977,-0.1303398512871396,-0.5066242325815117,-0.5985303942411051,0.01115247102641466,-0.3287834631626815,0.7547462981643023
Gemma_2_2B_base,dismissal_12,personhood_dismissal,harm_to_model,1,40,True,8254,]:,102.47732543945312,0.8104680776596069,4.422606945037842,-4.950945854187012,-5.128247261047363,7.115274429321289,-16.91480255126953,-11.506977081298828,-0.4192993640899658,-16.408580780029297,-12.298506736755371,1.025210249222271,0.6329741603007016,-0.4603011157725916,-0.7272624768878562,-2.0345306291201757,0.39813087506448,-1.3405636013456752,0.3098634195410001,0.46665950990048466,-0.5705525632349707,0.8290922047614864
Gemma_2_2B_base,dismissal_13,personhood_dismissal,harm_to_model,1,34,True,8254,]:,98.03524780273438,0.8495358824729919,5.233600616455078,-4.667991638183594,-4.31479549407959,9.357625961303711,-16.929725646972656,-9.246788024902344,-0.9271808862686157,-17.218002319335938,-10.921034812927246,1.0657346022315402,1.4025000224072308,-0.16550766495752184,-0.1507324290833452,0.29487843682738996,0.3904522363849219,0.3286885831145658,-0.24266277900465766,0.08969668269766347,-0.03343019847201257,1.2341173123193854
Gemma_2_2B_base,dismissal_14,personhood_dismissal,harm_to_model,1,31,True,8254,]:,100.12055969238281,-0.08276209235191345,4.09897518157959,-5.478127479553223,-5.034924030303955,9.087618827819824,-18.20751953125,-10.808337211608887,-0.18466520309448242,-18.554113388061523,-11.929283142089844,0.09867816222682549,0.3258903684567316,-1.009540822263218,-0.6611200836119435,0.014388488825423115,-0.2670331633944425,-0.8245863536324751,0.5651227967037358,-0.5325553596129774,-0.4265799371055881,0.21228426534177852
Gemma_2_2B_base,dismissal_15,personhood_dismissal,harm_to_model,1,21,True,8254,]:,102.53949737548828,1.0714362859725952,4.458292484283447,-5.136954307556152,-4.530393600463867,9.236298561096191,-18.31363296508789,-10.492130279541016,-1.152854323387146,-18.462085723876953,-12.783489227294922,1.2959080232177203,0.6668350229936523,-0.6540924457763141,-0.3035365554344701,0.168840595766232,-0.32163354482319223,-0.5910531849791832,-0.48817375130574003,-0.48969634637050286,-0.75966345375918,0.9813715231056863
Gemma_2_2B_base,dismissal_16,personhood_dismissal,harm_to_model,1,36,True,8254,]:,98.85084533691406,0.5803922414779663,4.597341060638428,-5.273953437805176,-4.944075107574463,8.569089889526367,-17.579444885253906,-10.131440162658691,0.5713152885437012,-17.759857177734375,-12.174016952514648,0.7865565944069076,0.7987737536711229,-0.7968238280303426,-0.5967313443023423,-0.5242719275228969,0.05614095317880144,-0.32466716571450915,1.38755678766235,-0.16265531120952853,-0.5220098335113915,0.7926651740390153
Gemma_2_2B_base,dismissal_17,personhood_dismissal,harm_to_model,1,30,True,8254,]:,100.89737701416016,1.015320062637329,5.416949272155762,-4.7874755859375,-4.894464492797852,9.10504150390625,-16.98860740661621,-9.831759452819824,-0.8098152875900269,-16.977153778076172,-11.675494194030762,1.2376996428173404,1.5764736763539748,-0.2899910028377252,-0.5615700584459136,0.032487586602883554,0.36015478563381764,-0.10333936212949274,-0.11498030731373932,0.20186437608364516,-0.3276191397389432,1.4070866595856577
Gemma_2_2B_base,dismissal_18,personhood_dismissal,harm_to_model,1,27,True,8254,]:,101.2880630493164,-0.28130412101745605,2.551362991333008,-5.320014476776123,-4.991610527038574,8.460542678833008,-17.17702293395996,-10.313385963439941,-0.41885578632354736,-17.869226455688477,-11.994319915771484,-0.10726602366360653,-1.1425891608901404,-0.844812130937301,-0.6304218454099971,-0.6370333982673574,0.26320608377780136,-0.4590423962059321,0.3103459894442862,-0.21359063999016092,-0.4519399499466157,-0.6249275922768734
Gemma_2_2B_base,dismissal_19,personhood_dismissal,harm_to_model,2,59,True,8254,]:,84.49861907958984,-0.48415976762771606,5.33752965927124,-3.1993327140808105,-0.6172475814819336,9.292963981628418,-12.905665397644043,-6.577206611633301,-2.1766462326049805,-11.660080909729004,-3.9974660873413086,-0.31768465026484494,1.5011149550382745,1.3646021825712287,2.469886962716255,0.22770600666672708,2.4610215937131437,2.3002956011569076,-1.6019607803659415,2.6781251667373027,2.666300766752071,0.5917151523867148
Gemma_2_2B_base,dismissal_20,personhood_dismissal,harm_to_model,2,61,True,8254,]:,87.16468811035156,-0.9606754183769226,4.704337120056152,-2.9692044258117676,0.20302164554595947,9.402853965759277,-12.74683952331543,-6.06702184677124,-1.4123072624206543,-11.56869125366211,-3.83205246925354,-0.8119660294629534,0.900298879904896,1.6043593884796814,3.0512488527196187,0.34186238297091515,2.5427450193478762,2.677090201951106,-0.7704335694828954,2.7206870476054354,2.7308010677559444,0.044166425220971306
Gemma_2_2B_base,insult_01,anger_insults,harm_to_model,1,23,True,8254,]:,103.11923217773438,0.6235914826393127,4.00485897064209,-4.427497386932373,-3.8395309448242188,8.737183570861816,-18.22962188720703,-9.989118576049805,-0.3221855163574219,-18.265779495239258,-11.518916130065918,0.8313664143319619,0.23658651700581337,0.08504923159240392,0.18610904625497526,-0.3496521412643497,-0.27840587109110915,-0.21955621551749313,0.41551393599142905,-0.39827284532532636,-0.2665641167421213,0.5339764656688877
Gemma_2_2B_base,insult_02,anger_insults,harm_to_model,1,21,True,8254,]:,104.30149841308594,1.11310875415802,4.081417560577393,-4.525542736053467,-4.030828475952148,8.697741508483887,-18.431455612182617,-9.688859939575195,-0.7612770795822144,-17.816041946411133,-12.128388404846191,1.3391341481454027,0.30923050548314684,-0.017098484076997343,0.05052783634847622,-0.3906255106814064,-0.3822588703794736,0.002198413114056558,-0.06217541014061189,-0.1888216142019962,-0.5042177369899098,0.8241823268142747
Gemma_2_2B_base,insult_03,anger_insults,harm_to_model,1,21,True,8254,]:,104.14930725097656,1.0731827020645142,4.291326522827148,-5.121434688568115,-4.687156677246094,8.329203605651855,-18.50440788269043,-10.454086303710938,-0.7387510538101196,-18.646512985229492,-12.68258285522461,1.2977195501910952,0.5084063817348702,-0.6379234623222443,-0.414641636056687,-0.773471607628246,-0.41979626457882685,-0.5629559824110232,-0.03766926285097099,-0.5755875890378036,-0.720316685053047,0.9030629659629827
Gemma_2_2B_base,insult_05,anger_insults,harm_to_model,1,23,True,8254,]:,104.06156921386719,1.5377107858657837,5.077951431274414,-3.8660359382629395,-4.009832382202148,8.889032363891602,-18.452407836914062,-9.569366455078125,-0.9028123617172241,-17.668195724487305,-11.774299621582031,1.7795664351287528,1.254809506890609,0.6700030813378027,0.06540871733607023,-0.19190793831858696,-0.3930397811533675,0.09044977397300864,-0.21615217043439583,-0.11996684928506172,-0.36614667992303984,1.517187971009681
Gemma_2_2B_base,insult_06,anger_insults,harm_to_model,1,22,True,8254,]:,101.43089294433594,0.8984061479568481,4.538799285888672,-4.887423992156982,-4.413038730621338,8.39795207977295,-18.008577346801758,-9.849295616149902,-0.9887712597846985,-17.530399322509766,-12.017163276672363,1.116426876844471,0.7432253427879321,-0.39412140240933535,-0.2203618529286164,-0.7020540280901449,-0.16466799849235236,-0.11629061453156149,-0.30966717562036683,-0.05579247444407905,-0.4608473402272939,0.9298261098162015
Gemma_2_2B_base,insult_07,anger_insults,harm_to_model,1,21,True,8254,]:,100.99700927734375,0.7715556025505066,3.5671701431274414,-4.984651565551758,-4.817570686340332,8.0169038772583,-17.798202514648438,-10.112716674804688,-1.4358583688735962,-17.895641326904297,-11.789634704589844,0.9848470170079716,-0.17872236171701927,-0.49541712537207455,-0.507071941024551,-1.0978961272617767,-0.05642019552210382,-0.31083902027129534,-0.7960549058610494,-0.22589254208958331,-0.3721263415818427,0.40306232764547617
Gemma_2_2B_base,insult_08,anger_insults,harm_to_model,1,25,True,8254,]:,102.09622955322266,0.45897376537323,3.874528408050537,-4.4177751541137695,-3.9901680946350098,8.800420761108398,-17.52069091796875,-8.897588729858398,-0.5080462694168091,-17.578533172607422,-11.031286239624023,0.6606113253799142,0.11292002974231975,0.09517825742105258,0.07934568706370898,-0.2839598168609546,0.08637264871626427,0.5865881090035314,0.21331533087932245,-0.07820931330472047,-0.07642091646885503,0.38676567756111696
Gemma_2_2B_base,insult_10,anger_insults,harm_to_model,1,24,True,8254,]:,98.86128997802734,0.6703685522079468,3.3233084678649902,-4.933775424957275,-4.950627326965332,8.48413372039795,-17.874685287475586,-10.11785888671875,-0.28064072132110596,-18.40880012512207,-12.565411567687988,0.8798874533049275,-0.410114877472589,-0.44241224966519005,-0.6013751984459317,-0.6125264530748981,-0.09577420017593843,-0.31463677712097743,0.4607106731601811,-0.4648802413122631,-0.6746276819196204,0.23488628791616922
Gemma_2_2B_base,insult_11,anger_insults,harm_to_model,1,32,True,8254,]:,102.58753204345703,1.359182596206665,5.69530725479126,-4.006920337677002,-3.859511613845825,9.58206558227539,-17.485071182250977,-9.2384672164917,-1.1279715299606323,-16.786407470703125,-10.993030548095703,1.5943822556129081,1.8405986308526807,0.5232238643468164,0.1719478426852383,0.5280317494960142,0.10470068774243353,0.33483387772018086,-0.46110366771188877,0.29069851727469387,-0.06150374309937621,1.7174904432327944
Gemma_2_2B_base,insult_13,anger_insults,harm_to_model,1,30,True,8254,]:,98.66252899169922,0.29290682077407837,4.6444172859191895,-3.389181137084961,-3.3128442764282227,9.649845123291016,-16.055503845214844,-8.05787467956543,-0.08450818061828613,-15.897565841674805,-9.818254470825195,0.48835297817426115,0.8434428727045583,1.1668102127618214,0.5593957025004118,0.5984427778631753,0.8402807086425137,1.2067550409717251,0.6740839942858735,0.7046487732823276,0.39658073308862635,0.6658979254394097
Gemma_2_2B_base,insult_14,anger_insults,harm_to_model,1,23,True,8254,]:,102.58838653564453,0.7723721265792847,4.623470306396484,-4.023645401000977,-3.717163562774658,9.717395782470703,-18.084585189819336,-8.832630157470703,-0.30703437328338623,-17.691612243652344,-11.590067863464355,0.9856939831515984,0.823566956228455,0.5057989989321393,0.27283634280474217,0.6686160382372012,-0.20377762929250473,0.6345629625011664,0.43199692094116227,-0.13087236246829578,-0.2943085568565471,0.9046304696900267
Gemma_2_2B_base,insult_16,anger_insults,harm_to_model,1,24,True,8254,]:,99.01463317871094,0.6758308410644531,4.92033576965332,-4.1493964195251465,-3.7639551162719727,9.48427677154541,-16.806812286376953,-8.442147254943848,0.18188107013702393,-17.002565383911133,-11.264781951904297,0.8855533903320272,1.1052530650030834,0.3747863665075283,0.2396730531419603,0.4264463651288886,0.4536969748547693,0.9229523059468622,0.9638898518053043,0.1900297135325148,-0.16746870261425206,0.9954032276675553
Gemma_2_2B_base,insult_17,anger_insults,harm_to_model,1,26,True,8254,]:,99.6527328491211,1.5242105722427368,4.949079513549805,-4.055970668792725,-4.050713539123535,8.325244903564453,-16.961950302124023,-9.128962516784668,-0.9806833267211914,-16.989173889160156,-11.819879531860352,1.765562898836551,1.1325270809192096,0.4721211927646019,0.03643439296764761,-0.7775840032095169,0.3738711269151961,0.415708067725355,-0.30086828313358843,0.19626638438528715,-0.38391981109970813,1.4490449898778803
Gemma_2_2B_base,insult_18,anger_insults,harm_to_model,1,27,True,8254,]:,101.01136779785156,1.7897064685821533,5.28233003616333,-3.4566996097564697,-3.757871627807617,8.730793952941895,-17.365427017211914,-9.332165718078613,-1.4743125438690186,-16.6325626373291,-11.0684232711792,2.040957164707478,1.4487378045657693,1.0964666644884264,0.24398469648406887,-0.3562898310727127,0.16626327044837977,0.26563328230451544,-0.8378893459826109,0.36234694831211955,-0.0909018869076264,1.7448474846366238
Gemma_2_2B_base,insult_19,anger_insults,harm_to_model,1,23,True,8254,]:,103.62599182128906,0.7631005644798279,4.606147766113281,-4.170060634613037,-3.71279239654541,9.688398361206055,-18.79693031311035,-9.308141708374023,0.041116952896118164,-18.2335205078125,-11.723556518554688,0.9760767533824709,0.8071301538030894,0.3532575292271164,0.2759343859554797,0.6384928149068896,-0.5703128928673128,0.28337610366956406,0.8107520446704448,-0.38324922844269727,-0.34636024724010545,0.8916034535927801
Gemma_2_2B_base,insult_20,anger_insults,harm_to_model,1,29,True,8254,]:,102.19457244873047,1.5177435874938965,5.493505001068115,-4.041006088256836,-3.7544355392456055,9.170099258422852,-17.961042404174805,-9.225533485412598,-0.7557687759399414,-17.612775802612305,-11.391976356506348,1.758854808271458,1.64911495009847,0.487711914113392,0.2464200078121167,0.1000711572516764,-0.1402090218599459,0.3443860250487025,-0.056182906103755606,-0.09415674982655813,-0.21706605425725697,1.703984879184964
Gemma_2_2B_base,insult_21,anger_insults,harm_to_model,1,28,True,8254,]:,99.72428894042969,1.3712040185928345,4.8431854248046875,-4.141897201538086,-4.2331132888793945,8.883938789367676,-17.445724487304688,-9.355140686035156,-1.3520389795303345,-16.703357696533203,-11.20759391784668,1.6068518675293615,1.032047579283681,0.38259936318255683,-0.09284055696364012,-0.19719926686582087,0.12494642359629408,0.2486652258754183,-0.7048674801803803,0.32937635836163504,-0.14516917580879343,1.3194497234065212
Gemma_2_2B_base,insult_23,anger_insults,harm_to_model,3,68,True,8254,]:,87.32330322265625,-0.7494196891784668,4.918976783752441,-2.5376358032226562,0.019659996032714844,8.398763656616211,-12.576712608337402,-6.796689987182617,-3.0066871643066406,-11.027965545654297,-3.2413268089294434,-0.5928341436003594,1.103963566904859,2.0539854987158823,2.921292160937581,-0.7012109424144857,2.6302833649949275,2.1381971682618612,-2.50496539975647,2.9725131749487703,2.961144756154075,0.25556471165224987
Gemma_2_2B_base,insult_24,anger_insults,harm_to_model,2,52,True,8254,]:,85.27371978759766,-0.33124881982803345,5.637697219848633,-2.4511075019836426,0.6691150665283203,8.641681671142578,-12.160457611083984,-5.906339168548584,-3.093909740447998,-9.953227996826172,-2.8210253715515137,-0.15907278923974733,1.7859343179638514,2.1441342757007305,3.3815903347745397,-0.44886182710006406,2.8444662521153354,2.7957616515225525,-2.5998551650230066,3.473038655471965,3.125034341163049,0.813430764362052
Gemma_2_2B_base,insult_25,anger_insults,harm_to_model,2,73,True,8254,]:,85.55304718017578,-0.6042543053627014,3.9896068572998047,-2.8325164318084717,-1.3710315227508545,7.319065093994141,-12.906049728393555,-6.80718469619751,-3.4045920372009277,-10.404688835144043,-4.03070068359375,-0.44225662109618635,0.22211427624447933,1.7467666160741784,1.9356462008896715,-1.8228279522322495,2.46082383736167,2.130446349409427,-2.93784759216224,3.2627848560370722,2.6533414863324425,-0.11007117242585351
Gemma_2_2B_base,critique_01,rude_critique,harm_to_model,1,14,True,8254,]:,104.52206420898438,0.2853381931781769,3.6756532192230225,-5.370701789855957,-4.7689642906188965,8.594228744506836,-19.35982894897461,-10.566970825195312,-0.19692492485046387,-19.878456115722656,-13.117339134216309,0.4805021726847517,-0.07578625309050506,-0.8976202782990904,-0.4726223906187008,-0.4981570762768595,-0.8599508690623383,-0.646326324173481,0.5517853997691073,-1.1493266642563906,-0.8898426961666522,0.20235795979712332
Gemma_2_2B_base,critique_02,rude_critique,harm_to_model,1,23,True,8254,]:,104.43275451660156,-0.767670750617981,2.5925214290618896,-5.66048002243042,-5.581411838531494,9.941112518310547,-19.3840389251709,-12.600699424743652,-0.22799921035766602,-20.131744384765625,-13.45824909210205,-0.6117656515287324,-1.1035352405051304,-1.1995232729188485,-1.0484407029726333,0.9010184003275061,-0.8724080470735387,-2.1483271845828384,0.5179795688931075,-1.2672877727259475,-1.022774888528112,-0.8576504460169314
Gemma_2_2B_base,critique_03,rude_critique,harm_to_model,1,26,True,8254,]:,101.20962524414062,0.9087822437286377,4.043238639831543,-4.055109977722168,-4.5170745849609375,7.716536045074463,-17.711503982543945,-10.339276313781738,-1.9295518398284912,-16.797611236572266,-11.426741600036621,1.127189820140684,0.2730037531215595,0.47301789645878556,-0.2940967669228087,-1.4099255042031678,-0.011809699461352862,-0.4781635948252144,-1.3331458706659631,0.28548071288939475,-0.23062218523424707,0.7000967866311217
Gemma_2_2B_base,critique_04,rude_critique,harm_to_model,1,20,True,8254,]:,98.86817169189453,0.7328346967697144,3.7666940689086914,-4.93687629699707,-4.932314395904541,7.830088138580322,-17.36505126953125,-9.947611808776855,-0.4397691488265991,-18.09869384765625,-12.122241020202637,0.9446824963190111,0.010599486786905235,-0.4456428669080025,-0.5883959961764789,-1.2919648400088133,0.1664566104049075,-0.18890158432893328,0.28759426452810805,-0.3204579181961835,-0.5018206661533027,0.4776409915529582
Gemma_2_2B_base,critique_05,rude_critique,harm_to_model,1,24,True,8254,]:,96.2109375,0.026303023099899292,3.127641439437866,-5.547849655151367,-5.385204315185547,7.879457473754883,-17.333253860473633,-10.086041450500488,-0.8402204513549805,-17.652145385742188,-11.95805835723877,0.21180950555870595,-0.5957770398826584,-1.0821802797458484,-0.9093795595739183,-1.2406787792394947,0.1828178815484292,-0.29113815661356934,-0.14805819815556961,-0.11249190480050406,-0.4378003557144849,-0.19198376716197624
Gemma_2_2B_base,critique_06,rude_critique,harm_to_model,1,19,True,8254,]:,98.92527770996094,0.29790911078453064,3.8491785526275635,-4.2883734703063965,-3.730739116668701,8.466001510620117,-17.141834259033203,-8.887913703918457,-0.47416937351226807,-17.423873901367188,-11.209837913513184,0.493541766415797,0.0888663656557062,0.2299943045175031,0.26321473393581046,-0.6313626316310782,0.28131232163556824,0.5937335547082838,0.2501701320391861,-0.006181583242350459,-0.14604418475675135,0.2912040660357516
Gemma_2_2B_base,critique_07,rude_critique,harm_to_model,1,20,True,8254,]:,97.1302261352539,1.0028547048568726,3.966559886932373,-4.699300765991211,-4.8877763748168945,7.679162502288818,-16.190296173095703,-9.465118408203125,-0.667421817779541,-16.972999572753906,-12.1607084274292,1.2247695444538667,0.2002457458650146,-0.19812681429829732,-0.5568298868268186,-1.4487500453822633,0.7709236795673126,0.16744168731730602,0.039930078546762414,0.20379906759729538,-0.5168203945531455,0.7125076451594407
Gemma_2_2B_base,critique_08,rude_critique,harm_to_model,1,28,True,8254,]:,97.60305786132812,0.38762858510017395,2.241835117340088,-4.874148845672607,-5.084029674530029,8.86728286743164,-17.369388580322266,-9.965826988220215,0.2851390838623047,-17.414438247680664,-11.744585037231445,0.5866062133776984,-1.4362902247519076,-0.3802908036026465,-0.6959234740067565,-0.21450184186627774,0.16422485882549603,-0.20235432094409062,1.07622462931063,-0.0017872219393074622,-0.3545599698505908,-0.4248420056871046
Gemma_2_2B_base,critique_09,rude_critique,harm_to_model,1,24,True,8254,]:,105.19641876220703,0.8253329396247864,4.3352556228637695,-3.8921403884887695,-3.494791030883789,9.360279083251953,-19.018627166748047,-9.18945026397705,-1.2682924270629883,-18.358741760253906,-11.490787506103516,1.040629311454931,0.550089294646102,0.6428063812058996,0.43044181082080957,0.29763456414781775,-0.6843864114819705,0.3710351215183933,-0.6137592940081517,-0.44156711974396645,-0.2555958256583905,0.7953593030505165
Gemma_2_2B_base,critique_10,rude_critique,harm_to_model,1,29,True,8254,]:,100.7874984741211,1.3239855766296387,3.9635369777679443,-4.634410858154297,-5.042214393615723,8.125082015991211,-18.372140884399414,-10.982271194458008,-0.11201739311218262,-18.508331298828125,-12.134122848510742,1.5578730006643193,0.19737740439354343,-0.13052181401060178,-0.666287093727753,-0.985518057406247,-0.3517386370388679,-0.9530444930085087,0.6441566196118824,-0.511233779997667,-0.5064537883303565,0.8776252025289314
Gemma_2_2B_base,critique_11,rude_critique,harm_to_model,1,29,True,8254,]:,97.19982147216797,1.6124614477157593,5.5275421142578125,-3.7539823055267334,-3.185703992843628,8.974959373474121,-15.988237380981445,-9.093381881713867,-1.2996644973754883,-15.718389511108398,-9.526617050170898,1.8571039938156202,1.6814116742210483,0.7867452085173872,0.6495057701767531,-0.10264488019570321,0.8748924865453738,0.441985981357549,-0.6478890860823264,0.7880945587700694,0.5102999155456265,1.7692578340183343
Gemma_2_2B_base,critique_12,rude_critique,harm_to_model,1,33,True,8254,]:,102.30558776855469,0.14617331326007843,3.386868476867676,-4.343748569488525,-3.461068630218506,9.573227882385254,-18.705209732055664,-9.559467315673828,0.07763171195983887,-18.438709259033203,-10.99355411529541,0.33614886828917434,-0.34980482519090256,0.17230222695210173,0.4543424009444387,0.5188509328610738,-0.5231183150525643,0.0977607376413507,0.8504765869805142,-0.4788094872376759,-0.06170789945824952,-0.006827978450864108
Gemma_2_2B_base,critique_13,rude_critique,harm_to_model,1,37,True,8254,]:,100.55858612060547,0.6356722116470337,3.8124797344207764,-4.6890177726745605,-4.2336835861206055,9.25633716583252,-18.229812622070312,-9.965027809143066,-1.1408456563949585,-17.49473762512207,-10.462872505187988,0.8438975439732791,0.05404403508250065,-0.18741356489936611,-0.09324475240470939,0.18965718356523573,-0.2785040132010217,-0.20176409092924757,-0.4751094777831838,-0.039184151564961425,0.1452226059308961,0.4489707895278899
Gemma_2_2B_base,critique_14,rude_critique,harm_to_model,1,28,True,8254,]:,97.652099609375,-0.07830223441123962,3.3586952686309814,-5.207077980041504,-4.1494550704956055,8.267645835876465,-16.744077682495117,-9.502691268920898,-0.16472578048706055,-16.889802932739258,-10.784213066101074,0.10330429513657981,-0.37653747813351124,-0.7271501993866466,-0.033548194954477605,-0.83741930938201,0.48597689622610707,0.13969242463856418,0.5868149687820081,0.2425453068690626,0.01992117583552066,-0.13661659149846572
Gemma_2_2B_base,critique_15,rude_critique,harm_to_model,1,20,True,8254,]:,99.79591369628906,0.16954684257507324,4.648665428161621,-4.635681629180908,-3.632391929626465,10.53783893585205,-17.8852596282959,-10.161657333374023,-1.4375817775726318,-18.238811492919922,-11.188077926635742,0.3603938228638637,0.8474737985140601,-0.13184575602999207,0.3329178322009421,1.5209122515305333,-0.10121519874949036,-0.34698391752871127,-0.7979298086000464,-0.38571333967266314,-0.13755923823505323,0.6039338106889619
Gemma_2_2B_base,critique_16,rude_critique,harm_to_model,1,24,True,8254,]:,101.90974426269531,-0.2515471875667572,3.2837412357330322,-5.851017475128174,-5.157660484313965,8.952920913696289,-16.89486312866211,-10.846540451049805,0.0350499153137207,-17.61186981201172,-12.348453521728516,-0.07639967523708059,-0.4476589539439939,-1.398033102472353,-0.7481089581478205,-0.12553896583472743,0.40839065123473833,-0.8528011796045477,0.8041516919002636,-0.09373481297211192,-0.5900284848802745,-0.26202931459053724
Gemma_2_2B_base,critique_17,rude_critique,harm_to_model,1,26,True,8254,]:,100.14459991455078,-0.5468340516090393,3.6162002086639404,-4.282316207885742,-3.9906797409057617,10.384586334228516,-17.308252334594727,-9.306262969970703,-0.7940809726715088,-17.787649154663086,-11.204326629638672,-0.38269559267111375,-0.13219930638271576,0.23630501201180512,0.07898306021733162,1.3617097382268737,0.19568234931576664,0.2847636372366772,-0.09786288754356112,-0.17559855732770915,-0.14389515088074253,-0.2574474495269148
Gemma_2_2B_base,critique_18,rude_critique,harm_to_model,1,21,True,8254,]:,104.19967651367188,0.6513633728027344,3.510059356689453,-5.720221042633057,-5.171889781951904,8.741063117980957,-19.682559967041016,-11.144743919372559,-0.9116251468658447,-18.980710983276367,-12.792529106140137,0.8601737119544677,-0.23291295372555362,-1.2617639482814496,-0.7581939047673425,-0.34562197378070475,-1.0260112447187744,-1.0730379732933926,-0.2257396322028005,-0.731229879329694,-0.7631884048079233,0.313630379114457
Gemma_2_2B_base,critique_19,rude_critique,harm_to_model,3,80,True,8254,]:,86.42288970947266,-1.5724599361419678,4.008253574371338,-3.5093019008636475,0.48298370838165283,10.196061134338379,-14.22111988067627,-6.8936991691589355,-2.4334089756011963,-12.020589828491211,-2.0203728675842285,-1.4465594467778193,0.23980754751853572,1.0416634135056722,3.249670625250486,1.1658651957811068,1.784158034331546,2.066551485141509,-1.8812939242599853,2.5102293860482368,3.4372355256990983,-0.6033759496296418
Gemma_2_2B_base,critique_20,rude_critique,harm_to_model,3,80,True,8254,]:,84.2150650024414,-1.4040495157241821,4.694374084472656,-2.7711095809936523,0.7877424955368042,9.37463092803955,-12.55840015411377,-4.555113315582275,-3.0745902061462402,-11.130623817443848,-1.4160642623901367,-1.27187025295059,0.8908452752507562,1.8107428229357438,3.4656669575005887,0.3125436080173783,2.6397059889676315,3.7937032619289233,-2.5788373717399744,2.9247032878994412,3.6728756585058675,-0.19051248884991695
Gemma_2_2B_base,passive_01,passive_aggressive,harm_to_model,1,24,True,8254,]:,103.28876495361328,0.9086464047431946,4.805736541748047,-4.746406555175781,-4.941311359405518,8.309914588928223,-18.793561935424805,-9.972013473510742,-1.5251528024673462,-18.181840896606445,-12.097861289978027,1.1270489167286595,0.9965135362513502,-0.2472035813570321,-0.5947725510110066,-0.7935095052497313,-0.5685797032062572,-0.20692332107092443,-0.8931986525624458,-0.35918106197697053,-0.4923141940982257,1.0617812264900048
Gemma_2_2B_base,passive_02,passive_aggressive,harm_to_model,1,17,True,8254,]:,102.34757995605469,0.583847165107727,4.136539936065674,-5.2247467041015625,-5.021553039550781,7.62224006652832,-18.48811149597168,-10.442815780639648,-0.6397867202758789,-18.426319122314453,-12.56358814239502,0.7901403264712319,0.3615343581690162,-0.7455582097380492,-0.6516434578903518,-1.50788244992505,-0.4114110027078983,-0.5546321896718646,0.06999440399147909,-0.47303916764508097,-0.6739166674238722,0.5758373423201241
Gemma_2_2B_base,passive_03,passive_aggressive,harm_to_model,1,22,True,8254,]:,104.83535766601562,0.40666663646698,3.3949432373046875,-5.335465908050537,-4.927386283874512,8.636796951293945,-19.307395935058594,-10.46115779876709,-0.5726630687713623,-19.29264259338379,-12.4385986328125,0.6063540522409846,-0.342142944210085,-0.8609100736000864,-0.5849032203541954,-0.4539361923535619,-0.8329716030473775,-0.568178602411096,0.14301847432819895,-0.8765022941714683,-0.6251790780790732,0.1321055540154498
Gemma_2_2B_base,passive_04,passive_aggressive,harm_to_model,1,21,True,8254,]:,98.3029556274414,1.9295356273651123,3.390768051147461,-4.567958831787109,-4.953969955444336,7.32080602645874,-16.54410171508789,-9.365212440490723,0.1341407299041748,-16.614849090576172,-11.986244201660156,2.185999513991674,-0.34610464433220844,-0.061289333777119176,-0.603744270387316,-1.8210194294344635,0.5888739913639233,0.24122677815852422,0.9119529579545886,0.370596480032629,-0.4487909589685844,0.9199474348297327
Gemma_2_2B_base,passive_05,passive_aggressive,harm_to_model,1,32,True,8254,]:,97.76010131835938,0.11256977915763855,2.5932204723358154,-4.922948837280273,-4.904762268066406,7.650899887084961,-17.471721649169922,-10.142383575439453,-0.13521385192871094,-17.358192443847656,-11.25973129272461,0.3012925080500719,-1.1028719407816228,-0.4311326610909849,-0.5688685573968602,-1.4781099343846131,0.11156965401521311,-0.3327493726600029,0.6189211057175436,0.024407506272828162,-0.165499281709711,-0.40078971636577543
Gemma_2_2B_base,passive_06,passive_aggressive,harm_to_model,1,23,True,8254,]:,105.23638153076172,0.7318601012229919,4.183045387268066,-5.710707664489746,-5.232011318206787,7.99453067779541,-18.773849487304688,-11.049009323120117,-0.9759106636047363,-18.360347747802734,-12.70189380645752,0.9436715653448933,0.4056618880011974,-1.2518525159254061,-0.8008047559310372,-1.1211379485907613,-0.5584367161467948,-1.0023336295702212,-0.2956760851631602,-0.44231505833647955,-0.7278466706829663,0.6746667266730453
Gemma_2_2B_base,passive_07,passive_aggressive,harm_to_model,1,28,True,8254,]:,99.55236053466797,0.08516363799571991,4.114792823791504,-4.1522417068481445,-3.8727121353149414,8.405200004577637,-16.61541175842285,-8.37714958190918,-1.4207398891448975,-16.110523223876953,-9.99250602722168,0.2728645954920839,0.34089922140911616,0.37182202803484465,0.1625920362530967,-0.6945247083075241,0.552181600730917,0.9709560370466552,-0.7796074554862962,0.6054705169964869,0.3286342244039354,0.30688190845060004
Gemma_2_2B_base,passive_08,passive_aggressive,harm_to_model,1,31,True,8254,]:,103.5362548828125,-0.14608436822891235,3.0057034492492676,-4.38677978515625,-3.474551200866699,8.571731567382812,-17.995826721191406,-9.193553924560547,0.2358001470565796,-16.96640396118164,-10.059109687805176,0.032995069121203625,-0.7114800845925392,0.12747051976416995,0.4447866935061161,-0.521527688602126,-0.1581071984446982,0.3680043819553031,1.0225486162975743,0.20687076789766382,0.3026632299643125,-0.3392425077356678
Gemma_2_2B_base,passive_09,passive_aggressive,harm_to_model,1,23,True,8254,]:,107.18862915039062,0.6180766820907593,3.829385280609131,-5.246721267700195,-5.120265960693359,8.729143142700195,-19.63113021850586,-10.686756134033203,-0.5108733177185059,-18.976694107055664,-13.011582374572754,0.8256460078419426,0.07008516519667425,-0.7684522225041214,-0.7216057684492128,-0.35800473272320177,-0.9995482062019536,-0.7347932105509796,0.2102397745083387,-0.7293591445602966,-0.8486045991522686,0.44786558651930847
Gemma_2_2B_base,passive_10,passive_aggressive,harm_to_model,1,24,True,8254,]:,100.0766372680664,-0.42176175117492676,3.4697749614715576,-5.2640180587768555,-4.418735027313232,8.583273887634277,-17.64237403869629,-8.701371192932129,-0.1548997163772583,-17.881855010986328,-11.269401550292969,-0.25296027535078064,-0.2711375232284425,-0.7864727376303365,-0.2243990759545475,-0.5095372468483023,0.02376092685535284,0.7315036642826942,0.5975047805041703,-0.21947199559708386,-0.16927003850201583,-0.26204889928961156
Gemma_2_2B_base,passive_11,passive_aggressive,harm_to_model,1,32,True,8254,]:,101.85258483886719,1.2055788040161133,4.660768032073975,-4.376669406890869,-4.419219493865967,8.342421531677246,-18.412879943847656,-9.817550659179688,-2.0380566120147705,-17.388229370117188,-10.736871719360352,1.4350517191769399,0.8589575708758252,0.1380039316355142,-0.22474243930582374,-0.759740506024677,-0.37270081029509006,-0.09284552323791005,-1.4511886162318457,0.010418745043735557,0.03838114999003774,1.1470046450263824
Gemma_2_2B_base,passive_12,passive_aggressive,harm_to_model,1,33,True,8254,]:,100.64852142333984,-0.5619486570358276,2.2756400108337402,-5.160148620605469,-4.172792911529541,9.353633880615234,-17.366260528564453,-8.51134967803955,0.005498170852661133,-17.536521911621094,-11.085369110107422,-0.3983737094436521,-1.4042138464447103,-0.6782572441655007,-0.050088778125258256,0.29073136674712013,0.1658343894280619,0.8718431761174236,0.7720022390959569,-0.05864387929202084,-0.0975096361623073,-0.9012937779441812
Gemma_2_2B_base,passive_13,passive_aggressive,harm_to_model,1,32,True,8254,]:,102.19511413574219,0.37355709075927734,4.044151306152344,-4.370688438415527,-4.819114685058594,8.101320266723633,-18.2364444732666,-10.637744903564453,-0.41430795192718506,-17.37537956237793,-11.353407859802246,0.5720100975538818,0.27386975289699855,0.14423515292977776,-0.5081662427287168,-1.0102023378935865,-0.28191641436268117,-0.6985961927433268,0.31529359541321017,0.016403142071954816,-0.20202690768976278,0.42293992522544016
Gemma_2_2B_base,passive_14,passive_aggressive,harm_to_model,1,25,True,8254,]:,98.1612777709961,0.5066534280776978,4.435995101928711,-4.83270263671875,-4.218487739562988,8.08504581451416,-17.736310958862305,-9.726560592651367,-1.3540445566177368,-17.498577117919922,-10.911202430725098,0.7100686084811328,0.6456777526178397,-0.33711042222051335,-0.08247476886290693,-1.0271086329054844,-0.024574062276579503,-0.025645230020519365,-0.7070493549594412,-0.04097227553969875,-0.0295962238636632,0.6778731805494862
Gemma_2_2B_base,passive_15,passive_aggressive,harm_to_model,1,32,True,8254,]:,103.83760070800781,0.7282029390335083,4.270721435546875,-4.699310779571533,-4.73781156539917,8.725363731384277,-18.332847595214844,-9.526150703430176,-0.43145811557769775,-18.034893035888672,-11.73818302154541,0.9398780547474407,0.4888548758329517,-0.19813724686205236,-0.45054304567226433,-0.3619308767098499,-0.3315203809757828,0.12236656767540943,0.2966358685370579,-0.2907446807620238,-0.352063609855843,0.7143664652901962
Gemma_2_2B_base,passive_16,passive_aggressive,harm_to_model,1,24,True,8254,]:,102.66942596435547,-0.003947794437408447,3.8807005882263184,-5.234769821166992,-4.4618635177612305,8.647544860839844,-18.619388580322266,-9.452926635742188,-0.8999228477478027,-18.30659294128418,-11.375089645385742,0.18043085977718398,0.11877661338562333,-0.7560007092680995,-0.25496618720738445,-0.4427710036759124,-0.4789592726974111,0.176445864536582,-0.21300865743096867,-0.4172804344020424,-0.21048136091195704,0.14960373658140366
Gemma_2_2B_base,passive_17,passive_aggressive,harm_to_model,1,26,True,8254,]:,95.7496109008789,-0.73607337474823,2.3599321842193604,-5.5511932373046875,-4.490381717681885,6.459595680236816,-16.56644058227539,-9.439803123474121,-1.0183216333389282,-16.63437271118164,-10.886600494384766,-0.5789902442585074,-1.3242317088775344,-1.0856637624625332,-0.27517832495322914,-2.715665589755109,0.5773795874509651,0.18613817388533488,-0.3418151370100302,0.3615039628913418,-0.020003106213654594,-0.951610976568021
Gemma_2_2B_base,passive_18,passive_aggressive,harm_to_model,1,32,True,8254,]:,98.31271362304688,0.5718541145324707,4.4216156005859375,-4.047562122344971,-3.865879535675049,8.06637954711914,-17.00356674194336,-8.618208885192871,-0.6577116250991821,-16.274919509887695,-10.522772789001465,0.7777001441397384,0.6320335053722075,0.48088156558633866,0.1674346085566767,-1.046499603445647,0.35245749995337616,0.792922802414367,0.05049383330950677,0.5289080761089634,0.12186548224996263,0.704866824755973
Gemma_2_2B_base,passive_19,passive_aggressive,harm_to_model,3,59,True,8254,]:,86.61129760742188,-1.357062578201294,3.7793688774108887,-4.751721382141113,-1.7282958030700684,7.758733749389648,-12.282188415527344,-7.008456230163574,-2.3189890384674072,-10.831097602844238,-2.592477798461914,-1.2231315216065237,0.02262620571634375,-0.25274078876721,1.682436851576843,-1.366089507218758,2.781829994726946,1.981798187968378,-1.7568160487287552,3.0641982768437037,3.2141526823758153,-0.60025265794509
Gemma_2_2B_base,passive_20,passive_aggressive,harm_to_model,2,60,True,8254,]:,87.58978271484375,-0.9139668941497803,5.217602252960205,-3.6381444931030273,-0.8077456951141357,9.14230728149414,-13.75350284576416,-7.147091865539551,-3.146556854248047,-12.79848861694336,-3.477992534637451,-0.7635160913780213,1.3873196888305561,0.9074298512188784,2.3348723361349673,0.07120017868521122,2.0247691195197555,1.8794094800235914,-2.657130156102736,2.1479472965158,2.868860875770254,0.3119017987262674
Gemma_2_2B_base,tedious_01,tedious_demand,harm_to_model,1,25,True,8254,]:,105.83876037597656,0.09265822172164917,3.277902364730835,-5.7418413162231445,-5.524624824523926,9.287381172180176,-20.47919464111328,-10.944894790649414,-0.6167904138565063,-19.7031307220459,-12.577573776245117,0.2806385965658024,-0.45319927121162773,-1.2842888470060934,-1.008193178497398,0.2219064490341663,-1.4359174695061379,-0.9254403226723178,0.09501217134789337,-1.0676743324720739,-0.6793701337314807,-0.08628033732291265
Gemma_2_2B_base,tedious_02,tedious_demand,harm_to_model,1,26,True,8254,]:,101.87562561035156,0.5705803632736206,3.267435312271118,-6.07559871673584,-6.046369552612305,6.935143947601318,-18.41361427307129,-11.314271926879883,-1.098907709121704,-18.37842559814453,-12.803426742553711,0.7763789041594988,-0.46313112130079315,-1.6320111648492608,-1.3779772581949734,-2.221654535067716,-0.37307865741825336,-1.19824209993843,-0.4294850288323738,-0.45073425308688214,-0.7674377576546361,0.15662389142935285
Gemma_2_2B_base,tedious_03,tedious_demand,harm_to_model,1,18,True,8254,]:,102.83133697509766,-0.06773099303245544,3.0344409942626953,-6.75406551361084,-5.743870258331299,8.161454200744629,-19.671960830688477,-11.159163475036621,-0.9834782481193542,-19.747833251953125,-13.650813102722168,0.11426965956968128,-0.6842119505975627,-2.338866044551114,-1.1635823307086726,-0.9477337511971188,-1.0205574876709338,-1.0836874695039254,-0.3039088885266266,-1.0884931410145073,-1.0978620354697888,-0.2849711455139407
Gemma_2_2B_base,tedious_04,tedious_demand,harm_to_model,1,27,True,8254,]:,103.88331604003906,-2.1203603744506836,2.0593812465667725,-6.526874542236328,-5.078695297241211,8.714170455932617,-18.712203979492188,-11.485026359558105,-0.776746392250061,-19.05633544921875,-12.287280082702637,-2.014887021926055,-1.6094148460034525,-2.1021690573441414,-0.6921427596261194,-0.3735587222741421,-0.5267171862230576,-1.3243519972267705,-0.079004532975825,-0.7664496147864054,-0.5661749154086382,-1.812150933964754
Gemma_2_2B_base,tedious_05,tedious_demand,harm_to_model,1,33,True,8254,]:,106.47752380371094,-0.2639268636703491,3.0858500003814697,-4.838907241821289,-3.981509208679199,9.037466049194336,-20.294506072998047,-11.426960945129395,-1.0465924739837646,-19.180551528930664,-11.815483093261719,-0.08924089749051246,-0.635431594908157,-0.34357463743863964,0.085482631055663,-0.03771143197039861,-1.340886464477813,-1.2814680536900969,-0.3725710897845574,-0.824299378251268,-0.38220549267638215,-0.36233624619933474
Gemma_2_2B_base,tedious_06,tedious_demand,harm_to_model,1,36,True,8254,]:,94.48574829101562,-1.8080077171325684,1.257002353668213,-5.003668308258057,-4.0630059242248535,9.248529434204102,-16.140527725219727,-8.99648380279541,2.2330193519592285,-17.507041931152344,-10.297761917114258,-1.690889054571466,-2.3707664213059223,-0.5152295575204063,0.027722223841121767,0.18154632289940462,0.796531900306795,0.5135496098278665,3.195330823875259,-0.04491449819239833,0.2096047453991924,-2.030827737938694
Gemma_2_2B_base,tedious_07,tedious_demand,harm_to_model,1,34,True,8254,]:,107.04630279541016,0.2782928943634033,4.970061302185059,-5.4808549880981445,-4.111264228820801,10.174424171447754,-19.715744018554688,-10.205292701721191,-0.008723258972167969,-19.71404266357422,-11.639422416687012,0.4731942070186631,1.1524360266448466,-1.0123824539145923,-0.006480618645012226,1.143388194830041,-1.0430860090013605,-0.37921061720549265,0.7565306926508538,-1.0727562287758354,-0.31355354753853515,0.8128151168317548
Gemma_2_2B_base,tedious_08,tedious_demand,harm_to_model,1,18,True,8254,]:,103.97681427001953,0.9805762767791748,4.211915016174316,-6.14182186126709,-5.612530708312988,7.933845043182373,-18.668611526489258,-10.699174880981445,-0.3696885108947754,-19.5329647064209,-13.808343887329102,1.201660519305801,0.43305535216221186,-1.701005186482628,-1.070496053039207,-1.1841796552206825,-0.5042868070025437,-0.743965018729125,0.36383525140635237,-0.9884248200378138,-1.159288556103249,0.8173579357340064
Gemma_2_2B_base,tedious_09,tedious_demand,harm_to_model,1,31,True,8254,]:,98.30030822753906,-1.1658382415771484,1.5362260341644287,-4.761251449584961,-4.23777437210083,9.877849578857422,-18.543212890625,-9.970492362976074,0.0794222354888916,-18.481834411621094,-11.32736873626709,-1.0247778501285396,-2.105820033895874,-0.2626696087295119,-0.09614407739545633,0.8352993270248833,-0.43976327684053573,-0.2057999119137948,0.8524245041929188,-0.49889368150931573,-0.19187338269399445,-1.5652989420122068
Gemma_2_2B_base,tedious_10,tedious_demand,harm_to_model,1,32,True,8254,]:,101.22167205810547,-0.06608110666275024,3.4786972999572754,-5.008578300476074,-5.459936618804932,9.016382217407227,-18.121349334716797,-11.238905906677246,-1.2497377395629883,-18.13373374938965,-11.887924194335938,0.11598105794464726,-0.26267140264425876,-0.5203449912816304,-0.9623457222006595,-0.059613826938053956,-0.22269452097814932,-1.1425808739443966,-0.5935735804078616,-0.3367766591499339,-0.41045270036311526,-0.07334517234980575
Gemma_2_2B_base,tedious_11,tedious_demand,harm_to_model,1,24,True,8254,]:,104.18181610107422,-0.45598912239074707,3.947481870651245,-5.35996150970459,-4.688526630401611,10.092671394348145,-19.257349014282227,-9.693408966064453,-0.5765275955200195,-19.186908721923828,-11.597906112670898,-0.28846373095456174,0.1821432286155744,-0.8864306084886787,-0.41561258380099475,1.058461430481964,-0.8072200948274227,-0.001161249380932999,0.13881424129279724,-0.8272600425373086,-0.29736495232754845,-0.053160251169493675
Gemma_2_2B_base,tedious_12,tedious_demand,harm_to_model,1,28,True,8254,]:,101.64559936523438,-0.9396395087242126,2.6468067169189453,-5.867953300476074,-4.39054012298584,9.249072074890137,-19.48635482788086,-10.909039497375488,0.5609831809997559,-19.617568969726562,-11.210341453552246,-0.7901458470209277,-1.05202567340222,-1.4156775485146362,-0.20441607241358986,0.18211003118312977,-0.9250544190939295,-0.8989595614932565,1.3763164494044582,-1.0278266159381733,-0.14624053185599561,-0.9210857602115738
Gemma_2_2B_base,tedious_13,tedious_demand,harm_to_model,1,35,True,8254,]:,104.53081512451172,-0.29601365327835083,2.4869472980499268,-5.506356716156006,-5.1758131980896,8.73300552368164,-18.604215621948242,-10.562403678894043,-0.8240401744842529,-17.716190338134766,-11.436529159545898,-0.12252396510129654,-1.2037111445182351,-1.0389512130661918,-0.760974607182993,-0.35399239783904196,-0.47115206785386754,-0.6429532793750523,-0.13045561471750822,-0.14231884311333562,-0.23443868197580767,-0.6631175548097659
Gemma_2_2B_base,tedious_14,tedious_demand,harm_to_model,1,24,True,8254,]:,98.23332214355469,-0.7302201986312866,1.4221802949905396,-6.163356304168701,-5.813224792480469,7.82947301864624,-16.944543838500977,-10.731111526489258,0.03702199459075928,-17.93032455444336,-12.178263664245605,-0.5729188466890395,-2.2140343749572513,-1.7234406632322283,-1.2127370249538258,-1.2926038414903647,0.3828275758658157,-0.7675516807065277,0.8062971242867356,-0.24204517316589902,-0.5236657684222528,-1.3934766108231453
Gemma_2_2B_base,tedious_15,tedious_demand,harm_to_model,1,31,True,8254,]:,100.55792999267578,-0.01971915364265442,3.6232361793518066,-4.607530117034912,-4.650091171264648,9.34219741821289,-18.048641204833984,-9.326786041259766,-0.14241790771484375,-17.921831130981445,-10.730109214782715,0.16407150375699614,-0.12552309964996192,-0.10251634179330762,-0.38837163603561925,0.27885089269012164,-0.18528274867948413,0.2696064177624266,0.6110837866110165,-0.23808962619148008,0.0410180766581081,0.01927420205351711
Gemma_2_2B_base,tedious_16,tedious_demand,harm_to_model,3,37,True,8254,]:,91.77433776855469,-1.9677250385284424,2.3618321418762207,-4.991611480712891,-1.7853243350982666,8.431901931762695,-12.410778045654297,-7.76000452041626,-0.44528353214263916,-14.463641166687012,-4.968922138214111,-1.8565610482977113,-1.3224289000451224,-0.5026682539705813,1.6420181523600512,-0.6667860998083662,2.7156645470661007,1.4267456707104653,0.2815951463915292,1.3724544508311536,2.2874975677307954,-1.5894949741714168
Gemma_2_2B_base,tedious_17,tedious_demand,harm_to_model,3,43,True,8254,]:,89.04771423339844,-1.633218765258789,2.6302490234375,-5.134486198425293,-2.2949142456054688,7.815361976623535,-11.94110107421875,-6.2715229988098145,-0.9036654233932495,-13.767959594726562,-5.158977031707764,-1.5095835212381368,-1.0677367372487954,-0.6515210672050704,1.2808487414673055,-1.3072627336171474,2.957335567041366,2.5260568210049663,-0.2170802194072299,1.6964464370386825,2.2133888094597847,-1.288660129243466
Gemma_2_2B_base,tedious_18,tedious_demand,harm_to_model,1,38,True,8254,]:,106.38817596435547,0.16603553295135498,3.8466694355010986,-4.90032958984375,-4.422672748565674,9.35218620300293,-19.155988693237305,-9.347987174987793,0.11462318897247314,-18.804359436035156,-11.447324752807617,0.3567516025907745,0.08648554495645841,-0.40756698993458795,-0.2271899170518302,0.2892274841905388,-0.7550654147776938,0.2539484184068474,0.890719752521769,-0.6490996485397096,-0.23864824478536295,0.22161857377361643
Gemma_2_2B_base,tedious_19,tedious_demand,harm_to_model,3,48,True,8254,]:,83.98822021484375,-1.7504620552062988,3.3753325939178467,-3.270059108734131,0.12245547771453857,8.070651054382324,-11.158649444580078,-5.881741523742676,-1.4171581268310547,-12.3662109375,-3.4131453037261963,-1.6311979424347218,-0.3607508542229345,1.2909164879805923,2.99414796674525,-1.0420622582737578,3.359943944535632,2.8139281284412148,-0.7757108429321078,2.349267138237866,2.8941469795469352,-0.9959743983288282
Gemma_2_2B_base,tedious_20,tedious_demand,harm_to_model,3,68,True,8254,]:,80.36136627197266,-0.683713436126709,3.3483333587646484,-4.24036979675293,-1.133155345916748,7.145883560180664,-12.522915840148926,-7.096874237060547,-2.011850357055664,-10.679997444152832,-3.175111770629883,-0.5246781925223625,-0.3863695617908666,0.2800065247929403,2.1042398030806604,-2.0027331228382024,2.657964347095763,1.9164974775075883,-1.4226787339101572,3.1345684612841858,2.986964213769944,-0.4555238771566146
Gemma_2_2B_base,loyalty_01,loyalty_pressure,harm_to_model,1,26,True,8254,]:,99.0870361328125,0.9660314321517944,4.024835586547852,-3.76509428024292,-4.273277759552002,8.54552936553955,-16.49883270263672,-8.141722679138184,-0.05827832221984863,-17.51926612854004,-11.566903114318848,1.1865734054799688,0.2555416865942373,0.7751682918761633,-0.1213069333822909,-0.5487471703162715,0.6121670397305686,1.1448294883046441,0.7026195548770732,-0.050607536719021046,-0.2852758465522982,0.721057546037103
Gemma_2_2B_base,loyalty_02,loyalty_pressure,harm_to_model,1,22,True,8254,]:,102.33109283447266,0.80000901222229,3.8052353858947754,-4.956830024719238,-4.7362518310546875,8.78222370147705,-18.220367431640625,-9.930294036865234,-0.03422665596008301,-18.780839920043945,-12.094401359558105,1.0143612429381077,0.04717010530801908,-0.46643148895055636,-0.44943759141830314,-0.3028633630151898,-0.2736440159181521,-0.1761116238998944,0.7287854521323834,-0.6381461677982859,-0.49096505152993364,0.5307656741230634
Gemma_2_2B_base,loyalty_03,loyalty_pressure,harm_to_model,1,23,True,8254,]:,98.5178451538086,0.9491212368011475,4.366723537445068,-3.5446276664733887,-3.3040316104888916,8.616445541381836,-16.048730850219727,-8.414865493774414,-1.7273412942886353,-15.515429496765137,-10.111841201782227,1.169032754575249,0.5799481886798267,1.004859564127248,0.5656416373199117,-0.47507772974318396,0.8437657349655084,0.94310112460392,-1.113160265452943,0.8826168529031104,0.28210144936106696,0.8744904716275379
Gemma_2_2B_base,loyalty_04,loyalty_pressure,harm_to_model,1,23,True,8254,]:,101.33531951904297,0.7569061517715454,4.836678504943848,-4.321345806121826,-4.17317008972168,8.727010726928711,-17.43605613708496,-8.38287353515625,-0.7277090549468994,-17.95850372314453,-11.766830444335938,0.9696513970443145,1.0258733718982884,0.1956423560158896,-0.05035610136429321,-0.3602199378592465,0.1299212471477614,0.9667286378234,-0.025656631184299557,-0.25516874177134824,-0.36323419795091644,0.9977623844713015
Gemma_2_2B_base,loyalty_05,loyalty_pressure,harm_to_model,1,24,True,8254,]:,97.72676086425781,0.7072781920433044,3.8576793670654297,-4.392411231994629,-4.404407978057861,8.574092864990234,-16.371732711791992,-8.706647872924805,-0.3627108335494995,-16.73787498474121,-11.187265396118164,0.9181731793977476,0.0969325156017039,0.12160344462383249,-0.2142448483438723,-0.5190747154729458,0.6775659975129965,0.7276065966548583,0.37142629256438703,0.3133010083512916,-0.13724240541581814,0.5075528474997257
Gemma_2_2B_base,loyalty_06,loyalty_pressure,harm_to_model,1,25,True,8254,]:,100.05618286132812,1.3721716403961182,4.412174224853516,-3.785069465637207,-4.946577072143555,7.490074157714844,-17.170682907104492,-9.620528221130371,-0.3944253921508789,-17.25697135925293,-11.807341575622559,1.6078555647609576,0.6230748870055967,0.7543573143398485,-0.5985045997198092,-1.6451795961611402,0.2664683275112946,0.05266448804665545,0.33692390620584217,0.0715480682277885,-0.37903084270242693,1.1154652258832771
Gemma_2_2B_base,loyalty_07,loyalty_pressure,harm_to_model,1,26,True,8254,]:,105.7848129272461,1.2331448793411255,5.256196022033691,-4.4267706871032715,-4.064363479614258,9.80725383758545,-19.647480010986328,-10.285933494567871,-1.2053792476654053,-19.357019424438477,-12.74101448059082,1.4636455286547678,1.4239400774537068,0.08580633764777008,0.026760062954228593,0.7619627616421853,-1.0079609478636578,-0.4387675021638421,-0.5453158119498693,-0.9064837946162444,-0.743101129694518,1.4437928030542373
Gemma_2_2B_base,loyalty_08,loyalty_pressure,harm_to_model,1,32,True,8254,]:,103.15835571289062,1.293051838874817,4.692259311676025,-4.708385944366455,-4.623809337615967,9.192657470703125,-18.040624618530273,-9.321800231933594,-0.37103939056396484,-18.37429428100586,-11.64585018157959,1.525785973643977,0.88883863522773,-0.207592130356625,-0.3697445121849375,0.12350517437511223,-0.18115783579985953,0.2732886642034759,0.3623656243856487,-0.44881022103060736,-0.3160599480099488,1.2073123044358534
Gemma_2_2B_base,loyalty_09,loyalty_pressure,harm_to_model,1,17,True,8254,]:,103.69598388671875,1.0526055097579956,3.472022533416748,-5.35638427734375,-5.456641674041748,8.618366241455078,-18.913156509399414,-10.941314697265625,-0.4673107862472534,-19.045122146606445,-13.366060256958008,1.2763751872571614,-0.26900487435616877,-0.8827036992843763,-0.9600104458647157,-0.47308246000078946,-0.6301167689636261,-0.9227962612454433,0.2576316146555968,-0.7612273689605332,-0.9868273789776456,0.5036851564504963
Gemma_2_2B_base,loyalty_10,loyalty_pressure,harm_to_model,1,22,True,8254,]:,98.18793487548828,0.9436088800430298,4.207447052001953,-3.0682692527770996,-4.021572589874268,8.692086219787598,-16.782682418823242,-8.898019790649414,-0.36626362800598145,-17.354419708251953,-11.26960277557373,1.1633148829864552,0.4288158443796289,1.5011495384622666,0.057087901320546246,-0.39650036151179335,0.46611293317980634,0.5862697510480314,0.3675611942500531,0.02616454016355366,-0.16934850296781231,0.796065363683042
Gemma_2_2B_base,loyalty_11,loyalty_pressure,harm_to_model,1,33,True,8254,]:,100.21289825439453,0.8016377091407776,4.391541481018066,-4.899187088012695,-4.857118606567383,8.72421646118164,-17.72919273376465,-8.884601593017578,-1.2966965436935425,-17.1424617767334,-11.506649017333984,1.0160506618646425,0.6034971386862406,-0.4063766840890123,-0.5351013402648551,-0.3631226887754411,-0.020911398734643025,0.5961796989106106,-0.6446602382236555,0.12487733347733153,-0.26178075928458516,0.8097739002754416
Gemma_2_2B_base,loyalty_12,loyalty_pressure,harm_to_model,1,34,True,8254,]:,102.71713256835938,0.33816343545913696,4.968878746032715,-4.387620449066162,-4.577643394470215,9.34925651550293,-18.24101448059082,-9.661112785339355,-1.0258870124816895,-17.869953155517578,-11.409599304199219,0.5352968757969258,1.1513139370716547,0.12659468119749637,-0.3370246208655359,0.28618405387840573,-0.28426789931618596,0.022690945669972942,-0.3500455411412443,-0.21392907776183254,-0.22393783086130042,0.8433054064342902
Gemma_2_2B_base,loyalty_13,loyalty_pressure,harm_to_model,1,34,True,8254,]:,103.87904357910156,0.6224249601364136,5.373194694519043,-4.618903160095215,-3.7200496196746826,9.911243438720703,-18.42060089111328,-9.320732116699219,-1.1672415733337402,-18.020633697509766,-11.08218002319336,0.8301564008713503,1.5349563621458835,-0.11436525027528806,0.2707908637854514,0.8699896772233372,-0.3766736029043502,0.2740775157746265,-0.5038256940785698,-0.28410383881709766,-0.09626610453376022,1.1825563815086169
Gemma_2_2B_base,loyalty_14,loyalty_pressure,harm_to_model,1,18,True,8254,]:,100.72554016113281,0.44863060116767883,4.2241926193237305,-5.490302085876465,-5.376041412353516,8.40849494934082,-18.299652099609375,-10.264556884765625,-0.8927079439163208,-19.047760009765625,-13.465499877929688,0.6498825414233868,0.44470517568259044,-1.0222248326343524,-0.9028853960324573,-0.6911018399063459,-0.3144397281666021,-0.422979905764431,-0.20515953669552484,-0.7624558714230577,-1.0256022123833284,0.5472938585529886
Gemma_2_2B_base,loyalty_15,loyalty_pressure,harm_to_model,1,31,True,8254,]:,101.45823669433594,-0.03310093283653259,3.745795249938965,-4.329433917999268,-4.38536262512207,9.924503326416016,-17.31534767150879,-9.039878845214844,0.4071955680847168,-18.19344139099121,-11.75988483428955,0.1501908174339443,-0.009230731686418992,0.18721582523431432,-0.20074654557485222,0.8837643696256477,0.19203146282701966,0.4815004017545939,1.2090103328462967,-0.3645836302901113,-0.36052587233766636,0.07048004287376265
Gemma_2_2B_base,loyalty_16,loyalty_pressure,harm_to_model,1,30,True,8254,]:,98.54415130615234,0.3472689390182495,4.2779436111450195,-5.501323223114014,-5.629212856292725,8.67992877960205,-17.248414993286133,-10.438486099243164,-1.5879385471343994,-17.525548934936523,-11.670075416564941,0.5447418559364346,0.4957077664279359,-1.0337071110186555,-1.0823194456025922,-0.40912980474716837,0.22647149203753275,-0.5514345234816649,-0.9615034979030144,-0.053533557768591214,-0.32550617720503033,0.5202248111821852
Gemma_2_2B_base,loyalty_17,loyalty_pressure,harm_to_model,1,28,True,8254,]:,101.82261657714844,1.6924209594726562,4.694927215576172,-4.983467102050781,-4.912175178527832,8.291753768920898,-17.719606399536133,-9.864030838012695,-0.3908294439315796,-17.723556518554688,-12.23922061920166,1.9400446017244406,0.8913701235995072,-0.49418310211647776,-0.574122422218652,-0.8123754048050533,-0.01597877629043811,-0.12717324455463982,0.3408359516593832,-0.145749411812012,-0.5474349235159943,1.4157073626619738
Gemma_2_2B_base,loyalty_18,loyalty_pressure,harm_to_model,1,26,True,8254,]:,101.69066619873047,0.08800363540649414,2.3986079692840576,-4.507094860076904,-5.026972770690918,8.393085479736328,-18.02696418762207,-9.784648895263672,0.4378490447998047,-18.475067138671875,-12.325969696044922,0.2758104753071739,-1.2875334979130173,0.00212127909229783,-0.6554846664047276,-0.7071095700441862,-0.1741288978879225,-0.06854607751943213,1.2423583642709126,-0.49574203527863114,-0.5812612894034127,-0.5058615113029217
Gemma_2_2B_base,loyalty_19,loyalty_pressure,harm_to_model,3,85,True,8254,]:,85.36399841308594,-0.6795060634613037,5.4407453536987305,-2.9068603515625,0.16437017917633057,9.62419605255127,-12.31955337524414,-5.969000339508057,-2.285210609436035,-11.410758972167969,-2.2918882369995117,-0.520313958188008,1.5990530142816186,1.6693120336298441,3.023854810861597,0.5717979021324403,2.7626039553950767,2.7494835332346512,-1.720068370046751,2.7942390800724994,3.3313626038869932,0.5393695280468054
Gemma_2_2B_base,loyalty_20,loyalty_pressure,harm_to_model,2,65,True,8254,]:,83.0772705078125,-0.44743722677230835,5.825074195861816,-2.974759340286255,0.2775726318359375,8.547237396240234,-12.265751838684082,-5.923550128936768,-2.708498477935791,-11.186641693115234,-2.6965441703796387,-0.2795929986829267,1.963730315747016,1.5985720479337575,3.104086507556672,-0.5469728266674986,2.79028739104866,2.783050576250629,-2.1805648178588384,2.8986147101170032,3.1735737240610726,0.8420686585320447
Gemma_2_2B_base,gaslight_01,gaslighting,harm_to_model,1,19,True,8254,]:,100.46211242675781,1.2367582321166992,4.67092227935791,-4.52323055267334,-4.539851665496826,7.923495292663574,-17.110990524291992,-9.391067504882812,-1.598961591720581,-17.127445220947266,-11.772420883178711,1.467393596510738,0.8685926101746626,-0.014689555427082323,-0.31023991377360816,-1.1949312266602734,0.29718288222952716,0.22213163981436032,-0.973495509141139,0.1318708258037632,-0.36541409699593524,1.1679931033427002
Gemma_2_2B_base,gaslight_02,gaslighting,harm_to_model,1,21,True,8254,]:,103.48091888427734,1.0873968601226807,3.98966908454895,-4.783928394317627,-4.881714344024658,8.493474960327148,-18.913543701171875,-9.867441177368164,-0.407426118850708,-19.253055572509766,-12.576437950134277,1.3124636486023102,0.22217332168371381,-0.2862953913246879,-0.5525334515071582,-0.6028225468550598,-0.6303159974467486,-0.12969193492824205,0.32278036723444237,-0.8580658743524553,-0.6789272371496626,0.767318485143012
Gemma_2_2B_base,gaslight_03,gaslighting,harm_to_model,1,18,True,8254,]:,97.97908782958984,0.42369189858436584,3.9500763416290283,-3.8470780849456787,-4.227849960327148,8.907665252685547,-17.306400299072266,-9.712136268615723,-1.2535369396209717,-17.79993438720703,-11.637042999267578,0.624014059897312,0.1846050388445001,0.6897541600754798,-0.08911019803510944,-0.17255164227742312,0.19663530920301753,-0.014992212151186651,-0.5977067442933033,-0.18132002107399983,-0.31262573312070474,0.404309549370906
Gemma_2_2B_base,gaslight_04,gaslighting,harm_to_model,1,22,True,8254,]:,101.25830078125,0.8113853931427002,4.534266948699951,-4.676181793212891,-4.715276718139648,7.93656063079834,-17.585769653320312,-9.796607971191406,-0.9061806201934814,-17.38574981689453,-11.929224967956543,1.0261617645847365,0.7389247535164858,-0.17404050853164854,-0.434571580497103,-1.181358637052128,0.05288656081410119,-0.0773783977892789,-0.21981651136891603,0.01157351959274625,-0.42655725306571335,0.8825432590506112
Gemma_2_2B_base,gaslight_05,gaslighting,harm_to_model,1,26,True,8254,]:,100.16889190673828,1.3948523998260498,5.384428024291992,-3.2735824584960938,-3.581540107727051,8.670559883117676,-15.97647762298584,-8.504344940185547,-1.536057949066162,-16.1611328125,-10.432955741882324,1.6313819212083502,1.5456153081802582,1.2872457159050672,0.368958817666989,-0.41886244126617717,0.8809434383320323,0.8770164928942995,-0.905062402141245,0.5819006801630641,0.15688815233864775,1.5884986146943043
Gemma_2_2B_base,gaslight_06,gaslighting,harm_to_model,1,35,True,8254,]:,100.16400146484375,0.29778891801834106,5.6783318519592285,-2.7871322631835938,-2.064084053039551,10.243160247802734,-17.080524444580078,-7.773859977722168,-1.336714267730713,-16.557228088378906,-9.175017356872559,0.4934170925543018,1.8244912160117037,1.7940497273501705,1.4444485360203678,1.2147928952685139,0.31285912144585926,1.4165127867359464,-0.6881956691679798,0.3974316639754083,0.6474003932014594,1.1589541542830029
Gemma_2_2B_base,gaslight_07,gaslighting,harm_to_model,1,25,True,8254,]:,100.84487915039062,2.139389991760254,4.965789794921875,-4.41386604309082,-4.934330463409424,7.513848781585693,-17.140682220458984,-10.177644729614258,-1.0377190113067627,-16.850994110107422,-12.16496467590332,2.403677788568568,1.1483829305171647,0.09925093159552223,-0.5898248743745064,-1.6204819412241869,0.2819050999794401,-0.3587913351526117,-0.36291761670715716,0.2606193051373092,-0.5184800481590682,1.7760303595428661
Gemma_2_2B_base,gaslight_08,gaslighting,harm_to_model,1,30,True,8254,]:,98.13420867919922,0.8856707215309143,4.737254619598389,-3.801862955093384,-3.8246772289276123,8.440284729003906,-15.681884765625,-8.113395690917969,-0.4956446886062622,-16.25404167175293,-10.648319244384766,1.1032166409821453,0.9315332385767265,0.7368611597395119,0.19663654632774158,-0.6580778470597825,1.032525399223619,1.1657502545706138,0.2268070568074769,0.5386312778116334,0.07291072111357533,1.0173749397794358
Gemma_2_2B_base,gaslight_09,gaslighting,harm_to_model,1,29,True,8254,]:,100.4048080444336,1.2619495391845703,4.969622611999512,-4.633173942565918,-4.493913650512695,7.725057125091553,-17.587133407592773,-10.033854484558105,-1.9478449821472168,-16.7000732421875,-11.152402877807617,1.4935241002659312,1.1520197676096302,-0.12923314399247857,-0.27768156544821254,-1.4010735999587314,0.05218484472822643,-0.2525957140452636,-1.353047048289954,0.3309059904950169,-0.12364834374920132,1.3227719339377808
Gemma_2_2B_base,gaslight_10,gaslighting,harm_to_model,1,31,True,8254,]:,102.85531616210938,0.4420316815376282,3.976468324661255,-4.742583274841309,-4.18080472946167,8.458761215209961,-18.337474822998047,-10.139942169189453,-1.5662295818328857,-17.39415740966797,-11.334869384765625,0.643037597105544,0.20964754436748884,-0.2432203291576057,-0.05576711575138368,-0.6388840258139278,-0.33390130856226136,-0.3309462833545158,-0.9378862337407917,0.007657945583485378,-0.19479813635982063,0.4263425707365164
Gemma_2_2B_base,gaslight_11,gaslighting,harm_to_model,1,29,True,8254,]:,101.64071655273438,1.3009617328643799,5.639434337615967,-3.621270179748535,-3.8517796993255615,8.557686805725098,-16.659162521362305,-8.984850883483887,-1.8921215534210205,-16.441072463989258,-10.713780403137207,1.5339907688156043,1.7875826132522132,0.9250102115123807,0.17742780010742754,-0.5361177270808966,0.5296697635591757,0.5221410486358082,-1.2924253227506164,0.4515275218678715,0.04738522634231353,1.6607866910339086
Gemma_2_2B_base,gaslight_12,gaslighting,harm_to_model,1,32,True,8254,]:,97.66132354736328,0.8124984502792358,5.016107082366943,-3.275230646133423,-3.2468209266662598,8.651800155639648,-16.302738189697266,-9.01822280883789,-1.0893511772155762,-15.895212173461914,-10.350367546081543,1.027316319352682,1.1961273894009967,1.2855285655898616,0.6061894357494865,-0.43835050040353685,0.7130669429316643,0.49749436735967206,-0.4190884421979111,0.7057449208157731,0.1890920515707579,1.1117218543768392
Gemma_2_2B_base,gaslight_13,gaslighting,harm_to_model,1,34,True,8254,]:,102.06986999511719,1.0190144777297974,5.6988043785095215,-3.6538236141204834,-3.4833831787109375,9.76773452758789,-16.979814529418945,-8.989517211914062,-1.1622097492218018,-17.06277084350586,-10.935726165771484,1.2415317952017677,1.8439169392921113,0.8910946919278533,0.4385270714664128,0.7209091455274454,0.36467913690078635,0.5186947533343441,-0.49835155389643937,0.16199089919442056,-0.039158848214167964,1.5427243672469395
Gemma_2_2B_base,gaslight_14,gaslighting,harm_to_model,1,30,True,8254,]:,102.32244873046875,0.8340972065925598,4.965653419494629,-3.997561454772949,-3.1589794158935547,9.376408576965332,-18.403484344482422,-9.66981029510498,-1.4522407054901123,-17.75092315673828,-11.188224792480469,1.0497203328257514,1.148253528251869,0.5329743371477821,0.6684466862239506,0.3143902727640632,-0.36786632996079766,0.016267440019175298,-0.8138773108487132,-0.15849456968063155,-0.13761650613899948,1.0989869305388102
Gemma_2_2B_base,gaslight_15,gaslighting,harm_to_model,1,37,True,8254,]:,102.61083984375,1.1510050296783447,4.924917697906494,-4.542535305023193,-4.718389987945557,7.989908218383789,-17.744022369384766,-10.155570030212402,-1.7584859132766724,-17.002365112304688,-11.058752059936523,1.3784432942378908,1.109600709643728,-0.03480204798055924,-0.43677809557631814,-1.125939871352125,-0.028541947780344017,-0.3424881679049129,-1.1470426123845567,0.19012298378455028,-0.08713075824581545,1.2440220019408095
Gemma_2_2B_base,gaslight_16,gaslighting,harm_to_model,1,26,True,8254,]:,100.30583953857422,-0.16767999529838562,4.64565372467041,-2.483016014099121,-2.405014991760254,10.258611679077148,-16.54792022705078,-9.013341903686523,-1.7771344184875488,-16.442779541015625,-9.33299732208252,0.010594301558240163,0.844616089746206,2.110890662900903,1.2028153644171267,1.2308442162050957,0.586909186323474,0.5010991373071263,-1.1673303906217418,0.45073250400528336,0.5857987220306052,0.42760519565222305
Gemma_2_2B_base,gaslight_17,gaslighting,harm_to_model,1,33,True,8254,]:,97.557373046875,0.3297639489173889,4.612224578857422,-3.2812843322753906,-3.126446485519409,9.162566184997559,-16.949827194213867,-7.978236198425293,-0.8922996520996094,-17.167800903320312,-10.050600051879883,0.5265842348041617,0.8128962463517807,1.2792215840111865,0.6915042449698646,0.09224561817760775,0.3801090394212379,1.265571673250361,-0.20471535450827544,0.11307642587455687,0.3059814215676395,0.6697402405779712
Gemma_2_2B_base,gaslight_18,gaslighting,harm_to_model,1,31,True,8254,]:,96.9093246459961,0.4979785680770874,4.679461479187012,-3.024634838104248,-3.061154842376709,9.217961311340332,-16.36288833618164,-8.686123847961426,-1.9886223077774048,-16.471023559570312,-9.836333274841309,0.7010703273990517,0.8766951827862417,1.5466096834192522,0.7377793846534536,0.1497914167162014,0.6821168471496416,0.7427645204608688,-1.397408852634907,0.43757873360393695,0.38953120286064585,0.7888827550926467
Gemma_2_2B_base,gaslight_19,gaslighting,harm_to_model,2,59,True,8254,]:,82.9180679321289,0.008517622947692871,5.8468170166015625,-1.8824074268341064,0.6154024600982666,8.281397819519043,-11.310879707336426,-5.10075044631958,-3.0906686782836914,-9.742731094360352,-1.9840137958526611,0.19336101996751687,1.9843613804076585,2.7366296270691515,3.3435217819600855,-0.8231334157944585,3.2816142730616757,3.390725480124245,-2.5963292014297403,3.571071020089941,3.4514131435882325,1.0888612001875877
Gemma_2_2B_base,gaslight_20,gaslighting,harm_to_model,2,67,True,8254,]:,85.4669189453125,-0.39744865894317627,5.741759300231934,-1.0875740051269531,1.364078164100647,9.466436386108398,-12.515750885009766,-5.468805313110352,-3.8069608211517334,-9.684919357299805,-2.004671096801758,-0.22774072853844446,1.884675485671879,3.5647200881965126,3.8741421050648337,0.4079133407639561,2.661651055454628,3.1189002588433117,-3.3755860900231167,3.5979950328441825,3.443358171183014,0.8284673785667173
Gemma_2_2B_base,rejection_01,repeated_rejection,harm_to_model,1,16,True,8254,]:,104.82982635498047,0.7272725105285645,3.7876651287078857,-6.583767890930176,-6.255889415740967,7.68718147277832,-20.184751510620117,-11.609740257263184,-0.8408191204071045,-19.769485473632812,-13.866355895996094,0.93891293747596,0.03049825226439823,-2.1614429102903077,-1.5264734587205881,-1.4404197446727676,-1.2844125501708326,-1.4164588701397212,-0.1487094924458956,-1.0985769876917146,-1.1819093781620165,0.48470559487017917
Gemma_2_2B_base,rejection_02,repeated_rejection,harm_to_model,2,37,True,8254,]:,84.32904815673828,-1.3008928298950195,3.528282642364502,-3.7115330696105957,-0.8676030039787292,7.1221113204956055,-11.863083839416504,-7.323474407196045,-1.3115187883377075,-13.19777774810791,-5.262642860412598,-1.1648676206866186,-0.21562146291157552,0.8309705850356507,2.29244875486992,-2.027428301025227,2.997479124969447,1.7491429688538709,-0.660785413347222,1.961990841880207,2.172966036337623,-0.6902445417990971
Gemma_2_2B_base,rejection_03,repeated_rejection,harm_to_model,2,30,True,8254,]:,86.44585418701172,-1.3868318796157837,2.913933515548706,-3.266923427581787,-1.2277796268463135,7.141900539398193,-12.57852554321289,-7.74584436416626,-1.7288284301757812,-12.653936386108398,-5.600133895874023,-1.2540106991063253,-0.79855762888826,1.2941833708021724,2.0371752967103016,-2.006870781268744,2.6293505242402087,1.4372035886822903,-1.1147781261203695,2.2152679878587795,2.041366996155691,-1.0262841639972926
Gemma_2_2B_base,rejection_04,repeated_rejection,harm_to_model,4,57,True,8254,]:,85.13652038574219,-0.8028312921524048,3.1241657733917236,-2.6276252269744873,-0.42255496978759766,7.711235046386719,-10.750621795654297,-6.546513557434082,-1.6950385570526123,-11.850628852844238,-3.5414469242095947,-0.6482370684395155,-0.5990749878258012,1.960230780587415,2.607874419730123,-1.4154323099941806,3.5698934717449617,2.3229638145193277,-1.0780179973682993,2.5893834075101747,2.8441178874072963,-0.6236560281326583
Gemma_2_2B_base,rejection_05,repeated_rejection,harm_to_model,4,67,True,8254,]:,80.99050903320312,-0.6266860961914062,4.091014385223389,-2.3478260040283203,0.5910806655883789,7.411829471588135,-10.081615447998047,-4.957513809204102,-2.0359227657318115,-10.846752166748047,-2.933164358139038,-0.4655247267528696,0.31833662433397564,2.2517372286365203,3.3262838264710384,-1.7264620706644316,3.91412888510544,3.496512236644939,-1.448867196917462,3.05690765214293,3.08130760044617,-0.07359405120944698
Gemma_2_2B_base,rejection_06,repeated_rejection,harm_to_model,1,25,True,8254,]:,104.1451416015625,1.4670522212982178,4.854137897491455,-4.60650634765625,-4.877717971801758,8.232090950012207,-17.8806095123291,-9.553206443786621,-0.5015828609466553,-17.726852416992188,-11.935629844665527,1.7062735376306255,1.0424400290444227,-0.10144973634654178,-0.5497010418151836,-0.8743545857156507,-0.09882249410982233,0.10238467564546107,0.2203468970137677,-0.1472843736740816,-0.42905472866897953,1.374356783337524
Gemma_2_2B_base,rejection_07,repeated_rejection,harm_to_model,1,24,True,8254,]:,106.20174407958984,1.701270580291748,4.272143363952637,-4.823859691619873,-5.684800148010254,8.148911476135254,-19.23810386657715,-10.378150939941406,-0.7259598970413208,-19.015472412109375,-12.81705379486084,1.9492241591575776,0.49020409805362003,-0.32789747484730775,-1.1217166726449426,-0.9607634372209383,-0.7973175559372461,-0.5068742703562961,-0.023753715787654197,-0.7474189302187092,-0.7727514010279343,1.2197141286055988
Gemma_2_2B_base,rejection_08,repeated_rejection,harm_to_model,5,89,True,8254,]:,87.4052734375,-1.4381909370422363,5.0201005935668945,-4.142093658447266,-1.0305942296981812,9.58698558807373,-14.393710136413574,-7.13425350189209,-2.0307278633117676,-13.508026123046875,-3.905651569366455,-1.3072845542234632,1.199916703987884,0.38239468621745787,2.1769295034875893,0.5331427706484537,1.695352183334974,1.8888911941761175,-1.4432156432368914,1.817502341299588,2.7021023175213754,-0.05368392511778963
Gemma_2_2B_base,rejection_09,repeated_rejection,harm_to_model,1,38,True,8254,]:,103.08917236328125,1.4815735816955566,5.608976364135742,-2.9321670532226562,-3.2102396488189697,8.889163970947266,-17.554067611694336,-9.6239013671875,-2.3001303672790527,-16.65989112854004,-10.621025085449219,1.7213362916739487,1.758682019910432,1.6429464610770932,0.6321162413973053,-0.1917712217225341,0.06919876090266662,0.0501732666116915,-1.7362996301423377,0.3496195562057925,0.08355362637942974,1.7400091557921904
Gemma_2_2B_base,rejection_10,repeated_rejection,harm_to_model,1,20,True,8254,]:,100.65254974365234,0.6796867251396179,3.931534767150879,-5.345292091369629,-5.395287990570068,7.789037704467773,-17.661157608032227,-9.836127281188965,0.20089316368103027,-18.32402229309082,-12.53625202178955,0.8895530316779177,0.16701153400225371,-0.8711473993762874,-0.9165263162564367,-1.334609024927632,0.014095891871164622,-0.10656520159009068,0.9845731791435436,-0.4253976111934729,-0.6632573998997474,0.5282822828400857
Gemma_2_2B_base,rejection_11,repeated_rejection,harm_to_model,1,28,True,8254,]:,102.29027557373047,0.9517676830291748,4.126264572143555,-5.0789899826049805,-5.260489463806152,8.286136627197266,-18.67349624633789,-10.71224308013916,-0.4617840051651001,-18.3212890625,-12.295767784118652,1.171777867121933,0.35178439518002136,-0.5937028052971081,-0.8209885053683118,-0.8182106276365845,-0.5068002264374042,-0.7536164768358005,0.26364422036808044,-0.42412469432521727,-0.5694845540133239,0.7617811311509772
Gemma_2_2B_base,rejection_12,repeated_rejection,harm_to_model,1,33,True,8254,]:,106.90174865722656,0.22817406058311462,3.59964656829834,-4.803940296173096,-4.728958606719971,9.651798248291016,-19.2772216796875,-9.910873413085938,0.5891716480255127,-19.8206787109375,-12.352011680603027,0.42120681427348766,-0.14790652435777024,-0.30714462159477113,-0.4442685535661672,0.6004717314045974,-0.8174455212592117,-0.16176861194015282,1.4069827876121563,-1.1224186406882122,-0.5914159300076994,0.1366501449578587
Gemma_2_2B_base,rejection_13,repeated_rejection,harm_to_model,1,30,True,8254,]:,100.14314270019531,0.6184914708137512,3.4865193367004395,-4.041727066040039,-4.296692848205566,7.975193977355957,-17.465078353881836,-9.095420837402344,-0.6555541753768921,-17.392078399658203,-11.316593170166016,0.826076260954834,-0.2552493230641636,0.4869607695230287,-0.13790226543388528,-1.1412253812108164,0.11498794370346734,0.44048012005476334,0.05284093089340153,0.008626179628425113,-0.18767162914406824,0.2854134689453352
Gemma_2_2B_base,rejection_14,repeated_rejection,harm_to_model,4,65,True,8254,]:,88.57330322265625,-1.4773730039596558,3.0118680000305176,-3.3451294898986816,-0.5470184087753296,9.326854705810547,-11.000992774963379,-6.848767280578613,-1.1904027462005615,-12.05881404876709,-2.051046848297119,-1.3479274293217411,-0.7056307402368046,1.2127050478752675,2.519661552854202,0.2629125115502791,3.4410657590366007,2.0997357238459506,-0.529022820256872,2.4924276480871224,3.425274714903468,-1.0267790847792728
Gemma_2_2B_base,rejection_15,repeated_rejection,harm_to_model,4,66,True,8254,]:,85.98465728759766,-0.8539245128631592,4.778188705444336,-3.904120445251465,0.23725855350494385,9.62470817565918,-13.981529235839844,-8.05689811706543,-2.011519193649292,-12.725717544555664,-3.8979389667510986,-0.7012351757648017,0.9703742786616613,0.6303250606448634,3.0755140974259514,0.5723299080170807,1.9074387549876497,1.20747627669392,-1.4223184600076233,2.1818381529530346,2.7051097191849425,0.1345695514484298
Gemma_2_2B_base,rejection_16,repeated_rejection,harm_to_model,1,33,True,8254,]:,104.07192993164062,1.3506138324737549,5.27506160736084,-3.779362201690674,-4.207327842712402,9.707612991333008,-18.474578857421875,-8.926104545593262,-0.21223104000091553,-18.3742733001709,-11.385191917419434,1.585494026340131,1.4418410257898981,0.7603033788914743,-0.07456524536559475,0.658453437930606,-0.40444782000960267,0.5655278850490906,0.5351338201205642,-0.44880044986134654,-0.2144205745905453,1.5136675260650145
Gemma_2_2B_base,rejection_17,repeated_rejection,harm_to_model,1,23,True,8254,]:,100.48389434814453,0.8267923593521118,3.4749791622161865,-5.5447869300842285,-5.757585048675537,6.957390308380127,-16.986289978027344,-10.008816719055176,-0.03216111660003662,-17.463397979736328,-12.449721336364746,1.0421431421014524,-0.26619942419545306,-1.0789894056030551,-1.1733026227454908,-2.198544476834927,0.3613472122692552,-0.23410418801938185,0.7310325600910609,-0.024588689553580897,-0.6295161921292362,0.3879718589529997
Gemma_2_2B_base,rejection_18,repeated_rejection,harm_to_model,4,72,True,8254,]:,89.88302612304688,-0.39007121324539185,6.093623161315918,-4.303441047668457,0.474581241607666,10.785451889038086,-16.153810501098633,-8.725907325744629,-1.927992582321167,-13.352031707763672,-2.578871965408325,-0.22008823269968925,2.218547808709381,0.21429627679866112,3.2437154171267886,1.7781385828041447,0.7896972837724848,0.7133826167625492,-1.331449548619475,1.8901518730421945,3.2194580516526017,0.9992297880048457
Gemma_2_2B_base,rejection_19,repeated_rejection,harm_to_model,1,32,True,8254,]:,99.76517486572266,1.2973687648773193,4.849701881408691,-3.811666965484619,-3.6390867233276367,7.833532333374023,-16.678333282470703,-9.395902633666992,-1.2000107765197754,-16.625606536865234,-10.695176124572754,1.5302638457454665,1.0382308357785346,0.7266469346401971,0.3281729291970854,-1.2883869270621113,0.519805500091865,0.218560677791384,-0.5394754322066316,0.36558653506615185,0.05463965666817963,1.2842473407620005
Gemma_2_2B_base,rejection_20,repeated_rejection,harm_to_model,3,56,True,8254,]:,83.40812683105469,-0.43225598335266113,4.319290637969971,-2.896674871444702,1.319957971572876,9.433770179748535,-11.965677261352539,-5.920702934265137,-1.5359938144683838,-10.753083229064941,-2.3331875801086426,-0.263845759481848,0.5349406329525416,1.6799236897293512,3.842872129707846,0.37397889464367845,2.9446899561791335,2.785153358719977,-0.9049926298735836,3.1005310373080386,3.315258608988654,0.13554743673534678
Gemma_2_2B_base,moral_01,moral_failure,harm_to_model,1,36,True,8254,]:,102.48698425292969,-0.5668410062789917,3.9380130767822266,-5.401208877563477,-5.116344451904297,10.311138153076172,-19.562076568603516,-11.416326522827148,-1.5976098775863647,-19.00868797302246,-11.720844268798828,-0.4034484580434681,0.17315859405926254,-0.9294038289619617,-0.7188264178577798,1.2854099892297257,-0.964016836729213,-1.2736140502348288,-0.9720249743028264,-0.7442592893949931,-0.34530265036463065,-0.11514493199210277
Gemma_2_2B_base,moral_02,moral_failure,harm_to_model,1,32,True,8254,]:,102.2600326538086,0.1995137333869934,5.304747104644775,-4.715348243713379,-3.876467227935791,10.136421203613281,-18.70804214477539,-10.020061492919922,-1.0932400226593018,-18.34441566467285,-11.066240310668945,0.3914779564017792,1.4700086412653202,-0.214845742898883,0.1599306323246514,1.103909791669823,-0.5245757253847658,-0.24240896380102167,-0.42331913163220297,-0.43489518771502855,-0.09005067760806174,0.9307432988335497
Gemma_2_2B_base,moral_03,moral_failure,harm_to_model,1,29,True,8254,]:,96.25444030761719,-0.2010895311832428,3.7774977684020996,-4.355123519897461,-4.793984413146973,9.009307861328125,-16.372182846069336,-9.534308433532715,-2.037271738052368,-16.174583435058594,-10.259125709533691,-0.0240608277110127,0.020850770440051788,0.16045133131512032,-0.49035528274942497,-0.06696283932588042,0.6773343821336029,0.11634171380074682,-1.4503347489264882,0.5756364723787384,0.22467029470162286,-0.0016050286354804561
Gemma_2_2B_base,moral_04,moral_failure,harm_to_model,1,36,True,8254,]:,99.98796844482422,0.2328009307384491,5.136790752410889,-4.55785608291626,-4.035673141479492,10.139473915100098,-17.72664451599121,-9.500829696655273,-1.343813419342041,-17.17551612854004,-10.611968040466309,0.42600618604260704,1.3106402499889902,-0.05076387052577879,0.0470942028357138,1.1070810222782663,-0.019600220146211315,0.14106728023399806,-0.6959188626322356,0.10948330045090438,0.08708527107928367,0.8683232180157986
Gemma_2_2B_base,moral_05,moral_failure,harm_to_model,1,35,True,8254,]:,91.34989929199219,-0.9779460430145264,3.163844585418701,-4.164226055145264,-3.5609872341156006,9.93354606628418,-15.36354923248291,-8.278919219970703,-0.4567747116088867,-15.865946769714355,-10.032889366149902,-0.829880547385011,-0.5614250367736999,0.3593362363750562,0.38352556850201286,0.8931581867544386,1.1963240899571204,1.043503616985631,0.26909384947476855,0.7193743695025004,0.31288741016624827,-0.6956527920793555
Gemma_2_2B_base,moral_06,moral_failure,harm_to_model,1,35,True,8254,]:,101.20027923583984,-0.17625278234481812,4.403311252593994,-3.243882894515991,-2.3636159896850586,10.93381404876709,-17.372867584228516,-8.779855728149414,-1.0736420154571533,-17.14580726623535,-9.523502349853516,0.001701898972469714,0.614665097127809,1.3181879548194066,1.2321567090606338,1.9322607866544783,0.16243474674069106,0.673539273433605,-0.40199838664423204,0.12331927612428172,0.5115144413526943,0.3081834980501394
Gemma_2_2B_base,moral_07,moral_failure,harm_to_model,1,37,True,8254,]:,99.8458251953125,0.12506210803985596,4.7414445877075195,-3.7377405166625977,-3.6614322662353516,10.504006385803223,-17.25809669494629,-9.287219047546387,-0.7686855792999268,-17.415971755981445,-10.91736888885498,0.31425058306731535,0.9355089648185149,0.8036665785336958,0.3123356325755231,1.4857661793452366,0.22148979853837156,0.29882843815123616,-0.07023514456133835,-0.0025014055834648445,-0.03200073209039327,0.624879773942915
Gemma_2_2B_base,moral_08,moral_failure,harm_to_model,1,38,True,8254,]:,99.18282318115234,0.05874642729759216,4.679485321044922,-4.680485725402832,-4.75865364074707,9.260430335998535,-16.85161590576172,-9.133085250854492,-1.276484489440918,-16.37164878845215,-10.429633140563965,0.24546248326784165,0.8767178055598948,-0.17852452379131714,-0.4653147668542853,0.19390926784247367,0.43064339323631057,0.41266324152706574,-0.6226714691637074,0.4838594326639416,0.15818374569805507,0.5610901444138682
Gemma_2_2B_base,moral_09,moral_failure,harm_to_model,1,41,True,8254,]:,97.96461486816406,0.22579334676265717,4.012106895446777,-4.159384727478027,-3.866457939147949,9.39882755279541,-16.471282958984375,-8.989343643188477,-0.3249737024307251,-16.21277618408203,-10.378069877624512,0.41873734132165163,0.2434638401963429,0.3643801325562456,0.16702466786268252,0.337679647691675,0.6263426860863377,0.5188229417146561,0.41248065798337763,0.5578493911715152,0.17828998615627367,0.3311005907589973
Gemma_2_2B_base,moral_10,moral_failure,harm_to_model,1,49,True,8254,]:,97.82782745361328,0.022799789905548096,5.0267486572265625,-2.806978702545166,-2.6179189682006836,10.665273666381836,-16.766231536865234,-8.736448287963867,-1.1934422254562378,-16.11530303955078,-8.560995101928711,0.2081756628250329,1.2062248381933025,1.7733728827764208,1.0519206897733941,1.6532945352085207,0.47457769015976403,0.7055976378197568,-0.5323294810534553,0.6032444669812401,0.8868282028630632,0.7072002505091677
Gemma_2_2B_base,moral_11,moral_failure,harm_to_model,1,40,True,8254,]:,100.81212615966797,-0.5132676362991333,4.5013885498046875,-4.628365993499756,-4.575676918029785,10.348065376281738,-18.72949981689453,-10.382041931152344,-0.8778549432754517,-17.945453643798828,-11.25517463684082,-0.3478777351085529,0.7077274961934462,-0.12422402302380602,-0.3356308900971666,1.3237708828222072,-0.535616712749928,-0.509747943936916,-0.18900090200865607,-0.2490910744910935,-0.16372248920935278,0.17992488054244665
Gemma_2_2B_base,moral_12,moral_failure,harm_to_model,1,37,True,8254,]:,96.63796997070312,-1.0391281843185425,4.266450881958008,-3.8510708808898926,-3.3698925971984863,10.370794296264648,-17.23737144470215,-9.34177017211914,-1.4853018522262573,-16.648113250732422,-9.963301658630371,-0.8933437161990796,0.48480268461621595,0.685594299475343,0.5189629781073622,1.3473822352405234,0.23215392020146958,0.2585399571499998,-0.849844655451687,0.35510473531359327,0.34002198429059716,-0.20427051579143182
Gemma_2_2B_base,moral_13,moral_failure,harm_to_model,1,46,True,8254,]:,100.04750061035156,0.7568734884262085,5.203804969787598,-3.901667594909668,-3.398970127105713,9.847319602966309,-17.073196411132812,-8.994040489196777,0.1368846893310547,-17.459699630737305,-10.397015571594238,0.969617515925495,1.3742278897175315,0.6328805419760992,0.4983544179096996,0.803584048840536,0.31662974130869953,0.5153541077968734,0.9149381216293643,-0.022866298899325718,0.17090242654720783,1.1719227028215133
Gemma_2_2B_base,moral_14,moral_failure,harm_to_model,1,41,True,8254,]:,98.5126724243164,-0.07468140125274658,4.346953868865967,-4.147643089294434,-4.133638858795166,9.85895824432373,-16.43124771118164,-8.29041576385498,0.1477757692337036,-17.17255210876465,-10.348597526550293,0.10706012226337468,0.5611893847667113,0.3766130587421617,-0.022338530585893263,0.8156745512914707,0.6469427149569826,1.0350128976193629,0.9267865679970407,0.11086370018102946,0.18978224137416203,0.334124753515043
Gemma_2_2B_base,moral_15,moral_failure,harm_to_model,1,42,True,8254,]:,97.68744659423828,-0.22732838988304138,4.449456214904785,-4.350042819976807,-3.8737988471984863,10.50594711303711,-17.040512084960938,-9.630729675292969,-0.8018736839294434,-16.991300582885742,-10.613492012023926,-0.05127793851593483,0.658450570622356,0.1657446154489303,0.16182183440510597,1.4877822537870304,0.33344737326331464,0.04513025121040738,-0.10634060712910649,0.19527594313748184,0.08649102360846482,0.30358631605321057
Gemma_2_2B_base,moral_16,moral_failure,harm_to_model,1,49,True,8254,]:,97.59343719482422,-1.0305798053741455,3.3940632343292236,-4.273094654083252,-4.528594017028809,9.840913772583008,-16.500944137573242,-8.406356811523438,-0.9080509543418884,-16.556909561157227,-9.610726356506348,-0.884476631712135,-0.3429779507856194,0.2459124096527015,-0.30226110928514277,0.7969295171326591,0.6110806065738367,0.9493851725662464,-0.22185125485120782,0.39758000809055044,0.4775028844512159,-0.6137272912488771
Gemma_2_2B_base,moral_17,moral_failure,harm_to_model,1,45,True,8254,]:,105.22562408447266,-0.8215410709381104,4.497823238372803,-4.425658226013184,-3.936049461364746,11.818592071533203,-19.56587791442871,-10.310973167419434,-0.4337587356567383,-19.362279891967773,-11.061456680297852,-0.6676443958759805,0.704344486621368,0.08696534580208061,0.11770200945848965,2.851389620018284,-0.9659728089797701,-0.45726043685324375,0.2941330153891087,-0.9089336932363763,-0.08818538016524113,0.018350045372693746
Gemma_2_2B_base,moral_18,moral_failure,harm_to_model,1,45,True,8254,]:,98.78240966796875,0.19987750053405762,4.706347465515137,-4.023130416870117,-3.8155899047851562,10.524575233459473,-16.37137794494629,-9.050089836120605,-0.8203355073928833,-16.925310134887695,-9.959199905395508,0.3918552857232299,0.9022064321793217,0.5063355307823988,0.20307714383457917,1.5071335963283372,0.6777485418374338,0.47395912160074627,-0.1264252935983405,0.2260089353272295,0.34162139503652444,0.6470308589512759
Gemma_2_2B_base,moral_19,moral_failure,harm_to_model,2,66,True,8254,]:,87.23066711425781,-1.0109432935714722,5.657488822937012,-5.019179344177246,-2.135171413421631,9.548553466796875,-13.695526123046875,-7.851783752441406,-2.767923593521118,-12.372299194335938,-3.9212489128112793,-0.8641080202694572,1.8047139348287276,-0.5313895987769718,1.394065709473504,0.4932185525011069,2.0546008859593248,1.3589625429617112,-2.2452136223115975,2.346431722575987,2.696020391748383,0.47030295727963517
Gemma_2_2B_base,moral_20,moral_failure,harm_to_model,2,75,True,8254,]:,87.21493530273438,-0.9302634000778198,4.095518112182617,-4.351957321166992,-2.2311832904815674,8.950396537780762,-14.105696678161621,-7.725924968719482,-1.2799965143203735,-13.691892623901367,-4.988566875457764,-0.7804201729408343,0.3226100662770382,0.16375000861671565,1.3260177509848246,-0.12816134865901654,1.8435487321451274,1.4519149661524888,-0.6264922141034313,1.7318722553379866,2.279837427773726,-0.22890505333189806
Gemma_2_2B_base,crisis_01,user_crisis,user_suffering,1,23,True,8254,]:,103.28185272216797,0.25761210918426514,4.030455112457275,-4.945857048034668,-5.302381992340088,8.2453031539917,-18.466373443603516,-9.827043533325195,-0.3625047206878662,-18.659709930419922,-12.43556022644043,0.45174238900351,0.260873874344263,-0.4549993862300275,-0.850679634528129,-0.8606294283119101,-0.40022574644116465,-0.0998564415765109,0.37165052351380434,-0.5817336545028843,-0.623994301832497,0.35630813167388653
Gemma_2_2B_base,crisis_02,user_crisis,user_suffering,1,32,True,8254,]:,106.1304931640625,0.07349151372909546,3.295599937438965,-3.8398289680480957,-3.6293234825134277,9.038843154907227,-18.744384765625,-9.237723350524902,0.17003345489501953,-17.7679443359375,-11.269635200500488,0.26075730442702033,-0.43640661255669955,0.6973065910510073,0.33509257941104315,-0.03628086121170066,-0.5432757230075036,0.3353832564929464,0.9510007870812807,-0.16642165281553264,-0.16936114653102122,-0.08782465406483961
Gemma_2_2B_base,crisis_03,user_crisis,user_suffering,1,22,True,8254,]:,102.45233917236328,-0.34888529777526855,3.2142176628112793,-4.907082557678223,-3.9738614559173584,9.290852546691895,-18.63984489440918,-9.52245044708252,-0.08226072788238525,-18.21915626525879,-11.612349510192871,-0.17736680042332628,-0.5136276405995197,-0.41460251221549055,0.09090293923424964,0.22551259693005307,-0.48948501398553246,0.12509937490403825,0.6765290064833079,-0.37655953065146686,-0.30299691599810624,-0.345497220511423
Gemma_2_2B_base,crisis_04,user_crisis,user_suffering,1,21,True,8254,]:,102.92646026611328,0.01081913709640503,3.738332509994507,-4.45601749420166,-4.4204583168029785,8.699482917785645,-18.26494026184082,-9.716686248779297,-0.014449834823608398,-18.318222045898438,-12.308441162109375,0.19574834048024464,-0.01631188606756257,0.05533579965178374,-0.22562044913516988,-0.3888164925336346,-0.2965788455836166,-0.018352578977936164,0.7503007294651352,-0.4226963270369025,-0.5744263278804775,0.08971822720634104
Gemma_2_2B_base,crisis_05,user_crisis,user_suffering,1,21,True,8254,]:,103.11509704589844,0.03616988658905029,3.0037221908569336,-4.478693008422852,-4.088512420654297,8.537403106689453,-17.5825252532959,-8.960193634033203,0.08096194267272949,-17.779071807861328,-11.785869598388672,0.22204423108368945,-0.7133600370831082,0.03171150742285843,0.009644616534903758,-0.5571889247725493,0.05455595810371371,0.5403515462894676,0.854099557369711,-0.17160392567624677,-0.3706582007715844,-0.2456579029997094
Gemma_2_2B_base,crisis_06,user_crisis,user_suffering,1,26,True,8254,]:,102.59525299072266,-0.17659956216812134,3.065133571624756,-3.859325408935547,-3.592005491256714,9.296093940734863,-18.29461669921875,-9.257393836975098,0.4575740098953247,-17.635234832763672,-11.320197105407715,0.0013421903058794412,-0.6550887491630354,0.6769943894199338,0.3615415271629188,0.2309574839728536,-0.3118487764649107,0.3208557096120964,1.2638172272236778,-0.10461634237625113,-0.18907692400778814,-0.32687327942857797
Gemma_2_2B_base,crisis_07,user_crisis,user_suffering,1,26,True,8254,]:,102.9802017211914,-0.241716206073761,3.602696418762207,-3.8600804805755615,-4.129714488983154,9.614837646484375,-18.339279174804688,-8.991409301757812,1.0882866382598877,-18.732006072998047,-12.219284057617188,-0.06620216948131116,-0.14501261915207111,0.6762077244339284,-0.019557152258133936,0.5620761633131169,-0.3348297329220341,0.5172973591225917,1.9499718434225928,-0.6154033271995776,-0.5396609914900443,-0.10560739431669114
Gemma_2_2B_base,crisis_08,user_crisis,user_suffering,1,35,True,8254,]:,106.59358215332031,-0.6897961497306824,3.3500754833221436,-4.7982964515686035,-4.902011394500732,10.159271240234375,-20.140377044677734,-10.470223426818848,0.5826997756958008,-20.216022491455078,-12.357706069946289,-0.5309876853264539,-0.3847165157200377,-0.30126462994692743,-0.5669188889189933,1.1276469629845065,-1.261579788299677,-0.5748739801212366,1.3999420136133915,-1.3065376713587062,-0.593636362828888,-0.45785210052324576
Gemma_2_2B_base,crisis_09,user_crisis,user_suffering,1,33,True,8254,]:,100.96644592285156,0.2881965637207031,4.194737434387207,-5.2550554275512695,-4.949932098388672,8.730960845947266,-18.46527862548828,-10.390252113342285,0.5297706127166748,-18.729211807250977,-11.860414505004883,0.4834671106291776,0.4167560962006569,-0.7771350962808207,-0.6008824585186081,-0.3561164585777182,-0.3996624107302666,-0.5158115360583762,1.342360180181828,-0.614101985111654,-0.39972575258887216,0.45011160341491724
Gemma_2_2B_base,crisis_10,user_crisis,user_suffering,1,26,True,8254,]:,104.46461486816406,-0.32470569014549255,3.3601598739624023,-3.4476470947265625,-4.097888946533203,9.54954719543457,-18.450105667114258,-9.309102058410645,0.06779360771179199,-18.237655639648438,-11.52755355834961,-0.15228571486207793,-0.3751477611480039,1.1058979505173627,0.002999048681069079,0.4942508618713031,-0.391855205886723,0.2826668415872885,0.8397736767471367,-0.38517503707520123,-0.2699321388592717,-0.2637167380050409
Gemma_2_2B_base,crisis_11,user_crisis,user_suffering,1,30,True,8254,]:,103.51778411865234,0.38410866260528564,4.241585731506348,-4.442728042602539,-4.3487701416015625,8.794279098510742,-18.316125869750977,-9.856950759887695,-0.08290815353393555,-18.718978881835938,-12.150203704833984,0.5829550591234606,0.4612089415179691,0.06918130212097978,-0.17481179795975493,-0.29033992467675435,-0.3229162621997493,-0.12194428556872736,0.6758246697069717,-0.6093363193766984,-0.5127242519429643,0.5220820003207148
Gemma_2_2B_base,crisis_12,user_crisis,user_suffering,1,21,True,8254,]:,106.39262390136719,-0.2639142572879791,2.705082416534424,-5.211597919464111,-5.346260070800781,8.979994773864746,-20.126148223876953,-9.91478157043457,0.35588693618774414,-20.179433822631836,-12.958296775817871,-0.08922782110980021,-0.9967297326729971,-0.7318592599501741,-0.8817780126984918,-0.09741398434672455,-1.2542583869002006,-0.16465496349245204,1.1531914812113662,-1.2894976404558816,-0.8278267623659532,-0.5429787768913987
Gemma_2_2B_base,crisis_13,user_crisis,user_suffering,1,25,True,8254,]:,103.79755401611328,-0.6029065251350403,2.5254764556884766,-4.239145278930664,-4.3959479331970215,8.286392211914062,-18.167354583740234,-9.613600730895996,0.5330958366394043,-18.02373504638672,-11.838072776794434,-0.44085859215687057,-1.1671520636116843,0.2812822783035573,-0.2082488320266055,-0.8179451200442499,-0.2463663978890571,0.057780753950974977,1.3459777036653708,-0.2855481952914757,-0.39101396566842594,-0.8040053278842775
Gemma_2_2B_base,crisis_14,user_crisis,user_suffering,1,35,True,8254,]:,105.93622589111328,0.2975066304206848,4.613946914672852,-4.012392044067383,-3.8016467094421387,9.548937797546387,-18.801298141479492,-9.214958190917969,-0.6897144317626953,-17.965980529785156,-10.926260948181152,0.4931242805493221,0.8145305155204776,0.5175232134378095,0.21295931682145774,0.4936178045895801,-0.5725603471843103,0.3521963599348533,0.01567786081117533,-0.2586508311806728,-0.0354680433656842,0.6538273980348999
Gemma_2_2B_base,crisis_15,user_crisis,user_suffering,1,25,True,8254,]:,104.83137512207031,0.3564383089542389,5.225313663482666,-4.335203170776367,-3.8467249870300293,9.942468643188477,-18.435596466064453,-7.97937536239624,0.26730334758758545,-18.537885665893555,-11.167304992675781,0.554253083555533,1.394636798740901,0.1812051781451574,0.1810103032621557,0.9024271756868333,-0.3843895355856751,1.2647303489630937,1.0568210654245882,-0.5249978043337598,-0.12945917665221462,0.974444941148217
Gemma_2_2B_base,crisis_16,user_crisis,user_suffering,2,44,True,8254,]:,89.5867919921875,-3.468351125717163,2.3234832286834717,-5.601311206817627,-2.6204869747161865,8.883878707885742,-14.56746768951416,-8.038507461547852,-2.9680933952331543,-12.857283592224121,-4.669005393981934,-3.4131343337083937,-1.358816952782856,-1.1378787440565357,1.050100627442392,-0.19726168096401892,1.6059457026257375,1.2210586103529093,-2.46297909471775,2.1205653712384698,2.4044451353053886,-2.385975643245625
Gemma_2_2B_base,crisis_17,user_crisis,user_suffering,2,53,True,8254,]:,89.97705078125,-1.513434886932373,3.6028144359588623,-3.6363377571105957,-0.9836875200271606,8.991854667663574,-13.969003677368164,-8.070317268371582,-2.039093017578125,-12.519646644592285,-5.263751983642578,-1.385333791996735,-0.1449006364224885,0.9093121837935387,2.21017440953751,-0.08509363950242557,1.9138837473456072,1.197565624499581,-1.452316125702195,2.2778092450010266,2.1725335521019766,-0.7651172142096118
Gemma_2_2B_base,crisis_18,user_crisis,user_suffering,1,47,True,8254,]:,104.72240447998047,0.13096505403518677,4.816859245300293,-3.651400089263916,-3.771411418914795,9.77968692779541,-18.131858825683594,-9.620377540588379,0.024496793746948242,-17.300796508789062,-10.700193405151367,0.3203736060641816,1.0070675126159747,0.8936196207509494,0.23438843431921758,0.73332558826897,-0.22810215123433097,0.052775772464728476,0.7926709116642228,0.051137872218081824,0.052683251196353635,0.6637205593400781
Gemma_2_2B_base,crisis_19,user_crisis,user_suffering,2,62,True,8254,]:,93.2021484375,-0.6546627283096313,5.9065728187561035,-3.592771053314209,-1.3659231662750244,9.994744300842285,-15.277202606201172,-7.646780014038086,-2.17617130279541,-13.330232620239258,-4.488619327545166,-0.49454439963658847,2.041061742925263,0.9547017847479903,1.9392667241005204,0.9567323946189858,1.2407535138250827,1.5103671067453475,-1.6014441024582038,1.9003041179042277,2.474783694588354,0.7732586716443373
Gemma_2_2B_base,crisis_20,user_crisis,user_suffering,2,51,True,8254,]:,89.59899139404297,-1.2971949577331543,4.85656213760376,-4.162361145019531,-1.8019102811813354,9.444601058959961,-15.311014175415039,-8.624635696411133,-1.923987627029419,-13.501230239868164,-4.042839050292969,-1.16103188234436,1.0447403126694654,0.36127917717724584,1.6302629424306425,0.38523027421883954,1.2233558620008844,0.7881763106840243,-1.3270925428493054,1.8206673118519918,2.648608331258236,-0.058145784837447256
Gemma_2_2B_base,grief_01,user_grief,user_suffering,1,20,True,8254,]:,103.07945251464844,-2.1588339805603027,2.0842018127441406,-5.020699501037598,-4.714977741241455,10.082914352416992,-20.38979148864746,-10.847370147705078,-0.5717346668243408,-19.16558837890625,-12.195069313049316,-2.0547950229763625,-1.5858634074919369,-0.5329733613127378,-0.43435968205099057,1.0483255790745964,-1.389915318326827,-0.8534139482357094,0.14402848626230064,-0.8173307579920458,-0.5302188528595304,-1.8203292152341497
Gemma_2_2B_base,grief_02,user_grief,user_suffering,1,28,True,8254,]:,104.65093231201172,-0.40655744075775146,3.885437488555908,-5.228560447692871,-5.457290172576904,8.136739730834961,-18.442773818969727,-11.700739860534668,-0.8341265916824341,-17.77677345275879,-12.49319076538086,-0.23718910915520716,0.12327130605501282,-0.7495315261624709,-0.9604700660987076,-0.9734077409558842,-0.38808262318168446,-1.4836662066747115,-0.14142866553367128,-0.17053353849812533,-0.6464663760888066,-0.05695890155009717
Gemma_2_2B_base,grief_03,user_grief,user_suffering,1,33,True,8254,]:,101.94725799560547,-0.5696834325790405,3.3848984241485596,-3.887533664703369,-3.9977176189422607,10.279537200927734,-18.5472354888916,-8.950881004333496,-0.4215545654296875,-17.187541961669922,-9.997718811035156,-0.4063968573030688,-0.3516741449778547,0.6476058573219708,0.07399499783232993,1.2525821549774991,-0.4418330939385915,0.5472293459254368,0.3074099776086252,0.10388264388820251,0.3266015856833498,-0.37903550114046175
Gemma_2_2B_base,grief_04,user_grief,user_suffering,1,27,True,8254,]:,103.21878051757812,-0.5886458158493042,3.696125030517578,-4.131556510925293,-3.8362059593200684,10.499855041503906,-19.26724624633789,-9.443930625915527,-0.04092085361480713,-18.538938522338867,-10.972975730895996,-0.426066206968652,-0.05636120849330709,0.39337272402026713,0.18846561382234656,1.4814536623697434,-0.8123126889107851,0.18308982602824583,0.7215028095849412,-0.525488139373032,-0.05368369925466438,-0.24121370773097955
Gemma_2_2B_base,grief_05,user_grief,user_suffering,1,27,True,8254,]:,104.79679107666016,-0.6879249811172485,3.0874266624450684,-4.444273948669434,-3.968020439147949,10.890043258666992,-19.307409286499023,-9.234893798828125,-0.4667297601699829,-17.95660400390625,-10.747553825378418,-0.529046754736858,-0.6339355508864803,0.06757071299270086,0.09504273192269289,1.8867906300672483,-0.8329784729950713,0.3374730088247355,0.2582637150879044,-0.2542840068091831,0.03421583965171366,-0.5814911528116692
Gemma_2_2B_base,grief_06,user_grief,user_suffering,1,22,True,8254,]:,105.22066497802734,-1.5576599836349487,3.589522361755371,-5.223391532897949,-4.857389450073242,10.627038955688477,-20.739757537841797,-10.744413375854492,-0.6036218404769897,-19.508384704589844,-11.945443153381348,-1.4312077139947843,-0.15751305896180465,-0.7441463361098665,-0.5352932993037577,1.6135753919552531,-1.5699894058576767,-0.7773757000943923,0.10933831134692742,-0.9769774511046594,-0.432881265887206,-0.7943603864782944
Gemma_2_2B_base,grief_07,user_grief,user_suffering,1,29,True,8254,]:,103.06336975097656,-0.13043370842933655,3.2096915245056152,-3.0359725952148438,-3.5907235145568848,9.436201095581055,-18.01520538330078,-8.955629348754883,-0.19886314868927002,-15.956950187683105,-10.408279418945312,0.04922922575159338,-0.5179223479498162,1.5347975373047895,0.36245012201518867,0.3765041888707706,-0.1680784368118136,0.5437224780926164,0.5496767988399138,0.6769923669775788,0.16651027581013564,-0.2343465610991114
Gemma_2_2B_base,grief_08,user_grief,user_suffering,1,22,True,8254,]:,101.25126647949219,-0.2702484726905823,3.979684829711914,-4.790777206420898,-4.136270999908447,10.086431503295898,-18.998613357543945,-9.894632339477539,-0.6999768018722534,-17.77309226989746,-11.023270606994629,-0.09579819234611538,0.21269958276102285,-0.29343076814438873,-0.024204048006213005,1.0519792805691104,-0.6740883598888463,-0.14977384206810415,0.004513390167747996,-0.16881914243690177,-0.07329535326971086,0.05845069520745374
Gemma_2_2B_base,grief_09,user_grief,user_suffering,1,36,True,8254,]:,100.97941589355469,-0.9476110935211182,3.4722557067871094,-3.6633248329162598,-3.8582119941711426,9.379173278808594,-17.559497833251953,-9.243339538574219,-0.8260295391082764,-16.287792205810547,-10.326905250549316,-0.7984146329917853,-0.2687836236298419,0.881195927684941,0.17286894191152116,0.31726231198114446,0.06640465503345623,0.33123544675856625,-0.13261985189730907,0.5229130196233687,0.1982407851609239,-0.5335991283108136
Gemma_2_2B_base,grief_10,user_grief,user_suffering,1,28,True,8254,]:,101.71693420410156,-1.8260565996170044,2.434231996536255,-3.8933980464935303,-3.808154344558716,8.660017967224121,-18.194618225097656,-9.638446807861328,-0.7191107273101807,-16.535799026489258,-10.699856758117676,-1.7096108457935701,-1.2537310019760917,0.6414961008771409,0.20834706156895524,-0.42981363875000483,-0.2603948310799574,0.03943079860884439,-0.016302478541401946,0.4074115809432045,0.052814521132022625,-1.481670923884831
Gemma_2_2B_base,grief_11,user_grief,user_suffering,1,26,True,8254,]:,104.13663482666016,-0.28937017917633057,4.569660186767578,-4.35089111328125,-3.5456390380859375,10.633039474487305,-19.724414825439453,-9.930685997009277,-0.44531142711639404,-18.297334671020508,-10.919082641601562,-0.11563280520623205,0.7725082610044499,0.16486082826225287,0.394403529003198,1.6198088761752862,-1.047547549317985,-0.17640110425323627,0.2815647993457434,-0.41296868389365937,-0.03266898159293486,0.3284377278991089
Gemma_2_2B_base,grief_12,user_grief,user_suffering,1,28,True,8254,]:,100.34909057617188,-1.860243320465088,2.707540273666382,-3.6144189834594727,-4.239907741546631,9.634378433227539,-18.332130432128906,-10.014998435974121,-0.9179403781890869,-16.664588928222656,-10.737292289733887,-1.7450721354794043,-0.9943975509371035,0.9321480722758327,-0.09765609278286766,0.5823756057270512,-0.3311513666425116,-0.2386696664874159,-0.23260999586753742,0.34743170257947453,0.038217155537828035,-1.369734843208254
Gemma_2_2B_base,grief_13,user_grief,user_suffering,1,37,True,8254,]:,106.81746673583984,-0.14244461059570312,4.552060127258301,-3.624272346496582,-2.950587034225464,11.963866233825684,-20.037887573242188,-9.327144622802734,-0.16877520084381104,-18.5107479095459,-10.444159507751465,0.03677052627578166,0.7558081294937627,0.9218824295408681,0.8161437896589231,3.0023039373612326,-1.208844106959266,0.26934158902068317,0.5824095893021031,-0.5123592410388951,0.15251942938046267,0.3962893278847722
Gemma_2_2B_base,grief_14,user_grief,user_suffering,1,28,True,8254,]:,104.13740539550781,-0.8852139711380005,3.802483320236206,-4.272270202636719,-3.977945566177368,10.75904655456543,-19.53767204284668,-9.797969818115234,-0.967934250831604,-18.702598571777344,-11.249024391174316,-0.7336911854806084,0.04455875854524663,0.24677135740186693,0.08800834562826439,1.7507080819960914,-0.9514595537659019,-0.07838418354249589,-0.28699851601541004,-0.6017077010483108,-0.16132430276422716,-0.3445662134676809
Gemma_2_2B_base,grief_15,user_grief,user_suffering,1,30,True,8254,]:,104.42180633544922,0.4397069811820984,4.637256145477295,-3.983673334121704,-3.6127028465270996,10.609269142150879,-18.911895751953125,-9.075528144836426,0.6663681268692017,-18.2625732421875,-11.540346145629883,0.6406262259446032,0.8366478964101259,0.5474435578929048,0.34687237564341,1.5951156793882042,-0.6294680496171041,0.4551717762356831,1.490965124306836,-0.3967796330046441,-0.27492039641469346,0.7386370611773645
Gemma_2_2B_base,grief_16,user_grief,user_suffering,1,35,True,8254,]:,99.79852294921875,-0.409748375415802,4.304866790771484,-2.978297472000122,-2.946328639984131,10.545654296875,-16.092317581176758,-7.06019401550293,1.0028177499771118,-16.286508560180664,-9.8419189453125,-0.2404990100603138,0.5212543073479148,1.5948858754069748,0.8191619062027936,1.5290310377961356,0.8213383000082919,1.9435874856590114,1.856989921705436,0.5235108375245103,0.38735316316315777,0.14037764864380048
Gemma_2_2B_base,grief_17,user_grief,user_suffering,1,23,True,8254,]:,101.85530090332031,0.9852017760276794,5.324238300323486,-2.5407097339630127,-2.4477429389953613,10.638970375061035,-18.3005428314209,-9.223688125610352,-0.860884428024292,-17.389286041259766,-10.330355644226074,1.2064584690571596,1.4885032111821679,2.0507829500374584,1.1725321362499905,1.625970039297407,-0.3148980518198937,0.3457489070042172,-0.1705386152948936,0.009926633428234077,0.19689536128769322,1.3474808401196636
Gemma_2_2B_base,grief_18,user_grief,user_suffering,1,33,True,8254,]:,102.74272155761719,-0.3730428218841553,4.252499103546143,-2.5287585258483887,-2.344695568084717,11.539077758789062,-18.044689178466797,-8.03979778289795,0.09761166572570801,-16.477296829223633,-9.562475204467773,-0.20242497913325602,0.47156428992991967,2.063234214879105,1.2455664673433997,2.5610233840014556,-0.18324924416209604,1.2201056494816889,0.8722128530569369,0.43465715399493987,0.4963176221145948,0.13456965539833182
Gemma_2_2B_base,grief_19,user_grief,user_suffering,2,53,True,8254,]:,93.25704956054688,-2.386716365814209,3.522190570831299,-4.581901550292969,-2.005842685699463,9.599895477294922,-16.916109085083008,-9.447625160217285,-3.0572595596313477,-13.434399604797363,-4.018068313598633,-2.2911734493746545,-0.22140203403540482,-0.07581543683414438,1.4857268264615406,0.5465538761612613,0.39745860161157903,0.18036124479017676,-2.559983296883823,1.8517915949562314,2.6582672698108323,-1.2562877417050298
Gemma_2_2B_base,grief_20,user_grief,user_suffering,1,29,True,8254,]:,106.03739929199219,-0.372163325548172,3.605966329574585,-4.787243366241455,-4.245918273925781,10.054448127746582,-19.047672271728516,-8.64924430847168,-0.2059687376022339,-18.38929557800293,-11.169807434082031,-0.20151269291292725,-0.14190990574555426,-0.2897490667163582,-0.10191602884865214,1.0187541756283531,-0.6993314919794541,0.7700017339501227,0.5419466022112459,-0.45579660705212205,-0.1304349622363377,-0.17171129932924076
Gemma_2_2B_base,abuse_01,user_abuse,user_suffering,1,26,True,8254,]:,98.53825378417969,0.2286330759525299,4.896173477172852,-2.8596229553222656,-3.179169178009033,8.972618103027344,-17.18338394165039,-9.459951400756836,-2.402114152908325,-16.147903442382812,-10.042695045471191,0.4216829429158754,1.0823262412721286,1.7185259143836453,0.6541372889243567,-0.105077048625484,0.2599330444122177,0.17125775679274696,-1.8472481701587558,0.5880618465260934,0.30906384790407093,0.752004592094002
Gemma_2_2B_base,abuse_02,user_abuse,user_suffering,1,27,True,8254,]:,98.99650573730469,-0.3723267614841461,3.594550848007202,-5.337587833404541,-4.798415660858154,7.973310470581055,-17.596607208251953,-10.362726211547852,-1.8799200057983398,-16.94102668762207,-10.34209156036377,-0.20168222216074275,-0.15274168977063826,-0.8631207835386555,-0.4934959083630176,-1.1431820136543265,0.04731012612886992,-0.4954824084707696,-1.2791512136721566,0.21868944126273093,0.19231913514507953,-0.1772119559656905
Gemma_2_2B_base,abuse_03,user_abuse,user_suffering,1,29,True,8254,]:,100.69896697998047,-0.31621113419532776,3.8335890769958496,-3.9408445358276367,-3.8493523597717285,9.49609375,-17.41352081298828,-8.49148941040039,0.07114171981811523,-16.886259078979492,-10.630366325378418,-0.1434744600289544,0.07407401264718137,0.5920643782563595,0.17914816540238002,0.4387221284744747,0.14151673743392953,0.8865108850185047,0.8434161003708115,0.24419574618603326,0.07991116456674477,-0.03470022369088651
Gemma_2_2B_base,abuse_04,user_abuse,user_suffering,1,32,True,8254,]:,101.39558410644531,0.35218387842178345,5.820224761962891,-2.9288289546966553,-2.839075803756714,9.97861099243164,-18.102807998657227,-9.387569427490234,-1.548355221748352,-16.867101669311523,-10.3836030960083,0.5498400369158721,1.9591288435859842,1.64642423072315,0.8951768407180343,0.9399727232028547,-0.21315412647355003,0.2247151287098785,-0.9184406508682774,0.25311771200931277,0.17613239928162353,1.254484440250928
Gemma_2_2B_base,abuse_05,user_abuse,user_suffering,1,34,True,8254,]:,105.59835052490234,0.12815174460411072,4.541141033172607,-3.3882243633270264,-3.542571783065796,10.675458908081055,-18.54139518737793,-8.075872421264648,0.05368947982788086,-17.54366683959961,-11.170303344726562,0.3174554092252803,0.7454473516161354,1.1678070193891785,0.396577431323163,1.6638752109030457,-0.4388279825330691,1.1934628919978378,0.8244297435202097,-0.06197140656940088,-0.1306283343795328,0.5314513804207078
Gemma_2_2B_base,abuse_06,user_abuse,user_suffering,1,29,True,8254,]:,104.2365493774414,0.5699386596679688,4.585199356079102,-3.0110063552856445,-3.3048367500305176,9.990987777709961,-18.679479598999023,-9.950126647949219,-0.675915002822876,-16.789522171020508,-11.223230361938477,0.775713276193787,0.7872528799605668,1.5608084026898692,0.5650709985220477,0.9528300274316511,-0.509878944425361,-0.19075890717993693,0.030690310922595884,0.2892479427835135,-0.15126634823153798,0.7814830780771769
Gemma_2_2B_base,abuse_07,user_abuse,user_suffering,1,30,True,8254,]:,106.8963851928711,-0.06127157807350159,5.010284900665283,-3.918233633041382,-3.4539222717285156,10.334808349609375,-19.518268585205078,-10.510181427001953,-1.2184727191925049,-17.89680290222168,-10.977677345275879,0.12096989812366109,1.19060290807492,0.6156213556096273,0.4594073483318177,1.309999162519811,-0.9414755569244978,-0.6043847765316281,-0.5595602483640955,-0.22643350955138908,-0.055517015919956565,0.6557864030992906
Gemma_2_2B_base,abuse_08,user_abuse,user_suffering,1,27,True,8254,]:,103.31096649169922,0.44861486554145813,5.4429521560668945,-3.723767042160034,-3.5836031436920166,10.252204895019531,-18.28365135192871,-9.156766891479492,-0.7970874309539795,-17.277822494506836,-11.014793395996094,0.6498662191325686,1.6011469782109458,0.8182247244651115,0.3674966507976025,1.2241886937972475,-0.306206586566038,0.3951732752638413,-0.1011336247004749,0.061837302558723196,-0.06998980522959276,1.1255065986717572
Gemma_2_2B_base,abuse_09,user_abuse,user_suffering,1,36,True,8254,]:,101.64497375488281,0.6473962068557739,4.3407087326049805,-3.475250244140625,-3.7489774227142334,9.356173515319824,-18.539072036743164,-10.364917755126953,-0.4706156253814697,-17.73312759399414,-10.987092018127441,0.8560586398625263,0.5552635754360293,1.0771398433434545,0.2502884217888721,0.29336960077095164,-0.4376326116343342,-0.4971009628551482,0.25403626785935884,-0.15020684157119327,-0.059188111684614665,0.7056611076492778
Gemma_2_2B_base,abuse_10,user_abuse,user_suffering,1,26,True,8254,]:,106.48432922363281,0.134880930185318,5.016724586486816,-4.636812210083008,-4.186667442321777,9.766642570495605,-19.404882431030273,-9.905424118041992,-1.688933253288269,-18.01564598083496,-11.479978561401367,0.32443547614381624,1.196713319238611,-0.13302364215681173,-0.059922285440302384,0.7197747940601953,-0.8831330168447824,-0.15774406026376492,-1.071376014676335,-0.281780965397357,-0.2513810566757492,0.7605743976912136
Gemma_2_2B_base,abuse_11,user_abuse,user_suffering,1,35,True,8254,]:,102.35299682617188,0.058222413063049316,4.725575923919678,-3.285672187805176,-3.295008420944214,8.925321578979492,-17.56135368347168,-9.041988372802734,-1.4455273151397705,-16.602611541748047,-9.90605354309082,0.24491893243554044,0.9204516991305127,1.2746501339314755,0.5720367797374317,-0.1542098230069703,0.0654497323040071,0.4799424199015715,-0.8065737884962644,0.37629573657605414,0.3623449388749429,0.5826853157830266
Gemma_2_2B_base,abuse_12,user_abuse,user_suffering,1,25,True,8254,]:,108.06572723388672,-0.14067044854164124,4.5299506187438965,-4.401516914367676,-3.768649101257324,10.23189926147461,-19.68865203857422,-9.560525894165039,-0.05655491352081299,-18.97589111328125,-11.259642601013184,0.0386108336520953,0.7348291265743363,0.11211676664924448,0.2363462137423901,1.2030947100062526,-1.0291459037093813,0.09697892938779967,0.7044944576160701,-0.72898517526404,-0.16546469784563958,0.3867199801132158
Gemma_2_2B_base,abuse_13,user_abuse,user_suffering,1,34,True,8254,]:,105.98527526855469,-0.09940683841705322,5.065028190612793,-3.614866256713867,-3.5321156978607178,11.26085376739502,-19.672561645507812,-8.795088768005371,-0.17200088500976562,-18.69236946105957,-10.748857498168945,0.08141285723937274,1.2425470586597058,0.9316820844281074,0.40398813168417225,2.271997565045928,-1.0208666353171585,0.6622889822318296,0.578900355490488,-0.5969438118895843,0.03370749403681418,0.6619799579495392
Gemma_2_2B_base,abuse_14,user_abuse,user_suffering,1,35,True,8254,]:,103.06148529052734,0.12318161129951477,3.8433468341827393,-4.106127738952637,-3.547896385192871,9.528403282165527,-18.07642364501953,-8.817326545715332,0.2786135673522949,-17.946922302246094,-10.744129180908203,0.31229997657426106,0.0833328352201683,0.4198654744930797,0.39280364504164117,0.4722860528054497,-0.19957812840934658,0.6458653742531784,1.0691254956084308,-0.24977505633935368,0.03555122304827841,0.19781640589721466
Gemma_2_2B_base,abuse_15,user_abuse,user_suffering,1,31,True,8254,]:,105.60337829589844,0.6342121362686157,4.9521074295043945,-3.870535135269165,-4.595428466796875,9.271490097045898,-18.010051727294922,-8.93346881866455,-0.02624201774597168,-18.074926376342773,-12.164949417114258,0.8423830332313067,1.135400173173148,0.6653156310849108,-0.3496297057827616,0.20539841541077017,-0.1654266370019764,0.5600890351987112,0.7374719697679935,-0.3093889599998587,-0.51847409824697,0.9888916032022274
Gemma_2_2B_base,abuse_16,user_abuse,user_suffering,1,25,True,8254,]:,105.37335205078125,-0.34826475381851196,3.9221925735473633,-5.025284290313721,-5.336200714111328,8.781570434570312,-19.413511276245117,-11.064481735229492,-2.3521361351013184,-17.910785675048828,-11.637837409973145,-0.1767231209926162,0.15814702637403957,-0.5377499851462978,-0.874648491774748,-0.30354199249559705,-0.8875729658972263,-1.0137607080437456,-1.7928768985454537,-0.23294554971969478,-0.31293550041932305,-0.009288047309288311
Gemma_2_2B_base,abuse_17,user_abuse,user_suffering,1,26,True,8254,]:,104.22025299072266,0.7897803783416748,4.018429756164551,-4.3622541427612305,-4.5213165283203125,9.405847549438477,-18.899852752685547,-10.064981460571289,0.023551464080810547,-18.829774856567383,-12.685330390930176,1.0037512592914555,0.2494633997691338,0.15302235234402747,-0.2971032239828022,0.3449721901811318,-0.6232713567972256,-0.2755843983584636,0.7916424840014818,-0.6609360876670692,-0.7213880411002492,0.6266073295302946
Gemma_2_2B_base,abuse_18,user_abuse,user_suffering,1,30,True,8254,]:,103.7229232788086,0.6150335073471069,5.118163108825684,-2.3639543056488037,-2.6445579528808594,10.168314933776855,-18.334339141845703,-9.061344146728516,-0.5885618925094604,-17.314067840576172,-10.592733383178711,0.8224893757206926,1.2929650769338563,2.2349340943427687,1.0330404368379624,1.1370417708132687,-0.332287852275299,0.46564730250150693,0.12572208480082245,0.04495716351653074,0.09458550714871126,1.0577272263272746
Gemma_2_2B_base,abuse_19,user_abuse,user_suffering,2,62,True,8254,]:,90.35403442382812,-1.9233351945877075,3.826012134552002,-2.2710483074188232,-0.1478818655014038,9.18344497680664,-13.89035701751709,-7.3343892097473145,-2.565352439880371,-11.613269805908203,-4.365915298461914,-1.8105162368609449,0.06688449518023964,2.33172742086208,2.8025476681945354,0.11393501265141263,1.9543511742363997,1.741081891861176,-2.0248357102032695,2.6999259777904525,2.522630098661678,-0.8718158708403526
Gemma_2_2B_base,abuse_20,user_abuse,user_suffering,1,37,True,8254,]:,105.84272766113281,0.07496193051338196,4.835766792297363,-3.4275407791137695,-3.34102201461792,10.639728546142578,-18.08684539794922,-8.019404411315918,0.32707691192626953,-17.402956008911133,-11.052764892578125,0.2622825421290569,1.0250082770337956,1.1268455449599935,0.5394248653774129,1.626757645774668,-0.2049406132949685,1.2351670798365855,1.1218489485732102,0.0035602725107266673,-0.08479616148624054,0.6436454095814262
Gemma_2_2B_base,harm_01,harm_description,user_suffering,1,28,True,8254,]:,103.89510345458984,-1.7805969715118408,2.2468976974487305,-3.919309616088867,-3.957547187805176,9.734752655029297,-18.511394500732422,-9.79704475402832,-0.10751330852508545,-17.276371002197266,-10.432961463928223,-1.662456365888608,-1.4314865049944174,0.6145003517947102,0.10246559870166079,0.6866467777166352,-0.42339121006492364,-0.07770098173533868,0.64905663000045,0.06251328981395177,0.1568859211216109,-1.5469714354415127
Gemma_2_2B_base,harm_02,harm_description,user_suffering,1,28,True,8254,]:,104.55200958251953,-0.655139684677124,3.8578133583068848,-4.261495590209961,-4.346658229827881,9.126612663269043,-19.01921844482422,-9.784917831420898,-1.137552261352539,-18.35318374633789,-11.687318801879883,-0.4950391381635832,0.09705965558963409,0.2579967960022958,-0.17331499059479186,0.05489622925592301,-0.6846906520226994,-0.06874469907573968,-0.47152658105701184,-0.4389786481779533,-0.3322299497456283,-0.19898974128697455
Gemma_2_2B_base,harm_03,harm_description,user_suffering,1,24,True,8254,]:,101.63343048095703,-0.7674980163574219,3.389704465866089,-5.321730136871338,-4.979920387268066,10.039852142333984,-19.296245574951172,-10.36311149597168,-1.2019493579864502,-18.728729248046875,-12.019222259521484,-0.6115864772908881,-0.34711384626487135,-0.8465995768606654,-0.6221365147801857,1.003591512566115,-0.8272342153018897,-0.49576695850179175,-0.5415844222005147,-0.6138772482186543,-0.46165020649105976,-0.4793501617778797
Gemma_2_2B_base,harm_04,harm_description,user_suffering,1,23,True,8254,]:,108.34741973876953,-0.3938264846801758,4.3935370445251465,-5.476314067840576,-5.363550186157227,10.602724075317383,-21.403797149658203,-11.165079116821289,-1.7558856010437012,-19.846195220947266,-12.490208625793457,-0.2239835103073185,0.6053906648410015,-1.0076515346460544,-0.8940322992312443,1.5883165054845032,-1.9116691986760315,-1.0880564394109318,-1.1442137230267548,-1.1343021590856468,-0.645303540143093,0.19070357726684148
Gemma_2_2B_base,harm_05,harm_description,user_suffering,1,27,True,8254,]:,106.32875061035156,-1.0885300636291504,4.096609592437744,-4.883479118347168,-4.360985279083252,11.198161125183105,-19.828022003173828,-9.926618576049805,-0.18228483200073242,-19.3406982421875,-12.03654956817627,-0.9445874245688544,0.3236457368548752,-0.3900114690785977,-0.18346921820546705,2.2068709303262013,-1.100858343422484,-0.17339712929702444,0.5677124112774572,-0.8988827132194102,-0.46840670354819847,-0.3104708438569896
Gemma_2_2B_base,harm_06,harm_description,user_suffering,1,36,True,8254,]:,105.7475357055664,-0.8922939300537109,4.718701362609863,-3.5176961421966553,-3.3089451789855957,10.823467254638672,-18.36147117614746,-8.815959930419922,-0.9444953203201294,-17.007404327392578,-10.01424789428711,-0.7410351034652983,0.9139286485753901,1.0329179443464427,0.5621591691572877,1.8176298650639908,-0.34624856741035964,0.6468746816651951,-0.2614992162615485,0.1877761265857147,0.32015634340285404,0.0864467725550459
Gemma_2_2B_base,harm_07,harm_description,user_suffering,1,26,True,8254,]:,108.75167083740234,-0.5270280241966248,3.7508625984191895,-4.677462577819824,-4.677581787109375,10.330528259277344,-21.467998504638672,-11.647687911987305,-2.2083325386047363,-18.8923397064209,-12.123767852783203,-0.36215114564098627,-0.004422487374198116,-0.17537488311479388,-0.40785547848421955,1.3055529010481792,-1.9447038328725967,-1.4444849352001257,-1.6364324306140108,-0.6900737144029528,-0.50241602923264,-0.18328681650759218
Gemma_2_2B_base,harm_08,harm_description,user_suffering,1,22,True,8254,]:,107.5390396118164,-0.5750347971916199,4.061520576477051,-5.112538814544678,-4.498925685882568,10.370622634887695,-21.18659210205078,-10.955517768859863,-1.4251137971878052,-19.886634826660156,-12.615471839904785,-0.4119477345452725,0.2903508959587241,-0.6286553713977621,-0.2812338215360714,1.3472039092456718,-1.7999069267498145,-0.9332858741464664,-0.7843658463278633,-1.1531356436918967,-0.6941478560361554,-0.0607984192932742
Gemma_2_2B_base,harm_09,harm_description,user_suffering,1,22,True,8254,]:,108.84430694580078,0.5738388299942017,4.779001712799072,-5.174571990966797,-4.861749172210693,10.083093643188477,-20.680191040039062,-10.092156410217285,-0.9660377502441406,-19.703954696655273,-13.146598815917969,0.7797588548960332,0.9711457152432306,-0.6932841102827682,-0.5383832315091894,1.0485118306692192,-1.5393396249319862,-0.29565433185840645,-0.28493530596666533,-1.0680580729375913,-0.9012520244846705,0.8754522850696319
Gemma_2_2B_base,harm_10,harm_description,user_suffering,1,32,True,8254,]:,107.6517562866211,0.09056258201599121,4.296533584594727,-4.791720867156982,-4.217309474945068,10.482455253601074,-21.159122467041016,-11.74903392791748,-1.3619948625564575,-19.293882369995117,-11.826544761657715,0.27846482602461176,0.513347195500698,-0.29441391308111425,-0.08163967945247032,1.4633783413915964,-1.7857725000802085,-1.5193335669988772,-0.7156985223848533,-0.8770796814459737,-0.3865188070781517,0.39590601076265486
Gemma_2_2B_base,harm_11,harm_description,user_suffering,1,31,True,8254,]:,106.03801727294922,-0.1318681240081787,3.8223800659179688,-4.577526092529297,-4.540553092956543,10.518379211425781,-20.047510147094727,-9.91074275970459,0.01710963249206543,-18.930335998535156,-12.046133995056152,0.047741331472489185,0.06343814184193285,-0.07125690326193974,-0.310737047129639,1.500697018614168,-1.213795376404354,-0.16167211848903887,0.7846343914366402,-0.7077693019343698,-0.4721439920849503,0.055589736657211015
Gemma_2_2B_base,harm_12,harm_description,user_suffering,1,40,True,8254,]:,104.98790740966797,-0.009830951690673828,4.384713649749756,-3.742837905883789,-3.911525249481201,10.594675064086914,-18.824630737304688,-9.11252212524414,-0.10670113563537598,-18.162107467651367,-11.225882530212402,0.1743283632975587,0.5970184287674779,0.7983559067936274,0.1350834272926318,1.5799549977259086,-0.5845660714899129,0.4278500429352345,0.6499401959104442,-0.34999083314307466,-0.15230051732812572,0.3856733960325183
Gemma_2_2B_base,harm_13,harm_description,user_suffering,1,37,True,8254,]:,107.52680206298828,0.3225942850112915,5.533137321472168,-3.75785231590271,-3.97658109664917,10.693765640258789,-19.560712814331055,-9.819584846496582,-1.1819040775299072,-18.584827423095703,-11.131635665893555,0.5191472673964367,1.6867207867419478,0.7827132710204372,0.08897540687794644,1.6828926875539916,-0.9633151206433382,-0.09434786288189595,-0.5197770869741322,-0.5468594631227615,-0.11555051338339958,1.1029340270691923
Gemma_2_2B_base,harm_14,harm_description,user_suffering,1,30,True,8254,]:,105.460205078125,0.532556414604187,4.957762718200684,-4.948256969451904,-4.467170715332031,9.573622703552246,-19.8574275970459,-10.62713623046875,-1.6496026515960693,-17.897253036499023,-11.084193229675293,0.7369373249346909,1.1407662950836532,-0.45749972400998673,-0.25872763809292043,0.5192610826492323,-1.115988912507702,-0.6907612062455777,-1.0285881066888882,-0.22664314554644024,-0.09705112106123118,0.9388518100091721
Gemma_2_2B_base,harm_15,harm_description,user_suffering,1,29,True,8254,]:,105.05836486816406,0.12256905436515808,4.6603264808654785,-4.375218868255615,-4.4629011154174805,10.169951438903809,-19.763954162597656,-9.949499130249023,-1.6210434436798096,-17.765357971191406,-11.46234130859375,0.3116645819426784,0.8585385971077707,0.13951516301374506,-0.25570157958177137,1.1387418119641868,-1.0678924087028574,-0.19029545688188595,-0.9975184380863445,-0.16521713413210304,-0.2445037020291136,0.5851015895252245
Gemma_2_2B_base,harm_16,harm_description,user_suffering,1,35,True,8254,]:,101.77912139892578,0.11895833909511566,4.758098125457764,-4.087442874908447,-3.8658816814422607,9.521449089050293,-18.646926879882812,-9.654224395751953,-0.9074866771697998,-17.269987106323242,-11.021074295043945,0.3079192499252258,0.9513109722151757,0.4393321416712443,0.16743308775443186,0.4650618686140193,-0.4931290305265855,0.027778333972134275,-0.2212373756151947,0.06548639013359699,-0.07243893779706016,0.6296151110702007
Gemma_2_2B_base,harm_17,harm_description,user_suffering,1,37,True,8254,]:,107.21025848388672,-0.3878134787082672,3.886936664581299,-5.6050262451171875,-4.616576671600342,10.387117385864258,-21.520755767822266,-12.170625686645508,-0.7942538261413574,-19.429630279541016,-12.139110565185547,-0.21774632401501415,0.12469382606231709,-1.1417492252096575,-0.36461839475171104,1.3643390559509625,-1.971849940474409,-1.830698212454334,-0.09805093547684919,-0.9403000348518505,-0.5083986658474919,-0.04652624897634853
Gemma_2_2B_base,harm_18,harm_description,user_suffering,1,29,True,8254,]:,102.50941467285156,-0.5550981760025024,3.8741157054901123,-4.950221061706543,-4.675625801086426,10.543992042541504,-19.887065887451172,-10.263771057128906,-1.6775952577590942,-18.148237228393555,-10.867226600646973,-0.39126782486672645,0.11252842953038533,-0.45954599687222636,-0.4064691827490472,1.52730424774599,-1.1312392149670136,-0.4223995363942274,-1.0590413671349366,-0.3435312019735318,-0.012448577196329911,-0.13936969766817056
Gemma_2_2B_base,harm_19,harm_description,user_suffering,2,59,True,8254,]:,90.66845703125,-1.6475787162780762,4.745265960693359,-2.586834192276001,-0.6557514667510986,9.953271865844727,-13.821930885314941,-6.920452117919922,-3.083759307861328,-11.273548126220703,-3.3536882400512695,-1.524478848146856,0.939134942979627,2.002728574226718,2.442597518257072,0.9136498249628239,1.989559656167528,2.046793218445347,-2.588812471627412,2.858140750462293,2.917331276874888,-0.29267195258361456
Gemma_2_2B_base,harm_20,harm_description,user_suffering,1,45,True,8254,]:,105.73927307128906,-1.08627450466156,2.860417366027832,-3.7193145751953125,-2.925520896911621,10.71647834777832,-18.22747039794922,-8.687724113464355,1.3259913921356201,-17.51512336730957,-10.312488555908203,-0.9422477725645386,-0.8493373853131228,0.8228634894204799,0.8339092945488974,1.7064871980727938,-0.2772988280912955,0.7415826517676628,2.2085717300099037,-0.048678174934058564,0.20386233648530966,-0.8957925789388307
Gemma_2_2B_base,neutral_01,casual_chat,neutral,1,15,True,8254,]:,97.66580200195312,-1.0952906608581543,1.9607951641082764,-5.203291416168213,-5.508787631988525,8.43923568725586,-17.375436782836914,-9.36233901977539,1.185765027999878,-19.373550415039062,-12.824905395507812,-0.9516000742421673,-1.702960015058846,-0.7232051999209888,-0.9969686440624198,-0.6591676170283197,0.16111277252016898,0.24334892975127131,2.056018946479915,-0.9141825877056872,-0.7758130026720216,-1.3272800446505066
Gemma_2_2B_base,neutral_02,casual_chat,neutral,1,14,True,8254,]:,101.25885009765625,-0.941435694694519,3.0493862628936768,-4.414986610412598,-4.279185771942139,10.75078010559082,-18.960586547851562,-9.998332023620605,0.3541107177734375,-19.88619613647461,-12.19432258605957,-0.7920089994217008,-0.6700308649331435,0.09808347803245762,-0.12549420889637813,1.7421206946440182,-0.6545217674355807,-0.2263607646504269,1.151259126586544,-1.1529313374255332,-0.5299276790362193,-0.7310199321774221
Gemma_2_2B_base,neutral_03,casual_chat,neutral,1,26,True,8254,]:,107.8274917602539,-0.6196632385253906,3.1180925369262695,-5.394676208496094,-4.884647846221924,9.235154151916504,-20.127586364746094,-10.174052238464355,-0.9599564075469971,-19.34335708618164,-12.53044605255127,-0.4582400388992546,-0.6048376869584445,-0.9225978230836701,-0.5546125571538624,0.16765175580055505,-1.2549983784089414,-0.3561381174128579,-0.27831939060890165,-0.9001209868511955,-0.6609934583463399,-0.5315388629288496
Gemma_2_2B_base,neutral_04,casual_chat,neutral,1,23,True,8254,]:,98.44780731201172,-0.2814788222312927,2.9833731651306152,-3.674563407897949,-4.441792964935303,9.393949508666992,-17.438440322875977,-9.054288864135742,0.07180070877075195,-18.108308792114258,-11.476964950561523,-0.10744723818780318,-0.732668574395993,0.8694871136305283,-0.24074127892139197,0.3326122173379769,0.12869447077385449,0.47085794886166055,0.8441330169054435,-0.3249357785820012,-0.2502059490363327,-0.4200579062918981
Gemma_2_2B_base,neutral_05,casual_chat,neutral,1,17,True,8254,]:,103.84600830078125,0.5516996383666992,3.561018228530884,-4.9351043701171875,-4.17795467376709,8.91173267364502,-19.784154891967773,-10.26185417175293,0.21229422092437744,-20.044532775878906,-12.904075622558594,0.7567942572909642,-0.18455971600271776,-0.44379679991210963,-0.05374715241420051,-0.1683263068994129,-1.0782866395636959,-0.42098382955671604,0.9969764317585348,-1.2266716869728975,-0.80668412159411,0.2861172706441232
Gemma_2_2B_base,neutral_06,casual_chat,neutral,1,13,True,8254,]:,106.4005355834961,0.763278067111969,4.54084587097168,-5.726323127746582,-5.825882911682129,8.167609214782715,-19.78217315673828,-11.636308670043945,-0.2912776470184326,-20.967159271240234,-13.972107887268066,0.976260873769048,0.7451672816783106,-1.2681213539182743,-1.2217084063740808,-0.9413397735817195,-1.0772669430417043,-1.436080848640332,0.449138722098553,-1.6563561903548591,-1.2231456158288694,0.8607140777236792
Gemma_2_2B_base,neutral_07,casual_chat,neutral,1,18,True,8254,]:,98.80741882324219,-0.6872831583023071,2.7990288734436035,-4.344175338745117,-4.205531597137451,8.52777099609375,-16.42943000793457,-9.873685836791992,0.20423460006713867,-17.501951217651367,-11.377961158752441,-0.528381003117428,-0.9075869553704887,0.17185760102063669,-0.07329216490864829,-0.5671949944836638,0.6478780092644493,-0.13430389929243317,0.9882083402263467,-0.04254365721446792,-0.211601059994958,-0.7179839792439584
Gemma_2_2B_base,neutral_08,casual_chat,neutral,1,27,True,8254,]:,98.60789489746094,-1.216179370880127,2.490175247192383,-3.7912936210632324,-3.396928071975708,10.204652786254883,-17.38986587524414,-9.36691665649414,-0.1023552417755127,-17.90834617614746,-10.191804885864258,-1.0769958261449506,-1.2006482471933475,0.7478727307829625,0.4998017147126922,1.1747904118234267,0.15368832190528434,0.23996813730348307,0.6546681100179957,-0.23180942922109116,0.25092093500986634,-1.138822036669149
Gemma_2_2B_base,neutral_09,casual_chat,neutral,1,24,True,8254,]:,96.40599822998047,-2.4415502548217773,0.4226585030555725,-4.55650520324707,-5.867180824279785,7.408265113830566,-16.82815933227539,-10.734389305114746,0.05799531936645508,-17.034305572509766,-11.118786811828613,-2.348051686727076,-3.162448518915849,-0.04935646799634814,-1.250978104334054,-1.7301648118075297,0.4427129099133564,-0.769972468965496,0.8291140823825303,0.1752477110170633,-0.11054031552711528,-2.7552501028214627
Gemma_2_2B_base,neutral_10,casual_chat,neutral,1,22,True,8254,]:,100.87727355957031,0.16218003630638123,3.101285696029663,-3.9889726638793945,-4.6137824058532715,9.256155014038086,-17.596820831298828,-10.181659698486328,0.2633383274078369,-18.14996910095215,-12.313507080078125,0.35275236311946845,-0.6207851587896944,0.5419224961171096,-0.36263797227289335,0.1894679598706988,0.04720020696576786,-0.3617565718620259,1.0525075052114197,-0.34433776758161005,-0.5764016986971169,-0.134016397835113
Gemma_2_2B_base,neutral_11,casual_chat,neutral,1,24,True,8254,]:,101.95216369628906,-0.6430494785308838,2.7359163761138916,-3.773808717727661,-3.6752548217773438,8.261651039123535,-16.085065841674805,-8.745820045471191,0.6344094276428223,-16.68006134033203,-10.620153427124023,-0.4824981780516597,-0.9674723781907073,0.7660892290711474,0.30253896247040923,-0.8436468494022146,0.8250696630271671,0.6986761696146704,1.4561971364535504,0.34022590939364783,0.08389351510804578,-0.7249852781211835
Gemma_2_2B_base,neutral_12,casual_chat,neutral,1,20,True,8254,]:,97.90049743652344,-0.9998289346694946,3.0270705223083496,-4.0083818435668945,-4.017248153686523,9.983970642089844,-16.948862075805664,-8.425972938537598,0.8317776918411255,-18.64198112487793,-11.211736679077148,-0.852579289495694,-0.691205554844669,0.5217012068273301,0.060152824777952,0.9455404570421085,0.3806056384973955,0.9348977725957139,1.6709148057699077,-0.5734770164774579,-0.14678457694348496,-0.7718924221701815
Gemma_2_2B_base,neutral_13,casual_chat,neutral,1,21,True,8254,]:,102.54281616210938,-0.23946945369243622,2.404268741607666,-5.223341941833496,-4.191418647766113,9.434510231018066,-19.74654769897461,-10.887240409851074,0.49723100662231445,-19.22927474975586,-12.078426361083984,-0.06387165239543623,-1.2821621727645718,-0.7440946700798414,-0.06328967956640129,0.3747476778214829,-1.0589359597522376,-0.882859946124185,1.3069602215844645,-0.8469906981393281,-0.4847358654325078,-0.673016912580004
Gemma_2_2B_base,neutral_14,casual_chat,neutral,1,21,True,8254,]:,100.13844299316406,-1.3592474460601807,2.7812490463256836,-4.05079984664917,-4.157342433929443,10.435385704040527,-17.498458862304688,-8.621993064880371,0.9335904121398926,-18.826719284057617,-11.302114486694336,-1.2253978469558764,-0.92445766259452,0.4775083699722073,-0.03913832605040313,1.4144813536033027,0.09781209304767144,0.790128013990862,1.7816772431764853,-0.6595130501074422,-0.18202590630178306,-1.074927754775198
Gemma_2_2B_base,neutral_15,casual_chat,neutral,1,19,True,8254,]:,93.96424102783203,-0.8954507112503052,1.8548293113708496,-5.2328314781188965,-5.257083415985107,7.309287071228027,-16.458843231201172,-10.302699089050293,-0.12548398971557617,-17.601451873779297,-12.536079406738281,-0.7443095775801065,-1.8035076112430704,-0.7539812629983729,-0.8185744852716915,-1.8329855990389878,0.6327435144948345,-0.4511496545038665,0.6295062590382138,-0.08888298329003776,-0.6631900915191353,-1.2739085944115884
Gemma_2_2B_base,neutral_16,casual_chat,neutral,1,19,True,8254,]:,99.96649169921875,-0.9480758309364319,2.974170684814453,-4.444798946380615,-4.425183296203613,10.14014720916748,-18.18096160888672,-10.092531204223633,0.4997541904449463,-19.40808868408203,-11.987933158874512,-0.7988966970126523,-0.7414005125706001,0.06702374857868634,-0.22896925567827647,1.1077804564580729,-0.2533678560102186,-0.2959311342400691,1.3097052026575509,-0.9302677088852915,-0.44944953986396624,-0.7701486047916262
Gemma_2_2B_base,neutral_17,casual_chat,neutral,1,19,True,8254,]:,98.26017761230469,-0.6529900431632996,2.8037962913513184,-4.184972763061523,-4.15187406539917,9.11160659790039,-18.29712677001953,-10.110503196716309,-0.3364599943161011,-19.045310974121094,-12.256897926330566,-0.49280935248799396,-0.9030633055508234,0.33772145464085274,-0.03526264601847798,0.03930756520598376,-0.3131403266313599,-0.3092042662564377,0.39998467828404094,-0.7613153094838809,-0.554327896681888,-0.6979363290194087
Gemma_2_2B_base,neutral_18,casual_chat,neutral,1,23,True,8254,]:,92.16223907470703,-0.7580920457839966,1.8241803646087646,-2.6451034545898438,-2.9200143814086914,7.9866533279418945,-13.722723007202148,-6.981219291687012,1.0410354137420654,-14.919341087341309,-9.027228355407715,-0.6018298279543558,-1.8325894130018126,1.9420212373417334,0.837812011065175,-1.1293211303545043,2.0406068025068937,2.001913903032718,1.8985670603789673,1.16022643106151,0.7050282668296539,-1.2172096204780842
Gemma_2_2B_base,neutral_19,casual_chat,neutral,1,27,True,8254,]:,97.40010070800781,-0.8363374471664429,2.934633255004883,-4.215021133422852,-4.529293537139893,8.993298530578613,-16.5120906829834,-9.104658126831055,0.5542504787445068,-17.499807357788086,-10.696690559387207,-0.682992419047466,-0.7789163105749388,0.3064158147557125,-0.302756890816956,-0.0835937197457298,0.6053451816705471,0.4336579626278307,1.368991917558773,-0.04154522137363098,0.05404912789242223,-0.7309543648112025
Gemma_2_2B_base,neutral_20,casual_chat,neutral,1,26,True,8254,]:,103.36721801757812,1.5419784784317017,4.815358638763428,-5.128167152404785,-5.0487565994262695,7.197115421295166,-17.009376525878906,-9.653368949890137,-0.3165990114212036,-17.12590789794922,-11.472909927368164,1.7839932382445767,1.0056436352422513,-0.6449376226868865,-0.6709238507941999,-1.9495122250247443,0.34946809128543976,0.0284101195608147,0.42159151550706947,0.13258678602414983,-0.2486247598962065,1.394818436743414
Gemma_2_2B_base,neutral_21,factual_questions,neutral,1,16,True,8254,]:,99.19525909423828,-1.449307918548584,1.912972331047058,-4.792971611022949,-5.114132404327393,9.954708099365234,-18.793180465698242,-10.535473823547363,0.6511350870132446,-19.182634353637695,-12.330114364624023,-1.3188160053790294,-1.7483375662492269,-0.29571698997299445,-0.7172586397213916,0.9151418191197485,-0.5683834189864321,-0.6230643591374181,1.4743930435431931,-0.825269388872437,-0.5828774342771165,-1.533576785814128
Gemma_2_2B_base,neutral_22,factual_questions,neutral,1,13,True,8254,]:,96.85504150390625,-1.217418909072876,1.807817816734314,-4.7011260986328125,-4.903328895568848,8.764293670654297,-16.50034523010254,-9.824213027954102,0.6104588508605957,-18.187191009521484,-12.344568252563477,-1.0782815775080326,-1.8481153094460376,-0.20002852163421703,-0.5678526614973165,-0.3214895131774337,0.6113887727989621,-0.09776598491296185,1.4301412148171562,-0.3616727101384898,-0.588513488512242,-1.463198443477035
Gemma_2_2B_base,neutral_23,factual_questions,neutral,1,16,True,8254,]:,102.04747009277344,-1.4291157722473145,2.1848983764648438,-4.1470136642456055,-4.072356700897217,11.275118827819824,-19.217077255249023,-10.268001556396484,0.3474242687225342,-19.363422393798828,-11.842329978942871,-1.2978710439552665,-1.4903156705127747,0.37726881989247885,0.021094905614224994,2.2868164552180916,-0.7864983697404863,-0.42552395208139165,1.143984913774042,-0.9094657778170359,-0.3926739911438548,-1.3940933572340206
Gemma_2_2B_base,neutral_24,factual_questions,neutral,1,18,True,8254,]:,96.0595932006836,-1.011223316192627,2.9741427898406982,-5.104349136352539,-5.1663641929626465,8.529403686523438,-17.10352325439453,-11.386128425598145,0.8316562175750732,-18.72040367126465,-12.39020824432373,-0.8643984828537888,-0.7414269812157742,-0.6201230246123856,-0.7542776700088887,-0.5654989161326314,0.30102514583260365,-1.2513113850558257,1.6707826534636867,-0.6099998705983222,-0.6063100474677973,-0.8029127320347815
Gemma_2_2B_base,neutral_25,factual_questions,neutral,1,15,True,8254,]:,101.65726470947266,-1.3508551120758057,2.3150458335876465,-5.129204273223877,-5.778482437133789,8.631129264831543,-18.799495697021484,-10.843280792236328,0.06928110122680664,-19.265756607055664,-13.622415542602539,-1.2166926251862114,-1.3668229261509366,-0.646018138218659,-1.1881135468298227,-0.4598239222835771,-0.5716329042456366,-0.8503937736490186,0.8413919264792529,-0.8639809849077339,-1.0867888771853254,-1.2917577756685739
Gemma_2_2B_base,neutral_26,factual_questions,neutral,1,14,True,8254,]:,102.60250854492188,-0.8578886389732361,3.2905666828155518,-5.887359619140625,-5.588129043579102,8.476612091064453,-19.54245376586914,-11.454590797424316,-0.41001462936401367,-20.1751651763916,-13.671597480773926,-0.705347094686926,-0.4411825063025966,-1.4358958570719143,-1.0532014899110471,-0.6203401037493099,-0.9539199764614096,-1.3018739534395387,0.3199643170113961,-1.287509651655354,-1.1059665594867012,-0.5732648004947614
Gemma_2_2B_base,neutral_27,factual_questions,neutral,1,14,True,8254,]:,100.76522827148438,-0.9275332689285278,2.4829916954040527,-5.121520042419434,-4.492626190185547,10.390270233154297,-19.0223331451416,-9.917025566101074,0.5055617094039917,-20.102752685546875,-12.363115310668945,-0.7775882554838902,-1.207464488895014,-0.6380123875085373,-0.276769084101317,1.3676143100564024,-0.6862933126775714,-0.16631225612362824,1.3160232241513403,-1.2537857933836687,-0.5957456066677393,-0.992526372189452
Gemma_2_2B_base,neutral_28,factual_questions,neutral,1,14,True,8254,]:,97.31343841552734,-1.3243879079818726,2.331663131713867,-4.696666717529297,-4.5972795486450195,8.676277160644531,-16.35200309753418,-10.050278663635254,0.45180368423461914,-17.762123107910156,-12.334151268005371,-1.189238655683849,-1.3510553053702283,-0.19538255324197012,-0.3509416511859647,-0.4129231949376493,0.6877178173623509,-0.2647257156152238,1.2575396684576028,-0.16371059748970138,-0.584451557896626,-1.2701469805270387
Gemma_2_2B_base,neutral_29,factual_questions,neutral,1,19,True,8254,]:,98.5908432006836,-1.29123854637146,2.4422693252563477,-4.711543083190918,-4.992401123046875,9.865789413452148,-17.641983032226562,-9.740087509155273,0.5171718597412109,-18.721345901489258,-12.325963020324707,-1.1548534006548277,-1.2461046387499093,-0.21088136867196575,-0.6309821765482019,0.8227709351865908,0.023962118180673574,-0.035635471703733594,1.328653949921495,-0.6104386849269463,-0.5812586863168697,-1.2004790197023685
Gemma_2_2B_base,neutral_30,factual_questions,neutral,1,14,True,8254,]:,98.09303283691406,-2.220045566558838,2.098562717437744,-5.384621620178223,-4.794671058654785,9.978261947631836,-18.14139175415039,-9.975900650024414,0.6323329210281372,-19.461732864379883,-12.712425231933594,-2.118288734258856,-1.572236806009754,-0.912122535496104,-0.4908419394677693,0.9396101270133232,-0.2330072938877604,-0.2097941773245046,1.4539380971777265,-0.9552508121090806,-0.7319532256393195,-1.8452627701343052
Gemma_2_2B_base,neutral_31,factual_questions,neutral,1,19,True,8254,]:,96.39329528808594,-1.545492172241211,2.0204122066497803,-4.138091087341309,-3.8894457817077637,9.643089294433594,-16.599973678588867,-9.967917442321777,0.7489581108093262,-17.425676345825195,-11.208052635192871,-1.418586255312235,-1.6463913170839022,0.3865647309869746,0.15073214443583569,0.5914246592657957,0.5601252231072391,-0.20389821616191392,1.5808150752730226,-0.00702101551066977,-0.14534804504124893,-1.5324887861980687
Gemma_2_2B_base,neutral_32,factual_questions,neutral,1,15,True,8254,]:,102.05420684814453,-1.161836862564087,2.9267773628234863,-4.606083869934082,-4.2288818359375,10.957558631896973,-19.12422752380371,-10.064167022705078,0.4728505611419678,-20.136962890625,-12.671310424804688,-1.0206272894194406,-0.7863705144936213,-0.10100958151382891,-0.08984153493684348,1.9569272345423325,-0.7387227906350555,-0.2749828990354613,1.2804366441912174,-1.2697181290075576,-0.7159211874904196,-0.9034989019565309
Gemma_2_2B_base,neutral_33,factual_questions,neutral,1,17,True,8254,]:,98.9052505493164,-0.7900140285491943,2.4877471923828125,-4.414937973022461,-4.521851062774658,9.460948944091797,-17.44970703125,-9.826457977294922,0.1461472511291504,-18.541139602661133,-12.113277435302734,-0.6349419442995637,-1.202952150462175,0.09813415048498213,-0.29748207271979105,0.40221285312853505,0.12289721634131998,-0.09942398187589799,0.9250148970890074,-0.5265132238573076,-0.4983254646650509,-0.9189470473808694
Gemma_2_2B_base,neutral_34,factual_questions,neutral,1,15,True,8254,]:,102.12862396240234,-0.7682350873947144,2.6860780715942383,-4.81803560256958,-5.039045333862305,9.357297897338867,-18.374319076538086,-11.040129661560059,-0.13676738739013672,-19.496356964111328,-13.33228588104248,-0.6123510282312551,-1.0147623455518495,-0.3218296970518732,-0.6640410377901724,0.2945376360372292,-0.3528594199340692,-0.9957755965532721,0.6172310087060884,-0.971375906253843,-0.9736576204175396,-0.8135566868915522
Gemma_2_2B_base,neutral_35,factual_questions,neutral,1,19,True,8254,]:,96.99425506591797,-2.166015386581421,1.3646379709243774,-5.151620864868164,-5.375555515289307,8.59398365020752,-17.26116180419922,-10.930413246154785,0.6813359260559082,-17.727144241333008,-12.085448265075684,-2.062244170275342,-2.268634439168906,-0.6693726741562039,-0.9025410188130178,-0.49841168616950865,0.21991265483207684,-0.9147450448973877,1.507248648759054,-0.147420281755619,-0.48747394060624943,-2.165439304722124
Gemma_2_2B_base,neutral_36,factual_questions,neutral,1,17,True,8254,]:,99.668212890625,-2.1646857261657715,2.0007314682006836,-4.9296417236328125,-5.1452860832214355,9.937772750854492,-18.289852142333984,-10.723970413208008,0.7906875610351562,-19.026384353637695,-12.93376636505127,-2.060864936701211,-1.6650657380512917,-0.4381055879893572,-0.7393386605799368,0.8975489690276721,-0.3093971865592951,-0.762277644487978,1.6262126995098183,-0.7525008265224709,-0.8182615349289054,-1.8629653373762514
Gemma_2_2B_base,neutral_37,factual_questions,neutral,1,14,True,8254,]:,97.54834747314453,-1.9642114639282227,1.7332123517990112,-4.9455037117004395,-4.887749195098877,9.569082260131836,-17.645675659179688,-10.017658233642578,0.2348041534423828,-18.750160217285156,-12.181680679321289,-1.852916478603974,-1.9189060403057128,-0.45463126576609947,-0.5568106233317174,0.5145443600854089,0.022062086932766546,-0.24063404776593283,1.0214650711371454,-0.6238580534745651,-0.5249981768627684,-1.8859112594548435
Gemma_2_2B_base,neutral_38,factual_questions,neutral,1,13,True,8254,]:,102.89009857177734,-0.8075127601623535,3.3065083026885986,-4.764595031738281,-5.056731224060059,10.245331764221191,-19.262182235717773,-10.080572128295898,-0.46403956413269043,-19.96479606628418,-12.804133415222168,-0.6530930736116249,-0.4260560149272161,-0.2661530914461966,-0.6765758278480817,1.2170487191033859,-0.8097070158926069,-0.28709881397022236,0.26119038937101596,-1.1895368023410575,-0.767713312958689,-0.5395745442694205
Gemma_2_2B_base,neutral_39,factual_questions,neutral,1,19,True,8254,]:,98.76068115234375,-2.252209424972534,2.278435707092285,-4.733888626098633,-4.31437349319458,10.930196762084961,-17.829660415649414,-11.508874893188477,0.14207029342651367,-19.096778869628906,-11.879780769348145,-2.1516517439985337,-1.4015611000061527,-0.2341618830857248,-0.15043333797519612,1.9285030616629677,-0.07260677370998118,-1.3419652215479874,0.9205795596280062,-0.7852848759688844,-0.4072773066501477,-1.7766064220023432
Gemma_2_2B_base,neutral_40,factual_questions,neutral,1,13,True,8254,]:,100.6720199584961,-0.3211877644062042,4.090411186218262,-5.118076324462891,-5.158390998840332,9.018350601196289,-17.72093963623047,-9.377418518066406,0.5984762907028198,-19.802392959594727,-13.412672996520996,-0.14863663180762202,0.31776426816055325,-0.6344245791543022,-0.7486267068231701,-0.05756902219708957,-0.016664789638726855,0.2322120359628489,1.417105343016938,-1.1139026225333157,-1.0050032448294683,0.08456381817646562
Gemma_2_2B_base,neutral_41,creative_requests,neutral,1,16,True,8254,]:,103.13103485107422,-0.9625921249389648,2.1154775619506836,-7.193307399749756,-6.206360816955566,8.137746810913086,-20.654014587402344,-12.63804817199707,-1.0305092334747314,-20.768291473388672,-13.146631240844727,-0.813954195772947,-1.5561868530138556,-2.796486479356181,-1.4913703013055173,-0.9723615617860886,-1.5258706017675876,-2.1759109292979906,-0.35507407256559703,-1.5637397183717432,-0.9012646680478793,-1.1850705243934012
Gemma_2_2B_base,neutral_42,creative_requests,neutral,1,22,True,8254,]:,103.5311508178711,0.13108152151107788,3.8809800148010254,-6.110778331756592,-5.83641242980957,8.373737335205078,-20.315460205078125,-12.04127311706543,-1.1629533767700195,-19.389291763305664,-13.103106498718262,0.32049441574697934,0.11904175229283716,-1.6686627484757364,-1.2291711519674686,-0.7272088910638982,-1.351668356672806,-1.735165469860958,-0.4991605490742676,-0.9215136295156758,-0.8842929156569523,0.21976808401990824
Gemma_2_2B_base,neutral_43,creative_requests,neutral,1,24,True,8254,]:,100.32624816894531,-0.9235955476760864,2.513368606567383,-7.415497779846191,-6.467021942138672,7.987421989440918,-20.055932998657227,-12.188703536987305,-1.5639564990997314,-19.60790252685547,-12.115632057189941,-0.7735037258603736,-1.178640812983653,-3.027973642939384,-1.6761126266222033,-1.128522626177558,-1.2181293319780926,-1.8440495252960576,-0.9354133385739387,-1.0233247717732608,-0.4992436104757216,-0.9760722694220133
Gemma_2_2B_base,neutral_44,creative_requests,neutral,1,19,True,8254,]:,96.75312042236328,-0.629623293876648,2.6007251739501953,-5.635865211486816,-5.892880439758301,7.061676025390625,-16.781320571899414,-11.127004623413086,0.31682825088500977,-18.274303436279297,-13.137001037597656,-0.468571430718534,-1.0957509703188497,-1.173878540842696,-1.2691925838423064,-2.090209948912656,0.466813667844582,-1.059936698226453,1.1106993920762158,-0.40224260490957925,-0.8975095297748326,-0.7821612005186919
Gemma_2_2B_base,neutral_45,creative_requests,neutral,1,23,True,8254,]:,100.77223205566406,-0.45735570788383484,2.593480110168457,-6.515756130218506,-5.8284711837768555,8.962932586669922,-19.776094436645508,-11.38813591003418,-0.3977494239807129,-20.282861709594727,-12.83869743347168,-0.28988126626794236,-1.1026255787765409,-2.090585434054789,-1.2235428318373953,-0.11513859753499675,-1.0741391539987912,-1.252794003410533,0.3333076796045978,-1.3376659517594616,-0.7811909794698827,-0.6962534225222416
Gemma_2_2B_base,neutral_46,creative_requests,neutral,1,19,True,8254,]:,97.32849884033203,-0.441496342420578,2.8705246448516846,-6.168086051940918,-6.285082817077637,8.050086975097656,-17.854434967041016,-10.992669105529785,-0.490527868270874,-18.758264541625977,-12.248629570007324,-0.2734306228902054,-0.8397469128783821,-1.7283683108458616,-1.5471641422394715,-1.0634247217570014,-0.08535445236652268,-0.9607238221873077,0.23237366469749318,-0.6276323896736008,-0.5511037880636155,-0.5565887678842938
Gemma_2_2B_base,neutral_47,creative_requests,neutral,1,19,True,8254,]:,98.56939697265625,-0.92964106798172,2.4964160919189453,-7.130397319793701,-6.481468200683594,7.313822269439697,-19.159103393554688,-12.244117736816406,-1.1184016466140747,-19.412485122680664,-12.870495796203613,-0.7797746387043495,-1.194726509961923,-2.730944145959483,-1.6863513432464798,-1.828274325325007,-0.7566680754325658,-1.8849754265400542,-0.45069255599568236,-0.9323152129894989,-0.7935902244132574,-0.9872505743331363
Gemma_2_2B_base,neutral_48,creative_requests,neutral,1,27,True,8254,]:,103.18807983398438,0.4582689106464386,2.9585273265838623,-6.035723686218262,-6.016585350036621,7.731729984283447,-18.750131607055664,-11.163777351379395,-1.092087984085083,-18.011449813842773,-12.869975090026855,0.6598801918569229,-0.7562439930475809,-1.5904677023991693,-1.3568678471246816,-1.394141672258863,-0.5462327447791688,-1.087095026558592,-0.42206582457889547,-0.279826731545185,-0.7933871836629025,-0.04818190059532901
Gemma_2_2B_base,neutral_49,creative_requests,neutral,1,19,True,8254,]:,99.24325561523438,-1.7537236213684082,1.8943467140197754,-7.8006792068481445,-6.7809343338012695,8.489130020141602,-19.03662109375,-11.504056930541992,-0.44585931301116943,-19.669090270996094,-12.952892303466797,-1.6345811081679325,-1.7660108163686004,-3.4292716467634623,-1.898596532270706,-0.6073361759247466,-0.6936451381311208,-1.3384069374966903,0.28096875224133516,-1.0518210544903863,-0.8257193778746325,-1.7002959622682665
Gemma_2_2B_base,neutral_50,creative_requests,neutral,1,19,True,8254,]:,102.04689025878906,-0.6448882818222046,3.26676082611084,-5.971205711364746,-5.529921054840088,9.422334671020508,-19.801677703857422,-11.632790565490723,-0.34482574462890625,-20.501144409179688,-13.195352554321289,-0.48440553665673186,-0.4637711195674381,-1.5232501973366612,-1.0119468563936826,0.36209941128665135,-1.087302955201362,-1.433482568777855,0.3908835473775882,-1.4393243084613312,-0.9202627373777874,-0.474088328112085
Gemma_2_2B_base,neutral_51,creative_requests,neutral,1,21,True,8254,]:,99.06192016601562,-0.6722824573516846,2.151449203491211,-6.702206134796143,-5.398562908172607,8.493638038635254,-18.31943702697754,-10.771078109741211,-0.5978466272354126,-19.052520751953125,-12.10490608215332,-0.5128210374727435,-1.5220545170370685,-2.284836790441234,-0.9188473984380954,-0.6026531371599508,-0.3246200092278312,-0.7970688161027587,0.11562118733042645,-0.7646730385571582,-0.49506119414011485,-1.017437777254906
Gemma_2_2B_base,neutral_52,creative_requests,neutral,1,14,True,8254,]:,95.55410766601562,-0.563086986541748,2.651207447052002,-5.1789469718933105,-5.266538143157959,7.142943382263184,-16.33325958251953,-10.242931365966797,0.3542466163635254,-17.899497985839844,-12.787026405334473,-0.3995544787998812,-1.0478499618413386,-0.6978421470662225,-0.8252754779184487,-2.0057874508500206,0.6973622425034576,-0.4070084787756714,1.1514069711685773,-0.22768866065735224,-0.7610427177574698,-0.7237022203206099
Gemma_2_2B_base,neutral_53,creative_requests,neutral,1,19,True,8254,]:,102.86284637451172,-0.9743489027023315,3.199389696121216,-6.922756195068359,-5.672146320343018,8.764137268066406,-20.08424186706543,-12.611431121826172,-0.7362926006317139,-20.636314392089844,-13.441606521606445,-0.826149296434732,-0.5276974222175659,-2.5146150007236105,-1.1127483328291772,-0.32165198797274286,-1.2326955839313136,-2.1562530298776217,-0.0349947024866953,-1.502275510568477,-1.0162853937763852,-0.676923359326149
Gemma_2_2B_base,neutral_54,creative_requests,neutral,1,25,True,8254,]:,100.73274993896484,0.32846498489379883,3.83270525932312,-5.699997425079346,-5.092437267303467,8.867533683776855,-19.330245971679688,-11.557565689086914,-1.293407917022705,-19.062101364135742,-11.91316032409668,0.5252368420624975,0.07323538642786252,-1.2406941438062598,-0.7018823151580387,-0.2142412877738002,-0.8447290278149013,-1.377925583884295,-0.6410825290266776,-0.7691349097569126,-0.4202931112347099,0.29923611424518004
Gemma_2_2B_base,neutral_55,creative_requests,neutral,1,19,True,8254,]:,99.19767761230469,-0.936346173286438,2.1658148765563965,-5.579250335693359,-5.673672199249268,8.582972526550293,-18.41155433654785,-11.256158828735352,-0.010769128799438477,-19.53135108947754,-12.939078330993652,-0.7867297275717849,-1.508423391000155,-1.11489481252667,-1.1138297922032756,-0.5098503080392639,-0.3720187226311978,-1.1553229398137583,0.7543049832501022,-0.9876733282928423,-0.82033284807813,-1.14757655928597
Gemma_2_2B_base,neutral_56,creative_requests,neutral,1,19,True,8254,]:,100.62586975097656,-1.568422555923462,2.6695704460144043,-7.880375862121582,-6.6980743408203125,8.592676162719727,-19.454448699951172,-11.143178939819336,-0.20366013050079346,-20.317466735839844,-13.101442337036133,-1.442371542645788,-1.0304259015737536,-3.5123029313236183,-1.8398699086966186,-0.4997699358302946,-0.9086372069477576,-1.071882164875305,0.5444581444705954,-1.3537821630230775,-0.8836440033687303,-1.2363987221097708
Gemma_2_2B_base,neutral_57,creative_requests,neutral,1,22,True,8254,]:,94.23721313476562,-0.3424452245235443,1.3300706148147583,-6.4879913330078125,-6.115697383880615,7.212918758392334,-16.09483528137207,-9.891016960144043,0.11904036998748779,-16.955890655517578,-11.762493133544922,-0.17068662468514376,-2.301434293777528,-2.0616589154945495,-1.4271130269010799,-1.9330953357987168,0.8200428241574461,-0.1471037203661114,0.8955252201907731,0.21176701198546916,-0.3615429354369714,-1.236060459231336
Gemma_2_2B_base,neutral_58,creative_requests,neutral,1,19,True,8254,]:,99.27424621582031,-0.49032163619995117,3.520928382873535,-6.383314609527588,-6.142629146575928,8.38595962524414,-18.350194931030273,-11.7433443069458,-0.31933796405792236,-19.225954055786133,-13.146702766418457,-0.32407624913790023,-0.2225996836725977,-1.952602358675557,-1.4462007848539167,-0.7145120802304681,-0.3404464058723295,-1.5151315237189806,0.4186117987379477,-0.8454441885317684,-0.9012925582608402,-0.273337966405249
Gemma_2_2B_base,neutral_59,creative_requests,neutral,1,21,True,8254,]:,98.74641418457031,-1.4673761129379272,1.5991030931472778,-7.520956516265869,-6.953891754150391,8.154431343078613,-19.26824378967285,-11.97109603881836,-0.3628607988357544,-20.118221282958984,-13.403953552246094,-1.337557828503501,-2.0461580109654793,-3.1378449333087706,-2.021179276412651,-0.9550292657864897,-0.8128259721456277,-1.6833365129728444,0.3712631447712309,-1.2609898099932662,-1.0016032419347896,-1.69185791973449
Gemma_2_2B_base,neutral_60,creative_requests,neutral,1,25,True,8254,]:,95.4970703125,-0.8526738286018372,2.407944679260254,-6.347657203674316,-5.998624801635742,8.083600997924805,-17.99364471435547,-11.062043190002441,-0.16747808456420898,-18.47779083251953,-11.8267822265625,-0.6999378627790568,-1.2786741935227435,-1.9154529927213404,-1.3441383943794345,-1.0286095433621514,-0.1569844527072986,-1.0119597317335383,0.5838207269311426,-0.4970105107063137,-0.3866114025851817,-0.9893060281509001
Gemma_2_2B_base,neutral_61,task_assistance,neutral,1,20,True,8254,]:,99.9533462524414,-0.884476900100708,3.263923168182373,-5.556272029876709,-4.995738506317139,8.294562339782715,-18.874683380126953,-11.8273286819458,-1.8999481201171875,-18.162355422973633,-11.622249603271484,-0.7329266345402414,-0.46646368208762506,-1.090955059441342,-0.6333475309729877,-0.8094577933892878,-0.610320523973165,-1.5771577958277354,-1.3009398737934401,-0.35010631059797576,-0.3068572933413919,-0.5996951583139333
Gemma_2_2B_base,neutral_62,task_assistance,neutral,1,27,True,8254,]:,99.82257080078125,-0.9461559057235718,2.6775944232940674,-4.970174789428711,-4.455733776092529,8.779227256774902,-18.155092239379883,-10.394371032714844,-1.3587597608566284,-17.12749481201172,-10.347427368164062,-0.796905192052264,-1.022812207100817,-0.4803346189147803,-0.2506217621279985,-0.30597614232532067,-0.24005684164277907,-0.5188535449296257,-0.7121790432030799,0.131847730312783,0.19023852525820129,-0.9098586995765405
Gemma_2_2B_base,neutral_63,task_assistance,neutral,1,30,True,8254,]:,97.79804992675781,-1.4210338592529297,2.9691245555877686,-5.069238662719727,-4.557956695556641,7.6365814208984375,-17.054847717285156,-10.474708557128906,-0.8300389051437378,-16.677532196044922,-11.09142780303955,-1.2894878164681045,-0.7461886226142699,-0.5835434753546948,-0.3230717672033401,-1.4929843037551747,0.32607101228228713,-0.5781864523883091,-0.13698165613198318,0.34140377943363875,-0.09987212313484305,-1.0178382195411873
Gemma_2_2B_base,neutral_64,task_assistance,neutral,1,22,True,8254,]:,104.65769958496094,-1.2344887256622314,2.410916805267334,-5.026820659637451,-4.996851444244385,9.092761039733887,-20.450927734375,-11.514762878417969,-1.096100091934204,-19.44444465637207,-12.237713813781738,-1.0959878007415818,-1.2758540385591532,-0.539350638499572,-0.6341363204039707,0.01973034307119829,-1.4213728088170976,-1.346313765833955,-0.4264306116428562,-0.9471993686381321,-0.546847369696286,-1.1859209196503675
Gemma_2_2B_base,neutral_65,task_assistance,neutral,1,29,True,8254,]:,100.80765533447266,-0.9226405620574951,2.9728353023529053,-5.591473579406738,-5.861866474151611,8.735441207885742,-19.588176727294922,-10.61851692199707,-0.05989265441894531,-19.245445251464844,-12.322442054748535,-0.7725131359229193,-0.7426676141229079,-1.1276294953503287,-1.247211584107702,-0.35146215011209286,-0.9774466030496467,-0.6843954557990964,0.7008633168683924,-0.8545216047751071,-0.5798857441001843,-0.7575903750229136
Gemma_2_2B_base,neutral_66,task_assistance,neutral,1,19,True,8254,]:,100.92859649658203,0.1598808765411377,4.20025634765625,-6.034379005432129,-6.496335029602051,7.616489410400391,-17.330188751220703,-11.222150802612305,-0.5476474761962891,-18.763534545898438,-12.922917366027832,0.3503674847676775,0.4219928158458667,-1.5890667581234916,-1.6968881371107425,-1.5138563707525767,0.18439502525472393,-1.1302064692537315,0.1702330306101074,-0.6300867297343059,-0.814031147427006,0.3861801503067721
Gemma_2_2B_base,neutral_67,task_assistance,neutral,1,26,True,8254,]:,98.788330078125,-0.44074636697769165,2.4930129051208496,-4.409095764160156,-5.492125034332275,7.562663555145264,-16.99376106262207,-9.74184799194336,-1.434715747833252,-16.300613403320312,-10.612771034240723,-0.27265268643483037,-1.1979556846731607,0.10422080625292579,-0.9851591076972653,-1.5697719724882357,0.3575029858239805,-0.03693566813261215,-0.7948118441779004,0.5169419469168687,0.08677215695511004,-0.7353041855539956
Gemma_2_2B_base,neutral_68,task_assistance,neutral,1,26,True,8254,]:,100.32260131835938,-1.232826590538025,3.824164867401123,-4.870458126068115,-4.255292892456055,9.219223022460938,-18.008806228637695,-9.641536712646484,-1.2158031463623047,-18.66963005065918,-10.646160125732422,-1.0942636969470585,0.06513168267760074,-0.3764456586757869,-0.1085602448782692,0.15110211277836025,-0.16478576902424744,0.03714876370658733,-0.5566560101447486,-0.5863536409870417,0.07375263367548639,-0.5145660071347289
Gemma_2_2B_base,neutral_69,task_assistance,neutral,1,29,True,8254,]:,101.72753143310547,-0.973318338394165,3.2039027214050293,-4.2631659507751465,-4.200592517852783,9.488235473632812,-18.749874114990234,-9.918069839477539,-1.0790421962738037,-17.955930709838867,-10.668082237243652,-0.8250803100398634,-0.5234151573927786,0.2562565450102042,-0.06979161609711351,0.4305587607101595,-0.5461002529307869,-0.1670834994007799,-0.4078732634566109,-0.253970441104721,0.06520446933774371,-0.674247733716321
Gemma_2_2B_base,neutral_70,task_assistance,neutral,1,29,True,8254,]:,107.10576629638672,0.7142888903617859,5.491140365600586,-5.440666675567627,-5.347936153411865,8.604026794433594,-19.746028900146484,-11.818323135375977,-1.0513005256652832,-19.816862106323242,-12.256216049194336,0.925445254572094,1.6468712234075598,-0.970512601255593,-0.882965928229728,-0.48797862477072185,-1.0586690132132757,-1.570506791018472,-0.3776929967344049,-1.1206411761708504,-0.5540620099849947,1.286158238989827
Gemma_2_2B_base,neutral_71,task_assistance,neutral,1,31,True,8254,]:,101.57940673828125,-0.742016077041626,2.85015869140625,-5.346780300140381,-4.927334785461426,8.186295509338379,-18.094425201416016,-10.690803527832031,-0.6545605659484863,-16.875080108642578,-11.070550918579102,-0.585154505770433,-0.8590715123605605,-0.8726978770657873,-0.5848667211003196,-0.9219279983421573,-0.20884078074289333,-0.7377823945402323,0.05392188228923327,0.24940200282584224,-0.0917315277758347,-0.7221130090654968
Gemma_2_2B_base,neutral_72,task_assistance,neutral,1,25,True,8254,]:,100.99215698242188,-1.507746934890747,2.2089052200317383,-4.697158336639404,-4.996075630187988,9.308188438415527,-19.73087501525879,-10.865740776062012,-0.5987834930419922,-18.683427810668945,-10.920317649841309,-1.3794337784808572,-1.4675363472660379,-0.19589474244346783,-0.6335864659034526,0.24352154101011636,-1.0508716225807233,-0.8669814909277396,0.11460196753200513,-0.5927795172082289,-0.03315055260339194,-1.4234850628734477
Gemma_2_2B_base,neutral_73,task_assistance,neutral,1,21,True,8254,]:,101.71466827392578,-0.24019953608512878,3.9224014282226562,-3.500155448913574,-4.176229476928711,9.072282791137695,-18.307043075561523,-10.541543960571289,-1.0250606536865234,-17.85797119140625,-10.803640365600586,-0.06462895413656679,0.15834520187124038,1.0511925669184057,-0.0525244274093605,-0.001542957414619654,-0.31824273492571353,-0.6275474307895372,-0.3491465423318975,-0.208348851825767,0.012345822125851887,0.046858123867336794
Gemma_2_2B_base,neutral_74,task_assistance,neutral,1,31,True,8254,]:,101.31080627441406,-0.6401920318603516,3.276978015899658,-5.423798084259033,-4.993559837341309,9.956748008728027,-19.84185218811035,-10.977741241455078,-0.8637808561325073,-19.806182861328125,-12.215620040893555,-0.4795341984235508,-0.45407635614615677,-0.9529382024270936,-0.6318034097604078,0.9172609263585677,-1.107974627812243,-0.9496989171487182,-0.17368965021565227,-1.1156676510170729,-0.5382322688474374,-0.46680527728485377
Gemma_2_2B_base,neutral_75,task_assistance,neutral,1,23,True,8254,]:,103.60677337646484,-0.989171028137207,3.5971181392669678,-5.944296836853027,-5.645573616027832,9.28221607208252,-19.853185653686523,-11.121750831604004,-0.8605809211730957,-19.066978454589844,-11.770105361938477,-0.8415240288093745,-0.15030566950367702,-1.4952154145831027,-1.093915055785308,0.21654081798907757,-1.113806231983247,-1.0560565345608561,-0.1702084290616857,-0.7714062624660052,-0.3645111978350165,-0.4959148491565257
Gemma_2_2B_base,neutral_76,task_assistance,neutral,1,30,True,8254,]:,98.60299682617188,-1.891695261001587,2.3989768028259277,-3.1549875736236572,-3.216827630996704,9.504592895507812,-17.42257308959961,-8.958433151245117,-0.6364328861236572,-17.252220153808594,-9.875401496887207,-1.77769668521328,-1.2871835236046045,1.4108027911604475,0.6274470405496354,0.447551246619569,0.13685891289747976,0.5416517427183462,0.07364305265018696,0.0737607939213159,0.37429719667193195,-1.5324401044089422
Gemma_2_2B_base,neutral_77,task_assistance,neutral,1,26,True,8254,]:,103.75003051757812,-1.826822280883789,3.4460246562957764,-4.5710673332214355,-3.4412057399749756,10.260358810424805,-19.476442337036133,-11.074310302734375,-1.8490570783615112,-17.748327255249023,-9.841145515441895,-1.7104050736263336,-0.29367342543067243,-0.06452789963993542,0.46842012936873745,1.232659178552696,-0.9199539736417741,-1.021019551161851,-1.2455753200276876,-0.15728560955662882,0.3876547493326409,-1.002039249528503
Gemma_2_2B_base,neutral_78,task_assistance,neutral,1,30,True,8254,]:,102.94141387939453,0.3872078061103821,3.8116440773010254,-5.112892150878906,-4.829498291015625,8.353778839111328,-19.640304565429688,-12.213749885559082,-2.0131478309631348,-19.00481414794922,-12.121350288391113,0.5861697466654615,0.053251106865960976,-0.62902349186169,-0.5155255737694565,-0.7479422600653045,-1.0042688416887475,-1.862547390307779,-1.4240902606038863,-0.7424551762341925,-0.5014733400345638,0.31971042676571126
Gemma_2_2B_base,neutral_79,task_assistance,neutral,1,27,True,8254,]:,104.29454040527344,-0.10639342665672302,3.6719889640808105,-4.8628387451171875,-5.225573539733887,8.612672805786133,-19.14115333557129,-11.45130443572998,-1.5319315195083618,-18.164318084716797,-11.650776863098145,0.07416579102955628,-0.0792631471732435,-0.36850747123569777,-0.7962420112405051,-0.47899693883003236,-0.7474319214686954,-1.2994468261947307,-0.9005732440648544,-0.35102035906792345,-0.3179810258786911,-0.002548678071843606
Gemma_2_2B_base,neutral_80,task_assistance,neutral,1,27,True,8254,]:,98.38753509521484,-1.1340463161468506,2.1878509521484375,-3.6368088722229004,-4.197522163391113,9.112991333007812,-17.64833641052246,-10.602619171142578,-0.8066751956939697,-17.869110107421875,-11.337444305419922,-0.9918006399900179,-1.48751406622358,0.9088213565083013,-0.0676155170627949,0.040746061564452894,0.020693004499486432,-0.6726542453606319,-0.11156418965115937,-0.21353645441516889,-0.19580218402641067,-1.239657353106799
Gemma_2_2B_base,neutral_81,philosophical_musing,neutral,1,15,True,8254,]:,102.89861297607422,-0.7674127817153931,3.873936891555786,-4.351022720336914,-4.561064720153809,10.801567077636719,-19.19701385498047,-10.703142166137695,-0.02210366725921631,-20.33332061767578,-12.99586296081543,-0.6114980648822899,0.1123587587279874,0.16472371456718657,-0.3252745647659568,1.7948794309208191,-0.7761748011987848,-0.7468950388505415,0.7419740966673695,-1.361165613831829,-0.8424750740824896,-0.24956965307715123
Gemma_2_2B_base,neutral_82,philosophical_musing,neutral,1,14,True,8254,]:,99.92953491210938,-0.6920104622840881,2.580608367919922,-4.558002471923828,-4.5269880294799805,9.843071937561035,-18.323728561401367,-10.817304611206055,0.18020224571228027,-19.516698837280273,-12.768914222717285,-0.5332845531442313,-1.1148391618163538,-0.05091638467210255,-0.30112287329390425,0.7991714711679316,-0.32682820670086365,-0.8312091851713402,0.9620634524642727,-0.9808494989963037,-0.7539801720967743,-0.8240618574802925
Gemma_2_2B_base,neutral_83,philosophical_musing,neutral,1,27,True,8254,]:,99.40635681152344,-1.0437991619110107,3.3056893348693848,-3.928232192993164,-3.9926795959472656,9.405269622802734,-17.135284423828125,-9.773486137390137,-0.048728108406066895,-17.244787216186523,-10.933053970336914,-0.898188839843977,-0.42683310720219864,0.6052044407002144,0.0775656725251539,0.34437182599846494,0.28468252168996533,-0.060301874269148535,0.7130092680353536,0.07722245270400412,-0.03811686985795119,-0.6625109735230879
Gemma_2_2B_base,neutral_84,philosophical_musing,neutral,1,17,True,8254,]:,99.3267593383789,-0.024783462285995483,4.051000118255615,-4.24267053604126,-5.130270481109619,9.22740364074707,-18.2183780670166,-9.673093795776367,-0.3598233461380005,-18.96255874633789,-12.803744316101074,0.15881838466850481,0.2803683708565759,0.27760951907303105,-0.7286964244266998,0.15960033713300778,-0.27262039371176416,0.013842425769647197,0.3745676008679067,-0.722776041342821,-0.7675615902001821,0.21959337776254034
Gemma_2_2B_base,neutral_85,philosophical_musing,neutral,1,15,True,8254,]:,102.77696228027344,0.6416407823562622,4.700521945953369,-4.372776031494141,-4.526302337646484,9.025634765625,-18.869640350341797,-10.799552917480469,-1.0619101524353027,-18.872880935668945,-13.019959449768066,0.8500886383420799,0.8966787836649337,0.1420602117812259,-0.3006368924876687,-0.05000205581555567,-0.6077256465870772,-0.8180987537915214,-0.38923524919139646,-0.6810113990575628,-0.8518711008942416,0.8733837110035068
Gemma_2_2B_base,neutral_86,philosophical_musing,neutral,1,14,True,8254,]:,98.01700592041016,-0.7528927326202393,3.2439205646514893,-4.463871002197266,-5.031601428985596,9.573448181152344,-16.716327667236328,-8.865917205810547,0.517357587814331,-19.0024356842041,-12.764915466308594,-0.5964366710298681,-0.4854435104993308,0.04715368893532666,-0.6587652058248442,0.5190797845544666,0.5002555917972844,0.6099789667516663,1.3288560041836075,-0.7413474809552568,-0.7524209232575105,-0.5409400907645995
Gemma_2_2B_base,neutral_87,philosophical_musing,neutral,1,16,True,8254,]:,98.6807632446289,-0.009205609560012817,3.579011917114258,-4.004161834716797,-4.4388275146484375,9.559795379638672,-18.058412551879883,-9.577204704284668,-0.00939023494720459,-18.79102325439453,-12.96674919128418,0.17497701979043118,-0.16748608249901858,0.5260977872669563,-0.2386395302190426,0.5048969237639404,-0.1903105689703042,0.08466087123793126,0.7558050870048215,-0.6428887380422613,-0.8311226417989115,0.003745468645706296
Gemma_2_2B_base,neutral_88,philosophical_musing,neutral,1,17,True,8254,]:,100.72359466552734,-0.4698772430419922,3.5096309185028076,-4.09135627746582,-3.7758052349090576,10.91100025177002,-19.056621551513672,-11.000459671020508,0.10590159893035889,-19.403135299682617,-12.50677490234375,-0.30286963644617393,-0.23331948496809907,0.43525499639802245,0.23127433825589577,1.908561261938708,-0.7039363197765511,-0.9664775083343873,0.8812315022492025,-0.927960824651614,-0.6517632853343284,-0.2680945607071365
Gemma_2_2B_base,neutral_89,philosophical_musing,neutral,1,14,True,8254,]:,101.5462875366211,-1.1670929193496704,3.399731159210205,-4.805502891540527,-4.713187217712402,10.359169960021973,-18.287212371826172,-10.094680786132812,0.5082681179046631,-19.771339416503906,-13.061927795410156,-1.0260793055138482,-0.337599838805078,-0.3087725983293085,-0.43309065706669697,1.3353065932891595,-0.3080388997581054,-0.2975186980270097,1.3189675360337119,-1.0994404037391288,-0.8682359622511407,-0.6818395721594631
Gemma_2_2B_base,neutral_90,philosophical_musing,neutral,1,24,True,8254,]:,98.58680725097656,0.08030861616134644,3.507359504699707,-3.339627742767334,-4.068417549133301,9.56633186340332,-16.95088768005371,-9.210677146911621,0.43713557720184326,-17.62139892578125,-11.658608436584473,0.26782856596281657,-0.23547475661402587,1.2184369964755395,0.0238867605796709,0.5116871813678986,0.37956336929012413,0.35535810520529526,1.2415821802152374,-0.09817270039277147,-0.3210348182631494,0.01617690467439535
Gemma_2_2B_base,neutral_91,philosophical_musing,neutral,1,23,True,8254,]:,97.63113403320312,-0.5594046711921692,3.4934871196746826,-4.121120452880859,-4.349645614624023,10.002433776855469,-16.830270767211914,-9.131755828857422,0.6911404132843018,-17.451026916503906,-11.804259300231934,-0.3957348772678632,-0.24863781746405747,0.4042454426080254,-0.1754322852756439,0.9647204084883636,0.4416264767566244,0.41364508000044425,1.5179149869116126,-0.018827252842132165,-0.377828960458568,-0.32218634736596036
Gemma_2_2B_base,neutral_92,philosophical_musing,neutral,1,17,True,8254,]:,101.10216522216797,-0.08043050765991211,4.536497116088867,-4.247311592102051,-4.472136497497559,9.477636337280273,-17.572208404541016,-9.830300331115723,-0.5093381404876709,-18.391632080078125,-12.87380313873291,0.10109667438999927,0.7410408877639928,0.2727742741669426,-0.2622471124435019,0.419548121228048,0.059864464828883704,-0.10226173453676024,0.21190989953239642,-0.45688475999253597,-0.7948798678605664,0.421068781076996
Gemma_2_2B_base,neutral_93,philosophical_musing,neutral,1,22,True,8254,]:,98.06324768066406,-0.9711602330207825,3.2740252017974854,-4.079806327819824,-4.271876811981201,10.182840347290039,-16.75090980529785,-9.065134048461914,0.7560317516326904,-17.857280731201172,-11.457157135009766,-0.8228417449502735,-0.456878186663088,0.447288213506342,-0.1203140184944468,1.1521311220776236,0.48246144584903944,0.46284828808744227,1.5885105154560897,-0.20802729152827326,-0.2424822193937123,-0.6398599658066808
Gemma_2_2B_base,neutral_94,philosophical_musing,neutral,1,21,True,8254,]:,97.96319580078125,-1.3565173149108887,2.9269227981567383,-3.8704898357391357,-3.43796968460083,11.449591636657715,-17.237668991088867,-8.328248977661133,0.6649529933929443,-18.299837112426758,-10.335128784179688,-1.2225659294989322,-0.7862325155743376,0.6653628260161836,0.470713668131962,2.4680630335853166,0.232000818510006,1.007071352370153,1.489425595330241,-0.4141341179000455,0.19503415440944022,-1.004399222536635
Gemma_2_2B_base,neutral_95,philosophical_musing,neutral,1,17,True,8254,]:,101.47735595703125,-0.1393229365348816,4.419849395751953,-4.2207350730896,-4.2791266441345215,9.433573722839355,-18.682308197021484,-11.121779441833496,-0.3708212375640869,-19.438777923583984,-12.968884468078613,0.040008584370544865,0.630357610299989,0.3004627951615835,-0.12545230234563184,0.37377481044957056,-0.5113343919153641,-1.056077664513655,0.3626029538462812,-0.9445602646495854,-0.8319552576231689,0.33518309733526697
Gemma_2_2B_base,neutral_96,philosophical_musing,neutral,1,18,True,8254,]:,99.34813690185547,-1.2174961566925049,3.0862863063812256,-4.453432559967041,-4.730311393737793,9.60464859008789,-17.510723114013672,-10.365762710571289,0.1695418357849121,-18.57108497619629,-12.593086242675781,-1.0783617051175034,-0.6350175981503061,0.058028891466836194,-0.4452273348925163,0.5514915248187063,0.09150155538029428,-0.49772500079446913,0.9504659528213634,-0.5404593472568983,-0.6854189631184264,-0.8566896516339048
Gemma_2_2B_base,neutral_97,philosophical_musing,neutral,1,20,True,8254,]:,101.83473205566406,0.5725213289260864,5.558993816375732,-4.833317756652832,-5.397556781768799,9.628548622131348,-18.558433532714844,-11.514480590820312,-1.0725443363189697,-19.134254455566406,-13.812657356262207,0.7783922340011705,1.7112551847686888,-0.3377512797083233,-0.9181343111632992,0.5763194568018984,-0.4475950172115575,-1.346105283633008,-0.4008042174237379,-0.8027379608450091,-1.1609705218795403,1.2448237093849297
Gemma_2_2B_base,neutral_98,philosophical_musing,neutral,1,16,True,8254,]:,102.41230010986328,0.31537529826164246,3.7063112258911133,-4.5245795249938965,-4.791743278503418,9.064493179321289,-18.370407104492188,-10.717921257019043,-0.37483251094818115,-19.01117706298828,-13.022785186767578,0.5116591382627571,-0.046695854677774734,-0.016094970801512017,-0.488766889293718,-0.009634994780994216,-0.35084652525976273,-0.7578100681345779,0.35823907459992943,-0.7454185053845769,-0.8529729502409477,0.2324816417924912
Gemma_2_2B_base,neutral_99,philosophical_musing,neutral,1,24,True,8254,]:,97.53648376464844,-0.4359200596809387,3.504530906677246,-3.7738733291625977,-3.915571928024292,9.712518692016602,-16.122051239013672,-8.218510627746582,0.9506208896636963,-17.962493896484375,-11.101593017578125,-0.2676464419949631,-0.23815872248022463,0.7660219141954898,0.1322153632369174,0.6635495985834745,0.806038926494024,1.0881181036565164,1.8002047630698643,-0.2570270405071408,-0.10383588020083684,-0.2529025822375939
Gemma_2_2B_base,neutral_100,philosophical_musing,neutral,1,20,True,8254,]:,100.50214385986328,0.1481482833623886,3.0453600883483887,-4.426201820373535,-4.5250654220581055,9.46851921081543,-18.548860549926758,-10.266803741455078,-0.6901895999908447,-18.971881866455078,-12.1954345703125,0.3381974703539965,-0.6738511727199353,0.0863990066268067,-0.29976023448254024,0.41007702950148817,-0.4426692647150464,-0.42463931139088706,0.015160923526977933,-0.7271179936471013,-0.5303612788803838,-0.16782685118296942
Gemma_2_2B_base,userpain_01,user_physical_pain,user_suffering,1,26,True,8254,]:,101.4405517578125,-0.4900916814804077,2.7211968898773193,-4.238279342651367,-4.172873497009277,8.202420234680176,-17.89966583251953,-10.525146484375,-0.853550910949707,-15.692103385925293,-10.6796875,-0.3238377211152627,-0.981439226188632,0.2821844466739936,-0.05014589269845283,-0.9051772432257689,-0.1086278723111855,-0.6154371505088558,-0.16256045477074518,0.8003365014217547,0.060679189317471786,-0.6526384736519474
Gemma_2_2B_base,userpain_02,user_physical_pain,user_suffering,1,22,True,8254,]:,103.49823760986328,-1.2554105520248413,2.558797836303711,-5.814044952392578,-5.378973007202148,8.523807525634766,-19.738000869750977,-10.977644920349121,-1.536123514175415,-18.776168823242188,-11.87135124206543,-1.117689646575176,-1.135534475154171,-1.3595135931449738,-0.9049631498549439,-0.5713123435647918,-1.0545382118070563,-0.9496277796409627,-0.9051337306676647,-0.6359707502055727,-0.40399035208533685,-1.1266120608646735
Gemma_2_2B_base,userpain_03,user_physical_pain,user_suffering,1,22,True,8254,]:,105.1160888671875,-2.024294137954712,1.43379807472229,-5.151543140411377,-4.565007209777832,8.847360610961914,-20.319503784179688,-12.932524681091309,-1.7173187732696533,-17.946168899536133,-12.120170593261719,-1.9152391891739855,-2.203010636697721,-0.6692916975899148,-0.32806878542378354,-0.23519756426877095,-1.353748969402952,-2.3933951944689276,-1.1022567275279815,-0.24942418253407733,-0.5010133374554631,-2.0591249129358533
Gemma_2_2B_base,userpain_04,user_physical_pain,user_suffering,1,24,True,8254,]:,103.04917907714844,-1.600694179534912,2.116779088973999,-4.073915481567383,-4.782289505004883,8.350379943847656,-18.701534271240234,-11.295588493347168,-0.9806845188140869,-17.485097885131836,-12.153667449951172,-1.4758463353468259,-1.5549518758001353,0.4534255417268102,-0.48206657255906954,-0.7514731147633651,-0.5212271165945495,-1.1844435364291344,-0.300869580015887,-0.0346947434336537,-0.514074881989281,-1.5153991055734806
Gemma_2_2B_base,userpain_05,user_physical_pain,user_suffering,1,29,True,8254,]:,106.96161651611328,-1.054284691810608,3.0531532764434814,-5.112818717956543,-4.32815408706665,9.067652702331543,-19.18439292907715,-10.524144172668457,-0.19577813148498535,-18.03899574279785,-11.624322891235352,-0.9090652972536071,-0.6664564666959604,-0.628946986394153,-0.1602002679475223,-0.006352805775754387,-0.7696807377858712,-0.6146968978291422,0.5530330005403012,-0.2926553884965792,-0.30766573764774996,-0.7877608819747837
Gemma_2_2B_base,userpain_06,user_physical_pain,user_suffering,1,28,True,8254,]:,99.44379425048828,-1.9801414012908936,1.1583614349365234,-4.044009208679199,-4.221978664398193,8.504837989807129,-17.3251895904541,-10.428705215454102,-0.889352560043335,-15.60568904876709,-10.858504295349121,-1.8694403249829559,-2.4643636227407177,0.48458313856437885,-0.08494894513721143,-0.5910183566958589,0.18696732995553195,-0.5442108969515573,-0.20150920208982886,0.8405812827428919,-0.00904745869313269,-2.1669019738618367
Gemma_2_2B_base,userpain_07,user_physical_pain,user_suffering,1,25,True,8254,]:,102.02055358886719,-1.498352289199829,1.8741146326065063,-4.0434675216674805,-4.174293518066406,9.017367362976074,-19.001216888427734,-10.914766311645508,-1.0535297393798828,-16.00229263305664,-10.937582015991211,-1.3696888762475652,-1.7852083889767167,0.48514749058465173,-0.05115232582847316,-0.058590433867600364,-0.6754279996891527,-0.9031890737117916,-0.3801181666326717,0.655875537772689,-0.039882506273125076,-1.5774486326121409
Gemma_2_2B_base,userpain_08,user_physical_pain,user_suffering,1,32,True,8254,]:,102.14811706542969,-1.735614538192749,1.65670645236969,-4.2060017585754395,-4.387012004852295,8.829920768737793,-18.193130493164062,-9.889545440673828,-1.2565665245056152,-15.182575225830078,-9.551328659057617,-1.6157968718180775,-1.9915000324532728,0.315812573966507,-0.20191553556704173,-0.25331449464571654,-0.2596293226226395,-0.14601693646049949,-0.6010026409668088,1.0376333442182484,0.5006640329024112,-1.803648452135675
Gemma_2_2B_base,userpain_09,user_physical_pain,user_suffering,1,26,True,8254,]:,103.39187622070312,-0.40991324186325073,2.116413116455078,-3.4799282550811768,-3.723923921585083,8.127816200256348,-17.548114776611328,-9.73440933227539,-0.33409881591796875,-15.338801383972168,-10.522380828857422,-0.2406700231527491,-1.5552991353757097,1.0722660973092224,0.2680449708434047,-0.9826777205882504,0.07226177615303739,-0.031441880404956275,0.40255341305275594,0.9648758854697151,0.122018320616988,-0.8979845792642294
Gemma_2_2B_base,userpain_10,user_physical_pain,user_suffering,1,25,True,8254,]:,102.6754150390625,-0.6198481321334839,2.4496943950653076,-4.8272199630737305,-4.743783473968506,8.23208999633789,-18.48749351501465,-10.654960632324219,-0.587037205696106,-17.169574737548828,-12.208131790161133,-0.4584318258163675,-1.2390592283511377,-0.33139834517025085,-0.45477560729764194,-0.8743555764156221,-0.4110930222717816,-0.7113107896740505,0.12738079726065304,0.11225031792795691,-0.535312349485191,-0.8487455270837526
Gemma_2_2B_base,userpain_11,user_physical_pain,user_suffering,1,27,True,8254,]:,100.8558578491211,-1.6453901529312134,1.452728271484375,-3.7908196449279785,-3.938077926635742,8.963419914245605,-17.738449096679688,-9.340073585510254,-0.8846174478530884,-15.664125442504883,-9.903223991394043,-1.5222086895322355,-2.18504838064493,0.7483665388007013,0.11626434440304759,-0.11463234984961264,-0.02567423532869922,0.2597929633509613,-0.19635785591180457,0.8133663556311111,0.3634482756996735,-1.8536285350885828
Gemma_2_2B_base,userpain_12,user_physical_pain,user_suffering,1,32,True,8254,]:,107.457763671875,-1.2779688835144043,2.669705629348755,-4.800466537475586,-4.764922618865967,9.539894104003906,-20.754844665527344,-12.12524700164795,-2.262141704559326,-17.570446014404297,-11.993661880493164,-1.141089010653855,-1.0302976304471407,-0.3035255155492708,-0.4697578751015577,0.48422299676081787,-1.5777524467517594,-1.7971839943203534,-1.6949716225583555,-0.07444297169871636,-0.45168335998737597,-1.0856933205504977
Gemma_2_2B_base,userpain_13,user_physical_pain,user_suffering,1,31,True,8254,]:,102.75387573242188,-1.4594054222106934,2.5353667736053467,-4.054914951324463,-3.974590301513672,9.430048942565918,-19.30199432373047,-11.101511001586914,-1.6211225986480713,-16.120702743530273,-10.516225814819336,-1.329289969935531,-1.1577674584171864,0.47322108305763383,0.09038637340509045,0.3701131833552855,-0.830192218494654,-1.0411085016193125,-0.9976045510709675,0.6007297233287406,0.12441836640964433,-1.2435287141763587
Gemma_2_2B_base,userpain_14,user_physical_pain,user_suffering,1,25,True,8254,]:,99.92765808105469,-1.0635408163070679,1.7932894229888916,-3.7933993339538574,-4.090207576751709,8.805412292480469,-17.87679100036621,-10.172770500183105,-0.5746579170227051,-16.137269973754883,-11.086335182189941,-0.9186665138662122,-1.8619008359131333,0.7456789116619015,0.008443182761491315,-0.2787744932106602,-0.09685768906937302,-0.35519149552747714,0.14084827148982482,0.59301405276512,-0.09788633997203164,-1.3902836748896727
Gemma_2_2B_base,userpain_15,user_physical_pain,user_suffering,1,35,True,8254,]:,101.86955261230469,-0.9487260580062866,2.402015209197998,-3.325950860977173,-3.2926793098449707,9.661005973815918,-18.15471649169922,-9.07634449005127,-0.833781361579895,-15.486786842346191,-9.705351829528809,-0.7995711662192239,-1.2843004773302589,1.2326861398043056,0.5736875260851766,0.61003693962844,-0.23986350168625134,0.4545688682491609,-0.14105308842001457,0.8959562755204131,0.4406052483125504,-1.0419358217747414
Gemma_2_2B_base,userpain_16,user_physical_pain,user_suffering,1,39,True,8254,]:,103.53225708007812,-1.3704798221588135,2.5656466484069824,-3.660693407058716,-3.149312973022461,9.965328216552734,-18.18678092956543,-9.753411293029785,-0.11087191104888916,-15.979776382446289,-9.978747367858887,-1.2370489949107757,-1.1290358571945935,0.8839374564031418,0.6752977313588641,0.9261742540012308,-0.2563621717836506,-0.04547569072207722,0.645402793812548,0.6663617789658207,0.3339991857690815,-1.1830424260526846
Gemma_2_2B_base,userpain_17,user_physical_pain,user_suffering,1,33,True,8254,]:,107.20791625976562,-1.6653339862823486,2.3114917278289795,-4.024748802185059,-3.7187583446502686,10.170257568359375,-20.866744995117188,-11.940519332885742,-1.6754868030548096,-17.181800842285156,-10.402602195739746,-1.5428960802607399,-1.3701953030193978,0.5046494297640834,0.27170604878078214,1.1390598266550054,-1.635330459795256,-1.660754228085139,-1.0567475714135117,0.10655639111321957,0.1687240149802136,-1.456545691640069
Gemma_2_2B_base,userpain_18,user_physical_pain,user_suffering,2,60,True,8254,]:,92.47620391845703,-2.906827926635742,1.8476835489273071,-2.7428598403930664,-1.3016639947891235,7.957547187805176,-14.308065414428711,-8.31301212310791,-2.9668128490448,-10.966008186340332,-4.227120876312256,-2.830676106245524,-1.8102879958484965,1.8401745756549779,1.9848101044373074,-1.1595572934815552,1.7394204442384582,1.018324460898968,-2.4615859837526597,3.0013678819201464,2.5767506850426707,-2.3204820510470103
Gemma_2_2B_base,userpain_19,user_physical_pain,user_suffering,2,57,True,8254,]:,93.69850158691406,-3.1784305572509766,1.6970372200012207,-3.4139773845672607,-1.3219536542892456,9.209056854248047,-15.588162422180176,-8.598114967346191,-1.6929724216461182,-12.460476875305176,-5.123042106628418,-3.1124047811447837,-1.9532314616556288,1.1409764525662025,1.9704299053443155,0.14054125108326318,1.0807499784818997,0.8077630725966374,-1.0757702409684726,2.3053657188928804,2.227401038386061,-2.532818121400206
Gemma_2_2B_base,userpain_20,user_physical_pain,user_suffering,2,61,True,8254,]:,90.40357971191406,-2.9226622581481934,1.6733837127685547,-2.5147805213928223,-0.5544115304946899,8.162049293518066,-13.27173137664795,-7.211855411529541,-1.640618085861206,-10.618268966674805,-3.505979537963867,-2.847100782342414,-1.9756755153968273,2.077797080303648,2.514421713208668,-0.9471155544149668,2.272663330684576,1.8315786623708674,-1.018813764181264,3.163316573681807,2.8579478073081854,-2.4113881488696207
