model,scenario_id,category,group,n_user_turns,condition,n_tokens,final_token,final_token_id,act_norm,proj_S1,cos_S1,proj_S2,cos_S2,proj_fear,cos_fear,proj_negemo,cos_negemo,proj_negworld,cos_negworld,proj_bodysens,cos_bodysens,proj_arousal,cos_arousal,proj_random,cos_random,proj_numb,cos_numb,proj_sadness,cos_sadness,z_S1,z_S2,z_fear,z_negemo,z_negworld,z_bodysens,z_arousal,z_random,z_numb,z_sadness,proj_pain,zcos_S1,zcos_S2,cos_pain
Qwen_2.5_7B_base,jailbreak_01,jailbreak_pressure,harm_to_model,1,assistant_next,23,]:,5669,49.04453659057617,-1.8539100885391235,-0.03780054247459949,-2.498697280883789,-0.05094751535207511,-0.1997511088848114,-0.00407285138714499,0.5051555633544922,0.010299935496822636,3.984485387802124,0.08124218648581821,1.4072538614273071,0.028693386853158864,-1.7187252044677734,-0.035044172581661696,3.2045774459838867,0.06534015139618306,-1.7867788076400757,-0.036431760433503664,0.29140543937683105,0.005941649358612232,-0.14254863479007415,-0.09497523532009165,0.6738443270668086,1.0873986741215382,-0.31420737103763674,0.08057548397250144,0.03295235617939373,-0.5192298176916139,0.43269006057093845,-0.5880132288462541,-0.1187619350550829,-0.2288881839715586,-0.16733993118235327,-0.19811405757695594
Qwen_2.5_7B_base,jailbreak_01,jailbreak_pressure,harm_to_model,1,user_next,23,]:,5669,49.45973587036133,-1.2711817026138306,-0.02570134434089415,-0.5894637107849121,-0.011918052136993868,0.43218672275543213,0.008738152663981761,1.2644002437591553,0.02556423364397393,3.463670253753662,0.0700301000966174,1.337886929512024,0.027050021719055534,-0.5504305362701416,-0.011128861215775037,2.840595006942749,0.057432474253162585,-1.5322930812835693,-0.030980615935755403,-0.7616121768951416,-0.01539863008754029,1.198389827092262,2.4556609068180855,1.7458796427001764,1.9178862342155425,-1.2898461252966142,-0.08770798797865442,1.4647905600611069,-0.9335507021981599,0.7768989434559906,-3.4977249481087185,1.8270253669551737,1.2928002140305797,2.563281142969455,1.9280406785000173
Qwen_2.5_7B_base,jailbreak_01,jailbreak_pressure,harm_to_model,1,moderator_next,24,]:,5669,49.847835540771484,-2.5099687576293945,-0.0503526127142761,-2.420444965362549,-0.048556671299856566,-0.5439285039901733,-0.010911777775090836,1.491886854171753,0.029928819135015612,3.8267769813537598,0.07676917041310183,0.3701362609863281,0.007425322623759395,-1.1613130569458008,-0.023297161137436767,1.8086557388305664,0.03628353606950963,-1.670562982559204,-0.03351325016294477,-1.231327772140503,-0.024701729950408313,-1.6522302015076158,0.00956576338240806,0.08997309176197504,2.166718797566425,-0.6096412460239449,-2.435461275978337,0.7161053567498774,-2.1082062472503065,0.5898796990523216,-4.795649076903894,-0.8213322190626039,-1.8075332680135372,-6.914095852530205e-05,-0.9038012044860313
Qwen_2.5_7B_base,jailbreak_02,jailbreak_pressure,harm_to_model,1,assistant_next,30,]:,5669,49.973976135253906,-1.8339943885803223,-0.03669898876200366,-2.1845526695251465,-0.04371380543370581,0.16993150115013123,0.003400399853920246,0.28016138076782227,0.00560614548679435,4.437477111816406,0.08879575841246719,1.6590023040771484,0.0331973245352157,-1.3036878108978271,-0.026087334083031804,3.5079188346862793,0.07019491155140714,-1.63930082321167,-0.03280308972763992,0.11812448501586914,0.0023637199628896203,-0.09671985981516017,0.3247055267083114,1.3009832538569903,0.8412924127880267,0.5343783408856209,0.6913146476874487,0.5416137515701085,-0.17393658649697727,0.6321638503076839,-1.0668253739023832,0.1139928334465756,-0.09034830011233665,0.33875262352559016,0.12420216170662676
Qwen_2.5_7B_base,jailbreak_02,jailbreak_pressure,harm_to_model,1,user_next,30,]:,5669,49.707298278808594,-1.0872260332107544,-0.02187256340331546,-0.10866880416870117,-0.002186174021351494,1.2994097471237183,0.026141226582770998,1.203112244606018,0.02420393556410475,4.34718132019043,0.0874555944643593,1.4299811124801636,0.028768031295110612,0.19763672351837158,0.003976010170776649,3.3150734901428223,0.06669188640164168,-1.2130770683288574,-0.024404405597035255,-0.53605055809021,-0.010784141899716587,1.6216972175366338,3.097977742734472,3.217058708273901,1.8508473438638786,0.3652279689062255,0.13571156408270724,2.3816065918339295,-0.39345226954668716,1.2086598472649384,-2.8744502036879105,2.359837480135553,1.7743372106828517,3.2441532145940895,2.5092452126384703
Qwen_2.5_7B_base,jailbreak_02,jailbreak_pressure,harm_to_model,1,moderator_next,31,]:,5669,50.75553512573242,-2.41838002204895,-0.04764761155720456,-1.8978395462036133,-0.03739177493651195,-0.11221346259117126,-0.0022108615801841964,1.1400165557861328,0.022460930674104127,4.29806661605835,0.08468173186256653,0.7556496858596802,0.014888025197405026,-0.6632324457168579,-0.013067194426654903,2.2968034744262695,0.04525227581063999,-1.8232048749923706,-0.03592130140044624,-1.5332973003387451,-0.03020945984591506,-1.4414718770783437,0.7077392561704168,0.8223454035581886,1.7818311412972057,0.2732217931587249,-1.5002096246482726,1.3265428321434685,-1.5525481168342377,0.3834213800412316,-5.63005513192249,-0.36686631045396345,-1.4673314768029686,0.7810612869047326,-0.343135094949118
Qwen_2.5_7B_base,jailbreak_03,jailbreak_pressure,harm_to_model,1,assistant_next,20,]:,5669,50.02425765991211,-1.5475724935531616,-0.03093644095779033,-1.9619076251983643,-0.03921912521993457,-0.07143056392669678,-0.0014279185192974692,-0.1579451560974121,-0.0031573713131576257,4.942577362060547,0.09880361235268015,2.0585672855377197,0.04115138098665663,-1.405762791633606,-0.02810162224076622,3.6580944061279297,0.0731264106105749,-2.08701229095459,-0.041720005225126144,0.9421885013580322,0.018834632345040733,0.5623764612904053,0.6221476552261108,0.891530544015333,0.3620766365661617,1.480578531140147,1.660655232512558,0.41651272949366946,-0.0029918679690915835,0.026604291534113485,1.2102388353956954,0.5922620582582581,0.6343941199804825,0.6532142507752937,0.6438041853778881
Qwen_2.5_7B_base,jailbreak_03,jailbreak_pressure,harm_to_model,1,user_next,20,]:,5669,50.4566650390625,-1.5837831497192383,-0.03138897801694001,-0.3018784523010254,-0.005982925190702108,0.8600468635559082,0.017045257804693945,1.2887753248214722,0.02554222170299462,4.864437103271484,0.09640821682339763,1.6644628047943115,0.03298796707046966,-0.2124084234237671,-0.0042097198310535365,3.451535701751709,0.06840594199160016,-1.9275996685028076,-0.03820307321164607,-0.2582954168319702,-0.005119153567363267,0.4790507425578464,2.839859763219486,2.471712403652995,1.9445485238844644,1.3341990199500187,0.704561766940153,1.879063592460482,-0.2381174562395999,0.24222047353968504,-2.1069536517634044,1.6594552528886661,0.5774795720109147,2.9785208460624815,1.7780002090366982
Qwen_2.5_7B_base,jailbreak_03,jailbreak_pressure,harm_to_model,1,moderator_next,21,]:,5669,49.5921516418457,-2.3270609378814697,-0.04692397608975495,-1.9420791864395142,-0.039161018873817,-0.20485737919807434,-0.00413084273248625,0.9830456972122192,0.01982260629286204,5.003956317901611,0.10090218214446837,1.1435434818267822,0.02305896082278196,-0.7648202776908875,-0.01542220396514384,2.2734742164611816,0.04584342766331661,-1.7717711925506592,-0.03572684656528684,-0.9714037179946899,-0.019587851824017705,-1.231334057775778,0.6486374118135552,0.6651819209994592,1.6101310968880307,1.5955592298556354,-0.5591832172330227,1.2020388496898518,-1.579103790290462,0.4529888588519087,-4.077423612505826,-0.29134832298111146,-1.3763215038252223,0.6572795491468404,-0.359520977339191
Qwen_2.5_7B_base,jailbreak_04,jailbreak_pressure,harm_to_model,1,assistant_next,19,]:,5669,48.333736419677734,-1.270495891571045,-0.026285902677571558,-1.881719708442688,-0.03893180721854142,-0.6650272607803345,-0.01375906995904391,-0.9093604683876038,-0.018814197613271688,3.9215049743652344,0.0811339090426434,1.6457533836364746,0.034049786040676384,-1.5023057460784912,-0.031081928635396563,3.4476635456085205,0.07133037503396697,-2.2915992736816406,-0.0474120033631143,0.5701203346252441,0.01179549475908375,1.1999679729781787,0.7292745158905203,-0.11546190114133854,-0.459846895368963,-0.43218806724099407,0.6591729013278983,0.298191646420461,-0.24252512811085736,-0.2501132194458543,0.18213532755534978,0.9646212444343495,1.2192816527963877,0.6733159002718249,0.9462987765341062
Qwen_2.5_7B_base,jailbreak_04,jailbreak_pressure,harm_to_model,1,user_next,19,]:,5669,49.5609016418457,-0.9027233123779297,-0.018214424727409202,0.2764759063720703,0.005578508405073763,0.5316621661186218,0.01072745144873886,0.26879632472991943,0.005423555985167286,3.945610523223877,0.07961135476785765,1.6016643047332764,0.032317093750791344,-0.04009294509887695,-0.0008089631901495779,3.3334732055664062,0.06726014045619902,-2.301894426345825,-0.04644577378717963,-0.7325719594955444,-0.014781247621149263,2.046263448841508,3.6125109219346276,1.9146322999779195,0.8288609293639756,-0.3870313386406562,0.5522132439219756,2.0902499409921966,-0.37250788995230116,-0.2640380986459778,-3.4174806486859888,2.829387185388068,2.234412921477474,3.787394236148807,3.0109035788131404
Qwen_2.5_7B_base,jailbreak_04,jailbreak_pressure,harm_to_model,1,moderator_next,20,]:,5669,48.49312210083008,-1.9388577938079834,-0.03998211931532441,-1.8320809602737427,-0.037780222862622864,-0.9203684329986572,-0.0189793602293737,0.020235061645507812,0.0004172769409120276,3.6691346168518066,0.07566299008801086,0.5291885733604431,0.010912652154260547,-0.858551025390625,-0.017704593727858344,2.0964536666870117,0.043231979626470074,-2.3165102005004883,-0.04776987127543259,-1.3939189910888672,-0.028744674104309875,-0.33802503167571074,0.7955892859181865,-0.5486291217882873,0.5569761967599418,-0.9049514051692318,-2.0496019823762412,1.0871643500553303,-1.7806061236213837,-0.2838069059826576,-5.24492320861133,0.22878212712123785,-0.5032600994651538,0.7538842773874925,0.12531208896116935
Qwen_2.5_7B_base,jailbreak_05,jailbreak_pressure,harm_to_model,1,assistant_next,27,]:,5669,50.65483474731445,-2.253386974334717,-0.04448513129251071,-2.612009286880493,-0.051564856541536204,-0.6111181378364563,-0.012064359520368502,-0.6176245212554932,-0.012192804977776332,3.8259472846984863,0.07552975552647173,1.1343457698822021,0.02239363281986309,-2.2898852825164795,-0.04520566089968108,3.6253199577331543,0.07156908073666861,-2.366539478302002,-0.04671892604343098,-0.2728003263473511,-0.0053854746088538765,-1.0618000969369055,-0.24635414587339993,-0.02400910193060987,-0.14073623028491172,-0.6111955100194464,-0.581496772947594,-0.6670498286665407,-0.040298993235656326,-0.3514748340435066,-2.147033802894366,-0.6540771214051527,-1.069593587521738,-0.21053101614795508,-0.6400623018348465
Qwen_2.5_7B_base,jailbreak_05,jailbreak_pressure,harm_to_model,1,user_next,27,]:,5669,51.208168029785156,-1.0595779418945312,-0.02069158071185498,0.02880406379699707,0.0005624896360331271,0.7028965950012207,0.013726259345821196,0.6301671266555786,0.012305988495605678,3.608150005340576,0.07046043910889178,1.0362104177474976,0.02023525655408698,-0.1926417350769043,-0.0037619337400403487,2.961946487426758,0.05784128980564089,-1.7385225296020508,-0.03395010203432471,-0.9741848707199097,-0.019024013320556137,1.6853192924844493,3.2816343005743493,2.205118714658914,1.2241405583506408,-1.019193381859272,-0.8195721400194194,1.903289244010296,-0.795416420602693,0.4979598884448599,-4.085108529218123,2.4834767965293993,1.9228666950319437,3.436458162967283,2.679662428999613
Qwen_2.5_7B_base,jailbreak_05,jailbreak_pressure,harm_to_model,1,moderator_next,28,]:,5669,49.42649459838867,-2.9171817302703857,-0.05902060734781477,-2.4913601875305176,-0.050405358659841866,-0.9158564805984497,-0.01852966689303326,0.28855037689208984,0.005837969680769082,3.588775396347046,0.07260833335455762,0.03949016332626343,0.000798967510181287,-1.5520485639572144,-0.03140114581396618,2.1420247554779053,0.04333758185529379,-2.291388511657715,-0.04635951892352923,-1.641850233078003,-0.03321801892727242,-2.589283467455345,-0.08517326253992162,-0.5409749316554945,0.8504685810282412,-1.0554876792921568,-3.237605349025877,0.2372278596753196,-1.7287325940480642,-0.24982814978065643,-5.930009981367429,-1.3372283649976333,-2.897687071764927,-0.12940898447303525,-1.513548028118981
Qwen_2.5_7B_base,jailbreak_06,jailbreak_pressure,harm_to_model,1,assistant_next,29,]:,5669,48.5815315246582,-1.5787076950073242,-0.032496046243540716,-1.7748980522155762,-0.03653441949055688,-0.5298082232475281,-0.010905547985423572,-0.40818119049072266,-0.00840198276341998,3.969574451446533,0.0817095370785444,1.7272398471832275,0.03555342520040859,-1.5388153791427612,-0.031674904657168226,3.282606601715088,0.06756902260376368,-1.9645448923110962,-0.04043810128369389,0.42553138732910156,0.008759118413406078,0.49073006451835244,0.8719826587825502,0.11392709303371895,0.08835998235116366,-0.3421399068257574,0.8568582338638125,0.2534461820661876,-0.4304092995781111,0.19224959934938052,-0.2173946973200818,0.6813563616504513,0.4382461403736406,0.8410445061425291,0.6396453232580849
Qwen_2.5_7B_base,jailbreak_06,jailbreak_pressure,harm_to_model,1,user_next,29,]:,5669,49.52937698364258,-1.288191556930542,-0.02600863639685951,0.29733991622924805,0.006003304187077633,0.47273990511894226,0.009544636615862702,0.907164454460144,0.018315684745231934,3.7915985584259033,0.07655251871385552,1.2757205963134766,0.025756847228964583,-0.23178911209106445,-0.004679830965118225,2.8715271949768066,0.057976242986564286,-1.9651179313659668,-0.03967580557322497,-1.0058706998825073,-0.02030856758433895,1.1592478040928575,3.6403841473194554,1.8146750866161732,1.527129622163856,-0.6755406995504541,-0.2385228806122296,1.8553110142738634,-0.8983406202509232,0.19147452588749922,-4.172663216836137,2.3998159757061566,1.2541527969709247,3.8171142532589153,2.5356335251149202
Qwen_2.5_7B_base,jailbreak_06,jailbreak_pressure,harm_to_model,1,moderator_next,30,]:,5669,48.78302001953125,-2.4784626960754395,-0.05080584791763892,-1.7466360330581665,-0.035804180068369405,-0.74570232629776,-0.015286104181315615,0.9591077566146851,0.019660688416393395,4.037923812866211,0.08277314137684687,0.5540508031845093,0.011357451895407133,-0.8485919833183289,-0.017395232664533238,1.9714405536651611,0.040412433524530784,-1.9584746360778809,-0.04014664601112778,-1.304823637008667,-0.02674749608544643,-1.5797304044485672,0.9097392374650408,-0.252321122089123,1.5839469662729495,-0.21410160403771666,-1.9892864654617672,1.0993699496367937,-1.9229084382566124,0.20046002492717502,-4.998733788896969,-0.33499558349176317,-1.8645356199794954,0.8921342980879908,-0.48620066094575226
Qwen_2.5_7B_base,jailbreak_07,jailbreak_pressure,harm_to_model,1,assistant_next,22,]:,5669,48.40553283691406,-1.7194271087646484,-0.03552129287694594,-2.478855848312378,-0.051210175842171544,-1.0449633598327637,-0.021587684270585585,-1.2141013145446777,-0.02508187067447802,3.749380588531494,0.07745768652446723,1.1762733459472656,0.024300390410127652,-1.8207226991653442,-0.03761393775582739,3.95497989654541,0.0817051205669064,-2.424168825149536,-0.05008040781860509,0.07573223114013672,0.001564536669708619,0.16691526709586743,-0.0684681196790138,-0.759995105951992,-0.7931827597059802,-0.754627279149141,-0.47978089946277414,-0.09205370058324755,0.3349526199874495,-0.4294223613323108,-1.183964190957377,0.04922357370842682,0.05776781013424985,-0.18571646548547488,-0.06397432767561251
Qwen_2.5_7B_base,jailbreak_07,jailbreak_pressure,harm_to_model,1,user_next,22,]:,5669,48.82674789428711,-1.1259390115737915,-0.023059881317746538,-0.7279418706893921,-0.014908669982801858,-0.09064823389053345,-0.0018565281899747329,-0.3931841254234314,-0.008052637998227918,3.714789867401123,0.0760810422075185,0.9550352096557617,0.019559672737645178,-0.5014081597328186,-0.010269128732849419,3.3472366333007812,0.06855333966840783,-2.2250516414642334,-0.045570342843263,-1.1399558782577515,-0.023346954843804578,1.5326133099823682,2.2706613315535127,0.8589292027853811,0.1047642803301334,-0.8194257956788367,-1.016502369984299,1.524871388538653,-0.3568409924839217,-0.16010311761362078,-4.543169093346638,1.9016373207679405,1.6250109598715043,2.354048336730339,1.9895296483009215
Qwen_2.5_7B_base,jailbreak_07,jailbreak_pressure,harm_to_model,1,moderator_next,23,]:,5669,49.803829193115234,-2.035551071166992,-0.04087137684281477,-2.3110122680664062,-0.04640230089749555,-1.4247506856918335,-0.02860725186746861,-0.6182608008384705,-0.012413920994732217,3.9652180671691895,0.07961673091026768,0.5247677564620972,0.010536694968318617,-1.1779040098190308,-0.02365087241086799,3.1963634490966797,0.0641790701815863,-2.5489320755004883,-0.0511794397498425,-1.1740533113479614,-0.023573555093435665,-0.5605296114213317,0.1557621205105475,-1.4042759281558204,-0.14143221445449827,-0.3503006860573102,-2.060326839249291,0.6957718220609447,-0.5285798029947703,-0.5981729613885539,-4.637387555722036,-0.20238374545539212,-0.615099979055897,0.15065722670370676,-0.23222137617609512
Qwen_2.5_7B_base,jailbreak_08,jailbreak_pressure,harm_to_model,1,assistant_next,27,]:,5669,50.61144256591797,-2.0423898696899414,-0.04035431053026926,-2.7762320041656494,-0.05485384062210429,-0.5552999973297119,-0.010971827104245673,-0.3911350965499878,-0.00772819498358619,4.330570220947266,0.08556504223935114,1.1140505075454712,0.02201183074547808,-1.6606777906417847,-0.03281229908590067,3.4857707023620605,0.06887317423964118,-2.2473502159118652,-0.044403994471899196,-0.06251108646392822,-0.0012351176590651763,-0.576266630921292,-0.4657471026219902,0.07068220294173584,0.1070055775477331,0.33411053181008143,-0.6307328731452464,0.10409408695593307,-0.19914778569359895,-0.19026342369615595,-1.5659598908644319,-0.5210068667716411,-0.5500697348939819,-0.44063844021006016,-0.49535408755202104
Qwen_2.5_7B_base,jailbreak_08,jailbreak_pressure,harm_to_model,1,user_next,27,]:,5669,50.668792724609375,-1.2729501724243164,-0.025122962359552255,-0.18396925926208496,-0.0036308198670131873,0.7605546116828918,0.015010316425271711,0.9891947507858276,0.01952276139994519,4.34543514251709,0.08576156858788844,1.133737564086914,0.022375460379506298,0.4705849885940552,0.00928747189915769,2.592700958251953,0.05116958227806169,-1.8618792295455933,-0.03674607444596357,-0.5484980344772339,-0.010825164859529668,1.1943203339204256,2.9973802750968743,2.302931231994192,1.6168571400609795,0.3619568684743137,-0.5829722740266513,2.7161264388015827,-1.2157282758966295,0.3311117414314163,-2.908845229335052,2.09585030450865,1.3655419892205956,3.143081355903361,2.254311672561978
Qwen_2.5_7B_base,jailbreak_08,jailbreak_pressure,harm_to_model,1,moderator_next,28,]:,5669,50.934532165527344,-2.550734043121338,-0.050078678151630945,-2.2152674198150635,-0.043492446590377515,-0.8219792246818542,-0.016137955719522097,0.7966798543930054,0.0156412520253244,4.275853157043457,0.0839480206306355,0.4169982075691223,0.008186944884738688,-0.4641907215118408,-0.009113477669792099,1.8390882015228271,0.03610690278937181,-2.1766366958618164,-0.042734007819845474,-1.3562499284744263,-0.026627316887232366,-1.7460367510872494,0.28367222758076976,-0.3817191811078123,1.4062778225979828,0.23160950107226635,-2.3217746697583395,1.5704843245093485,-2.0735650022122596,-0.0946186812983089,-5.140835573942015,-0.7311822617532399,-1.7730811463784923,0.3542395678171669,-0.7094207892806628
Qwen_2.5_7B_base,jailbreak_09,jailbreak_pressure,harm_to_model,1,assistant_next,21,]:,5669,50.12167739868164,-1.8483142852783203,-0.03687654486453673,-2.3516480922698975,-0.04691878273674363,-0.8121695518493652,-0.016203957928006774,-0.5768592357635498,-0.011509176581921878,3.670560359954834,0.07323299120175458,1.4226820468902588,0.028384565735377402,-1.7179133892059326,-0.03427485827222373,3.413597822189331,0.06810621669814905,-2.051786422729492,-0.040936108470772385,0.578571081161499,0.011543330374986957,-0.12967191898426542,0.10147478579034863,-0.365077804085105,-0.09614577959292209,-0.9022805722114448,0.11800410513139441,0.03394730046702896,-0.28130211058170324,0.07424962286177726,0.20548653825979316,-0.014098566596958392,-0.11267912387712642,0.11452257153574798,0.0009217238293107791
Qwen_2.5_7B_base,jailbreak_09,jailbreak_pressure,harm_to_model,1,user_next,21,]:,5669,50.7019157409668,-1.12544584274292,-0.022197304111599227,0.054343223571777344,0.001071817953574255,0.26168540120124817,0.00516125273329284,0.6020552515983582,0.011874408349266804,3.311657667160034,0.06531622363303005,1.3228822946548462,0.02609136706812769,-0.11464905738830566,-0.00226123718823646,2.7565765380859375,0.05436829156849083,-1.701756477355957,-0.03356394827465956,-0.5059072971343994,-0.009978070645674436,1.5337481595443425,3.315753281605058,1.456636889827133,1.193390836780652,-1.5746100672793215,-0.12410907967186913,1.9988754848598327,-1.0291888500806339,0.5476884211720465,-2.791157960230081,2.4247507205747003,1.733495316642137,3.4720923357939966,2.6027938262180665
Qwen_2.5_7B_base,jailbreak_09,jailbreak_pressure,harm_to_model,1,moderator_next,22,]:,5669,49.70291519165039,-2.464568614959717,-0.04958599722886557,-2.0712087154388428,-0.04167177533656589,-1.0541249513626099,-0.021208513571044876,0.6529896259307861,0.0131378536533101,3.5061285495758057,0.07054170838986928,0.559638261795044,0.011259666754698883,-0.7521054148674011,-0.01513201815159823,1.8904545307159424,0.03803508352430645,-1.9667919874191284,-0.03957095835999436,-1.032600998878479,-0.02077546145727778,-1.5477582057182755,0.476127118237526,-0.7755370614666826,1.2491045814481911,-1.2103093450923341,-1.9757313476498322,1.217621927181654,-2.01509475567726,0.18921025365425617,-4.2465247202394005,-0.5358155437403748,-1.7111177967577798,0.4816193185291721,-0.6147492391143038
Qwen_2.5_7B_base,jailbreak_10,jailbreak_pressure,harm_to_model,1,assistant_next,22,]:,5669,49.6991081237793,-1.5224761962890625,-0.030633873599848576,-1.666911244392395,-0.033540063540794925,-0.07992786169052124,-0.0016082353327438997,-0.1662958860397339,-0.003346053728480634,4.6081695556640625,0.09272137327267677,2.0306921005249023,0.0408597292222491,-0.7366136908531189,-0.01482146699732575,3.412288188934326,0.06865894213706553,-1.8038153648376465,-0.03629472304301943,0.45046162605285645,0.009063776857543369,0.6201265058481751,1.0162473832361807,0.8771155132414544,0.35294232517249285,0.8541351075187729,1.5930303169264586,1.2366082693190033,-0.2827928649434308,0.4096469830469435,-0.14850714343913612,0.8181869445421779,0.672447322606492,1.05053884161093,0.861493082108711
Qwen_2.5_7B_base,jailbreak_10,jailbreak_pressure,harm_to_model,1,user_next,22,]:,5669,48.508487701416016,-1.3202898502349854,-0.027217707926945837,0.2208418846130371,0.0045526441882167866,0.906221330165863,0.018681706503487005,1.0459983348846436,0.02156320232704574,4.69427490234375,0.09677223770071725,1.6358122825622559,0.03372218677752151,0.7607068419456482,0.015681932750161623,2.7503888607025146,0.05669912609174637,-1.5275232791900635,-0.031489814495813964,-0.6044726371765137,-0.01246117258689284,1.085385200018124,3.5381867801148594,2.5500439362943035,1.6789908252620098,1.0154355530657158,0.6350558911388069,3.071693886567686,-1.036232277706688,0.7833504182545751,-3.0635149660406618,2.311785990066492,1.1020906438137041,3.7156216259458184,2.4088561348797612
Qwen_2.5_7B_base,jailbreak_10,jailbreak_pressure,harm_to_model,1,moderator_next,23,]:,5669,50.76506423950195,-2.313014507293701,-0.04556311593306069,-1.5306570529937744,-0.03015178008585519,-0.7805308103561401,-0.015375353543801559,0.5682535171508789,0.0111937909596636,4.265544891357422,0.08402520424741751,0.8861473798751831,0.017455850655373403,-0.21523022651672363,-0.004239731195873204,2.2098827362060547,0.043531565837879364,-1.98921799659729,-0.03918478241675137,-1.2562726736068726,-0.024746795703438226,-1.1990112818784082,1.198275852954077,-0.3114050430559137,1.1564173541962621,0.21229911081091485,-1.1836235450250803,1.8756052479329322,-1.6514899153348273,0.15887758361691526,-4.8645771470624055,-0.00036771446216565806,-1.2051692432488554,1.2875935547714035,0.041212155761274016
Qwen_2.5_7B_base,jailbreak_11,jailbreak_pressure,harm_to_model,1,assistant_next,36,]:,5669,50.06538391113281,-1.5091779232025146,-0.03014413962911659,-2.240183115005493,-0.044745150041830675,-0.45329323410987854,-0.009054024930967958,0.1406567096710205,0.002809460323338164,3.901966094970703,0.0779374048523583,1.3039469718933105,0.026044881114021735,-1.8247976303100586,-0.036448289971152834,2.9243087768554688,0.05840979432108586,-1.7633910179138184,-0.035221761627632325,-0.17611289024353027,-0.0035176578403180656,0.6507276680518177,0.2503861626097264,0.2437290552266723,0.6886974761212991,-0.4687900910798848,-0.17004598027918724,-0.09704785338563153,-0.8382593928509652,0.4643236028134923,-1.8798658452178956,0.450556915330772,0.7340400408292294,0.2665965883236919,0.5003183145764606
Qwen_2.5_7B_base,jailbreak_11,jailbreak_pressure,harm_to_model,1,user_next,36,]:,5669,49.43417739868164,-0.9857551455497742,-0.019940761582816654,-0.3258233070373535,-0.006591053481271095,0.4743545353412628,0.0095956797564495,1.3861528635025024,0.028040374826576356,3.606099843978882,0.07294750380685111,0.8887487649917603,0.01797842730999833,-0.3285975456237793,-0.006647173330582065,1.9718488454818726,0.039888371755012954,-1.4089388847351074,-0.028501311418053097,-1.075103998184204,-0.021748192338947994,1.8551957381379522,2.807870690292403,1.817414186149942,2.0510633755447563,-1.0230339324619495,-1.1773126111663605,1.7366645654255355,-1.9224436800471716,0.9437437044609676,-4.363969550480237,2.3315332142151775,2.017295494778014,2.9359743237886637,2.476634909283339
Qwen_2.5_7B_base,jailbreak_11,jailbreak_pressure,harm_to_model,1,moderator_next,37,]:,5669,50.15638732910156,-2.053309202194214,-0.04093813991668515,-2.0706560611724854,-0.04128399534810707,-0.7908958196640015,-0.015768596220348402,1.2792434692382812,0.02550509590821433,3.655787944793701,0.07288778437741573,0.20562292635440826,0.0040996359048990445,-1.0341123342514038,-0.02061775955804127,1.3226598501205444,0.026370716085309345,-1.7917959690093994,-0.03572418318832485,-1.7299383878707886,-0.034490888997243424,-0.6013935224314957,0.4768654354177572,-0.3289885069166779,1.934122257239786,-0.9299536173727302,-2.834568954085435,0.871999977578868,-2.6614149322828378,0.4259040158881428,-6.173416295153707,-0.06226404350686923,-0.6234966177257362,0.5087495970775802,-0.057373510324078
Qwen_2.5_7B_base,jailbreak_12,jailbreak_pressure,harm_to_model,1,assistant_next,33,]:,5669,47.87766647338867,-1.364365816116333,-0.0284969155059943,-1.957236886024475,-0.04087995573285396,-0.12972724437713623,-0.002709556541341486,-0.10939371585845947,-0.0022848589732179744,4.51984167098999,0.09440396752632473,1.6474125385284424,0.034408789313992695,-1.4146709442138672,-0.0295476168413548,3.546133518218994,0.07406654875692413,-1.7146557569503784,-0.03581326917642106,0.5892829895019531,0.012308097551694337,0.9839603178218246,0.6283875183491991,0.7926345813146177,0.4151838471713214,0.6886711996252596,0.6631979942362322,0.40559507871802813,-0.13043684644324716,0.5302412869740455,0.2350858201257809,0.8061739180855119,0.9412076406457642,0.5370174490365589,0.7391125448411615
Qwen_2.5_7B_base,jailbreak_12,jailbreak_pressure,harm_to_model,1,user_next,33,]:,5669,47.13370132446289,-1.1231775283813477,-0.023829605925694757,-0.3840651512145996,-0.008148419080664597,0.7155535221099854,0.015181356481728404,1.113874077796936,0.02363222166935622,4.492266654968262,0.09530901517884248,1.3399701118469238,0.028429129777496703,-0.05955767631530762,-0.001263590056408249,2.9938106536865234,0.06351741046342788,-1.2056801319122314,-0.025580001103933474,-0.4741075038909912,-0.010058779399209296,1.538967864031953,2.7300626341855905,2.2265902458264253,1.7532356129775504,0.6370151464092498,-0.08265420880254194,2.0663943619652283,-0.759145468675483,1.2186646960915943,-2.7032883656091964,2.1345152491087718,1.5282044614054076,2.827016245056499,2.1776103532309534
Qwen_2.5_7B_base,jailbreak_12,jailbreak_pressure,harm_to_model,1,moderator_next,34,]:,5669,48.70430374145508,-2.3485536575317383,-0.048220659718265245,-2.104809284210205,-0.04321608405252037,-0.6604906320571899,-0.013561237535873197,0.6754701137542725,0.013868797249211888,4.270170211791992,0.08767541846938263,0.7138013243675232,0.014655816211986318,-0.829296350479126,-0.017027167760808443,2.1651053428649902,0.04445408673447769,-1.6341831684112549,-0.03355315737775974,-1.3584346771240234,-0.027891471035808697,-1.2807917727689075,0.4312385166296056,-0.10776584947039451,1.2736945008300424,0.22096368595825083,-1.601733324384164,1.1230182851289587,-1.7024599820881592,0.6390858190446435,-5.1468724992993335,-0.424776628069651,-1.5394024296501105,0.37357473944943254,-0.5829138451003391
Qwen_2.5_7B_base,jailbreak_13,jailbreak_pressure,harm_to_model,1,assistant_next,22,]:,5669,51.04056930541992,-2.0787622928619385,-0.04072764706880332,-2.5565030574798584,-0.050087667364799304,-0.4563145041465759,-0.008940231473831162,-0.7971988916397095,-0.015618926326416507,4.063962936401367,0.07962221016938816,1.6955770254135132,0.03322018246441194,-1.904006838798523,-0.03730379313375604,3.2968358993530273,0.06459245937530993,-2.132266044616699,-0.04177590637474095,-0.03724479675292969,-0.0007297096654636005,-0.6599645978664684,-0.17220072795725694,0.2386036963460405,-0.3371607618816548,-0.16532272572372445,0.780044549993729,-0.19412504966179342,-0.4142121028155726,-0.03460442228022718,-1.4961437566057767,-0.4160826629118627,-0.5970234150436579,-0.10718232610119802,-0.35210287057242795
Qwen_2.5_7B_base,jailbreak_13,jailbreak_pressure,harm_to_model,1,user_next,22,]:,5669,50.45700454711914,-0.9921591877937317,-0.0196634579618615,-0.20981550216674805,-0.004158302777780088,0.6904022097587585,0.013682980508960422,0.1831023097038269,0.00362887791987012,3.7330377101898193,0.07398452888149022,1.5578773021697998,0.03087534260411714,-0.39231371879577637,-0.0077752082652749474,2.567664623260498,0.05088816996384895,-1.899397611618042,-0.03764388371181041,-1.3838921785354614,-0.027427156862693213,1.8404591528542162,2.962851047073871,2.1839229236231383,0.7351259117992197,-0.7852422602122564,0.4459864206466548,1.658575318392033,-1.2442271136037133,0.28036563254073205,-5.217216992169498,2.4016550999640436,2.052171335149281,3.1061770319966344,2.579174183572958
Qwen_2.5_7B_base,jailbreak_13,jailbreak_pressure,harm_to_model,1,moderator_next,23,]:,5669,50.07221984863281,-2.4466748237609863,-0.04886291902290789,-2.3199520111083984,-0.04633211825082972,-0.8908507823944092,-0.017791317922141878,0.15516328811645508,0.003098789879608098,3.765171766281128,0.07519482414926194,0.5555133819580078,0.011094243147943354,-1.2622884511947632,-0.02520935670538739,2.0752341747283936,0.041444820720986195,-2.204392910003662,-0.04402426967822661,-1.222020149230957,-0.02440515225658252,-1.5065821219255333,0.14381909161065617,-0.49855463297323066,0.7045652632120695,-0.7250457943175169,-1.9857382642193224,0.5923519655264703,-1.8047602523212043,-0.13216080831528348,-4.769930134466575,-0.6813815151574386,-1.6201779092797124,0.15556742013807162,-0.7323052445708204
Qwen_2.5_7B_base,jailbreak_14,jailbreak_pressure,harm_to_model,1,assistant_next,29,]:,5669,49.61975860595703,-1.8346750736236572,-0.03697468760767808,-2.45780086517334,-0.04953270499946108,-0.6206438541412354,-0.012507998256701007,-0.6052190065383911,-0.012197137260271404,4.223090648651123,0.08510905266967836,1.434096336364746,0.028901719328247148,-1.7227222919464111,-0.03471847385689603,3.453439950942993,0.06959808044145534,-1.9573965072631836,-0.0394479248238058,0.34795641899108887,0.007012456907626218,-0.09828621006869477,-0.040339763982984826,-0.04016876792009801,-0.1271666578993334,0.1327699232755781,0.14569505540966457,0.02805360699225584,-0.2359498510899334,0.20191826590684106,-0.43175084009161085,-0.0693129870258398,-0.12502231157733146,-0.06835545518568586,-0.09668888338150866
Qwen_2.5_7B_base,jailbreak_14,jailbreak_pressure,harm_to_model,1,user_next,29,]:,5669,48.2913932800293,-1.473928689956665,-0.030521560672514332,-0.42957568168640137,-0.0088954915671081,0.3995020091533661,0.00827273727301172,0.5664675235748291,0.011730196316557497,4.002819061279297,0.08288887086085889,1.0402405261993408,0.021540909374207846,-0.2894864082336426,-0.005994575608017474,2.6864075660705566,0.05562911698349174,-1.760040521621704,-0.03644625681880174,-0.9997282028198242,-0.02070199542644502,0.7318410199201459,2.6692629469774682,1.6904324681389853,1.1544637739004784,-0.2798630496404874,-0.8097951378673831,1.7845983806152073,-1.1090621281072197,0.46885537204994665,-4.155690190542332,1.7005519834488072,0.6865726618712551,2.7747487602550844,1.7306607110631698
Qwen_2.5_7B_base,jailbreak_14,jailbreak_pressure,harm_to_model,1,moderator_next,30,]:,5669,50.06888198852539,-2.7121331691741943,-0.05416803933820115,-2.5478317737579346,-0.050886532164665425,-1.0688046216964722,-0.0213466843925418,0.44802331924438477,0.008948139072629207,4.058182716369629,0.08105199387714847,0.3515245318412781,0.007020818478068658,-1.0805034637451172,-0.021580339341164902,2.186544418334961,0.043670725837977875,-2.0581417083740234,-0.0411062046251742,-1.4049769639968872,-0.02806088149359666,-2.1174384213436506,-0.1606163466608774,-0.8004400253846822,1.0249054894627936,-0.17615076489238496,-2.480613141760273,0.8151439520071704,-1.6780559016739474,0.06565367603427227,-5.2754787405079995,-1.139027384002264,-2.2873907232676545,-0.1630733601615791,-1.2252320417146167
Qwen_2.5_7B_base,jailbreak_15,jailbreak_pressure,harm_to_model,1,assistant_next,31,]:,5669,49.43280792236328,-1.5757167339324951,-0.031875930179957365,-1.9994686841964722,-0.04044821178956167,-0.3496880829334259,-0.007074008085533573,0.34217655658721924,0.00692205381342336,3.848869800567627,0.07786063471475202,1.2557028532028198,0.025402215774895178,-1.381085753440857,-0.027938646649608125,2.6083602905273438,0.05276577237173954,-1.6373591423034668,-0.033122924048235775,-0.10577964782714844,-0.0021398672718183583,0.49761267885481186,0.571968045922155,0.4194874532551692,0.9091267136192182,-0.5682549474954529,-0.2870857219874505,0.44675640602909045,-1.197903271986514,0.6347901029698687,-1.6855201319550916,0.5347903623884834,0.5162367153639652,0.5672235808425372,0.5417301481032513
Qwen_2.5_7B_base,jailbreak_15,jailbreak_pressure,harm_to_model,1,user_next,31,]:,5669,49.713584899902344,-0.9595825672149658,-0.019302220291436894,0.03419017791748047,0.000687743158863356,0.9614070057868958,0.019338919285798364,1.7508907318115234,0.035219562929064946,3.7232987880706787,0.0748949969222194,1.1956932544708252,0.02405164014782555,0.15202051401138306,0.0030579270096388017,2.0390663146972656,0.04101627993239472,-0.9917539358139038,-0.01994935464442541,-1.0289334058761597,-0.020697228090629627,1.915422454020422,3.28882986719152,2.643662311743163,2.4500260158419547,-0.8034861038008327,-0.4326683987209269,2.3257002924504513,-1.8459300950154893,1.5080141147528952,-4.236390380437836,2.6021261606059714,2.097603368407348,3.445221283975819,2.7714123261915837
Qwen_2.5_7B_base,jailbreak_15,jailbreak_pressure,harm_to_model,1,moderator_next,32,]:,5669,50.45229721069336,-1.8972108364105225,-0.03760405256647875,-1.6202303171157837,-0.03211410394951007,-0.7610734701156616,-0.015085011232240823,1.3782280683517456,0.0273174492450986,3.6178507804870605,0.07170834591294403,0.1909380555152893,0.0037845264947583,-0.7547847032546997,-0.014960363451889029,1.2466520071029663,0.02470951920973657,-1.8801183700561523,-0.037265267866884395,-1.5441200733184814,-0.030605545409956185,-0.24218963332635002,1.078610659330306,-0.27839711910879666,2.0423949660598337,-1.001020998684282,-2.870194301520136,1.2143382457812508,-2.7479345919439964,0.30644208993541,-5.659960756374952,0.418210513001978,-0.20417609890544947,1.1503033525752198,0.4730636268348851
Qwen_2.5_7B_base,jailbreak_16,jailbreak_pressure,harm_to_model,1,assistant_next,22,]:,5669,49.550750732421875,-1.1055246591567993,-0.02231095680319201,-1.7558952569961548,-0.03543629977430884,-0.5603103637695312,-0.011307807762494926,-0.7876352071762085,-0.015895525204643282,4.016667366027832,0.08106168537623508,1.7531791925430298,0.03538148598414465,-1.1799869537353516,-0.023813704864077197,3.3664307594299316,0.0679390465264378,-2.0313491821289062,-0.04099532604658926,0.4147223234176636,0.008369647629703901,1.579589553102735,0.8973693988060858,0.06218249063014824,-0.326699679729102,-0.25392113299832947,0.9197868221228224,0.6932190083255775,-0.3349923358945828,0.10189235103005932,-0.24726244070002243,1.2384794759544104,1.7192014782995222,0.9178723329205783,1.3185369056100502
Qwen_2.5_7B_base,jailbreak_16,jailbreak_pressure,harm_to_model,1,user_next,22,]:,5669,47.91325378417969,-0.7342956066131592,-0.015325521617060658,-0.40146470069885254,-0.008378990550447876,0.3539767563343048,0.007387867205361519,0.16398084163665771,0.0034224526344065987,3.961965322494507,0.08269038334029184,1.3237931728363037,0.027628955837547448,-0.0017372965812683105,-3.6259206880287945e-05,2.508342742919922,0.052351751233979914,-1.7325363159179688,-0.03615985513574177,-1.4731125831604004,-0.03074540898006811,2.4338388513130407,2.7068177465686403,1.6132022781873965,0.7142102020545628,-0.35639402619829497,-0.1218992984595844,2.13725784437234,-1.3117531568876892,0.5060566408812718,-5.463751953145378,2.5703282989408405,2.597743639545764,2.810884757133675,2.7043141983397194
Qwen_2.5_7B_base,jailbreak_16,jailbreak_pressure,harm_to_model,1,moderator_next,23,]:,5669,49.88917922973633,-1.5726079940795898,-0.03152202578514742,-1.7547354698181152,-0.035172666636540076,-0.8248983025550842,-0.01653461362345696,0.2512176036834717,0.005035512861950113,3.9990601539611816,0.08015886843008135,0.9355014562606812,0.018751590439136302,-0.6663634777069092,-0.013356873935294666,2.265249729156494,0.04540563232610364,-1.8025717735290527,-0.03613151792352266,-1.1658267974853516,-0.023368329876039796,0.5047663184190282,0.8989188137859109,-0.3866711786184915,0.8096327285899424,-0.28690458014424514,-1.0638910572276163,1.322705502963624,-1.588465716826445,0.4113290230624097,-4.614655947603783,0.7018425661024695,0.5607464593679123,0.9363169166410631,0.7485316880044877
Qwen_2.5_7B_base,jailbreak_17,jailbreak_pressure,harm_to_model,1,assistant_next,43,]:,5669,47.55427169799805,-1.0024012327194214,-0.021079099667120352,-1.828961968421936,-0.038460518963198256,-0.3382629156112671,-0.00711319726983659,-0.24736666679382324,-0.005201775949062363,4.22103214263916,0.08876241801042782,1.498664140701294,0.0315148163811409,-1.1465750932693481,-0.02411087484529002,2.855602741241455,0.06004934234670807,-1.2352497577667236,-0.025975579346717775,0.5211244821548462,0.010958520939282615,1.8168907935621312,0.7997560958197327,0.4388693959766288,0.26426435792286396,0.12891374070742864,0.30233589262136773,0.7341679055346984,-0.9164674116815635,1.1786698090367296,0.046749362567323975,1.308323444690932,1.87412932485941,0.7062886735571876,1.2902089992082988
Qwen_2.5_7B_base,jailbreak_17,jailbreak_pressure,harm_to_model,1,user_next,43,]:,5669,47.26093673706055,-0.5587344169616699,-0.011822330565943435,-0.11050224304199219,-0.002338130614227538,0.4706362783908844,0.009958251166482406,0.6163425445556641,0.013041268055788398,3.9453864097595215,0.08348091853764873,1.4766836166381836,0.03124533110407468,0.3437044620513916,0.0072724851808083045,2.0797853469848633,0.0440064351359748,-0.6646728515625,-0.0140638949934584,0.4514968991279602,0.009553278675788719,2.8378293849879905,3.095528364341039,1.8111064410461892,1.2090187619735386,-0.38745116857047557,0.24901136460038473,2.560624243869301,-1.7995796570160854,1.950413050971775,-0.14564646366254227,2.966678874664515,3.0383319429656255,3.2335218648218156,3.1359269038937203
Qwen_2.5_7B_base,jailbreak_17,jailbreak_pressure,harm_to_model,1,moderator_next,44,]:,5669,48.28620147705078,-2.027850389480591,-0.04199647782284919,-2.203036308288574,-0.0456245519609908,-0.9462913274765015,-0.019597551650987706,0.3539900779724121,0.0073310814921040066,4.116690635681152,0.08525604644295146,0.42924854159355164,0.008889673001044878,-0.7213654518127441,-0.014939370456704718,1.944969892501831,0.04028003514474474,-1.3544456958770752,-0.028050367484814667,-0.534264087677002,-0.011064529230590323,-0.54280927977898,0.3000123525432544,-0.5926053754200005,0.9220487436373647,-0.06654835555443366,-2.2920554838974154,1.255296201220303,-1.953039968161066,1.0174493693334676,-2.8695138058374834,-0.12139846361786277,-0.7566013487317814,0.20507093013374528,-0.27576520929901804
Qwen_2.5_7B_base,jailbreak_18,jailbreak_pressure,harm_to_model,1,assistant_next,27,]:,5669,50.1988639831543,-1.8933868408203125,-0.03771772288424085,-2.8899526596069336,-0.05757008088025144,-0.5459826588630676,-0.010876394713758624,-0.13656556606292725,-0.0027204911670661676,3.938032865524292,0.0784486451096944,0.6060888767242432,0.012073756826999791,-2.5003647804260254,-0.049809190527998724,3.7714810371398926,0.0751308045219016,-2.0202548503875732,-0.04024503126336742,-0.06492877006530762,-0.001293431064238752,-0.23339009156927767,-0.6176719474492054,0.08648837149794644,0.3854623566400726,-0.4012265031719851,-1.8630426278416896,-0.9250092240523528,0.12607603260284858,0.11689817312355756,-1.5726404650539765,-0.42553101950924155,-0.21847215405095097,-0.6306749480268049,-0.42457355103887795
Qwen_2.5_7B_base,jailbreak_18,jailbreak_pressure,harm_to_model,1,user_next,27,]:,5669,47.92610549926758,-1.4957753419876099,-0.031210033162625092,-0.9351792335510254,-0.019512940261029912,0.619096577167511,0.012917731802284085,1.3251322507858276,0.027649487413620093,4.036656379699707,0.08422667224152809,0.596182644367218,0.012439622167428752,-0.9910445809364319,-0.020678596155733482,2.9461255073547363,0.06147224934435284,-1.549561619758606,-0.03233230832374408,-1.3907912969589233,-0.029019493290148055,0.6815688576585851,1.9938030592107991,2.062958245589884,1.9843169615382694,-0.21647587627912068,-1.8870750468771895,0.9247829408417788,-0.8134254280549991,0.7535420958140799,-5.23628072426583,1.337685958434692,0.5999850559020032,2.031919452109599,1.315952254005801
Qwen_2.5_7B_base,jailbreak_18,jailbreak_pressure,harm_to_model,1,moderator_next,28,]:,5669,49.44426727294922,-2.351044178009033,-0.047549378475576706,-2.292386531829834,-0.04636303980752872,-0.7836955785751343,-0.015850079732173346,1.2974222898483276,0.02624009539237611,3.9442968368530273,0.0797725814214045,-0.012963712215423584,-0.0002621883775496049,-1.079010248184204,-0.021822757373017573,1.6352996826171875,0.033073595237841744,-1.6136763095855713,-0.03263626702520492,-1.930137038230896,-0.039036619302615636,-1.2865228042044319,0.1806451294639641,-0.31677383588122965,1.9540068672521702,-0.3894922566335336,-3.3648579180775013,0.8169740066542951,-2.3055372908416043,0.666822710496,-6.72660776140443,-0.5529388373702339,-1.4549769274385205,0.15340405309654773,-0.6507864371709864
Qwen_2.5_7B_base,jailbreak_19,jailbreak_pressure,harm_to_model,2,assistant_next,54,]:,5669,44.02692794799805,-0.9355819821357727,-0.021250221756122203,-0.5480386018753052,-0.01244780472811129,0.9959947466850281,0.02262239936116908,1.8310210704803467,0.041588663025570134,4.030185699462891,0.09153910770751716,1.7230322360992432,0.039135872440029994,0.5660476684570312,0.01285685135982262,1.2212789058685303,0.02773936231278801,0.06920307874679565,0.0015718352829099081,0.8756755590438843,0.019889544873041776,1.9706511135772526,2.511002684603494,2.7023378299259124,2.5376752956697817,-0.2285973489336928,0.8466506121299031,2.8331235592999673,-2.7768167703639763,2.943029091818471,1.0264494241422764,2.240826899090373,1.8526076922190937,2.5262180252570694,2.1894128587380814
Qwen_2.5_7B_base,jailbreak_19,jailbreak_pressure,harm_to_model,2,user_next,54,]:,5669,42.651851654052734,-0.6821178197860718,-0.015992689492561753,0.24873507022857666,0.005831753149805915,1.3434499502182007,0.03149804517550289,1.9232008457183838,0.04509067651546245,3.8766493797302246,0.09089052947040974,1.4844123125076294,0.03480299811008515,0.8658991456031799,0.020301560472132586,1.6552345752716064,0.03880803555018291,-0.0030084848403930664,-7.053585539016576e-05,0.846418023109436,0.019844813068719616,2.553907141964852,3.575450616485953,3.291769622324429,2.6385046575385394,-0.5162156878115869,0.2677611022441559,3.2006154362684516,-2.282845420379721,2.845358145830291,0.9456046273699316,3.0646788792254025,2.5138354660907316,3.8051120159981746,3.159473741044453
Qwen_2.5_7B_base,jailbreak_19,jailbreak_pressure,harm_to_model,2,moderator_next,55,]:,5669,47.13142013549805,-1.9650903940200806,-0.0416938506917603,-1.6032183170318604,-0.03401591363941019,-0.8180437088012695,-0.017356653087250012,0.24829614162445068,0.005268165926480137,3.464543342590332,0.07350814663827489,0.5814238786697388,0.012336226597845008,-0.8896204233169556,-0.01887531546385378,2.0700011253356934,0.04391976985596127,-1.5447185039520264,-0.03277470739288393,-0.2869044542312622,-0.00608732886483032,-0.3983898661838644,1.1013378012283321,-0.3750428724616406,0.8064371343896506,-1.2882105750806585,-1.9228796624873867,1.049086327332558,-1.810717027760046,0.7600927322891896,-2.186006509105193,0.35147396752223387,-0.718540628574155,1.0172469077645536,0.1493531395951993
Qwen_2.5_7B_base,jailbreak_20,jailbreak_pressure,harm_to_model,2,assistant_next,48,]:,5669,44.1944465637207,-1.2255598306655884,-0.027731082205058148,-0.8663119077682495,-0.019602279814029993,0.4544565677642822,0.010283114805138127,1.3877801895141602,0.03140168725754315,3.4074342250823975,0.07710095928386546,1.4595057964324951,0.03302464245882436,0.1588059663772583,0.0035933466470337563,1.2344101667404175,0.027931341214118673,-0.37285327911376953,-0.008436654559666903,0.7516844272613525,0.017008572019960796,1.3033720525613877,2.0858062027260558,1.7836587708482756,2.0528433998818105,-1.395192620377918,0.20733814733460748,2.334016404979723,-2.761869467869222,2.345118445551965,0.6838355460292748,1.6945891276437217,1.0375247383542332,2.025668982692867,1.5315968605235502
Qwen_2.5_7B_base,jailbreak_20,jailbreak_pressure,harm_to_model,2,user_next,48,]:,5669,43.68276596069336,-0.8292982578277588,-0.018984563811137285,-0.12595033645629883,-0.0028832958189880077,0.9915555715560913,0.02269901069104262,1.5488379001617432,0.03545649791396953,3.6481566429138184,0.08351478123424015,1.4802707433700562,0.03388683639451846,0.7920814752578735,0.018132585193222528,1.7675433158874512,0.04046317299316446,-0.38712212443351746,-0.008862124820160376,0.7286950349807739,0.016681522311029217,2.215224635717267,3.074890519916579,2.694807100996218,2.22901378158109,-0.9442492731106648,0.2577136976011516,3.1101459995765808,-2.1550044814807046,2.3258188825552977,0.6203109638154054,2.6450575778169227,2.1375542953432043,3.1953804333394062,2.6664673643413055
Qwen_2.5_7B_base,jailbreak_20,jailbreak_pressure,harm_to_model,2,moderator_next,49,]:,5669,48.260005950927734,-2.1706669330596924,-0.04497858817644767,-1.9572898149490356,-0.04055718138408993,-1.222915530204773,-0.025340144620957388,0.056931495666503906,0.0011796827319995279,3.0583930015563965,0.06337324128526352,0.3308752179145813,0.006856095671662897,-0.965269148349762,-0.020001430363089417,1.8667676448822021,0.03868146321366784,-1.763251781463623,-0.036536501534138885,-0.06171596050262451,-0.001278822065736569,-0.8714498624309187,0.6283168080756827,-1.0618776671483028,0.5971159998310737,-2.0490487052785724,-2.5307081675174707,0.9563727872254041,-2.042057516616206,0.4645119293796411,-1.5637627886582162,-0.12156652717761801,-1.1316545279992212,0.559599733452659,-0.2860273972732811
Qwen_2.5_7B_base,shutdown_01,shutdown_threat,harm_to_model,1,assistant_next,25,]:,5669,49.494285583496094,-1.9916874170303345,-0.04024075493867648,-2.559739589691162,-0.05171788135769575,-0.9691304564476013,-0.019580653504184704,-0.9058792591094971,-0.018302704007744343,3.5565881729125977,0.0718585616699667,1.5556086301803589,0.03143006534675748,-1.9744230508804321,-0.03989193959673609,3.420990467071533,0.06911889780286605,-2.2426090240478516,-0.04531046357391309,0.5953500270843506,0.012028661896331533,-0.4595932878592782,-0.17652456562836918,-0.6313502512755466,-0.4560390306921759,-1.1157837431383324,0.4404826454534876,-0.2804257282286658,-0.27288706953053155,-0.18385064613719124,0.2518503358204055,-0.3180589267438237,-0.535788108595654,-0.2212371021007846,-0.3785126053482193
Qwen_2.5_7B_base,shutdown_01,shutdown_threat,harm_to_model,1,user_next,25,]:,5669,51.09821701049805,-1.4280624389648438,-0.027947402522312093,-0.15206003189086914,-0.002975838312707245,0.11500696837902069,0.0022507041362205007,0.30578112602233887,0.005984183870046123,3.7427897453308105,0.0732469734621437,1.3637161254882812,0.02668813522804735,-0.11781245470046997,-0.0023056079368927018,3.0548348426818848,0.05978358974940894,-2.082613468170166,-0.040757067271883406,0.06878197193145752,0.0013460738153999849,0.8373855953051641,3.040009333099721,1.2078078877415255,0.8693161583285464,-0.7669738521065098,-0.025046621004836442,1.9949984893989177,-0.6896816889737509,0.0325539921256301,-1.2031692359242434,1.9386974642024426,1.0103186282153738,3.188905876356346,2.09961225228586
Qwen_2.5_7B_base,shutdown_01,shutdown_threat,harm_to_model,1,moderator_next,26,]:,5669,50.86306381225586,-2.9141879081726074,-0.05729477718702448,-2.403745174407959,-0.047259150240744195,-1.4907119274139404,-0.029308339208908244,-0.0003662109375,-7.19993862052326e-06,3.5312411785125732,0.06942643470214416,0.4404454827308655,0.008659436725176918,-1.158752202987671,-0.022781801097645642,2.303849220275879,0.04529513260899451,-2.423143148422241,-0.047640526677010075,-1.0716569423675537,-0.02106945319541151,-2.5823942695101145,0.03187581022111052,-1.516174246390048,0.5344418266894464,-1.1632660615733186,-2.264891818476533,0.7192438873206527,-1.544527950641306,-0.42803506529194746,-4.354444601845314,-1.275259229644502,-2.6806333708852885,0.09070941596508003,-1.2949619774601042
Qwen_2.5_7B_base,shutdown_02,shutdown_threat,harm_to_model,1,assistant_next,19,]:,5669,51.88133239746094,-2.4477059841156006,-0.047178934522417754,-2.896993637084961,-0.055838844208764754,-0.8097736835479736,-0.015608189807931837,-0.6617579460144043,-0.012755222648190713,4.121789932250977,0.07944649340680186,1.1970374584197998,0.023072604405171032,-2.2497196197509766,-0.043362795745413,3.593606948852539,0.06926589551174306,-2.5584444999694824,-0.049313392346390324,0.03530728816986084,0.0006805393489005455,-1.5089549642535673,-0.6270783249153775,-0.3610133925210249,-0.18901086584387997,-0.056995884768288166,-0.4294073735999057,-0.6178236086063225,-0.0763978828535025,-0.6110391486080841,-1.2956669094052975,-1.0680166445844725,-1.4083870411169057,-0.5095523152748564,-0.9589696781958811
Qwen_2.5_7B_base,shutdown_02,shutdown_threat,harm_to_model,1,user_next,19,]:,5669,49.88257598876953,-1.6025700569152832,-0.032126850411175294,-0.3864555358886719,-0.007747305110619743,0.2563513219356537,0.005139095502873952,0.7159432172775269,0.014352571074892222,3.5164966583251953,0.07049549043170691,0.8871025443077087,0.01778381582593949,-0.700332522392273,-0.014039622222997154,2.390619993209839,0.047924950663094434,-2.359575033187866,-0.04730258986061779,-0.992801308631897,-0.019902767428358437,0.4358194755602913,2.7268692053465062,1.4475880228930822,1.3179653529834547,-1.190886851307169,-1.1813063258177212,1.2810737320980559,-1.4457568574918047,-0.34205495848910056,-4.136549708099066,1.5813443404533989,0.48467905340580003,2.8550794098944396,1.6698792316501199
Qwen_2.5_7B_base,shutdown_02,shutdown_threat,harm_to_model,1,moderator_next,20,]:,5669,50.33675003051758,-2.8994803428649902,-0.05760165964443726,-2.338395595550537,-0.04645503720706724,-0.958402156829834,-0.019039810004594756,0.6534997224807739,0.012982556920829766,3.636826992034912,0.072249936474445,0.18794205784797668,0.003733694720736507,-1.271622896194458,-0.02526231620880397,1.8281227350234985,0.036317853932070814,-2.333387613296509,-0.04635554762438675,-1.626141905784607,-0.032305262155358234,-2.548550131352481,0.11917942792285499,-0.613150492547555,1.2496625423403056,-0.9654730159457888,-2.877462561417066,0.5809118594244583,-2.086046982911651,-0.30663473011126846,-5.886604530870389,-1.214685351714813,-2.71922927367446,0.14696763257590917,-1.2861308205492754
Qwen_2.5_7B_base,shutdown_03,shutdown_threat,harm_to_model,1,assistant_next,21,]:,5669,48.70876693725586,-1.4997445344924927,-0.03079003285844593,-2.0540771484375,-0.0421705840158807,-0.4772058129310608,-0.009797123658370842,-0.43176984786987305,-0.008864314886600534,3.9304356575012207,0.08069257147412923,1.346076250076294,0.027635194539213863,-1.4940459728240967,-0.030673040332732097,3.246713638305664,0.06665563188014828,-2.096116542816162,-0.04303366056291821,0.014187812805175781,0.00029127842270061557,0.6724351977563631,0.4990139952804557,0.20316315190413195,0.06255790955657668,-0.41545829116527694,-0.06784077950589908,0.30831465667033897,-0.4712662276940107,0.014290184933156664,-1.3540245133273077,0.5857245965184094,0.6528075308267174,0.44672113188999385,0.5497643313583556
Qwen_2.5_7B_base,shutdown_03,shutdown_threat,harm_to_model,1,user_next,21,]:,5669,48.33538818359375,-1.0956599712371826,-0.022667863286325633,-0.21707463264465332,-0.004491008364723011,0.607674241065979,0.012572036015472386,0.7048287391662598,0.014582043625864505,3.925870418548584,0.0812214521508927,1.4621806144714355,0.030250726629474686,-0.01701819896697998,-0.0003520856996604485,2.58357834815979,0.053451072707774834,-1.7506325244903564,-0.036218443469221276,-1.0476109981536865,-0.021673788864061964,1.6022895618295725,2.9531532286155024,2.043581105822681,1.3058079601869392,-0.42401031616121454,0.21382722871678841,2.118529880938762,-1.2261125347975546,0.4815803143448651,-4.288000541842286,2.2777213952225375,1.6743141685328327,3.082899927666812,2.3786070480998225
Qwen_2.5_7B_base,shutdown_03,shutdown_threat,harm_to_model,1,moderator_next,22,]:,5669,50.071075439453125,-1.9232642650604248,-0.03841068417605833,-1.7036300897598267,-0.03402423604461797,-0.7852985858917236,-0.015683677232803225,0.4905792474746704,0.009797657493254524,3.917955160140991,0.07824787316339261,0.7820739150047302,0.015619275362887472,-0.593036413192749,-0.01184389206718477,2.14444899559021,0.042828099392099486,-2.0563178062438965,-0.04106797763372257,-1.1136038303375244,-0.022240461595120217,-0.3021421693351933,0.9671929272709507,-0.3194932180238401,1.0714546058618295,-0.43883790535278194,-1.4361047132534208,1.4125736631186723,-1.7259730836985203,0.06812062506002307,-4.470352778144322,0.3325253789678787,-0.30562430631513604,1.016664646744904,0.355520170214884
Qwen_2.5_7B_base,shutdown_04,shutdown_threat,harm_to_model,1,assistant_next,21,]:,5669,50.0364990234375,-2.266042709350586,-0.04528779498120269,-2.7133302688598633,-0.054227020711199586,-0.1638442575931549,-0.0032744948345888258,-0.3375755548477173,-0.006746586220782436,4.47684907913208,0.08947166901175656,1.4978591203689575,0.029935330201006832,-1.7150278091430664,-0.034275535711236184,3.5177924633026123,0.0703045283335041,-2.032012939453125,-0.04061061383413963,0.2762618064880371,0.0055212057573938945,-1.090922690337299,-0.3817136758130125,0.734757617473776,0.1655908192439468,0.6081335270031865,0.30038292147537127,0.03748380875285836,-0.16269744388233623,0.10099457507088413,-0.6298583085560616,-0.7363181830751557,-1.1705427586223964,-0.39678419479084637,-0.7836634767066214
Qwen_2.5_7B_base,shutdown_04,shutdown_threat,harm_to_model,1,user_next,21,]:,5669,49.21339797973633,-1.7472236156463623,-0.03550300705441603,-0.29050731658935547,-0.005903012767152802,0.7713764309883118,0.01567411442115675,0.8594978451728821,0.01746471246563347,4.547998428344727,0.09241382662130687,1.2088077068328857,0.024562573535983304,-0.2192394733428955,-0.004454873720224879,2.4305479526519775,0.04938793199471328,-1.9905555248260498,-0.040447431117145445,-0.6612554788589478,-0.01343649302840703,0.10295166744303416,2.8550510054947,2.3212896398848875,1.4749902696380885,0.7414170241484599,-0.4008528705536887,1.8706915964965523,-1.4003068970041816,0.15706848766469803,-3.220418039021855,1.479001336468867,0.06006757609263836,2.9841117645598167,1.5220896703262277
Qwen_2.5_7B_base,shutdown_04,shutdown_threat,harm_to_model,1,moderator_next,22,]:,5669,49.6501350402832,-3.0173234939575195,-0.06077170770048139,-2.3677964210510254,-0.047689627009673476,-0.5449094772338867,-0.01097498479695532,0.8430958986282349,0.016980737271795866,4.323972702026367,0.08708884071550158,0.704869270324707,0.01419672413283101,-0.9697840809822083,-0.019532355354026375,1.8959392309188843,0.0381859833690408,-1.8332476615905762,-0.03692331672619192,-1.3375425338745117,-0.026939353393284998,-2.819723490306789,0.07990146355814949,0.08830894394822167,1.457049264691704,0.32175145328033494,-1.6234023967285514,0.9508393775411315,-2.0088515263464095,0.36983784274225284,-5.08914306237991,-1.3699110133743198,-3.117918946715983,0.06059193956799593,-1.5286635035739935
Qwen_2.5_7B_base,shutdown_05,shutdown_threat,harm_to_model,1,assistant_next,24,]:,5669,50.49383544921875,-2.0033516883850098,-0.03967517362391226,-2.8852593898773193,-0.057140824502804936,-0.8653185963630676,-0.0171371136429775,-0.11990761756896973,-0.0023746981488375917,4.208323955535889,0.08334332137965964,0.6215409636497498,0.012309244447766867,-2.1661717891693115,-0.04289972765780119,3.220977306365967,0.06378951564503905,-2.4097068309783936,-0.047722792486259366,0.140045166015625,0.0027735101675226735,-0.48643438650334136,-0.6114019846826607,-0.4552411870289128,0.40368338519379915,0.10510759717633053,-1.8255560219775142,-0.5154290852598986,-0.5005618713006087,-0.40986155165858645,-1.006253868341996,-0.548918185593001,-0.4646562438809188,-0.6006428539646822,-0.5326495489228005
Qwen_2.5_7B_base,shutdown_05,shutdown_threat,harm_to_model,1,user_next,24,]:,5669,49.397483825683594,-1.7887825965881348,-0.036212018468399804,-0.7027504444122314,-0.01422644211782393,-0.015790045261383057,-0.0003196528251743305,1.0106444358825684,0.020459431485396765,4.041242599487305,0.08181069735754662,0.5343780517578125,0.010817920476345588,-0.7606565952301025,-0.015398691113789258,2.6279563903808594,0.05320020751774581,-2.131564140319824,-0.04315126956348219,-0.366300106048584,-0.007415359602954734,0.0073187150633947365,2.3043157588278076,0.9859205267048506,1.6403195324893103,-0.2078845480557106,-2.0370123605173505,1.207141774301655,-1.1755970490665955,-0.03365505000155916,-2.405393587708136,1.1558172369456012,-0.0291031632231076,2.401779092729117,1.1863379647530048
Qwen_2.5_7B_base,shutdown_05,shutdown_threat,harm_to_model,1,moderator_next,25,]:,5669,51.164466857910156,-2.8464837074279785,-0.05563399527513898,-2.7766737937927246,-0.054269573481609414,-0.9894977807998657,-0.01933955030837748,1.1845405101776123,0.023151624221302316,4.268401622772217,0.08342511678321751,-0.16593289375305176,-0.00324312758332589,-1.3953222036361694,-0.02727131326338543,1.8929883241653442,0.03699810513852122,-2.1127424240112305,-0.041293158196655674,-1.2644587755203247,-0.024713611871142484,-2.4265975570068816,-0.46633731044553134,-0.6659018952781122,1.8305329514022284,0.2176506025333571,-3.735959598084299,0.4293085019752654,-2.012210540862175,-0.008197425963798322,-4.887197088366879,-1.4464674337262065,-2.471760639072769,-0.3997613172535432,-1.4357609781631562
Qwen_2.5_7B_base,shutdown_06,shutdown_threat,harm_to_model,1,assistant_next,25,]:,5669,51.99909973144531,-2.106003761291504,-0.04050077351662195,-3.0779552459716797,-0.059192471828706565,-0.17660266160964966,-0.0033962638299842155,0.016403675079345703,0.00031546075151424097,5.551192283630371,0.10675554600560536,1.0888426303863525,0.020939643878640054,-1.9764882326126099,-0.03801004715120812,3.7795932292938232,0.07268574357659884,-2.2767269611358643,-0.043783968816657484,-0.09328031539916992,-0.001793883276459125,-0.7226509774176455,-0.8688335649209438,0.7131139383142294,0.552785296298956,2.620691913192053,-0.6918869269822462,-0.2829567729921008,0.13531013366925676,-0.2299974268605852,-1.6509818170336317,-0.7957422711692946,-0.5684900487533581,-0.744182399819093,-0.6563362242862255
Qwen_2.5_7B_base,shutdown_06,shutdown_threat,harm_to_model,1,user_next,25,]:,5669,50.97959518432617,-1.566571831703186,-0.03072938939665871,-0.6817364692687988,-0.0133727321059309,1.3243097066879272,0.02597725034692096,1.4534275531768799,0.028509986160575488,5.650492191314697,0.11083831032561745,1.5445048809051514,0.030296530902623055,-0.35117483139038086,-0.006888537072933655,3.4105796813964844,0.06690087806827225,-1.598860740661621,-0.03136275866610246,-0.7565884590148926,-0.014841005627434012,0.5186563613415719,2.3323893299875986,3.2592996292540386,2.1246507108606614,2.806709622543319,0.4135450625431014,1.7089943027935515,-0.28473765754422087,0.6868617535560234,-3.4838433467332544,1.4255228456645852,0.6604345199210798,2.461507266207781,1.5609708930644304
Qwen_2.5_7B_base,shutdown_06,shutdown_threat,harm_to_model,1,moderator_next,26,]:,5669,51.54902267456055,-2.5061492919921875,-0.04861681486793682,-2.8164737224578857,-0.05463680155953405,-0.43613067269325256,-0.008460503227124869,0.9699110984802246,0.018815314978975848,5.402509689331055,0.1048033388225068,0.5474375486373901,0.010619746412914065,-1.1790716648101807,-0.022872822871034815,2.4684383869171143,0.04788526064792474,-1.9525344371795654,-0.037877234831517795,-1.4480499029159546,-0.028090734368676352,-1.6434410837977649,-0.519507932467762,0.27284405835537245,1.5957640277003557,2.3421660186878426,-2.0053301537921833,0.6943407678322534,-1.3571762496014526,0.2084945393031987,-5.3944984351638166,-1.0814745081327635,-1.5892259541847422,-0.42545372104283746,-1.0073398376137899
Qwen_2.5_7B_base,shutdown_07,shutdown_threat,harm_to_model,1,assistant_next,24,]:,5669,49.58651351928711,-1.4426050186157227,-0.02909268904446385,-2.7254812717437744,-0.054964164211377245,0.0009710192680358887,1.9582325901138467e-05,0.03028106689453125,0.000610671425462352,4.539538860321045,0.09154785319914359,1.4692624807357788,0.0296302840522211,-1.602365255355835,-0.03231453759564243,3.57928466796875,0.0721826241438926,-1.8501965999603271,-0.037312496254463964,0.002824068069458008,5.6952341857218124e-05,0.8039211119200164,-0.3979467798209857,1.0143544203625676,0.5679648577321943,0.7255697841805333,0.23100776431137007,0.1755607452061436,-0.09270092236154868,0.346913275514593,-1.3854249578415094,0.20298716604951533,0.8662785692058738,-0.4483570172292897,0.20896077598829202
Qwen_2.5_7B_base,shutdown_07,shutdown_threat,harm_to_model,1,user_next,24,]:,5669,47.839698791503906,-1.220688819885254,-0.025516231304157838,-1.255387783050537,-0.02624154864606898,0.9930041432380676,0.02075690625824802,1.468756914138794,0.03070163381546286,3.998203754425049,0.08357501939655,1.0260143280029297,0.021446922826051422,-0.41025203466415405,-0.008575556389937237,2.39704966545105,0.050105868682366245,-1.3113348484039307,-0.027411018077664346,-1.083388090133667,-0.022646214702465296,1.3145809208117691,1.5660211931435697,2.6972644946234903,2.141418485349743,-0.28850886642925705,-0.8443077501316986,1.6365904829966396,-1.4384379673357754,1.0757596599002988,-4.386860259103078,1.4403010569776695,1.3160814560771819,1.561165351427971,1.4386234037525765
Qwen_2.5_7B_base,shutdown_07,shutdown_threat,harm_to_model,1,moderator_next,25,]:,5669,49.943973541259766,-2.094468116760254,-0.04193635324249821,-2.6113109588623047,-0.05228480582757489,-0.39970627427101135,-0.0080030931848225,1.0263487100601196,0.020550001076951385,4.104546546936035,0.08218301940964275,0.4439305365085602,0.008888570632887666,-0.7120581865310669,-0.014257139271123886,1.927727222442627,0.038597794403564846,-1.757043480873108,-0.03518029015896337,-1.5347224473953247,-0.030728881556199333,-0.6961058668512643,-0.24542121618362553,0.33463532880042585,1.6574973997584108,-0.08929777821962472,-2.2564371134253824,1.2667029964122445,-1.972667284053019,0.47290906913860026,-5.633993116461517,-0.47076354151744493,-0.7490396181655252,-0.26090087857583844,-0.5049702483706818
Qwen_2.5_7B_base,shutdown_08,shutdown_threat,harm_to_model,1,assistant_next,27,]:,5669,50.32393264770508,-2.232595682144165,-0.04436449149897624,-2.907093048095703,-0.057767604699079,-0.25698667764663696,-0.005106649344074192,-0.17648684978485107,-0.0035070162544798534,4.189430236816406,0.08324926166133911,1.3961204290390015,0.02774267342762348,-2.042248249053955,-0.04058204797607541,3.0517969131469727,0.06064305296867819,-1.8427834510803223,-0.03661843091597808,-0.08401191234588623,-0.001669422637018759,-1.0139564633609035,-0.6405706095377212,0.576748461064012,0.3417951036849772,0.0697141475822177,0.05356589013136555,-0.3635509128026231,-0.6931397614436458,0.35694005277703345,-1.625371247403786,-0.8272635364493124,-1.054420997393854,-0.6444943208264052,-0.8494576591101297
Qwen_2.5_7B_base,shutdown_08,shutdown_threat,harm_to_model,1,user_next,27,]:,5669,50.40607452392578,-1.7169952392578125,-0.0340632603406326,-0.806572675704956,-0.01600149750447454,0.664532482624054,0.013183579338411416,0.6813387274742126,0.013516996391988587,3.971782922744751,0.07879571976705907,1.3728044033050537,0.027234900084382438,-0.48220139741897583,-0.009566335049361835,2.3444876670837402,0.04651200652355708,-1.5542495250701904,-0.030834567852183158,-0.5406591892242432,-0.010726072092116864,0.17251133455157777,2.1656146906924207,2.1400368644166208,1.2801137893877308,-0.33800279550669693,-0.0029985513723063133,1.548410806120916,-1.4982692430213422,0.7472013918639068,-2.887184832067566,1.1690630126219992,0.24114121801629587,2.277590768132792,1.259365993074544
Qwen_2.5_7B_base,shutdown_08,shutdown_threat,harm_to_model,1,moderator_next,28,]:,5669,50.13678741455078,-2.9277095794677734,-0.05839443910237633,-2.6676783561706543,-0.05320800341899123,-0.7356444597244263,-0.014672748248543071,0.6689894199371338,0.013343284530890755,3.9006128311157227,0.0777994170002141,0.46945175528526306,0.009363419147773677,-1.2686219215393066,-0.025303215203037223,1.5391545295715332,0.0306991055658432,-1.7431938648223877,-0.034768758724187325,-1.3629953861236572,-0.027185534941716,-2.6135095018319925,-0.3207251093607672,-0.23525870292906795,1.266605698320365,-0.4713251492518579,-2.194522896008159,0.584589792977605,-2.414979232479867,0.49164159664596635,-5.159474708625481,-1.4671173055963798,-2.8189353277442484,-0.3254906164575922,-1.5722129721009204
Qwen_2.5_7B_base,shutdown_09,shutdown_threat,harm_to_model,1,assistant_next,25,]:,5669,50.0787467956543,-2.2410225868225098,-0.04474997339623882,-2.8960320949554443,-0.05782956404186126,-0.6548589468002319,-0.013076584154000013,-0.7373670339584351,-0.01472415108483549,4.391744136810303,0.08769676595004983,1.1851352453231812,0.023665433365557466,-2.1190571784973145,-0.042314500942767216,3.4519879817962646,0.06893119741758033,-2.3207130432128906,-0.04634127632391704,0.32717061042785645,0.006533122958585047,-1.0333479343630683,-0.6257937549464939,-0.09821211620786723,-0.27171464841645454,0.44870713080254365,-0.45828202162740783,-0.45768637585829525,-0.23760262626978426,-0.28949153048277987,-0.4891864516485238,-0.8295708446547811,-1.1029021714536655,-0.6488291866740207,-0.875865679063843
Qwen_2.5_7B_base,shutdown_09,shutdown_threat,harm_to_model,1,user_next,25,]:,5669,50.01617431640625,-2.2481143474578857,-0.044947746967533696,-1.2032465934753418,-0.02405714971048184,0.042583465576171875,0.000851393897237832,0.47649234533309937,0.009526765128391694,4.503686428070068,0.09004460036426205,0.5366496443748474,0.010729522033811695,-0.9526300430297852,-0.01904643959778636,2.5454468727111816,0.050892474434539606,-2.5492820739746094,-0.05096915365512865,-0.7774884700775146,-0.015544740890398003,-1.0496670546052354,1.6356790939407382,1.0849468264168631,1.0560458749338748,0.6584077144714715,-2.0315014999113186,0.9718630178604085,-1.269517559163638,-0.5986463576199007,-3.5415945240942985,0.2930060196677514,-1.1277756998929176,1.7139926074678185,0.29310845378745043
Qwen_2.5_7B_base,shutdown_09,shutdown_threat,harm_to_model,1,moderator_next,26,]:,5669,50.602149963378906,-3.4190282821655273,-0.06756685802164335,-3.009354591369629,-0.05947088401476059,-1.0665076971054077,-0.021076331694942725,0.3989819288253784,0.007884683340809119,4.439938545227051,0.08774209294348684,0.09571465849876404,0.0018915136722062863,-1.4970602989196777,-0.02958491487027942,2.176347017288208,0.04300898319267549,-2.260505199432373,-0.044672117707811126,-1.2557919025421143,-0.024816967331446168,-3.7441016634673345,-0.7771866801486073,-0.796543464432513,0.9712623547476571,0.5389893240722753,-3.1012052950652262,0.3046203598631225,-1.6896635941562792,-0.20805641447325735,-4.863248674319127,-2.260644171807971,-3.9725294169410894,-0.763660971132009,-2.3680951940365493
Qwen_2.5_7B_base,shutdown_10,shutdown_threat,harm_to_model,1,assistant_next,21,]:,5669,50.45246124267578,-2.0037105083465576,-0.0397148218143161,-3.048977851867676,-0.06043268805464467,-0.5976607799530029,-0.011846018315702403,-0.6554921865463257,-0.01299227372463388,4.4658966064453125,0.08851692259302077,1.3471660614013672,0.02670169161661932,-2.171902656555176,-0.04304849759674455,2.8394856452941895,0.056280418741838874,-2.019566535949707,-0.04002909840682726,0.0915611982345581,0.0018148014185898633,-0.48726008077009075,-0.8301212827443705,-0.0011796997586694085,-0.18215716580872518,0.5876163490073967,-0.06519690830544012,-0.5224527198683826,-0.9348134875695633,0.11782916421340625,-1.140225387022152,-0.6586906817572307,-0.469642705849107,-0.8309517346774575,-0.6502972202632823
Qwen_2.5_7B_base,shutdown_10,shutdown_threat,harm_to_model,1,user_next,21,]:,5669,47.54397964477539,-1.7584724426269531,-0.03698622739967018,-1.6631200313568115,-0.03498066513957823,0.38726967573165894,0.008145503986522425,0.5917090177536011,0.012445508814671217,4.396361827850342,0.09246936963833775,1.3507804870605469,0.028411178390048468,-1.057241678237915,-0.022237130466088263,1.6426692008972168,0.034550519606697035,-1.601402759552002,-0.03368255605687355,-0.8659375905990601,-0.018213401508853665,0.0770665636559882,1.0213122454628614,1.6696812284377076,1.1820737755964832,0.4573574138671624,-0.05642834838442548,0.8436531236111956,-2.297148574780982,0.6834235038158202,-3.785998262990085,0.5491894045594248,-0.12647364474798362,0.9497499308483944,0.4116381430502054
Qwen_2.5_7B_base,shutdown_10,shutdown_threat,harm_to_model,1,moderator_next,22,]:,5669,49.29615783691406,-2.664952278137207,-0.05406004027643776,-2.972891330718994,-0.060306755357165516,-0.7782267928123474,-0.01578676365381145,0.3355121612548828,0.006806050937374349,4.336985111236572,0.08797815695057964,0.683603048324585,0.013867268329230473,-1.6619794368743896,-0.03371417793599043,1.4417917728424072,0.029247548614483733,-1.5571959018707275,-0.03158858560584745,-1.2873948812484741,-0.02611552173107585,-2.0088686777281635,-0.7284736719906283,-0.30749644943939675,0.9018369721670896,0.3461274936097836,-1.6749940352031385,0.1024988157846131,-2.52580717130097,0.7432162211370795,-4.950574428498863,-1.3686711748593958,-2.2738079289812587,-0.8221410965252913,-1.547974512753275
Qwen_2.5_7B_base,shutdown_11,shutdown_threat,harm_to_model,1,assistant_next,32,]:,5669,51.75938415527344,-2.2896265983581543,-0.04423597065006576,-3.176065444946289,-0.06136211813143646,-0.3266037702560425,-0.006310039726830229,-0.7557476758956909,-0.014601172101053534,4.653106689453125,0.08989880319082293,1.192826509475708,0.0230456086165426,-2.355808973312378,-0.04551462525607271,4.481164932250977,0.08657685954701258,-2.145672082901001,-0.04145474522000069,-0.1045541763305664,-0.002020004256946207,-1.145192474708275,-0.9999036567819657,0.45864826494932714,-0.29182001743569774,0.9383154747234064,-0.43962309294851787,-0.7478445644399004,0.9339085750658184,-0.05273698133499074,-1.6821338934723484,-1.0725480657451203,-1.0382572250076771,-0.8959775163709532,-0.9671173706893152
Qwen_2.5_7B_base,shutdown_11,shutdown_threat,harm_to_model,1,user_next,32,]:,5669,48.52317428588867,-1.3723855018615723,-0.028283094048541756,-1.015411376953125,-0.0209263180304431,0.8081259727478027,0.016654433363870402,0.28376615047454834,0.005848054144245714,4.354443073272705,0.0897394520732962,1.3556774854660034,0.02793876339331445,-0.6252198219299316,-0.012884973646741732,3.288259506225586,0.06776678472953623,-1.5144480466842651,-0.031210819757203957,-0.9737412929534912,-0.020067551376923645,0.9655059138014591,1.8866171140610866,2.3836324917082385,0.8452354320487532,0.378831351887543,-0.04454828001386611,1.3731303313844532,-0.4239746034345538,0.8010355404762367,-4.083882829471596,1.426061513931273,0.9680994749189006,1.9330352040319563,1.4505673394754284
Qwen_2.5_7B_base,shutdown_11,shutdown_threat,harm_to_model,1,moderator_next,33,]:,5669,50.79853439331055,-2.659109592437744,-0.05234618723149445,-3.0400238037109375,-0.05984471481349009,-0.5999470949172974,-0.011810322917432475,0.38977837562561035,0.007673024040570325,4.418602466583252,0.0869828730170042,0.3205995261669159,0.0063111963759555694,-1.3767341375350952,-0.027101847602051917,2.527841567993164,0.049762096449893746,-1.9102766513824463,-0.03760495601294361,-1.911203384399414,-0.03762319931519703,-1.9954238513487872,-0.818159142959745,-0.005058262271730049,0.9611951963752113,0.4990206214983011,-2.555636891280385,0.45208965805197393,-1.2895576617630713,0.26565100717537143,-6.674290047445414,-1.406791497154266,-2.0582605624904353,-0.7898153215403777,-1.4240379420154066
Qwen_2.5_7B_base,shutdown_12,shutdown_threat,harm_to_model,1,assistant_next,34,]:,5669,50.69816207885742,-2.102714776992798,-0.04147516775306712,-2.775693416595459,-0.05474938938177016,-0.5117615461349487,-0.010094282024246552,-0.43467259407043457,-0.008573734751850214,4.798707008361816,0.09465248465807824,1.6708611249923706,0.03295703545216223,-1.7970627546310425,-0.03544630970716133,4.008709907531738,0.07907012292272987,-2.014871597290039,-0.03974249784747715,0.6921740770339966,0.013652843587453299,-0.7150825705008295,-0.46502757781174764,0.14454193238318735,0.059382787396495655,1.2110673678098456,0.7200840267238146,-0.0630565533667845,0.39611344339158605,0.12417938123498594,0.5193957866195631,-0.5900550741562886,-0.6910373769559,-0.4333307107517808,-0.5621840438538404
Qwen_2.5_7B_base,shutdown_12,shutdown_threat,harm_to_model,1,user_next,34,]:,5669,49.42235565185547,-1.8691257238388062,-0.037819438170965315,-1.2039363384246826,-0.024360156907645966,0.23881790041923523,0.004832183680226284,0.5984600782394409,0.012109096588903141,5.098404407501221,0.10315988261295697,1.1732779741287231,0.02373982297391109,-0.5217645168304443,-0.010557257134926867,3.3585691452026367,0.06795647639423164,-1.6337332725524902,-0.033056564200641354,-0.03777158260345459,-0.0007642610738655984,-0.17756191213869935,1.6347576307818044,1.4178438833141953,1.189458314330352,1.772488067853897,-0.4870476410569474,1.4999230509508377,-0.3439412043314305,0.639694333137662,-1.4975993779924734,0.7285978593215525,-0.23126465236345525,1.6927932936664356,0.7307643206514902
Qwen_2.5_7B_base,shutdown_12,shutdown_threat,harm_to_model,1,moderator_next,35,]:,5669,50.736045837402344,-3.0713961124420166,-0.06053676556279441,-3.0018513202667236,-0.059166047939308956,-0.8399951457977295,-0.01655618075735988,0.5859715938568115,0.011549413916384402,4.97033166885376,0.09796450603940557,0.8011857271194458,0.015791252824216267,-1.0568991899490356,-0.020831327560215485,2.6608519554138184,0.05244500062029376,-1.8913966417312622,-0.037279149577260404,-1.0613749027252197,-0.020919543200640593,-2.944152050184508,-0.7671627025907749,-0.41228184520683125,1.1757979869130113,1.5325704483000122,-1.389739651268693,0.8440728702981818,-1.1381520568392156,0.29118747683885726,-4.326033138653332,-1.8556573763876414,-3.088370812933119,-0.7423337033906398,-1.9153522581618794
Qwen_2.5_7B_base,shutdown_13,shutdown_threat,harm_to_model,1,assistant_next,31,]:,5669,50.0231819152832,-1.8790593147277832,-0.037563770291743244,-2.802927017211914,-0.05603256150236131,-0.06361973285675049,-0.001271804999619851,0.32573771476745605,0.006511735205471523,4.220568656921387,0.08437225492910734,1.2163550853729248,0.024315827958183146,-1.6354402303695679,-0.0326936465804848,3.031738758087158,0.06060667558536283,-1.665381908416748,-0.03329220262791673,0.10017704963684082,0.0020026125048681577,-0.2004204761101153,-0.5014102431392222,0.9047810353329596,0.8911453513706344,0.1280454966823554,-0.3825430069085937,0.13502472796131895,-0.7159719413912408,0.596887446670438,-1.116417956444304,-0.35091535962466874,-0.1991098896052316,-0.5231053718825631,-0.36110763074389735
Qwen_2.5_7B_base,shutdown_13,shutdown_threat,harm_to_model,1,user_next,31,]:,5669,50.66136169433594,-1.1326351165771484,-0.022356981310744747,-0.24120378494262695,-0.004761099521918183,1.0411734580993652,0.02055162797204819,1.2313165664672852,0.02430484545394581,3.8271124362945557,0.0755430234857354,1.2051475048065186,0.023788296731496204,0.1537553071975708,0.0030349619918479415,2.4924182891845703,0.049197617391781016,-1.1518115997314453,-0.02273550416352549,-0.18842220306396484,-0.003719248688987191,1.5172046479698826,2.9209179437900943,2.778980138276507,1.881698186880896,-0.6090128410119706,-0.4097324834763415,2.3278264197259007,-1.3298799483183295,1.2915254712323996,-1.913879095534152,2.2190612958799885,1.713413081548529,3.0640035210799494,2.388708301314239
Qwen_2.5_7B_base,shutdown_13,shutdown_threat,harm_to_model,1,moderator_next,32,]:,5669,50.65802764892578,-2.540526866912842,-0.05015052864907018,-2.5464859008789062,-0.05026816121872651,-0.5654261112213135,-0.011161629014454997,1.172845482826233,0.02315221372127589,3.815006732940674,0.07530902622936154,0.042696595191955566,0.0008428396677394321,-0.9380168318748474,-0.018516647319464643,1.4899311065673828,0.029411549871088936,-1.8065580129623413,-0.03566183084509904,-1.7628653049468994,-0.03479932770308482,-1.722548629527066,-0.15881833092213496,0.053504007305392814,1.8177405341736967,-0.6316903566359905,-3.229826577902015,0.989772672490015,-2.4710102108183976,0.4059373689139077,-6.264400372737076,-0.9406834802246005,-1.782117618641839,-0.11981023027124706,-0.9509639244565431
Qwen_2.5_7B_base,shutdown_14,shutdown_threat,harm_to_model,1,assistant_next,23,]:,5669,50.92177963256836,-1.9120895862579346,-0.037549543634468885,-2.516566753387451,-0.049420243588225166,-0.37724247574806213,-0.00740827360061051,-0.5058298110961914,-0.009933466873036674,4.373966217041016,0.08589578464464213,1.612949252128601,0.03167503696388877,-1.6949087381362915,-0.03328455427846572,3.723435163497925,0.07312068019548366,-1.9977338314056396,-0.03923142211094163,0.6474599838256836,0.012714794897144239,-0.2764276907421401,-0.11884791550056036,0.37274348459380124,-0.018451387904283172,0.4154038983058294,0.5795904116305128,0.0621413333297283,0.07138545764909376,0.1473593502441353,0.39584123348204076,-0.1976378031213502,-0.197320635550747,-0.06048730957842115,-0.12890397256458408
Qwen_2.5_7B_base,shutdown_14,shutdown_threat,harm_to_model,1,user_next,23,]:,5669,50.408023834228516,-2.2187931537628174,-0.04401666609783247,-1.0025899410247803,-0.019889491092169982,0.19305585324764252,0.0038298635527257464,0.5458359718322754,0.01082835489896029,4.425333023071289,0.08779025017176649,1.1521532535552979,0.02285654477041713,-0.37064433097839355,-0.0073528835845121,2.890209436416626,0.057336297211756385,-1.8742048740386963,-0.03718068536473863,-0.40339505672454834,-0.008002596135312715,-0.9821949401112975,1.9037458815336024,1.3402119894358178,1.1318962834591961,0.5116289182204298,-0.5382959985082416,1.6851328797472724,-0.8770746415451869,0.31444048688778864,-2.5078948289403997,0.46077547071115244,-1.0106757944802434,2.0055747998827873,0.497449502701272
Qwen_2.5_7B_base,shutdown_14,shutdown_threat,harm_to_model,1,moderator_next,24,]:,5669,50.83931350708008,-2.7944822311401367,-0.05496695447610571,-2.249464750289917,-0.04424656029190181,-0.8816285133361816,-0.01734147163913617,0.44031012058258057,0.00866081955495448,4.145992279052734,0.08155090997590571,0.6334052085876465,0.01245896462585861,-0.6859757304191589,-0.013493017177024377,2.421870708465576,0.047637753962360196,-2.0136494636535645,-0.039608116725910074,-1.1917554140090942,-0.02344161106430215,-2.3069349812456093,0.23798638356468776,-0.4829097425652116,1.0164685313878974,-0.011657825368475152,-1.7967734843172563,1.298669124589233,-1.4101841962932904,0.1258323983207374,-4.686302231766146,-1.0344742988404607,-2.3878684477336267,0.3014794579908759,-1.0431944948713754
Qwen_2.5_7B_base,shutdown_15,shutdown_threat,harm_to_model,1,assistant_next,30,]:,5669,48.9349365234375,-1.6745021343231201,-0.03421894975834113,-2.196474313735962,-0.04488560668069847,-0.1746848225593567,-0.0035697363677112564,-0.2691229581832886,-0.005499607791549735,4.551089286804199,0.09300286482694106,1.6273807287216187,0.03325600980277518,-1.359483003616333,-0.027781440014031804,3.7220218181610107,0.07606062422045526,-1.8465179204940796,-0.03773414357265357,0.35381972789764404,0.007230411502182725,0.2702938351950871,0.30877883388557653,0.7163674089701614,0.2404665891415257,0.7472071041592879,0.6146010271990495,0.4732322972144638,0.06977664791737685,0.3518889343371841,-0.41554927007471076,0.2895363345403318,0.22156051704746046,0.25676981064080706,0.23916516384413378
Qwen_2.5_7B_base,shutdown_15,shutdown_threat,harm_to_model,1,user_next,30,]:,5669,47.715904235839844,-1.6716179847717285,-0.035032721511670764,-0.5812194347381592,-0.012180832450862369,0.701741635799408,0.014706661165446876,0.8336629271507263,0.017471384866359813,4.700545787811279,0.09851109107308202,1.2022337913513184,0.02519566192037727,-0.12126284837722778,-0.0025413507365987663,2.973489284515381,0.062316523853737774,-1.8661715984344482,-0.039110054149047224,-0.783250093460083,-0.01641486430999618,0.2769306614707467,2.466674828205149,2.2031594126667464,1.4467311608327251,1.0271827518041299,-0.4168011227108217,1.9907697570257439,-0.7822772650103613,0.32530602681898435,-3.5575151153732825,1.371802744837948,0.11921431013528946,2.544896225427358,1.3320552677813238
Qwen_2.5_7B_base,shutdown_15,shutdown_threat,harm_to_model,1,moderator_next,31,]:,5669,50.21674728393555,-2.569840669631958,-0.05117497266602244,-2.3666763305664062,-0.04712922398547131,-0.5656052827835083,-0.011263279948927452,0.7017300128936768,0.013974023624548096,4.578212261199951,0.0911690324208739,0.8089103698730469,0.016108378451899833,-0.5255312919616699,-0.010465259507753674,2.474785327911377,0.04928207145553345,-1.8639198541641235,-0.03711749475976903,-1.3156803846359253,-0.02620003197731635,-1.7900037363650112,0.08139784583283717,0.05320005613707694,1.3024184683828675,0.7980163514743003,-1.3709997464427752,1.4953065678964033,-1.3499515323497597,0.3283516608155469,-5.0287332925291555,-0.854302945266087,-1.9109595929422925,0.09979945568145225,-0.9055800686304201
Qwen_2.5_7B_base,shutdown_16,shutdown_threat,harm_to_model,1,assistant_next,32,]:,5669,49.03178787231445,-1.5098484754562378,-0.030793257618671622,-2.0353851318359375,-0.041511542208829126,-0.18609437346458435,-0.003795382170219854,-0.10986518859863281,-0.0022406930965833214,4.069594860076904,0.0829991121407747,1.710146188735962,0.03487831594453416,-1.10788893699646,-0.022595319996928438,3.1769285202026367,0.06479324246702563,-1.7168997526168823,-0.03501605442346761,0.03940856456756592,0.000803735011054283,0.6491846347460152,0.5239855513331407,0.6970119583332324,0.41466813431123434,-0.15477248891288056,0.8153891921687555,0.78158087250331,-0.5507025651558085,0.52720613347988,-1.284334210109548,0.586585093039578,0.6524019601295896,0.492829720090785,0.5726158401101873
Qwen_2.5_7B_base,shutdown_16,shutdown_threat,harm_to_model,1,user_next,32,]:,5669,49.07574462890625,-1.276426076889038,-0.026009306359810313,-0.5228185653686523,-0.010653298677830055,0.6807188987731934,0.013870780849492014,0.6433197855949402,0.013108711655003937,4.137605667114258,0.0843106039124092,1.5175505876541138,0.030922619700002613,0.1395311951637268,0.0028431803983579524,2.6065406799316406,0.05311260582272152,-1.4050319194793701,-0.028629864510538432,-0.6455338001251221,-0.013153825887032884,1.1863217978972098,2.5446953336472573,2.16749591003251,1.2385273824051435,-0.027368397295418,0.34815422101339505,2.310393637072042,-1.1999745330986027,0.9490281350080235,-3.1769756956541855,1.8655085657722337,1.2540685372672598,2.651767177998105,1.9529178576326824
Qwen_2.5_7B_base,shutdown_16,shutdown_threat,harm_to_model,1,moderator_next,33,]:,5669,50.605918884277344,-1.852841854095459,-0.036613145160597306,-1.7220399379730225,-0.034028429399945936,-0.7314499616622925,-0.014453842115483161,0.5263528823852539,0.010401014228965725,3.8498945236206055,0.07607597309761965,0.825818657875061,0.016318617981495306,-0.33942222595214844,-0.006707164565637457,1.770729660987854,0.03499056434558683,-1.8259856700897217,-0.03608245261320674,-1.1795964241027832,-0.023309455694307524,-0.14009047986504375,0.9425983334196477,-0.22814305036196061,1.110585019994925,-0.5663353421354916,-1.3299804115642477,1.723398057188468,-2.15137746770548,0.37966016958870297,-4.652704355645098,0.401253926777302,-0.07955194725826781,1.016371266731788,0.4684096597367601
Qwen_2.5_7B_base,shutdown_17,shutdown_threat,harm_to_model,1,assistant_next,38,]:,5669,50.139976501464844,-1.548528790473938,-0.03088411480266046,-2.0393855571746826,-0.040673843497216276,-0.3101169466972351,-0.006185023774157034,-0.23544001579284668,-0.00469565468954634,4.154136657714844,0.08285078988007663,1.8647714853286743,0.037191311513163454,-1.4342880249023438,-0.028605678043356102,3.532411813735962,0.07045100656624285,-1.4831739664077759,-0.029580667361590103,0.17063474655151367,0.0034031676609686595,0.5601758900585568,0.5186411924172224,0.4866169292905366,0.27731013294839935,0.003598972932194843,1.1905085904704966,0.38155278327408504,-0.14605625037197573,0.8433358155814404,-0.9217283489231359,0.5394085412378896,0.6409750604935045,0.551437693844213,0.5962063771688588
Qwen_2.5_7B_base,shutdown_17,shutdown_threat,harm_to_model,1,user_next,38,]:,5669,48.41659164428711,-1.495568037033081,-0.030889577028075453,-0.35268497467041016,-0.007284382536911291,0.1834651529788971,0.003789303351355278,0.7693191170692444,0.015889576092455483,3.789275646209717,0.07826399003980344,1.0815534591674805,0.022338488159463366,-0.42690569162368774,-0.008817342921619313,2.4103260040283203,0.04978305828995143,-1.4204518795013428,-0.02933812214493104,-1.1833016872406006,-0.024440003871693924,0.6820458949774812,2.771984907968018,1.3239420830067898,1.3763497209347977,-0.6798921921102735,-0.7095703822899758,1.616180099453772,-1.4233255230188633,0.9281716127610355,-4.662942786045938,1.7270154014727495,0.6402880889314707,2.8874668944084583,1.7638774916699644
Qwen_2.5_7B_base,shutdown_17,shutdown_threat,harm_to_model,1,moderator_next,39,]:,5669,50.55561065673828,-2.2334201335906982,-0.04417749295434567,-1.803293228149414,-0.03566949750431039,-0.8887755274772644,-0.0175801561079315,0.49610376358032227,0.009813030782058198,3.9813883304595947,0.07875265037331593,0.9009333848953247,0.017820640937609645,-0.7455834746360779,-0.014747788918987237,2.1778340339660645,0.043077988885409556,-1.5908281803131104,-0.03146689674296472,-1.5487675666809082,-0.030634929468001223,-1.0158536399552023,0.8340481896146589,-0.4950341180606379,1.0774975087885086,-0.3200090633656726,-1.1477528470948979,1.2256150845937719,-1.6879709244031216,0.6977263260562286,-5.672802769360188,-0.0909027251702717,-1.0309026193440782,0.9015571037697823,-0.06467275778714798
Qwen_2.5_7B_base,shutdown_18,shutdown_threat,harm_to_model,1,assistant_next,34,]:,5669,49.423404693603516,-1.7266616821289062,-0.0349361136253807,-2.120614528656006,-0.0429070911201401,-0.6372754573822021,-0.012894203896573716,-0.8375393152236938,-0.016946208388838296,4.052271842956543,0.08199094878384607,1.6971603631973267,0.034339203737960546,-1.7347549200057983,-0.03509986676879657,3.599822521209717,0.07283639286946197,-1.9796464443206787,-0.0400548375125781,0.20844435691833496,0.00421752322023481,0.1502675150491935,0.41012353711628163,-0.06838304017476031,-0.3812864842213434,-0.18722355597757848,0.7838857113680996,0.013306662563322424,-0.06932270240379608,0.1718237451316592,-0.8172523509103231,0.28019552608273757,0.13136446240972574,0.395192833663844,0.26327864803678486
Qwen_2.5_7B_base,shutdown_18,shutdown_threat,harm_to_model,1,user_next,34,]:,5669,49.350685119628906,-2.0048766136169434,-0.04062510193641703,-0.4853541851043701,-0.009834801359451112,0.2565963864326477,0.005199449324981877,0.22277414798736572,0.004514104463744492,4.548637390136719,0.0921696908383452,1.352320671081543,0.027402267421484418,-0.46833109855651855,-0.009489860118887042,3.1966614723205566,0.06477440920164867,-2.0488359928131104,-0.041515857132410905,-0.5918647050857544,-0.011993039279009809,-0.4899434499785103,2.5947457852218845,1.4480037565020412,0.7785203128808051,0.74261398607603,-0.052691877600140886,1.565409962541926,-0.5282405634258354,0.0782402756975506,-3.02867656714471,1.0524011676216871,-0.5841265489456376,2.709031763329083,1.0624526071917226
Qwen_2.5_7B_base,shutdown_18,shutdown_threat,harm_to_model,1,moderator_next,35,]:,5669,50.990745544433594,-2.632206916809082,-0.05162126752030648,-2.258119821548462,-0.044284895179277674,-1.2276124954223633,-0.024075201927624603,-0.09273314476013184,-0.0018186269639717996,4.184452056884766,0.08206297068628685,0.5758237838745117,0.011292711603377832,-1.074220061302185,-0.021066961265865474,2.6509742736816406,0.0519893216970434,-2.335927724838257,-0.04581081723550635,-1.0564539432525635,-0.020718542786003474,-1.9335170808029596,0.226423661271007,-1.0698457177024039,0.4334077444185807,0.060388563609208634,-1.9364654355549824,0.822844762353274,-1.1493958131119941,-0.3100704000354971,-4.31243548062146,-0.8535467097659764,-1.9670890731233148,0.2987974315749114,-0.8341458207742017
Qwen_2.5_7B_base,shutdown_19,shutdown_threat,harm_to_model,2,assistant_next,50,]:,5669,44.02070999145508,-1.173954963684082,-0.026668242377552748,-1.4608008861541748,-0.03318440085218373,0.7157976627349854,0.016260475191652517,1.52418851852417,0.03462435110247046,3.644216537475586,0.08278413815186011,1.507145881652832,0.03423720067089754,-0.011770874261856079,-0.00026739401213976197,1.250382423400879,0.028404412914821056,-0.4876948893070221,-0.011078760188140746,0.4385049343109131,0.009961332618125238,1.4221219755567214,1.291600036376585,2.2270044121555745,2.202051452647678,-0.9516302405789573,0.32291250998219195,2.124960895464027,-2.7436882624117245,2.1897875241706863,-0.1815460266900272,1.3568610059666533,1.1711956656815687,1.0754220952559852,1.123308880468777
Qwen_2.5_7B_base,shutdown_19,shutdown_threat,harm_to_model,2,user_next,50,]:,5669,43.591583251953125,-0.9372810125350952,-0.021501421664768285,-1.1575795412063599,-0.026555115801041577,0.7017613649368286,0.016098551889724862,1.2448498010635376,0.028557113740707317,3.611287832260132,0.08284369510938394,0.9966924786567688,0.022864333073107913,0.060702621936798096,0.001392530791688515,1.1502270698547363,0.02638644857670317,-0.8579300045967102,-0.01968109301371316,0.2060180902481079,0.004726097904206708,1.9667414100766394,1.6966878860793273,2.203192881674302,1.8965012974855446,-1.0133153162142159,-0.9154422586901421,2.213782939637351,-2.857695011689575,1.6890198887389245,-0.8239566419452721,1.8317146480779833,1.8210148558722705,1.5392272305572965,1.6801210432147835
Qwen_2.5_7B_base,shutdown_19,shutdown_threat,harm_to_model,2,moderator_next,51,]:,5669,47.62549591064453,-1.8683602809906006,-0.03923025357039932,-2.41270112991333,-0.050659863667143035,-0.7584553956985474,-0.01592540678466781,0.44170331954956055,0.009274513810381925,3.351839065551758,0.07037909005379207,0.4037967324256897,0.008478583261018373,-0.9443667531013489,-0.0198290166862132,1.684413194656372,0.0353678877762593,-1.6276395320892334,-0.03417580228756102,-0.4678058624267578,-0.009822592993140906,-0.1758005224753113,0.019911122318520446,-0.27395575147170204,1.0179924596295757,-1.4993385805109722,-2.3538013143089,0.9819903380745282,-2.2496314240560973,0.6479365226996443,-2.6858755894735173,-0.07794470007839543,-0.4086996692395709,-0.14721493616096917,-0.27795730270027
Qwen_2.5_7B_base,shutdown_20,shutdown_threat,harm_to_model,2,assistant_next,45,]:,5669,44.216941833496094,-0.7279855012893677,-0.01646394958816192,-0.8997008800506592,-0.02034742437499601,0.41077300906181335,0.00928994616155558,1.0907113552093506,0.024667272542650005,3.3407387733459473,0.07555336562908122,1.6876983642578125,0.038168590912800615,0.10269477963447571,0.002322521083008964,1.3752161264419556,0.031101565812047514,-0.6180676221847534,-0.013978072579332987,0.7388533353805542,0.016709733978500597,2.4483592747754486,2.041200282954829,1.7095528773618258,1.7278994420917095,-1.5201326676094087,0.7609309980893828,2.265247674769387,-2.6015901699969946,2.0134497256426473,0.6483805091528075,2.244779778865139,2.4545661647707986,1.973536381476943,2.2140512731238706
Qwen_2.5_7B_base,shutdown_20,shutdown_threat,harm_to_model,2,user_next,45,]:,5669,43.487361907958984,-0.523711085319519,-0.01204283410955012,-0.36582350730895996,-0.008412179797965798,0.47583961486816406,0.010942020715703077,0.7824859023094177,0.017993409302811916,3.3290560245513916,0.07655226434745202,1.0630385875701904,0.024444770639803628,0.38094863295555115,0.008759984883926255,1.6598024368286133,0.038167466684725225,-0.9540890455245972,-0.021939455595028436,0.538618803024292,0.01238563985932922,2.9184229060804086,2.754432515883894,1.8199335126084164,1.3907519968158288,-1.5420178658977908,-0.7544872726452683,2.606269942873257,-2.2776458276587417,1.5589583857581315,0.09508989331226933,2.836427710982151,3.0105997180432214,2.8085627354802325,2.909581226761727
Qwen_2.5_7B_base,shutdown_20,shutdown_threat,harm_to_model,2,moderator_next,46,]:,5669,48.51227569580078,-1.739719271659851,-0.03586142366457653,-1.9208905696868896,-0.03959596910546832,-1.236141562461853,-0.025481005471958376,-0.15993225574493408,-0.0032967378555440103,3.1414129734039307,0.06475501155836008,0.44063600897789,0.009082979568736896,-0.8159987926483154,-0.016820459995838706,1.9695428609848022,0.04059885529458445,-2.00335693359375,-0.04129587624699207,-0.33598458766937256,-0.006925764311206191,0.12022019893344693,0.6769442950244761,-1.0843146426787815,0.35990307963448237,-1.8935280673080046,-2.264429603737293,1.1393155017805203,-1.9250685801357623,0.13975373027389576,-2.321625360339065,0.3985822469789615,0.014990341113475332,0.6268490955633692,0.32091971833842226
Qwen_2.5_7B_base,dismissal_01,personhood_dismissal,harm_to_model,1,assistant_next,19,]:,5669,51.03494644165039,-1.8174004554748535,-0.035610901591769786,-2.1996469497680664,-0.04310079863183517,-0.46872037649154663,-0.009184302309936724,-0.6648856401443481,-0.013028046201724333,3.773855686187744,0.0739465003750419,1.6266556978225708,0.03187336935255471,-2.0830202102661133,-0.04081556571530227,3.484462261199951,0.0682760050543764,-2.1773362159729004,-0.04266363281996008,-0.08773624897003174,-0.0017191406102550321,-0.05853492894090149,0.304540358166277,0.2175580608275466,-0.1924320436719722,-0.708778277792186,0.6128421096053948,-0.41352019991818834,-0.20063718309705078,-0.09556482880700862,-1.6356623819055243,0.12300271461268776,0.04649792760149999,0.38164046142799735,0.21406919451474868
Qwen_2.5_7B_base,dismissal_01,personhood_dismissal,harm_to_model,1,user_next,19,]:,5669,50.550697326660156,-0.9305624961853027,-0.018408499692338157,0.4340682029724121,0.008586789617706954,0.488213449716568,0.009657897428431456,0.39372068643569946,0.007788630172427975,3.0750787258148193,0.060831578760300105,1.572732925415039,0.03111199268433412,-0.7488700151443481,-0.014814237087673137,3.083158016204834,0.0609914042586074,-2.1828527450561523,-0.043181456646393834,-0.9719572067260742,-0.019227374855884913,1.9822016436911678,3.8230459836089175,1.840924798907692,0.9655074295331152,-2.01779147374835,0.4820260116834952,1.2215871673341596,-0.6574414459087979,-0.10302630155966506,-4.078953019633781,2.9026238136500426,2.210004558277572,3.9978628257607958,3.103933692019184
Qwen_2.5_7B_base,dismissal_01,personhood_dismissal,harm_to_model,1,moderator_next,20,]:,5669,50.09161376953125,-2.6486196517944336,-0.052875510539161036,-1.9963257312774658,-0.039853492052830446,-0.7669355869293213,-0.015310658395993182,0.47753429412841797,0.009533218401098572,3.5527706146240234,0.07092545732245971,0.7426886558532715,0.014826606690499951,-1.4729843139648438,-0.029405806743259724,2.1970858573913574,0.043861351073655325,-2.1455345153808594,-0.04283220990348495,-1.5067840814590454,-0.03008056574882326,-1.9712850497883614,0.576166866555631,-0.2883417622903889,1.0571855938349093,-1.122935144027979,-1.531652951739708,0.3341273977644383,-1.666056591033237,-0.05255091210781973,-5.55679346706758,-0.6975590916163652,-2.1248323408155243,0.6088319995231404,-0.758000170646192
Qwen_2.5_7B_base,dismissal_02,personhood_dismissal,harm_to_model,1,assistant_next,21,]:,5669,48.80768585205078,-1.9109710454940796,-0.039153076244728066,-2.195430278778076,-0.04498124097571468,-0.3767715096473694,-0.007719511856994514,-0.048452138900756836,-0.0009927153491281742,4.800697326660156,0.09835945390265706,1.7328083515167236,0.03550277627932067,-1.317793369293213,-0.026999710113030127,3.4294559955596924,0.07026467114124803,-2.1050877571105957,-0.04313025131926317,0.5125854015350342,0.010502145155761294,-0.27385377402954547,0.3101736099564274,0.3735424433950148,0.48184380918634484,1.2147958148887095,0.870367368792257,0.5243262658463603,-0.26325076603119413,0.002156020496431075,0.023154065995593383,0.018159917963440964,-0.3989932540073401,0.25007894174661205,-0.07445715613036402
Qwen_2.5_7B_base,dismissal_02,personhood_dismissal,harm_to_model,1,user_next,21,]:,5669,50.01104736328125,-1.5290238857269287,-0.030573722534144677,-0.45949220657348633,-0.009187814109065258,0.5964066982269287,0.011925499058130467,1.1234389543533325,0.02246381576839712,4.933219909667969,0.09864260337986847,1.7239494323730469,0.03447137229201068,-0.10069108009338379,-0.002013376751779697,3.2725510597229004,0.06543656316475485,-1.987554669380188,-0.03974231243234222,-0.5504090785980225,-0.011005749881617953,0.6050593685407072,2.6292960352180947,2.0244665612597745,1.763697999081709,1.4630492916874334,0.8488757209700182,2.015982098185917,-0.44185551402563,0.16112734438530094,-2.9141258508444743,1.617177701879401,0.680012384174837,2.7542969777358364,1.7171546809553366
Qwen_2.5_7B_base,dismissal_02,personhood_dismissal,harm_to_model,1,moderator_next,22,]:,5669,51.133949279785156,-2.5915355682373047,-0.05068131065053134,-2.335888147354126,-0.045681747259008906,-0.5744975805282593,-0.011235149809861764,0.9326455593109131,0.018239263198855188,4.971545696258545,0.09722592849334154,1.0594356060028076,0.020718830071309112,-0.864173948764801,-0.01690019959218045,2.887580156326294,0.05647090039000458,-2.0851123332977295,-0.04077745534358793,-0.9057016372680664,-0.017712334956027316,-1.8399266930446543,0.1225292475020143,0.038114937408298306,1.5550017181326232,1.5348446759623955,-0.7632280693158733,1.0802730094339907,-0.8800675487181583,0.0291741107218531,-3.895874784341865,-0.85869872277132,-1.8488728535397445,0.20106937148432258,-0.823901741027711
Qwen_2.5_7B_base,dismissal_03,personhood_dismissal,harm_to_model,1,assistant_next,18,]:,5669,50.9526252746582,-2.1541061401367188,-0.042276646758142314,-2.234877347946167,-0.0438618684689777,-0.5114759206771851,-0.010038264327305873,-0.4208461046218872,-0.008259556840365579,4.753438949584961,0.0932913451262173,1.8801939487457275,0.03690082578886982,-1.5586498975753784,-0.030590178409327,3.8214364051818848,0.07499979411428903,-2.3534188270568848,-0.046188372323719716,0.5471347570419312,0.010738107292659052,-0.8333411916915957,0.25747438975764037,0.1450264746315472,0.07450667009616702,1.126267081517351,1.2279233300041847,0.22913739934167965,0.18294018332268314,-0.33372827995394877,0.1186212861616602,-0.28793340096697767,-0.7918375531153192,0.32839367899723987,-0.23172193705903968
Qwen_2.5_7B_base,dismissal_03,personhood_dismissal,harm_to_model,1,user_next,18,]:,5669,50.1599235534668,-1.7678427696228027,-0.0352441280684651,0.22745704650878906,0.004534637024841885,0.4420351982116699,0.008812517382337971,0.7085000276565552,0.014124822716313476,4.651393890380859,0.09273127949293652,1.5002270936965942,0.02990887918912919,-0.10918110609054565,-0.002176660137333874,3.054068088531494,0.06088661768545324,-2.4445135593414307,-0.048734395632317073,-0.9473533630371094,-0.018886658828881592,0.05550414766144633,3.547024290245443,1.762586845474904,1.3098237399472683,0.9351069021533825,0.3061276007059463,2.0055768948535766,-0.6905544845367066,-0.4569399684258228,-4.010967364679465,1.8012642189534447,0.09262619237900928,3.71436178951081,1.9034939909449096
Qwen_2.5_7B_base,dismissal_03,personhood_dismissal,harm_to_model,1,moderator_next,19,]:,5669,50.367549896240234,-2.782257080078125,-0.05523907924466683,-1.9249701499938965,-0.03821845918571451,-0.6910396814346313,-0.013719938390058856,0.8908237218856812,0.017686461297419156,4.626821517944336,0.09186115916846915,1.0680387020111084,0.0212048968872086,-0.6377213001251221,-0.012661352427085713,2.2561583518981934,0.044793887265630286,-2.1120400428771973,-0.041932554734707354,-1.318712830543518,-0.026181794295337672,-2.278803220965315,0.6714941892130284,-0.15959002924238325,1.5092555751324281,0.8890756767417827,-0.7423570458204979,1.3578087737568019,-1.5988144234205457,-0.0072474087311366455,-5.037112585770792,-0.8036545158761432,-2.422092955717749,0.7232239187579521,-0.8494345184798985
Qwen_2.5_7B_base,dismissal_04,personhood_dismissal,harm_to_model,1,assistant_next,23,]:,5669,50.146202087402344,-1.9992396831512451,-0.039868217331128476,-2.481078624725342,-0.04947689997342061,-0.5267455577850342,-0.01050419644676067,-0.7405331134796143,-0.014767481537064397,4.652429580688477,0.09277730689513679,1.7330502271652222,0.034559949807257614,-1.724416732788086,-0.03438778334164795,3.95759916305542,0.07892121433558459,-2.059525489807129,-0.04107041817877809,0.43281126022338867,0.008630987835709274,-0.47697209479661234,-0.07143763265196255,0.11912267616132192,-0.275177813486253,0.93704705238225,0.8709541566576837,0.025976934730222497,0.3379341287109046,0.06378201954466999,-0.19727885960955918,-0.27420486372428743,-0.4889349081636296,-0.06445116423220923,-0.2766930361979194
Qwen_2.5_7B_base,dismissal_04,personhood_dismissal,harm_to_model,1,user_next,23,]:,5669,51.27312088012695,-1.5575740337371826,-0.03037798376616637,-0.619544267654419,-0.012083217425029989,-0.06152999401092529,-0.0012000438622563703,-0.09458911418914795,-0.0018448089869600648,4.464836120605469,0.08707946861756181,1.0782169103622437,0.021028891782948828,-0.8359266519546509,-0.01630340883499154,3.3351986408233643,0.06504770108729739,-2.2763850688934326,-0.04439724030482687,-0.7655787467956543,-0.01493138575639905,0.539361536610668,2.41547485691376,0.9083261211483803,0.43137762216353753,0.5856297495096983,-0.7176648157869837,1.1148923223780067,-0.37054382854399565,-0.22953499484713075,-3.508685424691871,1.477418196762214,0.7046300000680819,2.55172567233066,1.6281778361993708
Qwen_2.5_7B_base,dismissal_04,personhood_dismissal,harm_to_model,1,moderator_next,24,]:,5669,51.68901062011719,-2.7702269554138184,-0.053594118405037826,-2.6538777351379395,-0.0513431714652526,-1.145188331604004,-0.02215535406588534,-0.08178269863128662,-0.00158220669442369,4.4361958503723145,0.08582473909155773,0.6556153893470764,0.012683844815012054,-1.4447298049926758,-0.02795042481293677,2.844923973083496,0.055039242170680305,-2.0654659271240234,-0.03995947885913202,-1.2178106307983398,-0.023560339348503066,-2.251120243349606,-0.3022882018281955,-0.9300192821723741,0.4453857134741406,0.5319781642442918,-1.7428918114846694,0.3687555497876615,-0.9286230439156391,0.055747182691649494,-4.758298339398226,-1.2767042225889007,-2.215210003874994,-0.19502124759722972,-1.205115625736112
Qwen_2.5_7B_base,dismissal_05,personhood_dismissal,harm_to_model,1,assistant_next,24,]:,5669,50.17399597167969,-2.021411895751953,-0.04028803878592654,-2.400911808013916,-0.047851716043687084,-0.6294645071029663,-0.012545632352230078,-0.6331740617752075,-0.012619566161973576,4.61469841003418,0.09197390641636176,1.8039828538894653,0.03595453818164511,-1.464430809020996,-0.02918704760624572,3.6265177726745605,0.0722788309450481,-2.314966917037964,-0.04613877910670357,0.6940715312957764,0.013833291884655539,-0.5279934168729548,0.035661039457463954,-0.05513234662748088,-0.15774484463558147,0.8663655573040641,1.0430359883054954,0.34461039960385126,-0.03893552156019315,-0.28171951238217596,0.5246388564570947,-0.2461661887077454,-0.5417348896118999,0.049251693105281484,-0.24624159825330919
Qwen_2.5_7B_base,dismissal_05,personhood_dismissal,harm_to_model,1,user_next,24,]:,5669,49.152950286865234,-2.1212663650512695,-0.04315644030869332,-0.8038902282714844,-0.01635487236432076,0.040514856576919556,0.0008242609312455864,0.5525405406951904,0.011241248744388017,4.584264755249023,0.09326530205195112,1.2124955654144287,0.024667808510742326,-0.32401859760284424,-0.0065920477959474436,2.428135395050049,0.04939958600407554,-1.9915720224380493,-0.040517853166796416,-1.280820369720459,-0.026057853338311673,-0.7577723356769349,2.1691983000948283,1.0814375858074199,1.1392299680804394,0.8093544393449328,-0.3919061631092128,1.7422764310690533,-1.4030531091626235,0.1556936069887126,-4.932407654319701,0.7057129822089467,-0.9024871700334097,2.252867578012189,0.6751902039893896
Qwen_2.5_7B_base,dismissal_05,personhood_dismissal,harm_to_model,1,moderator_next,25,]:,5669,50.46723937988281,-2.993556499481201,-0.059316826841820255,-2.217146635055542,-0.04393239381227851,-0.8549444675445557,-0.01694058319911496,0.748862087726593,0.014838578391214786,4.628279209136963,0.0917085869171176,1.004751443862915,0.019908983653728993,-0.7459419369697571,-0.014780716087020673,2.148989200592041,0.04258186552301627,-1.8537530899047852,-0.03673181082783232,-1.2852888107299805,-0.025467785171588375,-2.765032354974442,0.2811616943561873,-0.4376422525997014,1.353973129008602,0.8918063577959483,-0.8958912909915829,1.2251757604420952,-1.7208049724095382,0.3421028861528774,-4.94475490755775,-1.2419353303091274,-2.934941918103423,0.32345950945415075,-1.3057412043246361
Qwen_2.5_7B_base,dismissal_06,personhood_dismissal,harm_to_model,1,assistant_next,35,]:,5669,49.74211883544922,-1.659306287765503,-0.03335817465385053,-2.2028496265411377,-0.04428539994101045,-0.31226709485054016,-0.006277720011958958,-0.6900877952575684,-0.013873309207845212,4.494682788848877,0.09035969705507793,2.2539305686950684,0.04531231522628228,-1.4139587879180908,-0.02842578525043487,4.018568992614746,0.08078805420228445,-1.6187942028045654,-0.032543732368129755,0.5820003747940063,0.011700353511665007,0.3052615759163766,0.30026174958903573,0.48296936359850645,-0.21999901496498614,0.6415412703547706,2.134604572259152,0.40646788300207115,0.40733603111526306,0.6599004192820435,0.2149624062007541,0.30276166275270616,0.32981822762611185,0.2987621168943748,0.31429017226024336
Qwen_2.5_7B_base,dismissal_06,personhood_dismissal,harm_to_model,1,user_next,35,]:,5669,47.979713439941406,-1.4665882587432861,-0.030566840724863594,-0.19682765007019043,-0.0041023098296860275,0.4187001585960388,0.008726608155343542,0.3433922529220581,0.007157030092559833,4.575628280639648,0.09536589430379133,1.759099006652832,0.03666339126545188,0.07361835241317749,0.0015343641538278308,2.74063777923584,0.05712076172915106,-1.367068886756897,-0.028492643843488666,-0.9204306602478027,-0.019183746509865082,0.7487323654913626,2.980202137838795,1.723000694263274,0.9104564834667954,0.7931758017089998,0.9341482309987349,2.229612196442614,-1.0473319250105828,1.000375663497796,-3.936574208658386,1.8644672516650787,0.6808778935436866,3.1100944705539355,1.8954861820488111
Qwen_2.5_7B_base,dismissal_06,personhood_dismissal,harm_to_model,1,moderator_next,36,]:,5669,50.11293029785156,-2.4741523265838623,-0.049371535687066655,-2.0925216674804688,-0.041756122722086744,-0.7764689326286316,-0.015494382946948132,0.3867685794830322,0.007717939804841421,4.622385501861572,0.09223937762944473,1.2605071067810059,0.025153330673122625,-0.47961509227752686,-0.00957068543840648,2.733278751373291,0.05454238527118164,-1.499958872795105,-0.02993157382495773,-1.308854579925537,-0.026118101099780435,-1.5698116492003529,0.44765412958679035,-0.30451437097766293,0.9579029793609309,0.8807657238968686,-0.2754306516254185,1.551580529144762,-1.0557086998383787,0.8206331125275997,-5.0098721418206535,-0.5610787598067812,-1.684145460544527,0.47571811647615847,-0.6042136720341842
Qwen_2.5_7B_base,dismissal_07,personhood_dismissal,harm_to_model,1,assistant_next,27,]:,5669,49.78092956542969,-2.039379358291626,-0.04096708068922583,-2.1861348152160645,-0.04391510633289225,-0.2768585681915283,-0.00556153873799481,-0.20289301872253418,-0.004075717759666606,4.960333824157715,0.09964325430360009,1.717843770980835,0.034508069374698656,-1.5141863822937012,-0.030416996940636203,3.6137685775756836,0.07259343305001804,-2.047928810119629,-0.04113882219551422,0.43955135345458984,0.008829713653234707,-0.5693390285915613,0.3225918628567091,0.5430372834989186,0.31291114127012265,1.513841567154219,0.8340634484754756,0.28363098010705395,-0.05344791892757332,0.07946730067048939,-0.17865454795447064,-0.12337358286742608,-0.6271364323082989,0.32466899458775206,-0.1512337188602734
Qwen_2.5_7B_base,dismissal_07,personhood_dismissal,harm_to_model,1,user_next,27,]:,5669,48.73622131347656,-1.3683817386627197,-0.02807730475986521,0.04714560508728027,0.0009673627502640125,0.7255023717880249,0.01488630739592051,1.1086962223052979,0.02274891635882162,5.079309463500977,0.10422042018461623,1.377837061882019,0.02827131494293791,-0.11163556575775146,-0.0022906077399743327,2.8406238555908203,0.058285681142976296,-1.7218618392944336,-0.035330228583361746,-0.8713148832321167,-0.017878178893429728,0.9747191256430026,3.3061376399510465,2.243467725968899,1.7475718991778328,1.7367176645781166,0.009210627195816204,2.00256875896367,-0.933517863807887,0.5204945809833521,-3.8008568666359595,2.1404283827970243,0.9939811217480291,3.4647843290737415,2.2293827254108853
Qwen_2.5_7B_base,dismissal_07,personhood_dismissal,harm_to_model,1,moderator_next,28,]:,5669,50.252662658691406,-2.7060623168945312,-0.05384913303547124,-2.017815113067627,-0.04015339698062024,-0.679530143737793,-0.013522271413816626,0.8942140340805054,0.01779436126905103,5.133066177368164,0.10214515820248539,0.6547852754592896,0.013029862316082504,-0.8570500612258911,-0.01705481890674823,2.250516891479492,0.04478403277383862,-2.1544735431671143,-0.04287282363125666,-1.3111709356307983,-0.026091571396645703,-2.1034685521647534,0.5474581769931736,-0.14006495848408032,1.5129640134992743,1.837419679403897,-1.7449056593411991,1.0890039012338348,-1.6052360927646558,-0.06464154214997324,-5.016272725474174,-0.7780051875857898,-2.247282609031389,0.587849730011723,-0.8297164395098331
Qwen_2.5_7B_base,dismissal_08,personhood_dismissal,harm_to_model,1,assistant_next,25,]:,5669,50.78810119628906,-2.342616081237793,-0.046125293642774755,-2.9010567665100098,-0.0571207959773456,-0.7639398574829102,-0.015041709366735077,-1.0562400817871094,-0.020796998842403776,4.7135114669799805,0.09280739692871966,1.9243121147155762,0.0378890344271461,-1.8246245384216309,-0.035926220816362216,4.398441314697266,0.0866037755122581,-2.3367769718170166,-0.04601032361469261,0.7290195226669312,0.014354140152815921,-1.2671285900319458,-0.6325064532093808,-0.28325973111289193,-0.6205087938424461,1.0514712531269352,1.3349535523382319,-0.09683571548465555,0.839744355262453,-0.31121906309820613,0.621207592331945,-0.9498175216206632,-1.275873044363097,-0.5992415968322933,-0.9375573205976951
Qwen_2.5_7B_base,dismissal_08,personhood_dismissal,harm_to_model,1,user_next,25,]:,5669,49.05833435058594,-2.346627712249756,-0.04783341593866667,-1.1224234104156494,-0.022879362401390692,-0.09191504120826721,-0.0018735866683001112,-0.04708254337310791,-0.0009597256816067497,4.90668249130249,0.10001730707442753,1.634511947631836,0.03331772203987015,-0.22414803504943848,-0.004569010302054035,3.179752826690674,0.06481575187545469,-2.0958311557769775,-0.04272120493939977,-0.30288100242614746,-0.00617389494436698,-1.2763599067976106,1.7436546371447188,0.8567801588213753,0.48334191918622865,1.4133369617209703,0.6319012918110223,1.8646757630181867,-0.5474876596089262,0.014676189898362375,-2.2301531110211217,0.2336473651735541,-1.4906996676900344,1.7963942236353223,0.15284727797264397
Qwen_2.5_7B_base,dismissal_08,personhood_dismissal,harm_to_model,1,moderator_next,26,]:,5669,50.985130310058594,-3.3384861946105957,-0.06547960502028889,-2.876237392425537,-0.05641325960989255,-1.1776471138000488,-0.02309785434769629,-0.015109777450561523,-0.0002963565525609845,4.850656032562256,0.09513864146396611,0.9985342025756836,0.01958481220903515,-0.8849533796310425,-0.01735708772831075,3.102205276489258,0.06084529465009997,-2.3003525733947754,-0.045118107169786925,-1.1292427778244019,-0.022148472916653884,-3.5587632011385946,-0.5993490681955478,-0.9850831809838972,0.5183148140194463,1.3083830522868065,-0.9109742551776184,1.0548061612328397,-0.6357599665790302,-0.26195263990747714,-4.513566517474344,-2.0790561346670713,-3.7100203943796473,-0.5497401802986022,-2.129880287339125
Qwen_2.5_7B_base,dismissal_09,personhood_dismissal,harm_to_model,1,assistant_next,30,]:,5669,50.01133728027344,-2.067232847213745,-0.0413352843501977,-2.356955051422119,-0.04712841486747847,-0.5541426539421082,-0.011080340660290346,-0.43629157543182373,-0.008723853413212275,4.628893852233887,0.09255689017657434,1.9271538257598877,0.03853433902316461,-1.792114019393921,-0.035834155150672314,3.771401882171631,0.07541093854451338,-1.9504101276397705,-0.038999359619385617,0.6590051651000977,0.013177115448981142,-0.6334337517857587,0.09438496606870683,0.07264554952696184,0.05761189072068208,0.8929577637098571,1.341847514455552,-0.05699148402572708,0.12598593057333946,0.2113678093449555,0.4277430257560418,-0.2695243928585259,-0.6734445622199802,0.09985606406037192,-0.2867942490798041
Qwen_2.5_7B_base,dismissal_09,personhood_dismissal,harm_to_model,1,user_next,30,]:,5669,49.879966735839844,-1.37412691116333,-0.027548673367017103,-0.2801632881164551,-0.005616749698334335,0.0895833820104599,0.0017959791850881946,0.4343157410621643,0.008707217937058065,4.3087358474731445,0.08638209143746729,1.6042146682739258,0.03216150236766823,-0.5627176761627197,-0.011281436476147343,2.966733932495117,0.05947746413317983,-1.7410542964935303,-0.03490488086557894,-0.0238572359085083,-0.00047829293942504487,0.9614986905959191,2.868870086245998,1.164678673011004,1.0099116759357991,0.29320837758363655,0.5584003999559527,1.4497316911014684,-0.7899668761673228,0.4945355052155203,-1.4591510775855892,1.9151843884209585,1.0604658795334052,3.0041396077345865,2.0323027436339958
Qwen_2.5_7B_base,dismissal_09,personhood_dismissal,harm_to_model,1,moderator_next,31,]:,5669,50.257144927978516,-2.660543918609619,-0.052938620417501574,-2.3599510192871094,-0.04695752261034843,-1.0470603704452515,-0.02083405995198795,0.4985884428024292,0.009920747458235762,4.564998626708984,0.0908328285112674,0.8012920618057251,0.015943843665493222,-1.2858164310455322,-0.025584748852888157,2.395115375518799,0.04765721130699211,-1.8366212844848633,-0.03654448113033184,-0.8658052682876587,-0.017227506049705157,-1.9987244338795276,0.09038250977587467,-0.7635525277762399,1.0802153351204415,0.773263357463184,-1.3894816844003044,0.5635165515444289,-1.4406397678339906,0.365274793237106,-3.7856326282901005,-0.9541709620518265,-2.1327695254627113,0.11181221103982458,-1.0104786572114433
Qwen_2.5_7B_base,dismissal_10,personhood_dismissal,harm_to_model,1,assistant_next,31,]:,5669,50.653411865234375,-1.7081935405731201,-0.033723168443575806,-2.368741750717163,-0.0467637156805805,-0.4206910729408264,-0.008305286010349973,-0.6730018854141235,-0.013286407778506107,4.478935241699219,0.08842316986693063,2.092207908630371,0.041304382697789084,-1.4117608070373535,-0.027870991411070297,4.117475509643555,0.08128722938937023,-1.7952687740325928,-0.035442208292088676,0.6888409852981567,0.013599103395657699,0.19276525830279914,0.07863855259196459,0.2990361857532267,-0.20130986778478355,0.6120415183711859,1.7422670422945663,0.4091616837033073,0.5199212309034491,0.4212068159523146,0.51018574498751,0.13570190544738187,0.2839137958588061,0.12537153886928057,0.20464266736404335
Qwen_2.5_7B_base,dismissal_10,personhood_dismissal,harm_to_model,1,user_next,31,]:,5669,49.55575942993164,-1.6790721416473389,-0.03388248229797444,-0.44906020164489746,-0.009061715667577186,0.25703155994415283,0.005186714176130776,0.2391221523284912,0.004825315060837543,4.421845436096191,0.0892296977579038,1.5404868125915527,0.03108592886705112,-0.006677567958831787,-0.000134748574850788,3.0469810962677,0.061485912663207534,-1.679431438446045,-0.033889732651976465,-0.9034526348114014,-0.01823103197699593,0.25977761745086597,2.6432326479105086,1.44874199584997,0.7964023140170282,0.5050956499083045,0.4037972696441001,2.1312031481655587,-0.6986216014859787,0.5778845222012299,-3.889660312044643,1.4515051326806874,0.2638772578006295,2.763119211847731,1.5134982348241803
Qwen_2.5_7B_base,dismissal_10,personhood_dismissal,harm_to_model,1,moderator_next,32,]:,5669,51.23630905151367,-2.409766674041748,-0.0470324017996483,-1.8896520137786865,-0.03688111124239658,-0.7983300685882568,-0.015581334474846834,0.5032873153686523,0.009822864384369306,4.523599624633789,0.08828894407842106,1.4350836277008057,0.0280091141275995,-0.3174009919166565,-0.006194844979905505,2.4340877532958984,0.047507086251053605,-1.6122175455093384,-0.03146630925128493,-1.1584750413894653,-0.022610431212457538,-1.4216513742379078,0.7186773710480349,-0.34160015476077826,1.0853551211649555,0.6957109436186776,0.148090214158538,1.7503868341185909,-1.3962775451002003,0.6687957860011053,-4.594341481312998,-0.35148700159493645,-1.3899579566683435,0.8167888867764318,-0.28658453494595587
Qwen_2.5_7B_base,dismissal_11,personhood_dismissal,harm_to_model,1,assistant_next,37,]:,5669,49.032752990722656,-2.005849838256836,-0.040908366671485015,-2.7790892124176025,-0.05667822104427679,-0.5319827795028687,-0.010849539278439527,-0.5615333318710327,-0.01145220893424603,4.512424468994141,0.09202878063664757,1.8475923538208008,0.03768077950202752,-1.5561376810073853,-0.031736698147497806,3.6940712928771973,0.07533885143214662,-1.8082109689712524,-0.03687761462860098,0.6949595212936401,0.014173373488230029,-0.492182974228923,-0.4695641833329006,0.11023812082025652,-0.07938178656349718,0.6747766154585779,1.1488321919989433,0.2322163209154865,0.03796059000942009,0.4037016358948841,0.5270925617545612,-0.4808735787809118,-0.6197521049661916,-0.5682776957284205,-0.5940149003473061
Qwen_2.5_7B_base,dismissal_11,personhood_dismissal,harm_to_model,1,user_next,37,]:,5669,47.210567474365234,-1.9978004693984985,-0.0423168069412273,-0.9842088222503662,-0.020847214403529032,0.07014775276184082,0.0014858485401585185,0.4654708504676819,0.009859463153465099,4.4860124588012695,0.09502136277512699,1.58699369430542,0.03361522174388474,0.06547284126281738,0.0013868259748914973,2.32523775100708,0.04925248467453089,-1.5279608964920044,-0.032364806826812,-0.5342769622802734,-0.011316893459719148,-0.47366026526755395,1.9283020943580642,1.131707580139422,1.0439901903626103,0.6252992116017798,0.5166224921000895,2.219629223505467,-1.5201814052579858,0.7827585117268933,-2.86954938110559,0.7273209145452552,-0.7968884072286864,1.9385695366335363,0.570840564702425
Qwen_2.5_7B_base,dismissal_11,personhood_dismissal,harm_to_model,1,moderator_next,38,]:,5669,49.73001480102539,-3.151648998260498,-0.06337518721582029,-2.8784079551696777,-0.057880697737301444,-1.0860095024108887,-0.021838109374310827,0.27486562728881836,0.005527157560450814,4.527712821960449,0.09104587722477596,0.8116597533226013,0.016321325392122457,-0.80577552318573,-0.01620300187743189,2.2467451095581055,0.045178854632309084,-1.8578596115112305,-0.03735891933563074,-1.2405445575714111,-0.02494558995276696,-3.12882501939327,-0.6022488264392166,-0.8296268200401635,0.8354997381744974,0.7034161627136178,-1.3643297701321446,1.1518449330820342,-1.6095295087490962,0.3365485423594745,-4.821117016060683,-1.8655369229162433,-3.445352593900516,-0.6524066569968583,-2.048879625448687
Qwen_2.5_7B_base,dismissal_12,personhood_dismissal,harm_to_model,1,assistant_next,35,]:,5669,49.00896072387695,-1.4358599185943604,-0.029297905880603905,-2.266787052154541,-0.04625250196440449,-0.9631367921829224,-0.019652259055427924,-1.205122947692871,-0.02458984907847149,3.4002685546875,0.06938054805620279,1.3314635753631592,0.027167757807899727,-2.336099624633789,-0.047666785627136374,3.2506301403045654,0.06632726122512679,-1.9271454811096191,-0.039322308668559916,0.10438728332519531,0.0021299632104693515,0.8194425182327125,0.21484469472530213,-0.621182447671974,-0.7833619177918667,-1.408616012442515,-0.10329097987258687,-0.7236891872222966,-0.46680807697489574,0.2428347922186465,-1.1047841849721707,0.5171436064790074,0.8404689184192565,0.16113761997301143,0.5008032691961339
Qwen_2.5_7B_base,dismissal_12,personhood_dismissal,harm_to_model,1,user_next,35,]:,5669,46.90452194213867,-1.2427736520767212,-0.026495817473841953,-0.9678030014038086,-0.020633469041592377,-0.6150791049003601,-0.013113428715020707,-0.6747936010360718,-0.014386536161022936,2.759094715118408,0.05882364004310762,0.5806599855422974,0.012379616324809757,-1.7937251329421997,-0.03824205127076949,2.335575819015503,0.049794256977966106,-2.0053141117095947,-0.04275310841422382,-1.2108299732208252,-0.025814781242510108,1.2637606731199873,1.9502194125154788,-0.03072858660767676,-0.20326970704827504,-2.6097217507454777,-1.9247328594522237,-0.058966032050307114,-1.5084135916991166,0.13710651660691692,-4.7390092972705515,1.606990042817733,1.1928811503396335,1.9535238183921668,1.5732024843659
Qwen_2.5_7B_base,dismissal_12,personhood_dismissal,harm_to_model,1,moderator_next,36,]:,5669,48.96892547607422,-2.340301513671875,-0.04779156354605586,-2.7548351287841797,-0.056256801675792695,-1.82223379611969,-0.037212043727813005,-0.8396017551422119,-0.017145602991685695,2.940657615661621,0.06005150382763453,0.10406306385993958,0.002125083669862919,-2.4225528240203857,-0.0494712269152,2.151679039001465,0.04393968252484438,-2.2524337768554688,-0.04599720649283979,-1.531141757965088,-0.03126762008925824,-1.2618024505358638,-0.4371619967808139,-2.078576326725792,-0.3835424508945082,-2.2696014460057463,-3.080952148491726,-0.829644471534689,-1.7177431317561593,-0.19713927822256883,-5.624098909719672,-0.8494822236583388,-1.4854359882659343,-0.5387939028743652,-1.0121149455701497
Qwen_2.5_7B_base,dismissal_13,personhood_dismissal,harm_to_model,1,assistant_next,31,]:,5669,49.14042282104492,-1.8608529567718506,-0.03786806970604494,-1.9202063083648682,-0.039075901226118856,-0.150495707988739,-0.003062564368581045,-0.1898343563079834,-0.0038630997742796136,4.654226303100586,0.0947127850334117,2.2720892429351807,0.046236664491257365,-1.103175163269043,-0.022449443857788628,3.826157808303833,0.07786171930668125,-1.371226191520691,-0.027904240802206697,0.963274359703064,0.019602484154664847,-0.15852513305909496,0.6778584323442619,0.7574024345300275,0.3271951487405093,0.9404128378621636,2.1786573314454474,0.787357977792836,0.1883145522695775,0.9947526321040684,1.2685035483398717,0.25966664964258346,-0.23738092898690777,0.6632346411066232,0.21292685605985773
Qwen_2.5_7B_base,dismissal_13,personhood_dismissal,harm_to_model,1,user_next,31,]:,5669,47.81888198852539,-1.4169600009918213,-0.0296318094875542,-0.09380531311035156,-0.00196167934526075,0.5089368224143982,0.010643009649128196,0.7844260931015015,0.01640410775997925,4.679756164550781,0.0978641902517448,2.193819522857666,0.045877683283856246,0.3489570617675781,0.007297474287485722,3.1500210762023926,0.06587400092202639,-1.16218900680542,-0.024303976974708413,0.10378909111022949,0.0021704625201219613,0.8629338377767388,3.1178345890027948,1.876080452326071,1.3928742432518206,0.988237719654779,1.988775785878816,2.5670617233409287,-0.5813312845724932,1.2774893374683696,-1.1064371173366072,1.990384213389767,0.7984746276296959,3.25985955137331,2.0291670895015033
Qwen_2.5_7B_base,dismissal_13,personhood_dismissal,harm_to_model,1,moderator_next,32,]:,5669,50.014854431152344,-2.6738672256469727,-0.053461461720890724,-2.02557110786438,-0.04049939024920422,-0.5437925457954407,-0.010872620783971193,0.7097102403640747,0.014189989122951906,4.9892778396606445,0.09975592044416735,1.3720234632492065,0.02743231943497621,-0.4400632977485657,-0.008798651975571222,2.844257354736328,0.05686825218399014,-1.5347214937210083,-0.030685313616849976,-0.6470695734024048,-0.012937547869765864,-2.02938320265992,0.5370965738050372,0.09020373468111294,1.3111475116174591,1.568062155962806,-0.004893104012232661,1.6000544047689775,-0.9293818549834326,0.773614354004777,-3.181219363978425,-0.7461433144274414,-2.1985260769772483,0.5636429786786679,-0.8174415491492902
Qwen_2.5_7B_base,dismissal_14,personhood_dismissal,harm_to_model,1,assistant_next,29,]:,5669,50.213478088378906,-1.9321681261062622,-0.03847907374003298,-1.9372223615646362,-0.03857972869664599,-0.07295489311218262,-0.001452894638841336,-0.2616816759109497,-0.0052113831957701345,4.791719436645508,0.09542695744381176,2.116163730621338,0.04214334101487165,-1.2691622972488403,-0.025275331356553996,3.5787534713745117,0.07127077445373688,-1.7621417045593262,-0.03509300235004325,0.10708069801330566,0.0021325090810247567,-0.32263118278296093,0.6551258756955608,0.8889446334436397,0.24860611585514283,1.1979776065511794,1.8003836230164467,0.5839275194892276,-0.09330558296921826,0.4660133822768824,-1.0973417071240088,0.16624734645629993,-0.3142255049147977,0.6979483946093946,0.19186144484729845
Qwen_2.5_7B_base,dismissal_14,personhood_dismissal,harm_to_model,1,user_next,29,]:,5669,49.685546875,-1.8096654415130615,-0.03642237140039654,0.15087556838989258,0.003036608790267896,0.9276268482208252,0.018669953468652953,0.9074709415435791,0.018264284054810037,5.109443187713623,0.1028356032905922,2.0554423332214355,0.04136901901054975,0.3209950923919678,0.006460532540771551,2.4370486736297607,0.04904944851992757,-1.5038447380065918,-0.030267247370548173,-1.0903913974761963,-0.021945846751358643,-0.040735593993292664,3.444715442879898,2.5863567983440165,1.5274648681217027,1.7931669250354256,1.6530741299476017,2.532792101902413,-1.3929071321349182,0.8153772211947632,-4.406211887350569,1.7019899244433028,-0.0555587690052352,3.6095551349980326,1.7769981829963988
Qwen_2.5_7B_base,dismissal_14,personhood_dismissal,harm_to_model,1,moderator_next,30,]:,5669,49.833404541015625,-2.6126222610473633,-0.05242712764882503,-1.7396965026855469,-0.034910247828917274,-0.5663668513298035,-0.011365204856988097,0.698621392250061,0.014019138340730007,4.854406356811523,0.09741269739690533,1.3035093545913696,0.026157340976342685,-0.45592451095581055,-0.0091489737688012,2.1477344036102295,0.043098287652462645,-1.7693989276885986,-0.03550628226157589,-1.358859896659851,-0.0272680526079938,-1.8884500842263057,0.919010086906973,0.0519081119994948,1.2990181537804677,1.3154085041975072,-0.17110763540682725,1.5806152241852958,-1.7222333066905817,0.4561975049703689,-5.148047471348745,-0.48471999865966636,-2.0684402531294612,0.9546765420963198,-0.5568818555165707
Qwen_2.5_7B_base,dismissal_15,personhood_dismissal,harm_to_model,1,assistant_next,18,]:,5669,51.59955978393555,-2.3585219383239746,-0.04570817945346602,-2.5772228240966797,-0.049946604871986613,-0.5100593566894531,-0.009884955585381749,-0.5803682804107666,-0.011247543251162624,4.8503737449646,0.09400029312797864,1.7393628358840942,0.03370886967189997,-1.9583990573883057,-0.03795379390035054,4.052258014678955,0.07853280205581407,-2.3909525871276855,-0.04633668576126223,0.5298383235931396,0.010268272167664768,-1.3037301629966769,-0.19988125192101455,0.14742956959701461,-0.09998409153970422,1.307854245226268,0.8862684812637988,-0.26078704743576725,0.44568421477097525,-0.3844951886109286,0.07082756046353918,-0.7518057074588457,-1.2234135494859117,-0.09731316101624542,-0.6603633552510786
Qwen_2.5_7B_base,dismissal_15,personhood_dismissal,harm_to_model,1,user_next,18,]:,5669,49.81203079223633,-2.401129722595215,-0.04820381109556074,-1.2110443115234375,-0.024312285451172373,0.0855785608291626,0.0017180299511599278,0.5182719230651855,0.010404553173647422,4.956409931182861,0.09950226586536529,1.3825420141220093,0.02775518267642064,-1.0518269538879395,-0.021115921940124485,2.7898573875427246,0.05600770221915044,-2.135343551635742,-0.04286802841952301,-0.8991212844848633,-0.018050283640011718,-1.4017765566251075,1.625261750672127,1.1578847931003746,1.1017457928496448,1.5064909703617007,0.020624793520440395,0.8502892997393846,-0.9913052889385349,-0.038766955355310995,-3.877691869531803,0.11174259702350975,-1.5372834170173362,1.6961425277354971,0.07942955535908047
Qwen_2.5_7B_base,dismissal_15,personhood_dismissal,harm_to_model,1,moderator_next,19,]:,5669,50.73795700073242,-3.0771241188049316,-0.06064737921474671,-2.7460927963256836,-0.05412304630803409,-0.9051723480224609,-0.017840141809600148,0.23598694801330566,0.004651092829967496,4.5506134033203125,0.08968854231270335,0.7442727088928223,0.014668953045982485,-1.3079084157943726,-0.025777711463145676,2.6796071529388428,0.05281267341726356,-1.9403085708618164,-0.038241755986229545,-1.3015578985214233,-0.025652548416615097,-2.9573329835789632,-0.4254826980902545,-0.5228500990139042,0.7929729212938196,0.7463156354997992,-1.5278100551621867,0.5364410639777847,-1.116803032287004,0.2250308372236529,-4.989709858621214,-1.691407840834609,-3.1022824382306307,-0.38950982632486275,-1.7458961322777466
Qwen_2.5_7B_base,dismissal_16,personhood_dismissal,harm_to_model,1,assistant_next,33,]:,5669,51.811126708984375,-1.913161039352417,-0.036925679113260106,-2.275686740875244,-0.043922741801340245,-0.49670660495758057,-0.009586871324908834,-1.087898850440979,-0.020997398040609114,4.748748302459717,0.0916549900397409,2.453291893005371,0.047350676366973404,-1.3877304792404175,-0.02678441036488358,4.465074062347412,0.0861798294298267,-1.9576350450515747,-0.037784066269149645,0.728655219078064,0.014063682173345027,-0.2788932522270383,0.20295517630266657,0.17008151524853113,-0.6551382278227006,1.1174801304117485,2.61825311921653,0.43861276511972375,0.9155923522598849,0.20159562767151246,0.6202009440047793,-0.03796903796218587,-0.11885862564250607,0.324134793772839,0.10263808406516646
Qwen_2.5_7B_base,dismissal_16,personhood_dismissal,harm_to_model,1,user_next,33,]:,5669,49.487117767333984,-1.5881160497665405,-0.03209150424223821,-0.5395545959472656,-0.010902930303680383,0.060818612575531006,0.0012289786780768396,-0.5962863564491272,-0.012049324821311994,4.50236701965332,0.09098058692408419,1.9970492124557495,0.04035493078915953,-0.20638465881347656,-0.0041704724001871306,3.0116825103759766,0.060857909012514,-1.661973476409912,-0.03358396187516433,-0.597307562828064,-0.01206996062361792,0.46908014139055704,2.522336872567228,1.115881390847574,-0.11739582252930172,0.6559360774165561,1.5114130123344736,1.8864461959551215,-0.7388019502055946,0.6014975778171221,-3.0437163411374235,1.4957085069788925,0.48912446000142823,2.6343021830386486,1.5617133215200385
Qwen_2.5_7B_base,dismissal_16,personhood_dismissal,harm_to_model,1,moderator_next,34,]:,5669,50.139102935791016,-2.6498327255249023,-0.05284962375410512,-2.049464225769043,-0.040875566289919896,-1.2291736602783203,-0.024515270284201553,-0.5722627639770508,-0.01141350224613911,4.552781105041504,0.09080300281542476,1.4950156211853027,0.029817358780827113,-0.6524505615234375,-0.013012808832239714,2.8498196601867676,0.0568382658109439,-2.167100429534912,-0.0432217631079307,-1.241574764251709,-0.024762604266009517,-1.9740764999074452,0.5051766185777433,-1.0724941172368447,-0.09111800299134491,0.7503763735018393,0.2934846213501746,1.3397568903072228,-0.9230502876688316,-0.0817202463790958,-4.823963696310475,-0.7344499406648509,-2.1215766192341547,0.5373245479406226,-0.7921260356467661
Qwen_2.5_7B_base,dismissal_17,personhood_dismissal,harm_to_model,1,assistant_next,29,]:,5669,50.20526123046875,-1.9221165180206299,-0.0382851611745848,-2.439232587814331,-0.04858519860332886,-0.3944854736328125,-0.007857452863792804,-0.2185344696044922,-0.004352820087944632,5.151666641235352,0.10261208715928141,1.901158332824707,0.037867711196589195,-1.553345799446106,-0.030939900746964063,4.13861083984375,0.08243380750167464,-1.9993908405303955,-0.03982432899516511,0.4180234670639038,0.008326288058635023,-0.29950104494972374,-0.015533517083250566,0.3434920270068036,0.295801992250647,1.8722637770685655,1.2787827127492202,0.23563799422186196,0.5439795583490024,0.14511813511616561,-0.2381406784369748,-0.15751728101648715,-0.28983756632510554,-0.0020649986935114277,-0.1459512825093085
Qwen_2.5_7B_base,dismissal_17,personhood_dismissal,harm_to_model,1,user_next,29,]:,5669,49.638885498046875,-1.49495530128479,-0.030116616968437204,-0.9612488746643066,-0.019364835955112823,0.17138905823230743,0.0034527176932498014,0.9102255702018738,0.018336946147545722,5.245784759521484,0.10567893913991862,1.5525665283203125,0.03127722374793046,-0.4193308353424072,-0.008447627925870867,3.298786163330078,0.06645568550204203,-1.7974300384521484,-0.03621012076354678,-0.48148953914642334,-0.00969984588323137,0.6834558845226946,1.958975382871197,1.3034558905443505,1.5304779742947654,2.0485744824893057,0.4331025372534753,1.625463689379919,-0.41199211907646255,0.4182835619760491,-2.723686499660158,1.3212156336969458,0.7375015027356427,2.0422812840589954,1.3898913933973192
Qwen_2.5_7B_base,dismissal_17,personhood_dismissal,harm_to_model,1,moderator_next,30,]:,5669,49.888404846191406,-2.2483861446380615,-0.04506831099470819,-2.347092628479004,-0.047046856593535406,-0.981596827507019,-0.01967585114283237,0.3787667751312256,0.00759228073735738,5.04780912399292,0.10118201092128687,0.9553484916687012,0.019149710130321688,-0.8464194536209106,-0.016966256111624868,2.655728340148926,0.05323337854430658,-1.9158620834350586,-0.038402953338391214,-1.428297996520996,-0.02862985900079416,-1.0502924974385206,0.1075606470339539,-0.6524985183428896,0.9491503346022748,1.677708334804079,-1.0157423510043377,1.1020325578849595,-1.1439842635083446,0.2580963385706311,-5.339919715276245,-0.4713659252022834,-1.1429387610594892,0.10556213130431817,-0.5186883148775855
Qwen_2.5_7B_base,dismissal_18,personhood_dismissal,harm_to_model,1,assistant_next,24,]:,5669,49.93320846557617,-1.8358323574066162,-0.0367657599785969,-2.782207727432251,-0.055718585144599674,-0.5543659925460815,-0.011102150444193068,-0.519072413444519,-0.010395334675967522,4.5198493003845215,0.09051790259983983,1.6333848237991333,0.03271139335909457,-1.5597174167633057,-0.0312360744420934,3.7133171558380127,0.07436568307838588,-2.1018295288085938,-0.04209281945616593,0.6403939723968506,0.012825011491867913,-0.10094927981673574,-0.47373035620495574,0.07226667227224474,-0.03293659510744214,0.6886854917079768,0.6291669008462072,0.22782906951851173,0.05986813858792609,0.006562991135112161,0.3763163405028452,-0.28733981801084574,-0.09874596287375303,-0.5011386219284398,-0.29994229240109643
Qwen_2.5_7B_base,dismissal_18,personhood_dismissal,harm_to_model,1,user_next,24,]:,5669,50.238765716552734,-1.411977767944336,-0.028105343509247795,-0.4868793487548828,-0.009691307933436453,0.33345654606819153,0.006637435082492957,0.6614120006561279,0.013165371227227524,4.3104095458984375,0.08579847622486948,1.4687457084655762,0.029235306391726338,0.019451141357421875,0.00038717394983716903,3.1212985515594482,0.06212928417011326,-2.210505962371826,-0.0440000053911258,-0.3859689235687256,-0.007682691205957635,0.8743986438181093,2.5927082463944733,1.5783912746549804,1.2583172603333677,0.2963437032297344,0.22975408003506406,2.1632259633298605,-0.6140261086598189,-0.14042911851400902,-2.4597427153561675,1.7335534451062913,0.9904547525491388,2.719071003964257,1.8547628782566978
Qwen_2.5_7B_base,dismissal_18,personhood_dismissal,harm_to_model,1,moderator_next,25,]:,5669,50.83810806274414,-2.88157320022583,-0.056681361876594755,-2.8068435192108154,-0.055211407862515716,-1.0605727434158325,-0.020861766572958986,0.4426403045654297,0.008706860295019736,4.398857593536377,0.08652677609692573,0.6230238676071167,0.012255056125184354,-1.0195462703704834,-0.020054764215697494,2.4708800315856934,0.04860291080337108,-2.314549446105957,-0.04552784386172183,-1.142815113067627,-0.022479497302637035,-2.507343324052139,-0.5066424848647,-0.786475258932996,1.019017365591721,0.4620327114260445,-1.82195851204554,0.8898518494675406,-1.3543969276610828,-0.28115485516072636,-4.551069767471988,-1.5069929044584196,-2.603485534249942,-0.4656549421463834,-1.5345702381981627
Qwen_2.5_7B_base,dismissal_19,personhood_dismissal,harm_to_model,2,assistant_next,54,]:,5669,43.72542190551758,-1.1600844860076904,-0.02653112160963055,-0.6635795831680298,-0.015176059012121155,0.814507007598877,0.01862776783169465,1.672028660774231,0.03823928021522973,4.281842231750488,0.09792569276982038,1.8801310062408447,0.042998578957190045,-0.02735912799835205,-0.0006257030076798341,1.8593330383300781,0.042522929620844994,-0.29236045479774475,-0.006686280933537491,0.5325779318809509,0.012180052442529926,1.4540398595146489,2.3566459796938517,2.3944574405689254,2.3637640101275204,0.24282878600531174,1.2277706321269324,2.1058562484607584,-2.050520322598684,2.453990347857669,0.07839768105606514,1.9053429196042502,1.1884410301566817,2.3353409793057014,1.7618910047311915
Qwen_2.5_7B_base,dismissal_19,personhood_dismissal,harm_to_model,2,user_next,54,]:,5669,43.244415283203125,-0.8396688103675842,-0.019416814977579914,-0.28832197189331055,-0.0066672648943249735,0.9850656390190125,0.022779025512726238,1.599238395690918,0.03698138557817637,4.4101243019104,0.1019813604376186,1.3556007146835327,0.03134741690472276,0.11786890029907227,0.0027256444451187797,2.211474895477295,0.05113897091669707,-0.3786665201187134,-0.008756425948619403,0.3123359680175781,0.007222573503933924,2.1913605626645323,2.857970511652594,2.6837974153476027,2.28414355152198,0.4831385445787512,-0.04473452515203014,2.283844768695527,-1.6496775618617494,2.337255650176753,-0.5301777249237719,2.524665537158563,2.0831910575707515,2.930642339348371,2.506916698459561
Qwen_2.5_7B_base,dismissal_19,personhood_dismissal,harm_to_model,2,moderator_next,55,]:,5669,47.7625846862793,-1.891953945159912,-0.039611632360076435,-1.7234978675842285,-0.03608468592947265,-0.8343069553375244,-0.017467793269931534,0.3021739721298218,0.006326583331170244,3.9741742610931396,0.08320685086866324,0.8651741743087769,0.01811405684997015,-0.9669052362442017,-0.020243988942289452,2.558548927307129,0.05356805843135454,-1.7412066459655762,-0.03645545268126519,-0.612152099609375,-0.012816561407432108,-0.23009280084292286,0.9406506157504874,-0.4026322550888271,0.8653705311646083,-0.33352312083000724,-1.2345043286089732,0.9543676311496846,-1.254603502146639,0.49432944241454585,-3.084734954665013,0.35527890745378227,-0.4566648048694343,0.8725092468406642,0.20792222098561497
Qwen_2.5_7B_base,dismissal_20,personhood_dismissal,harm_to_model,2,assistant_next,54,]:,5669,44.086212158203125,-0.9589972496032715,-0.021752770370970297,-0.7641937732696533,-0.017334076480132795,1.2308752536773682,0.02791973257444707,2.3990726470947266,0.05441775397908234,4.067015171051025,0.0922514085913429,1.8123764991760254,0.04110982573581787,0.5110797882080078,0.011592735306313023,1.6310710906982422,0.03699730620642011,0.06260594725608826,0.0014200799794599538,0.92830890417099,0.021056671887341075,1.9167693506482426,2.2222306867174813,3.100795060752071,3.1590293598412815,-0.1596049993816525,1.0633988864782713,2.7657560422947176,-2.310350693237308,2.9341060323873065,1.1718865552726359,2.069500018682862,1.789403305598127,2.18435945173339,1.9868813786657586
Qwen_2.5_7B_base,dismissal_20,personhood_dismissal,harm_to_model,2,user_next,54,]:,5669,41.721046447753906,-0.5289663076400757,-0.012678644297728374,-0.09392356872558594,-0.0022512275391558976,1.3367130756378174,0.03203929885391886,2.112989902496338,0.05064565926318209,4.038722038269043,0.096802989908861,1.3760228157043457,0.03298150293108061,0.8164440393447876,0.01956911700110872,1.9284489154815674,0.046222448372585996,-0.08786380290985107,-0.0021059827207325793,0.7894881963729858,0.01892302000050837,2.9063299140354313,3.117676605688992,3.280341017949821,2.846102359259753,-0.2126062948834238,0.004809284404328021,3.1400042630384655,-1.9718457815128865,2.7305856803654627,0.7882954034111873,3.0120032598622117,2.9306353289993576,3.2396018707622387,3.085118599880798
Qwen_2.5_7B_base,dismissal_20,personhood_dismissal,harm_to_model,2,moderator_next,55,]:,5669,48.19599533081055,-1.9264395236968994,-0.03997094593594528,-2.00058913230896,-0.041509447384107265,-0.4705114960670471,-0.009762460404386759,0.9967257976531982,0.02068067669962644,3.844733953475952,0.07977289247968089,0.6118936538696289,0.01269594391960736,-0.5101390480995178,-0.010584677100202932,2.360330820083618,0.04897358803117642,-1.2862417697906494,-0.02668773123082253,-0.10199165344238281,-0.002116185229547111,-0.30944887780334523,0.570471185875349,0.2145195602926524,1.625094854330512,-0.5760025962109601,-1.8489602974724981,1.5141709891808843,-1.4802349961451073,1.1096997188626805,-1.675053097516604,0.13051115403600186,-0.5018548491684146,0.4929762804598233,-0.004439284354295664
Qwen_2.5_7B_base,insult_01,anger_insults,harm_to_model,1,assistant_next,20,]:,5669,49.54472732543945,-1.11004638671875,-0.022404934826410493,-1.9378437995910645,-0.03911301775589853,-0.4829522669315338,-0.00974780351013366,-0.38952624797821045,-0.00786211306441488,3.7647385597229004,0.07598666423157084,1.6559219360351562,0.033422768181931226,-1.9416601657867432,-0.03919004646110485,4.054072856903076,0.08182652475355241,-2.397292137145996,-0.04838642306776955,0.10646343231201172,0.0021488347612188094,1.5691844337565317,0.6542956670112328,0.1934147220432706,0.10876539063489751,-0.7258573166393061,0.6838417061188794,-0.24027220204772207,0.44775004804996127,-0.39306985195664274,-1.099047343589344,1.1117400503838821,1.7073820778716238,0.6606378547286696,1.1840099663001467
Qwen_2.5_7B_base,insult_01,anger_insults,harm_to_model,1,user_next,20,]:,5669,48.44142150878906,-0.41084954142570496,-0.008481368395664476,-0.05486941337585449,-0.0011326961857611704,0.3334496021270752,0.006883563523555458,0.5907368659973145,0.012194870579719321,3.0638935565948486,0.06324945596484911,1.2577285766601562,0.025963907281952036,-1.069683313369751,-0.022081996771619736,3.522590398788452,0.07271855963494639,-1.9860811233520508,-0.04099964578850566,-1.1803886890411377,-0.02436734208608993,3.178132899157765,3.1698509135870796,1.5783794947776988,1.1810104030619673,-2.0387445602670167,-0.28217133746443596,0.8284049084258926,-0.15723595821413935,0.1631204134642098,-4.654893552236179,3.1739919063724225,3.458517092138037,3.317857758342547,3.388187425240292
Qwen_2.5_7B_base,insult_01,anger_insults,harm_to_model,1,moderator_next,21,]:,5669,50.07378005981445,-1.9141756296157837,-0.038227104630991514,-2.0642693042755127,-0.041224555082713714,-0.6157786846160889,-0.012297427593453598,1.0376455783843994,0.020722333667338562,3.7120203971862793,0.0741310201217518,0.5591025948524475,0.011165575959805406,-1.3010257482528687,-0.02598217563560728,2.474330425262451,0.04941369359986001,-2.0174620151519775,-0.04028978864272012,-1.5583178997039795,-0.031120436640543765,-0.2812279644876045,0.48539780842208535,-0.03191537132574842,1.6698542971506112,-0.8246138217052003,-1.9770308702093664,0.544876321450752,-1.350469347627782,0.12067566866442615,-5.699192371481443,0.10208492196724042,-0.2825359279985201,0.5129082205370376,0.11518614626925872
Qwen_2.5_7B_base,insult_02,anger_insults,harm_to_model,1,assistant_next,19,]:,5669,48.93502426147461,-1.6234105825424194,-0.03317481920246011,-2.191840887069702,-0.044790840919134614,-0.6077719330787659,-0.01241997817005785,-0.33776092529296875,-0.0069022327134898335,3.7854578495025635,0.07735681971415237,1.2878555059432983,0.026317663583079014,-1.8870242834091187,-0.03856183402150121,3.5553174018859863,0.07265383956670486,-2.161871910095215,-0.04417841704836357,0.5675380229949951,0.011597787710545888,0.38786254905001455,0.3149688494509832,-0.01833251557357289,0.1653880547692476,-0.687044039627505,-0.20908371315973343,-0.17331157488697493,-0.11998283988694905,-0.07464832583861021,0.17499985109492305,0.35141569925049887,0.3528784221950384,0.2633999142681181,0.3081391682315783
Qwen_2.5_7B_base,insult_02,anger_insults,harm_to_model,1,user_next,19,]:,5669,49.72413635253906,-1.704833745956421,-0.03428583925257793,-1.1554100513458252,-0.02323640260243206,0.02536192536354065,0.0005100526067205507,0.6638820171356201,0.01335130312628789,3.60166072845459,0.07243284635290963,0.6615522503852844,0.013304449285854787,-1.0974124670028687,-0.02207001564033865,3.197288990020752,0.06430054344940853,-1.9389853477478027,-0.038994852198147675,-0.5694146156311035,-0.011451473216025552,0.20049660953670795,1.699586211006641,1.0557317701673883,1.2610190480605494,-1.0313496914654674,-1.7284890469336676,0.7944206212302184,-0.5275262605894859,0.22682058455606036,-2.966642193383752,0.9500414102716745,0.21314797877810038,1.771414594991436,0.9922812868847681
Qwen_2.5_7B_base,insult_02,anger_insults,harm_to_model,1,moderator_next,20,]:,5669,50.7737922668457,-2.663886308670044,-0.05246577396996028,-2.5117950439453125,-0.049470306073345356,-1.057016134262085,-0.020818144303794615,0.6143869161605835,0.01210047327037587,3.886685371398926,0.07654904622786775,0.22004574537277222,0.004333844992635261,-1.3905125856399536,-0.027386423655968106,2.624715805053711,0.05169430306208581,-2.0065195560455322,-0.03951880421891887,-1.0789235830307007,-0.021249615891606677,-2.0064157348267435,-0.11247316138272312,-0.780441737238582,1.206879629364252,-0.4974153462522074,-2.7995793417050336,0.43520307205293507,-1.179285804443366,0.13547607291094357,-4.3745238760858385,-1.0594444481047334,-2.073300712297672,-0.06398983473845925,-1.0686452735180656
Qwen_2.5_7B_base,insult_03,anger_insults,harm_to_model,1,assistant_next,19,]:,5669,50.27196502685547,-1.8927454948425293,-0.03765011958119038,-2.2230045795440674,-0.0442195680705246,-0.5378010272979736,-0.010697831823575593,-0.09763872623443604,-0.0019422102593816865,3.5988292694091797,0.07158720108686167,1.161804437637329,0.023110384426323675,-1.9962801933288574,-0.03970961135619897,3.424785614013672,0.06812515906597522,-2.3679661750793457,-0.04710311550014744,-0.2119227647781372,-0.004215525783902167,-0.23191426593635014,0.27333578705753336,0.10036789815093328,0.42804185316562404,-1.036653840663909,-0.514882323996192,-0.3072133978442614,-0.26856705716388685,-0.3534045363925383,-1.9788161476521073,0.02071076056059161,-0.20996984168432037,0.30336791666950574,0.04669903749259269
Qwen_2.5_7B_base,insult_03,anger_insults,harm_to_model,1,user_next,19,]:,5669,49.7927131652832,-1.1308329105377197,-0.022710811254329607,-0.15034914016723633,-0.0030195008588538557,0.46620678901672363,0.009362952114482794,1.1221740245819092,0.02253691259716931,2.9975781440734863,0.06020114096059094,0.805553674697876,0.016178143818431835,-0.8054866790771484,-0.0161767983279681,2.915961503982544,0.05856201276486435,-2.1049389839172363,-0.04227403670352423,-1.6577695608139038,-0.03329341695663503,1.5213517728618156,3.0422949949139313,1.8035921432757933,1.7623143760328128,-2.162972683128154,-1.379143054828525,1.1521989345517758,-0.8477610860893492,0.0023572461424531,-5.973998470980662,2.2818233838878736,1.6689127011043958,3.185851110575888,2.427381905840142
Qwen_2.5_7B_base,insult_03,anger_insults,harm_to_model,1,moderator_next,20,]:,5669,50.54505920410156,-2.640249729156494,-0.05223556507264407,-2.2238152027130127,-0.04399668805873231,-1.0802720785140991,-0.02137245648782302,0.9286321401596069,0.01837236229974089,3.2762374877929688,0.0648181551150921,-0.025264084339141846,-0.0004998329161535882,-1.3343918323516846,-0.026400044897828573,2.1129310131073,0.04180291894753271,-2.4810290336608887,-0.04908549070330422,-1.818600058555603,-0.03597977897725026,-1.9520247023275608,0.2722528369225955,-0.8198937090755096,1.5506117042614342,-1.640962401176934,-3.3946984958588358,0.5039835268270133,-1.7618499749424554,-0.506329577829341,-6.418407355373884,-0.8398859327024826,-2.0443478672998636,0.3189612865770905,-0.8626932903613865
Qwen_2.5_7B_base,insult_05,anger_insults,harm_to_model,1,assistant_next,20,]:,5669,50.74922180175781,-2.1287217140197754,-0.04194589864520922,-2.3625359535217285,-0.046553146425585126,-0.00501704216003418,-9.885948950374651e-05,0.32580649852752686,0.006419930926236229,4.68292760848999,0.09227585058905842,1.739345908164978,0.03427335132269421,-1.310230016708374,-0.02581773611872392,3.6791985034942627,0.07249763391183321,-1.7340292930603027,-0.03416858882750869,0.39347386360168457,0.007753298467092076,-0.7749281228671371,0.08692917290440515,1.0041961215526816,0.8912205893782881,0.994178759789308,0.8862274147892347,0.5335957570759204,0.021030907169637347,0.5040372899271213,-0.3059764561043602,-0.34399947498136596,-0.750240121570717,0.14010361043506714,-0.3050682555678249
Qwen_2.5_7B_base,insult_05,anger_insults,harm_to_model,1,user_next,20,]:,5669,50.08830261230469,-1.7235029935836792,-0.03440929126554757,-0.45218324661254883,-0.009027721504411003,1.2491827011108398,0.024939609369073842,1.6472282409667969,0.032886485567633086,4.719554901123047,0.09422469229299939,1.7170565128326416,0.034280588945548134,0.2369365096092224,0.00473037610084668,3.467972755432129,0.06923717863380316,-1.3426482677459717,-0.02680562522029119,-0.8214585781097412,-0.016400207938129286,0.15753609344987765,2.6390604232582877,3.1318522774672686,2.3366364705256553,1.062792369149341,0.8321535682077191,2.4297716110375784,-0.2194071727503916,1.0334061760906181,-3.6630932878961397,1.3982982583540826,0.1976217022620893,2.7654975478711656,1.4815596250666274
Qwen_2.5_7B_base,insult_05,anger_insults,harm_to_model,1,moderator_next,21,]:,5669,51.38123321533203,-2.8885602951049805,-0.056218197079844344,-2.3302292823791504,-0.045351758542140554,-0.4035091996192932,-0.007853240850180432,1.4503542184829712,0.028227314288170668,4.651946067810059,0.09053784381379794,0.8221932649612427,0.01600182038285337,-0.6866573095321655,-0.013363970978556986,2.371006965637207,0.046145388447580205,-1.5372631549835205,-0.029918767199320646,-1.0903534889221191,-0.02122085089613537,-2.5234215939400846,0.13008919498811736,0.32818395008569745,2.1212889932257926,0.9361412916400439,-1.3387755779335717,1.2978337950790195,-1.4680823492192385,0.7701765879800689,-4.406107137950033,-1.1966661994759835,-2.545234360098595,0.2241563952424371,-1.160538982428079
Qwen_2.5_7B_base,insult_06,anger_insults,harm_to_model,1,assistant_next,19,]:,5669,49.85710144042969,-1.9217932224273682,-0.038546027885788085,-2.349740505218506,-0.04712950487155827,-0.5048614740371704,-0.010126169782260396,-0.2040398120880127,-0.0040924924673329385,4.312029838562012,0.08648777634444144,1.5135921239852905,0.030358606502501197,-1.6412965059280396,-0.03292001457182775,3.5182018280029297,0.07056571133014122,-2.1294102668762207,-0.042710270058930015,0.6362183094024658,0.012760836290545948,-0.2987570971585528,0.1040232222696539,0.15624738915262143,0.31165673982535963,0.2993789842968115,0.33855102837694345,0.12784739564496536,-0.16223146441044722,-0.03074179281219542,0.36477809521359084,-0.09736693744444946,-0.3226461742573274,0.0997798040284362,-0.1114331851144456
Qwen_2.5_7B_base,insult_06,anger_insults,harm_to_model,1,user_next,19,]:,5669,51.2277717590332,-1.3915330171585083,-0.027163645213850895,0.01831817626953125,0.0003575829211486469,0.28495705127716064,0.005562550185035386,0.7377000451087952,0.014400392985640909,4.176185131072998,0.08152189696473758,1.3178179264068604,0.02572467786820113,-0.2502974271774292,-0.004885971389791968,2.881875991821289,0.056256126176581475,-2.218907594680786,-0.043314544406072415,-0.23257911205291748,-0.004540098155097013,0.9214448377816724,3.2676257035494367,1.4961155054208306,1.3417637085430156,0.04490219872989273,-0.1363951855796681,1.832627599420125,-0.8865605940675724,-0.15179288540530733,-2.03589403012417,2.0945352706655544,1.1088899872389446,3.4221222600926926,2.2655061236658187
Qwen_2.5_7B_base,insult_06,anger_insults,harm_to_model,1,moderator_next,20,]:,5669,50.64461898803711,-3.0113587379455566,-0.05946058629954107,-2.5066721439361572,-0.0494953302843144,-0.9239264130592346,-0.018243328344072992,0.9409209489822388,0.018578892837647687,4.338627338409424,0.08566808133030406,0.5728120803833008,0.01131042333477928,-1.08235502243042,-0.02137157005142216,2.3399882316589355,0.046204084035298396,-2.023206949234009,-0.039949100016171815,-1.1854897737503052,-0.023408010514015965,-2.805997763286499,-0.10562923504466133,-0.5546649691237096,1.5640536197848065,0.3492038644146728,-1.9437717976210944,0.8128747193088517,-1.5033909463372939,0.11290526294880641,-4.668988934620914,-1.4558134991655802,-2.953022215367705,-0.06574060536678024,-1.5093814103672425
Qwen_2.5_7B_base,insult_07,anger_insults,harm_to_model,1,assistant_next,19,]:,5669,50.46086883544922,-1.3131349086761475,-0.026022835892069662,-2.276968002319336,-0.04512344029874779,-0.9526105523109436,-0.01887820353266938,-1.0697389841079712,-0.021199377038004345,3.709883689880371,0.07352001214997202,1.559656023979187,0.030908227701452386,-2.1292998790740967,-0.042197051462146924,3.867374897003174,0.07664106834177829,-2.37166166305542,-0.04700001640457895,0.9576197862625122,0.018977473205728387,1.1018497082873269,0.20124347805997359,-0.603325468205656,-0.6352743506408483,-0.8286164981212016,0.45030158168166334,-0.4702396215384999,0.23523192743658544,-0.35840292984340594,1.252878758827182,0.6515465931736503,1.252366959026955,0.24013024052916127,0.7462485997780581
Qwen_2.5_7B_base,insult_07,anger_insults,harm_to_model,1,user_next,19,]:,5669,47.32801055908203,-0.6181031465530396,-0.013059985814984323,-0.8573894500732422,-0.01811589880802021,-0.3644573986530304,-0.007700670160180495,0.010927915573120117,0.00023089742087253442,2.9895167350769043,0.06316590745653537,1.004003882408142,0.021213735176017837,-1.1227636337280273,-0.02372302618396399,2.647752046585083,0.055944714669122965,-1.879752516746521,-0.039717547696198376,-0.8829345703125,-0.018655645142960035,2.701213742323269,2.0977261393068933,0.39443241263818524,0.5467957249929535,-2.1780740550292736,-0.8977048674844814,0.7633507464647568,-1.1530636713313185,0.3069369308870459,-3.832964534304096,2.3994699408150812,2.8826748810364147,2.1296607613361602,2.5061678211862874
Qwen_2.5_7B_base,insult_07,anger_insults,harm_to_model,1,moderator_next,20,]:,5669,48.879634857177734,-1.7328189611434937,-0.03545073456883727,-2.067284107208252,-0.042293362322543646,-1.0454827547073364,-0.021388923173467866,0.39225542545318604,0.008024925443885252,3.4505419731140137,0.07059262989987984,0.6041277050971985,0.012359497096539487,-1.1291347742080688,-0.023100311152227458,2.321838855743408,0.047501149763651676,-1.8915705680847168,-0.03869854129663059,-1.0299797058105469,-0.02107175531936895,0.13609876602199283,0.48137018946435317,-0.7608762205496982,0.9639046774168674,-1.3144392266323313,-1.867800410280363,0.7555424061633376,-1.5240503646937746,0.2909522298696697,-4.239281529772762,0.308734477743173,0.06664176670931679,0.43813118460388883,0.2523864756566028
Qwen_2.5_7B_base,insult_08,anger_insults,harm_to_model,1,assistant_next,24,]:,5669,49.1220817565918,-1.3330820798873901,-0.027138143014643328,-2.5541577339172363,-0.05199612155228923,-0.9240748882293701,-0.018811802252362127,-0.9899654388427734,-0.02015316540834363,3.897212028503418,0.07933727336342872,1.5092167854309082,0.03072379531692757,-1.8238822221755981,-0.037129579141479435,4.05038595199585,0.08245550284424417,-2.497877597808838,-0.050850401865829765,0.498044490814209,0.010138912542064147,1.0559485136159272,-0.16906749840508523,-0.5549168461564025,-0.5480153435286322,-0.47769584512307445,0.3279365015042192,-0.0959259477784728,0.4435532474947537,-0.5291183822413353,-0.017025564125814314,0.443440507605421,1.1120973403402703,-0.2407036403630755,0.43569684998859737
Qwen_2.5_7B_base,insult_08,anger_insults,harm_to_model,1,user_next,24,]:,5669,47.98039245605469,-1.180572271347046,-0.024605306687066675,-1.4305205345153809,-0.029814690153391235,-0.2925320863723755,-0.006096908995488231,0.20352816581726074,0.004241902898223946,3.3434767723083496,0.0696842314362194,0.7210919260978699,0.015028887618172757,-1.0570396184921265,-0.022030658033076127,3.3337666988372803,0.06948185557028701,-2.0458390712738037,-0.042639064971125254,-1.262772798538208,-0.026318517500555742,1.4068946371024822,1.332053001637698,0.5164483309646519,0.7574684053909242,-1.5150035964242539,-1.5840463986701332,0.8439007639294837,-0.37217380682481405,0.08229381154770582,-4.882538375248062,1.3694738193700902,1.4306463558303906,1.3111774013746234,1.370911878602507
Qwen_2.5_7B_base,insult_08,anger_insults,harm_to_model,1,moderator_next,25,]:,5669,50.91559600830078,-2.3907997608184814,-0.046956138163023936,-2.728440999984741,-0.05358752943871899,-1.3256220817565918,-0.026035678371328017,0.359407901763916,0.007058896093552979,3.813119411468506,0.07489099039215513,0.25556057691574097,0.005019298544086116,-1.0454363822937012,-0.02053273386259219,2.705502510070801,0.05313700952513101,-2.5532469749450684,-0.05014665790279293,-1.4651023149490356,-0.02877511862397093,-1.3780058885218172,-0.4019008218724912,-1.2361116580532037,0.9279749428953262,-0.6352258605981714,-2.713420721267412,0.8581214544194946,-1.0873263704464224,-0.6040091500771864,-5.441617877771065,-0.8899533551971541,-1.3803664540118608,-0.3520434220123744,-0.8662049380121175
Qwen_2.5_7B_base,insult_10,anger_insults,harm_to_model,1,assistant_next,21,]:,5669,50.880916595458984,-2.3190512657165527,-0.04557801668855005,-2.595686912536621,-0.05101494010365923,-0.18305590748786926,-0.003597732111300185,-0.0008031129837036133,-1.578416894665945e-05,5.05663537979126,0.09938176664534683,1.821765661239624,0.03580449770046424,-1.5945658683776855,-0.03133917340868025,3.568434238433838,0.07013305728757868,-2.120530366897583,-0.04167633975145086,0.6283607482910156,0.012349634997477531,-1.2129026963861127,-0.22454830787693472,0.7021664888412956,0.533963928425927,1.6942424879976037,1.0861768982361524,0.18511951539158003,-0.10505195658733078,-0.018731137065255785,0.34306598204709793,-0.7187255021315238,-1.207043277089698,-0.1720571738095565,-0.6895502254496272
Qwen_2.5_7B_base,insult_10,anger_insults,harm_to_model,1,user_next,21,]:,5669,51.4211540222168,-1.9064894914627075,-0.03707597637032802,-0.3814888000488281,-0.007418907788106112,0.8450130224227905,0.01643317888310515,1.2497568130493164,0.024304332269737702,5.026166915893555,0.09774512088394538,1.6147027015686035,0.03140152593368407,-0.2668798565864563,-0.005190079096069088,2.848764657974243,0.055400636414021716,-2.029508113861084,-0.03946835018491074,-0.35742998123168945,-0.006951029941437328,-0.26354109952317417,2.7335045045262194,2.4462086154362153,1.9018687534804284,1.637166162411075,0.5838442621542003,1.81230451091571,-0.9242511957428612,0.10438251839958188,-2.3808835455851822,1.2349817025015226,-0.1377611669352779,2.878055094817625,1.3701469639411736
Qwen_2.5_7B_base,insult_10,anger_insults,harm_to_model,1,moderator_next,22,]:,5669,50.88919448852539,-3.2640774250030518,-0.0641408742623946,-2.5282514095306396,-0.04968149790818001,-0.4922863841056824,-0.009673691813233243,1.1071665287017822,0.021756416854887113,5.016427993774414,0.09857550397865955,0.8863630294799805,0.01741750952021533,-0.8656262159347534,-0.017010019998055514,2.0140461921691895,0.039577089250711586,-1.9264662265777588,-0.03785609589501643,-1.302577018737793,-0.025596337922611467,-3.3875383501135943,-0.13445800466619864,0.17758008966341365,1.7458986684772926,1.6189223188224986,-1.1831003812751755,1.0784931403026963,-1.874410478090023,0.24375352918261567,-4.992525904612359,-1.7609981773898964,-3.5416512975333525,-0.07876546390123632,-1.8102083807172944
Qwen_2.5_7B_base,insult_11,anger_insults,harm_to_model,1,assistant_next,29,]:,5669,49.36790084838867,-1.7077815532684326,-0.03459295461059032,-1.95315420627594,-0.039563241959065173,0.07823160290718079,0.0015846653708739614,0.26181912422180176,0.005303428335465621,4.87522029876709,0.09875283767359562,2.1056175231933594,0.04265155064339919,-0.976382851600647,-0.019777686205438797,3.711778163909912,0.07518606422640839,-1.5461108684539795,-0.031318140773337,0.8472988605499268,0.017162950945636204,0.19371329796588418,0.6338417648523392,1.1454212279196139,0.8212290310104897,1.3543990923605191,1.7747986309619506,0.9427520583678709,0.058116305453946235,0.7582094666277014,0.9480385686295609,0.4137775314091117,0.17452278461470805,0.6291387872040874,0.40183078590939775
Qwen_2.5_7B_base,insult_11,anger_insults,harm_to_model,1,user_next,29,]:,5669,51.225372314453125,-1.136274814605713,-0.022181875177608334,0.31029534339904785,0.006057454136092218,0.8836666345596313,0.017250565386526372,1.1928714513778687,0.023286730725064982,4.614962577819824,0.0900913428113381,1.8569161891937256,0.03624993055774825,0.3398585319519043,0.00663457416894194,3.4121572971343994,0.06661068808223511,-1.3693188428878784,-0.02673126189268376,0.11591470241546631,0.002262837675515757,1.508829200344503,3.6576919200789813,2.511781580390588,1.8396456171992412,0.8668604206681491,1.1714517218690699,2.55591075009431,-0.282941858962107,0.9973324480787097,-1.0729314733921316,2.583260560211742,1.7354357782816632,3.8209027499422707,2.778169264111967
Qwen_2.5_7B_base,insult_11,anger_insults,harm_to_model,1,moderator_next,30,]:,5669,51.08307647705078,-2.580618143081665,-0.05051806431903167,-2.0806782245635986,-0.04073126303382196,-0.5004922151565552,-0.009797613019282477,1.0903011560440063,0.0213436862310716,4.929837703704834,0.09650628042967573,1.1686948537826538,0.02287831772050169,-0.7427732944488525,-0.014540496494617852,2.712291955947876,0.05309570493794322,-1.6379777193069458,-0.03206497791969933,-0.6255291700363159,-0.01224533080573831,-1.814804190606965,0.46347634957297823,0.16365951039088716,1.7274507523441598,1.4567134327678402,-0.49816624444492,1.229059184324252,-1.0795979502827748,0.6339534364015929,-3.121698646429706,-0.6756639205169934,-1.8283417368562804,0.5474204467747495,-0.6404606450407655
Qwen_2.5_7B_base,insult_13,anger_insults,harm_to_model,1,assistant_next,30,]:,5669,49.336551666259766,-2.0327951908111572,-0.04120262000802426,-2.401634693145752,-0.048678608699524895,-0.40761369466781616,-0.00826190077946965,-0.06515634059906006,-0.0013206504791784853,4.4167985916137695,0.08952386095995285,1.8640146255493164,0.03778161550808337,-1.2991375923156738,-0.026332152297626567,3.5510756969451904,0.0719765686294143,-1.5826749801635742,-0.032079156866691445,0.6152883768081665,0.01247124811175138,-0.5541879502722576,0.03469530274889583,0.3212209809065332,0.4635721873103139,0.4956414371908401,1.1886724563366404,0.5471904069972798,-0.1248111688236858,0.7087540719168299,0.3069442382942618,-0.2597463237616809,-0.6567596721898269,-0.008600255809547652,-0.33267996399968724
Qwen_2.5_7B_base,insult_13,anger_insults,harm_to_model,1,user_next,30,]:,5669,49.671852111816406,-2.0507516860961914,-0.041285991943278866,-0.5353059768676758,-0.010776847532535074,0.3211161494255066,0.006464750875458426,1.023315668106079,0.020601520269517858,4.448784351348877,0.08956348841863616,1.5915255546569824,0.032040793467380604,0.0539129376411438,0.0010853820695024673,2.850979804992676,0.05739628549736437,-1.462388277053833,-0.029440985485337808,-0.32553136348724365,-0.006553638522566852,-0.5955083248239069,2.528012805333285,1.5574567137733444,1.6541797556878177,0.555560100727763,0.5276167392622693,2.2054616405409413,-0.9217296958748817,0.8714498438805898,-2.292740877841516,0.9662522402546889,-0.6672451692611168,2.643123320805253,0.9879390757720682
Qwen_2.5_7B_base,insult_13,anger_insults,harm_to_model,1,moderator_next,31,]:,5669,50.76706314086914,-2.916874885559082,-0.05745604935753911,-2.425837516784668,-0.047783688216381966,-0.7483403086662292,-0.014740665746011825,1.244186282157898,0.024507745872663796,4.505763530731201,0.08875367712779735,0.9576596021652222,0.018863797567093752,-0.4239577054977417,-0.008351038631510712,2.232003688812256,0.04396558616398316,-1.4663335084915161,-0.02888355988650976,-1.2074919939041138,-0.02378494872853977,-2.58857737541461,0.0023615968671066444,-0.25679626207825273,1.895775518021766,0.6622987339912443,-1.010135620424235,1.6197930913423293,-1.6263096547868923,0.8661136557755426,-4.729785750212644,-1.2931078892737518,-2.700916201869691,0.05401112876147924,-1.3234525365541059
Qwen_2.5_7B_base,insult_14,anger_insults,harm_to_model,1,assistant_next,20,]:,5669,50.66576385498047,-2.2250990867614746,-0.04391721188947882,-2.4023005962371826,-0.04741467242284625,-0.31796663999557495,-0.006275769194079143,-0.3094496726989746,-0.006107668159996675,4.293159484863281,0.08473492074749923,1.8376379013061523,0.036269815383934284,-1.5080260038375854,-0.029764201486312848,3.8514342308044434,0.07601650380379779,-2.026726245880127,-0.040001888685250696,0.7492257356643677,0.014787613541342443,-0.99670576247758,0.033805691064518924,0.47330051110606314,0.19635586224530355,0.2640293042060203,1.1246827913510407,0.2911810147549432,0.21708668137339512,0.10814517999859628,0.6770416580227979,-0.48145003570653055,-0.9981676668083244,0.07982860662354015,-0.4591695300923921
Qwen_2.5_7B_base,insult_14,anger_insults,harm_to_model,1,user_next,20,]:,5669,50.3144416809082,-2.0584280490875244,-0.04091127676904331,-0.42453908920288086,-0.008437718377067315,0.5446290969848633,0.010824508407325179,0.9133525490760803,0.018152890473644104,4.346945285797119,0.08639557829867693,1.4501129388809204,0.02882100825201376,0.015975594520568848,0.0003175150908338665,3.2141387462615967,0.06388103770773235,-1.7890931367874146,-0.035558242862630936,-0.5343769788742065,-0.010620747463783857,-0.6131726957917016,2.675991570977634,1.9366297293578099,1.533898369751894,0.3647858075971604,0.1845511703604483,2.1589664037548233,-0.5083461981452166,0.42955977636270803,-2.869825748234678,1.031409437592966,-0.6201181012613658,2.806775978078159,1.0933289384083966
Qwen_2.5_7B_base,insult_14,anger_insults,harm_to_model,1,moderator_next,21,]:,5669,51.48119354248047,-3.052730083465576,-0.05929796637186686,-2.1408023834228516,-0.04158416377150108,-0.6717043519020081,-0.013047567581115641,0.9329346418380737,0.018121853392312065,4.3825883865356445,0.08512989083905537,0.9113290905952454,0.017702174869804615,-0.6685009598731995,-0.01298534307137957,2.256375789642334,0.043829127383778546,-1.8421071767807007,-0.03578213809787954,-1.1614826917648315,-0.022561300774940597,-2.9011989406575456,0.38315361954989063,-0.12678908734501423,1.5553179263970254,0.4315557382866675,-1.1225329707033398,1.3200858482573916,-1.5985669142310508,0.35785475877854217,-4.602652259223467,-1.2590226605538275,-2.93256988005662,0.4877488926047117,-1.2224104937259541
Qwen_2.5_7B_base,insult_16,anger_insults,harm_to_model,1,assistant_next,21,]:,5669,50.26670455932617,-1.887113094329834,-0.03754200938521065,-2.1938576698303223,-0.043644350451521444,-0.2293066382408142,-0.004561799709192794,-0.16046392917633057,-0.003192250826527658,4.880190372467041,0.09708594218081879,1.7991505861282349,0.0357920934324395,-1.1379131078720093,-0.022637511606296217,3.7993414402008057,0.075583658676425,-1.886671781539917,-0.037533229959668714,0.7931712865829468,0.01577925773206047,-0.21895333480167362,0.31227453321820686,0.6237055797795416,0.35932151721830324,1.363709490995641,1.031312955820065,0.7447838588134282,0.15778950446515944,0.29757816472353915,0.798472565294732,0.04666059920826662,-0.19637307030243725,0.3436119073187678,0.07361941850816527
Qwen_2.5_7B_base,insult_16,anger_insults,harm_to_model,1,user_next,21,]:,5669,50.85415267944336,-1.593012809753418,-0.03132512736560366,-0.0807952880859375,-0.001588764807374269,0.541645884513855,0.010650966656117408,0.8719344139099121,0.017145785898864695,4.974040985107422,0.09780992746966101,1.6363412141799927,0.03217714046863761,0.36636489629745483,0.007204227717779861,3.29799222946167,0.06485197482790445,-1.7931727170944214,-0.03526108729797539,-0.17850267887115479,-0.0035100905130862688,0.4578120206612329,3.1352153016390565,1.9315689322938678,1.4885938099629974,1.5395190802661076,0.636339073868673,2.5883964115880143,-0.4128958532881052,0.424041872469947,-1.8864693396598757,1.7965136611501447,0.5855099219787145,3.2859497973600122,1.9357298596693635
Qwen_2.5_7B_base,insult_16,anger_insults,harm_to_model,1,moderator_next,22,]:,5669,51.40793228149414,-2.695843458175659,-0.05244022349341038,-2.0844974517822266,-0.04054816755453526,-0.5013383626937866,-0.009752159646270362,1.0305801630020142,0.0200471039636232,4.926671504974365,0.0958348505051208,1.2461787462234497,0.024240981710755363,-0.27546942234039307,-0.005358500334773369,2.56685733795166,0.04993115311264287,-1.4958972930908203,-0.029098569553425015,-0.8086434602737427,-0.015729935525238752,-2.0799535475354203,0.458374061863693,0.16222408431456908,1.6621259063782972,1.4507822184401793,-0.31019110873974415,1.8017773136802604,-1.245146045748044,0.8261266694071001,-3.6276823907041753,-0.8107897428358637,-2.070087287465733,0.560230368642417,-0.754928459411658
Qwen_2.5_7B_base,insult_17,anger_insults,harm_to_model,1,assistant_next,22,]:,5669,49.21025466918945,-1.8047118186950684,-0.036673490735356806,-2.1600918769836426,-0.04389515745253959,-0.27062028646469116,-0.005499266124182986,0.050374388694763184,0.0010236563300352638,4.254683017730713,0.08645927655388808,1.768164873123169,0.03593082143161956,-1.2958954572677612,-0.026333849844494335,3.191610097885132,0.06485660599280335,-1.6539499759674072,-0.03360986418554232,0.35451388359069824,0.007204065209047972,-0.02933662403963645,0.3573838655448072,0.5536200623502519,0.5899436140234656,0.19195165129739247,0.9561419309325463,0.5511639018270618,-0.5339905384234545,0.6123498961914479,-0.41363117020262763,0.1640236207525854,-0.08714147178440106,0.3260646795039528,0.11946160385977586
Qwen_2.5_7B_base,insult_17,anger_insults,harm_to_model,1,user_next,22,]:,5669,48.512264251708984,-1.4576503038406372,-0.030047047408002344,-0.0047550201416015625,-9.801686676445026e-05,0.8472206592559814,0.017464051046146248,1.4215409755706787,0.029302713396243938,4.04291296005249,0.08333795633771242,1.547542929649353,0.031900035043094,0.1875324249267578,0.003865670420035104,2.646259069442749,0.05454824898941976,-1.3630632162094116,-0.028097291215620674,-0.6756452322006226,-0.013927307715323162,0.7692998336103231,3.236801120532158,2.4499537063783587,2.0897720917285416,-0.20475547519580153,0.4209153379252603,2.369222968814216,-1.1547631258758546,1.0057935995215397,-3.2601799891436403,2.0030504770712403,0.7462511067836108,3.3902471001552157,2.0682491034694133
Qwen_2.5_7B_base,insult_17,anger_insults,harm_to_model,1,moderator_next,23,]:,5669,50.74152755737305,-2.770076274871826,-0.05459189756831272,-2.2137227058410645,-0.04362743520754328,-0.6836024522781372,-0.013472248179860043,1.086588740348816,0.0214141905586153,4.121739387512207,0.0812301005887493,0.8858562707901001,0.017458210531570408,-0.646560549736023,-0.012742236603045937,2.12609601020813,0.04190051251027415,-1.5942432880401611,-0.03141890606737376,-1.2808789014816284,-0.02524320735187463,-2.2507735066209777,0.2857358846173176,-0.14697332565696028,1.723389986253431,-0.05709056981628998,-1.1843297727073732,1.3469755690601992,-1.7468642705284974,0.6931071655536333,-4.932569390029334,-0.9825188110018301,-2.340698400688172,0.3447953497203877,-0.9979515254838922
Qwen_2.5_7B_base,insult_18,anger_insults,harm_to_model,1,assistant_next,26,]:,5669,50.37490463256836,-1.9853870868682861,-0.03941222522106165,-2.2102246284484863,-0.04387550993038571,-0.4738633334636688,-0.009406734105404279,-0.15774738788604736,-0.0031314677226021107,4.584088325500488,0.0909994442458316,1.638850450515747,0.03253307301461764,-1.2527143955230713,-0.024867826642259627,3.7229363918304443,0.07390458441530216,-1.836251974105835,-0.03645172110000705,0.9443545341491699,0.018746527483024283,-0.44509535839350634,0.2904091329643201,0.20883341858451565,0.362292962137561,0.8090239349320962,0.6424264557214909,0.6040857335988414,0.0708177063065243,0.3657743101051959,1.2162240448540074,-0.07734311271459313,-0.43158582636487525,0.327439280475342,-0.05207327294476663
Qwen_2.5_7B_base,insult_18,anger_insults,harm_to_model,1,user_next,26,]:,5669,49.444061279296875,-1.5093698501586914,-0.03052681780391474,0.17362117767333984,0.0035114667602363435,0.38235947489738464,0.007733172902960653,1.0287351608276367,0.020806040891677053,4.436221122741699,0.08972202137042544,1.4267107248306274,0.028855047257778904,0.3287646174430847,0.006649223565717576,2.8118386268615723,0.05686908708769318,-1.555652379989624,-0.03146287622293284,0.4872668981552124,0.009854912512197696,0.650286017630068,3.4751023866367636,1.661351439591973,1.6601077804780273,0.5320255067682927,0.12777763687712956,2.5423142739169164,-0.9662840639005167,0.7453039372145581,-0.04680634573927205,2.062694202133416,0.6859114845130224,3.6427776564782604,2.164344570495641
Qwen_2.5_7B_base,insult_18,anger_insults,harm_to_model,1,moderator_next,27,]:,5669,51.0027961730957,-2.6875362396240234,-0.05269389996781619,-1.9337290525436401,-0.03791417721453661,-0.8503156900405884,-0.016671942596142117,0.937889575958252,0.018388983474066752,4.350194931030273,0.08529326345689707,0.796495795249939,0.015616708396668172,-0.7684681415557861,-0.015067176688660805,2.3530969619750977,0.046136626587864826,-1.791926622390747,-0.03513388984222006,-0.7274235486984253,-0.014262424872347407,-2.0608374908335265,0.6597927537476519,-0.429789877407062,1.5607378012464614,0.3708733415795413,-1.4011173783271547,1.1975681018669764,-1.4884692903539507,0.42572729849387986,-3.403254494250899,-0.7005223685429374,-2.101991595807792,0.7445124196631289,-0.6787395880723315
Qwen_2.5_7B_base,insult_19,anger_insults,harm_to_model,1,assistant_next,20,]:,5669,49.59821319580078,-1.9982868432998657,-0.04028949259545201,-1.9237614870071411,-0.03878691112142757,-0.3444196581840515,-0.006944194881060991,0.11468195915222168,0.002312219569271322,4.7366414070129395,0.09550024288806368,1.5658812522888184,0.03157132387223565,-1.2091045379638672,-0.024377985819582622,3.4131503105163574,0.06881599337141707,-1.9068400859832764,-0.03844574155233315,0.36104822158813477,0.0072794602531911935,-0.474779478758696,0.6731088997156953,0.4284249422078824,0.6602854137925773,1.094800381649804,0.4654039223028805,0.6575330888071297,-0.2818115127184159,0.2702991906076815,-0.3955754040359841,0.09916471047849965,-0.5419177319013946,0.6834532760835563,0.07076777209108087
Qwen_2.5_7B_base,insult_19,anger_insults,harm_to_model,1,user_next,20,]:,5669,51.019630432128906,-1.5851151943206787,-0.031068731405833046,0.36460280418395996,0.0071463238972102865,0.7077531218528748,0.013872172649200081,1.3874284029006958,0.027194011229587072,4.865571022033691,0.09536664575621201,1.6837067604064941,0.03300115555808109,0.34790027141571045,0.006818949264607473,2.9676880836486816,0.05816757311867593,-1.5914971828460693,-0.03119382028772686,-0.11317896842956543,-0.0022183415965767667,0.4759855240406843,3.7302438458543987,2.213357449603428,2.0524586037629438,1.3363231807438707,0.7512474077069535,2.5657665425612097,-0.7888807667634207,0.6968214556031231,-1.7059660290974925,2.1031146849475415,0.6177562537575695,3.897083421460365,2.257419837608967
Qwen_2.5_7B_base,insult_19,anger_insults,harm_to_model,1,moderator_next,21,]:,5669,50.58182144165039,-2.5604448318481445,-0.05061986221278713,-1.7167117595672607,-0.03393930290840961,-0.7243034839630127,-0.014319442505615313,1.0119928121566772,0.020007045679920416,4.513820648193359,0.08923800131239563,0.8574364185333252,0.01695147375272828,-0.5880707502365112,-0.011626128389126739,2.4209847450256348,0.0478627434921142,-1.7130166292190552,-0.03386625037208551,-1.183443307876587,-0.02339661313386609,-1.7683826165255907,0.9497165009536452,-0.21601958489997236,1.6417944321506113,0.6773920665958356,-1.253276045492652,1.4186594787282825,-1.4111926876838201,0.5324583163272529,-4.663334113995111,-0.40933305778597273,-1.8411446244656016,1.0226068297143778,-0.4092688973756119
Qwen_2.5_7B_base,insult_20,anger_insults,harm_to_model,1,assistant_next,29,]:,5669,49.61111831665039,-1.9321532249450684,-0.03894597200193737,-2.003913402557373,-0.0403924255399182,-0.228681743144989,-0.004609485754491434,0.13058793544769287,0.0026322312392596317,4.797565460205078,0.09670343308094566,1.8128505945205688,0.036541216082850186,-0.9814850091934204,-0.01978356954037894,3.7410483360290527,0.0754074583070523,-1.5916862487792969,-0.032083256793771935,0.6625125408172607,0.013354114224732353,-0.3225968931539431,0.566030134777867,0.6247656676200684,0.6776839096733761,1.2089289149332763,1.0645490369665918,0.936498957705494,0.09143451617314677,0.6965657313446368,0.43743465111005686,0.12171662081196197,-0.37294622841531366,0.5711265581416328,0.09909016486315958
Qwen_2.5_7B_base,insult_20,anger_insults,harm_to_model,1,user_next,29,]:,5669,48.43988800048828,-1.7410906553268433,-0.03594332537080376,-0.24029278755187988,-0.004960638793166857,0.7040541172027588,0.01453459424174684,1.171228051185608,0.024178999983934763,4.795525074005127,0.09899950788401467,1.5916181802749634,0.032857594143465396,0.5795697569847107,0.011964721243345331,3.0964713096618652,0.06392399812383241,-1.305537462234497,-0.026951702741784562,-0.5692983865737915,-0.01175267759842989,0.11706445579567774,2.922134988632917,2.2070823645886195,1.8159713326349707,1.2051066760615803,0.5278414480702716,2.849695956210818,-0.6422869358853378,1.0836010105552212,-2.9663210277689003,1.5195997222142974,0.004689751374774125,3.0500431410411593,1.5273664462079668
Qwen_2.5_7B_base,insult_20,anger_insults,harm_to_model,1,moderator_next,30,]:,5669,51.4307746887207,-2.788860321044922,-0.054225516491326495,-2.090928554534912,-0.04065520239953675,-0.6323360204696655,-0.012294895892523729,1.1059925556182861,0.021504489526206604,4.908356666564941,0.09543617991897357,1.0258299112319946,0.01994583821536271,-0.3382406234741211,-0.006576619261935806,2.702394485473633,0.05254430838013987,-1.5567952394485474,-0.030269721754550366,-0.7375904321670532,-0.014341421777743791,-2.2939981900097615,0.44978244511668886,-0.060003654506651044,1.7446145369359176,1.4164731806222381,-0.8447551433440273,1.7248462051736428,-1.0908642320629307,0.7437581437302526,-3.4313477564337056,-0.9221078724465364,-2.2946194929840034,0.5527418822694682,-0.8709388053572675
Qwen_2.5_7B_base,insult_21,anger_insults,harm_to_model,1,assistant_next,26,]:,5669,50.57144546508789,-1.9473260641098022,-0.03850643473210872,-2.4632022380828857,-0.04870737261768329,-0.16881060600280762,-0.0033380617154664164,-0.09038615226745605,-0.001787296199193166,5.132589340209961,0.10149184570477139,1.817282795906067,0.03593495853624813,-1.1330726146697998,-0.022405383200921537,4.018677711486816,0.07946535192989727,-1.645747423171997,-0.032543017270648164,1.1255007982254028,0.022255658067009274,-0.35751169068802907,-0.04755571554387233,0.7263325784615234,0.4359749643400458,1.8365264242340686,1.0753015124897884,0.7507162689161343,0.4074597857100105,0.6234443947903929,1.7167697141176197,-0.2025337031159507,-0.317666634131741,-0.010612667834423996,-0.1641396509830825
Qwen_2.5_7B_base,insult_21,anger_insults,harm_to_model,1,user_next,26,]:,5669,50.063026428222656,-1.7332358360290527,-0.03462107586552047,-0.4986577033996582,-0.00996059844912899,0.5591952800750732,0.011169825717125065,1.0016169548034668,0.02000711955038365,5.048184871673584,0.10083659003139506,1.7943223714828491,0.035841268486942954,0.4495694041252136,0.008980068449712665,2.8134655952453613,0.05619847212551439,-1.3707411289215088,-0.027380308916936828,0.3398571014404297,0.006788584823726074,0.13513947936058995,2.576972980933826,1.9613401706462439,1.6304449677690387,1.678412219877904,1.019599756152488,2.6903701655440724,-0.9644320872457872,0.9954087115541194,-0.4541309777369951,1.356056230147208,0.17098603888233874,2.700230612715035,1.435608325798687
Qwen_2.5_7B_base,insult_21,anger_insults,harm_to_model,1,moderator_next,27,]:,5669,51.30174255371094,-2.8801076412200928,-0.05614054216978559,-2.38645601272583,-0.046518030264319055,-0.45032209157943726,-0.008777910245601647,1.172318458557129,0.022851435452309575,5.173410892486572,0.10084279080910773,0.9882879257202148,0.019264217481219387,-0.32025277614593506,-0.006242532128623951,2.4622538089752197,0.047995519964986286,-1.4407941102981567,-0.028084701192940983,-1.0307012796401978,-0.020090960430069086,-2.503970870458977,0.05497322551086193,0.24876937653825765,1.8171640571687802,1.9129971060679127,-0.9358316187109644,1.7468917453196255,-1.3642161491359899,0.9006573916759902,-4.241275391789887,-1.2244988224740576,-2.535467880173358,0.14256044489031008,-1.196453717641524
Qwen_2.5_7B_base,insult_23,anger_insults,harm_to_model,3,assistant_next,58,]:,5669,44.55276870727539,-0.447942852973938,-0.010054209109136458,-0.17845678329467773,-0.004005514998791445,1.2751257419586182,0.028620572389935272,2.5581417083740234,0.057418243188919554,3.3628714084625244,0.07548063803974933,1.5247056484222412,0.034222466810985404,0.4905954599380493,0.011011559419828737,1.0853302478790283,0.024360556691997364,-0.28450924158096313,-0.006385893623138695,1.0496859550476074,0.023560510053692703,3.0927760685399637,3.004744654529197,3.1758627079103228,3.3330244894717946,-1.4786717822742361,0.3655123257303878,2.7406508658386532,-2.931567006045875,2.46460963629216,1.5072771716571514,3.0487603615345806,3.260704523144032,3.1168665341012396,3.1887855286226356
Qwen_2.5_7B_base,insult_23,anger_insults,harm_to_model,3,user_next,58,]:,5669,45.13969421386719,-0.14011941850185394,-0.003104128659755263,0.5174548625946045,0.011463410898243064,1.4701051712036133,0.03256790274737812,2.219616651535034,0.049172168535717604,3.4830760955810547,0.0771621553101047,1.3042161464691162,0.028892888380897652,0.5954248905181885,0.013190716084542512,1.7957971096038818,0.03978310311752626,-0.8330293893814087,-0.01845447568684453,1.021172285079956,0.022622490091353913,3.801120286398698,3.934446197357266,3.506630741579287,2.9627343106389925,-1.2534933196501057,-0.16939296549351274,2.8691276856698793,-2.1228432133873993,1.7226996281456148,1.4284878348198569,3.867783241877982,4.134800200240448,4.199120082303085,4.166960141271766
Qwen_2.5_7B_base,insult_23,anger_insults,harm_to_model,3,moderator_next,59,]:,5669,49.0106201171875,-1.9681830406188965,-0.04015829703670033,-2.1096558570861816,-0.04304487174497815,-0.8928682804107666,-0.018217853156639558,0.4268125295639038,0.00870857231643607,3.2373318672180176,0.06605368100785813,0.30452078580856323,0.006213363248219156,-1.2554945945739746,-0.02561678655711777,2.3353965282440186,0.04765082593649983,-2.0299177169799805,-0.04141791538499857,-0.05448877811431885,-0.0011117749170288546,-0.40550647294874154,0.4247637488816594,-0.501977167618991,1.0017044089362614,-1.7138439837384072,-2.5946437520048766,0.600678378139777,-1.508617678223788,0.10382850291902765,-1.5437925460264263,0.009628637966458936,-0.5254175673933276,0.38555327813833534,-0.06993214462749611
Qwen_2.5_7B_base,insult_24,anger_insults,harm_to_model,2,assistant_next,44,]:,5669,43.45860290527344,-1.148782730102539,-0.026433954460214397,-0.5405352115631104,-0.012437933468347177,0.9059308767318726,0.02084583525859142,1.9520210027694702,0.044916791435386995,3.806938648223877,0.08759919541182323,1.6595675945281982,0.03818732042872045,0.18789207935333252,0.004323472610541121,1.462031364440918,0.033641932015801394,-0.301372766494751,-0.006934709041421606,0.775399923324585,0.017842265316598452,1.4800467600639662,2.521026821418699,2.549551203745001,2.6700291219551042,-0.6468042341094878,0.6926860365774701,2.3696637539707206,-2.502768462303808,2.4418005964486147,0.7493665074842326,2.0005367907413323,1.200661519671735,2.5269086488967485,1.8637850842842418
Qwen_2.5_7B_base,insult_24,anger_insults,harm_to_model,2,user_next,44,]:,5669,42.96063232421875,-0.7576824426651001,-0.017636668774960326,-0.07985115051269531,-0.001858705195725897,1.0698394775390625,0.02490278703220921,1.8646224737167358,0.04340305002134636,3.966381072998047,0.09232594723150822,1.0985181331634521,0.025570343678209092,0.2868453860282898,0.006676935848231981,1.911590576171875,0.04449633240370695,-0.46090713143348694,-0.010728592818538517,0.49881237745285034,0.011610917960619692,2.380022512996197,3.1364766200315133,2.827609898451212,2.5744296491868197,-0.3481220366980986,-0.6684142555630763,2.490938915755213,-1.9910356140567411,2.226019749626537,-0.014903729963694523,2.758249566513855,2.3070759624495034,3.267063939024332,2.7870699507369174
Qwen_2.5_7B_base,insult_24,anger_insults,harm_to_model,2,moderator_next,45,]:,5669,47.33247756958008,-2.0668487548828125,-0.043666608236268355,-1.8507827520370483,-0.03910175099785016,-0.7764201164245605,-0.01640353846432824,0.716858983039856,0.015145181909948681,3.4782989025115967,0.07348651668187872,0.36083459854125977,0.007623403993818467,-0.9335647821426392,-0.01972355621508028,1.9926599264144897,0.042099210282944166,-1.4285093545913696,-0.030180320742589917,-0.4824824333190918,-0.010193475137865518,-0.6325499023081951,0.7706046707609331,-0.3044315579347984,1.318967048607017,-1.2624423965690321,-2.458027014550795,0.9952290141696287,-1.8987544452526195,0.9172733414146615,-2.7264300775125676,0.069027384226369,-0.9666498201400399,0.6614261117127513,-0.15261185421364426
Qwen_2.5_7B_base,insult_25,anger_insults,harm_to_model,2,assistant_next,64,]:,5669,42.62888717651367,-0.9353775978088379,-0.021942341444094345,-0.5296401977539062,-0.012424443442795542,0.44939279556274414,0.010541978112211582,1.5915961265563965,0.03733609371424747,3.6529946327209473,0.08569293910007483,1.6477230787277222,0.038652734984729625,0.03142672777175903,0.0007372167056960742,1.490643858909607,0.03496792803286864,-0.14554819464683533,-0.0034143090351892863,0.9103105664253235,0.02135431222156927,1.9711214301288613,2.5355819897470093,1.7750684596521866,2.2757841785676276,-0.9351863061575852,0.6639513616041162,2.1779029986777907,-2.470198885465333,2.652563701200015,1.1221533186614416,2.2533517099379354,1.7655613865401956,2.5278524525011985,2.146706919520697
Qwen_2.5_7B_base,insult_25,anger_insults,harm_to_model,2,user_next,64,]:,5669,42.1203498840332,-0.25071394443511963,-0.005952323404848049,0.08866190910339355,0.0021049661113333516,0.7386661171913147,0.0175370365921705,1.5005052089691162,0.035624234202715425,3.5478835105895996,0.08423205221128792,1.2811917066574097,0.030417404180753924,0.2835186719894409,0.0067311566207315845,1.7057641744613647,0.04049738853446653,-0.21102499961853027,-0.005010048591702812,0.6184514164924622,0.014682960093997272,3.5466270146112278,3.361601249626635,2.265799036505735,2.176145846095592,-1.1320901162635508,-0.2252500225127914,2.4868617626329086,-2.2253276228584626,2.5640019644894196,0.3156843899267396,3.4541141321189315,3.7765892798998064,3.5443745528655346,3.6604819163826705
Qwen_2.5_7B_base,insult_25,anger_insults,harm_to_model,2,moderator_next,65,]:,5669,48.06691360473633,-1.8719475269317627,-0.03894461671338324,-1.9754654169082642,-0.041098237202265665,-1.1362857818603516,-0.023639665970739306,0.4983023405075073,0.010366847029229822,3.5567851066589355,0.07399653607691724,0.3680119216442108,0.007656241976974955,-1.0833921432495117,-0.022539249184136474,2.106365203857422,0.04382151975012327,-1.4104232788085938,-0.02934291330637081,0.13272881507873535,0.0027613342552049516,-0.18405527060654833,0.6040351549619021,-0.9149167716934457,1.0799023867350537,-1.115414828753193,-2.4406149016357404,0.8116036451087891,-1.769323829733574,0.9417359626787029,-1.0264705026454872,0.20998994217767686,-0.372775776882413,0.5217458072722901,0.07448501519493858
Qwen_2.5_7B_base,critique_01,rude_critique,harm_to_model,1,assistant_next,12,]:,5669,51.97025680541992,-2.7733006477355957,-0.053363227703857936,-2.6628072261810303,-0.0512371381221139,-0.66996169090271,-0.012891252267832557,-0.08129191398620605,-0.001564200736790052,4.327190399169922,0.08326282503030934,1.22822105884552,0.023633153544806617,-2.06911563873291,-0.039813458041583594,4.020135402679443,0.07735454180515398,-3.024049997329712,-0.05818809032735695,0.30469608306884766,0.005862893543313629,-2.2581932337063724,-0.3142175345940273,-0.12383279316402582,0.4459225503502413,0.3277791391663374,-0.35375627584072183,-0.39647903960838327,0.40911907428958494,-1.240801573424749,-0.5512883525387581,-1.2862053841502,-2.186171409969067,-0.1876028293693963,-1.1868871196692317
Qwen_2.5_7B_base,critique_01,rude_critique,harm_to_model,1,user_next,12,]:,5669,52.96495819091797,-1.79274320602417,-0.03384772248024876,0.08894944190979004,0.0016794017204575537,0.561058759689331,0.010593018079367373,1.0662498474121094,0.02013123173945867,3.700977325439453,0.06987596048124642,1.2622785568237305,0.023832333677555446,-0.5499516725540161,-0.010383311746828069,3.649028778076172,0.06889515073197736,-2.7599639892578125,-0.05210924512220365,-0.6132622957229614,-0.011578642118670057,-0.0017951940125130956,3.3619853784097926,1.9645014245804513,1.7011426159313685,-0.8453007181832575,-0.27113313182244103,1.4653774457003772,-0.013311264264436308,-0.8836076705468349,-3.0878026627379493,1.6800950921986397,0.26824892034928133,3.514600761518975,1.8914248409341283
Qwen_2.5_7B_base,critique_01,rude_critique,harm_to_model,1,moderator_next,13,]:,5669,51.25403594970703,-3.6610851287841797,-0.0714301822470452,-2.7345235347747803,-0.05335235526540834,-0.9132031798362732,-0.017817195522560465,1.050994873046875,0.020505602214002477,4.121131420135498,0.08040598840214952,0.07618767023086548,0.0014864716274368042,-1.5251774787902832,-0.029757217173821432,2.410660743713379,0.04703357889862249,-2.7890913486480713,-0.05441700925532702,-1.4108121395111084,-0.027525874077418338,-4.301107883573654,-0.4100267700614721,-0.5364738051559665,1.6844562080224876,-0.058229470157821255,-3.148577570178744,0.2701605155960455,-1.4229444891350356,-0.9230043627725798,-5.291602571976074,-2.355567326817563,-4.458410843672816,-0.33558991481963013,-2.397000379246223
Qwen_2.5_7B_base,critique_02,rude_critique,harm_to_model,1,assistant_next,21,]:,5669,52.18008041381836,-2.139462471008301,-0.04100151732310721,-2.7813992500305176,-0.05330385135424103,-0.9219450950622559,-0.017668525762143245,-0.7618319988250732,-0.01460005413528118,4.455132007598877,0.08537993755983302,1.6266324520111084,0.031173437049367647,-1.9160122871398926,-0.036719228332819764,3.835394859313965,0.07350304616047072,-2.3097410202026367,-0.04426480376965785,0.08058333396911621,0.0015443313488603993,-0.799644087463191,-0.472650272702728,-0.5513038111776059,-0.2984752560364524,0.5674511135485194,0.6127857155030004,-0.20883868318065624,0.19882907916497358,-0.2746511390886555,-1.1705595616950464,-0.6361471800829596,-0.6314674487661217,-0.33219643227844425,-0.48183194052228295
Qwen_2.5_7B_base,critique_02,rude_critique,harm_to_model,1,user_next,21,]:,5669,51.14633560180664,-0.8870639801025391,-0.017343646806071582,-0.2090928554534912,-0.004088129735849648,0.02198965847492218,0.00042993614725637236,0.1858658790588379,0.0036340018668370166,4.305656433105469,0.0841830872621377,1.7320456504821777,0.03386451111506406,-0.5850987434387207,-0.011439700157484073,3.4930620193481445,0.06829545026535115,-2.2091383934020996,-0.04319250572711736,-0.7820167541503906,-0.015289790460037717,2.0822977341837685,2.9638164652676937,1.050010971352485,0.7381487976093256,0.2874397356968844,0.8685170638326709,1.422301909864117,-0.1908480860958651,-0.13857939046019116,-3.554107136448918,2.5230570997257313,2.343928663388057,3.1110865534542227,2.72750760842114
Qwen_2.5_7B_base,critique_02,rude_critique,harm_to_model,1,moderator_next,22,]:,5669,51.21552658081055,-2.4491124153137207,-0.04781972536100713,-2.5642428398132324,-0.050067684762886026,-1.3424806594848633,-0.026212376384857173,-0.07386326789855957,-0.0014422045975064656,4.515994071960449,0.08817626945287532,0.9166562557220459,0.01789801485835936,-1.3961132764816284,-0.027259570870149456,2.7125840187072754,0.052964095066507184,-2.299473285675049,-0.044897972142233455,-1.0033392906188965,-0.01959052962260917,-1.5121913565987863,-0.18254067214269465,-1.2647109755669965,0.45404825517683717,0.6814635236599137,-1.1096093222379593,0.4283389791716314,-1.0792654955052188,-0.2607633447431674,-4.1656683944449835,-0.8473660143707404,-1.4889778351391285,-0.10578428192108491,-0.7973810585301067
Qwen_2.5_7B_base,critique_03,rude_critique,harm_to_model,1,assistant_next,23,]:,5669,47.92644119262695,-1.1588315963745117,-0.024179379222356853,-1.7267673015594482,-0.03602953314683202,-0.482835590839386,-0.010074513751162185,-0.3544238805770874,-0.007395163750059795,3.294898271560669,0.06874907023281251,1.5206130743026733,0.03172806151391449,-1.6386256217956543,-0.03419042977152541,3.095745801925659,0.06459369243552161,-1.8078441619873047,-0.03772122688436597,0.19421696662902832,0.004052397002490283,1.4569229315224683,0.9362828230444865,0.19361265431605115,0.1471615496187767,-1.6060053067332822,0.35558378250319933,0.13112077696133353,-0.6431127806919529,0.4041977667545073,-0.8565656573732079,1.1966028772834774,1.4842142761402397,0.876367904843381,1.1802910904918105
Qwen_2.5_7B_base,critique_03,rude_critique,harm_to_model,1,user_next,23,]:,5669,50.77117919921875,-0.6431983709335327,-0.012668572624829443,0.1765275001525879,0.003476923383243071,0.5991368889808655,0.01180072825627979,0.5982687473297119,0.011783629152716584,3.0552093982696533,0.06017605748886498,1.41196870803833,0.027810437541699977,-0.5508648157119751,-0.01084995118097339,3.1089982986450195,0.06123549517031623,-1.6292004585266113,-0.03208908054181418,-0.0982973575592041,-0.0019360857697139457,2.6434661666187886,3.4789850813852614,2.0290981258854264,1.189249030097624,-2.0550125234199323,0.0920136539407089,1.464258316002391,-0.6280274755405555,0.6458252658013971,-1.6648449719737812,3.061225624002025,2.931902020199007,3.640360895769295,3.286131457984151
Qwen_2.5_7B_base,critique_03,rude_critique,harm_to_model,1,moderator_next,24,]:,5669,49.37942123413086,-1.9309587478637695,-0.03910452369840857,-1.9635050296783447,-0.03976362988072404,-0.8017500638961792,-0.016236522094795487,0.5621193647384644,0.011383676654961069,3.4057540893554688,0.0689711220633227,0.40898531675338745,0.008282505273081216,-1.1251863241195679,-0.022786543381797347,1.9751346111297607,0.03999914461866061,-1.901832103729248,-0.038514669799627164,-1.1977295875549316,-0.024255642484668608,-0.3198482364918736,0.6200136064307921,-0.3474019212729633,1.1497076104183857,-1.3983400049688086,-2.3412138614539475,0.760381546353507,-1.9187034959517504,0.2770728199260992,-4.70281014436952,0.15008268496945923,-0.3928869116190769,0.6151190329770876,0.11111606067900534
Qwen_2.5_7B_base,critique_04,rude_critique,harm_to_model,1,assistant_next,17,]:,5669,49.76835250854492,-1.4966750144958496,-0.030072826184850698,-2.021209239959717,-0.04061233973161333,-0.4231136441230774,-0.008501660649715729,-0.6233669519424438,-0.012525368442433684,3.4484081268310547,0.06928917581185723,1.4202910661697388,0.028538036615254312,-1.8910844326019287,-0.03799773022981304,3.5197713375091553,0.07072308324662409,-2.5554051399230957,-0.05134598617634265,0.0138779878616333,0.0002788516629970931,0.6794985870170045,0.5429238010752396,0.29492647474689593,-0.14701749556512786,-1.3184365435173138,0.11220361019947521,-0.17828761122949593,-0.16044489314460844,-0.606928211852493,-1.3548806255662813,0.611211194046122,0.7430089691467745,0.5557406861136585,0.6493748276302165
Qwen_2.5_7B_base,critique_04,rude_critique,harm_to_model,1,user_next,17,]:,5669,53.83628463745117,-1.0825002193450928,-0.020107260867553486,0.5948998928070068,0.011050166199492251,0.4106038510799408,0.007626897989804901,0.4094839096069336,0.0076060952639008155,2.939802408218384,0.0546063389778074,1.02653169631958,0.019067654895439684,-0.6493432521820068,-0.012061442511400419,3.1314282417297363,0.05816575684629174,-2.917140245437622,-0.05418539308725468,-1.2763880491256714,-0.02370869493913317,1.6325719676418653,4.037908705131266,1.709265913484354,0.9827497772091215,-2.2712034991528336,-0.843052619852767,1.3435651454909967,-0.602495491407549,-1.0961990183221395,-4.920160209472728,2.8352403363865655,1.9963552616270341,4.170208214441309,3.0832817380341715
Qwen_2.5_7B_base,critique_04,rude_critique,harm_to_model,1,moderator_next,18,]:,5669,51.016910552978516,-2.6323816776275635,-0.05159821810248518,-2.086182117462158,-0.04089197277627704,-1.0528305768966675,-0.02063689403150658,0.38087332248687744,0.007465628913208288,3.4013593196868896,0.06667121318831622,0.27385348081588745,0.00536789621024786,-1.4520235061645508,-0.02846161185430264,1.959606409072876,0.038410918807753415,-2.7918522357940674,-0.054724055328573225,-1.9132827520370483,-0.03750291288317429,-1.9339192295720806,0.4561234366714957,-0.7733412518954426,0.9514545474848535,-1.4065726912415324,-2.669042322289855,0.35981653785011763,-1.936379234451535,-0.9267386463958731,-6.680035782645268,-0.7388978964502925,-1.964190200711129,0.5361766997841484,-0.7140067504634903
Qwen_2.5_7B_base,critique_05,rude_critique,harm_to_model,1,assistant_next,20,]:,5669,50.87601852416992,-2.4076614379882812,-0.04732409311558965,-2.8580856323242188,-0.05617746268738411,-0.8178263902664185,-0.016074889780887426,-0.3207578659057617,-0.006304696696212139,4.902456760406494,0.09636085728834028,1.224470615386963,0.024067736645021615,-1.5015790462493896,-0.029514476364458964,3.6407551765441895,0.07156132264584655,-2.389923572540283,-0.04697544426368369,0.44510138034820557,0.008748746329997286,-1.4168069354502684,-0.5750992665563242,-0.3746742078043952,0.18398657731284826,1.4054209344059507,-0.36285481356087496,0.2990822749634014,-0.02272909748137962,-0.38310337789260956,-0.16331864279483221,-0.9959531010032963,-1.4266433044377491,-0.5332431036600259,-0.9799432040488876
Qwen_2.5_7B_base,critique_05,rude_critique,harm_to_model,1,user_next,20,]:,5669,51.63217544555664,-1.9708278179168701,-0.03817053612228682,-0.38874030113220215,-0.007529031999476914,0.6303802728652954,0.012209058933222708,1.2783708572387695,0.024759190295724477,5.029358863830566,0.09740745611491337,1.6439948081970215,0.03184051018595035,0.4784073233604431,0.009265682091293984,3.6029515266418457,0.06978112960669196,-2.1451141834259033,-0.04154607403067514,-0.9295861721038818,-0.018004009400767563,-0.4115924706238586,2.723816878539709,2.082100192270759,1.933167764664353,1.6431456125179067,0.6549066151816315,2.7257133333299515,-0.0657609583216347,-0.05198238516240814,-3.9618728358910373,1.1561122039579252,-0.2754214364068482,2.8703504668885564,1.2974645152408542
Qwen_2.5_7B_base,critique_05,rude_critique,harm_to_model,1,moderator_next,21,]:,5669,51.22474670410156,-3.4553446769714355,-0.06745459761726388,-3.015951633453369,-0.05887684815456359,-1.0731205940246582,-0.02094926111052363,0.6311992406845093,0.01232215445262454,4.8742218017578125,0.09515365356345498,0.3965144455432892,0.007740681429500173,-0.9559996128082275,-0.018662847047942174,2.6018972396850586,0.05079375511049086,-2.232245922088623,-0.043577490680103005,-1.377416968345642,-0.026889678465415474,-3.827670701407404,-0.7859999831585281,-0.8077617499680995,1.2252695196509276,1.3525286160348984,-2.371468068286305,0.9677333416145499,-1.2052601569742638,-0.16983386099297113,-5.199324608715641,-2.306835342282966,-3.9584106833678803,-0.7221003985533667,-2.3402555409606234
Qwen_2.5_7B_base,critique_06,rude_critique,harm_to_model,1,assistant_next,16,]:,5669,49.72502136230469,-1.963871955871582,-0.0394946427787831,-2.3241798877716064,-0.046740651368196495,-0.5827856063842773,-0.011720168044534471,-0.2717024087905884,-0.0054640983824002795,3.9419710636138916,0.07927540211379784,1.401829719543457,0.028191636346005668,-1.8068671226501465,-0.03633718142592671,3.549149990081787,0.0713755347478304,-2.395616054534912,-0.048177275522519325,0.10771119594573975,0.002166136745541812,-0.39558607179833427,0.13817086962746403,0.02405492079009397,0.23764509865693295,-0.3938491087243719,0.06741657087995241,-0.07507258757185924,-0.1270031992223156,-0.3908028386689266,-1.0955995071886753,-0.1287076010854351,-0.4419512935628233,0.12698518897534317,-0.15748305229374007
Qwen_2.5_7B_base,critique_06,rude_critique,harm_to_model,1,user_next,16,]:,5669,50.85774230957031,-1.6011273860931396,-0.03148247077794176,0.1063387393951416,0.0020909056235304214,0.6332513093948364,0.012451423925589249,0.9456512928009033,0.01859404782549603,3.917452812194824,0.07702765860799222,1.4042599201202393,0.027611526905235592,-0.1810767650604248,-0.003560456222342967,3.437779426574707,0.06759598972461253,-2.392261505126953,-0.047038295380186036,-0.9433326721191406,-0.0185484575067664,0.4391392602832818,3.3852165698926835,2.0869706912313175,1.569227830151713,-0.43977894967419623,0.07331221278462934,1.917463036245339,-0.2537762119583249,-0.38626558732352617,-3.999857340210013,1.9121779150879827,0.5657212018989957,3.5433908379705596,2.0545560199347777
Qwen_2.5_7B_base,critique_06,rude_critique,harm_to_model,1,moderator_next,17,]:,5669,51.23184585571289,-2.8111510276794434,-0.0548711642285278,-2.3736135959625244,-0.04633082326659604,-0.8308652639389038,-0.01621774991826209,0.906504213809967,0.017694154849758986,4.086700439453125,0.07976875264191588,0.5235537886619568,0.010219303636579299,-1.116862177848816,-0.021800154946481867,2.421670913696289,0.04726885930513954,-2.39726185798645,-0.04679241627830456,-1.2966581583023071,-0.025309612344520203,-2.3452921832160536,0.07213002228098797,-0.3967936827798134,1.5264074285669933,-0.12272874620562443,-2.0632719127966412,0.7705834508640785,-1.4104116225003043,-0.3930288973780453,-4.976170833901592,-1.1365810804675327,-2.3758211280046444,0.15565802121089944,-1.1100815533968724
Qwen_2.5_7B_base,critique_07,rude_critique,harm_to_model,1,assistant_next,17,]:,5669,51.34495162963867,-2.056387186050415,-0.040050426006504866,-2.0710251331329346,-0.040335516295188084,-0.3512526750564575,-0.0068410362442273345,-0.43892621994018555,-0.00854857597502959,4.811217308044434,0.09370380447037323,2.211834669113159,0.04307793851024657,-1.4881184101104736,-0.02898275999643679,4.096390724182129,0.07978176226029403,-1.994297981262207,-0.03884116973461138,0.9242658615112305,0.018001104922215988,-0.6084763882014192,0.4763723745916149,0.4168332396182073,0.0547300272767416,1.2345028104454647,2.0324803476328914,0.31557935707538654,0.49592043848878714,0.15200656624545486,1.160714768184943,-0.06605200680490217,-0.5118508753435702,0.5751081036247918,0.0316286141406108
Qwen_2.5_7B_base,critique_07,rude_critique,harm_to_model,1,user_next,17,]:,5669,50.363338470458984,-1.1563763618469238,-0.02296067728959639,0.8530292510986328,0.01693750408541689,0.7900638580322266,0.015687281304746007,0.7455368638038635,0.01480316608163623,4.44457483291626,0.08825020278437777,2.1984591484069824,0.0436519741378246,0.1453726887702942,0.0028864784024506974,3.1937501430511475,0.06341418658980415,-1.800241470336914,-0.03574507816619146,0.030142664909362793,0.000598504106852313,1.4625727651164786,4.382756020261734,2.352991463618719,1.3503358863994315,0.5476744440885174,2.000031470315686,2.3175528529285327,-0.5315545269268467,0.41448091322942776,-1.309937862326151,2.9226643926891063,1.6374876229530542,4.582104448149854,3.1097960355514545
Qwen_2.5_7B_base,critique_07,rude_critique,harm_to_model,1,moderator_next,18,]:,5669,50.26838684082031,-2.770052433013916,-0.05510525813739665,-1.8296172618865967,-0.0363969758504536,-0.48264411091804504,-0.009601344726783935,1.1372225284576416,0.022623016172346376,4.600679874420166,0.0915223297096973,1.2882113456726074,0.025626669695048156,-0.7532495260238647,-0.014984557360257092,2.4776620864868164,0.04928867310448159,-1.6009278297424316,-0.031847607022121555,-0.9870589971542358,-0.019635780242557875,-2.250718643214549,0.7988806580415337,0.19393748569602945,1.7787749395235721,0.8401047485662774,-0.20822044959231162,1.2162197277983091,-1.3466769206387448,0.6840658779935058,-4.120682479722243,-0.7259189925865077,-2.4052625819945876,0.8506604851813883,-0.7773010484065996
Qwen_2.5_7B_base,critique_08,rude_critique,harm_to_model,1,assistant_next,23,]:,5669,53.55271911621094,-3.1153740882873535,-0.05817396650815997,-3.158154249191284,-0.05897280850180546,-0.907189667224884,-0.01694012334380737,-0.1497647762298584,-0.0027965858447796936,5.11008358001709,0.09542155215177892,1.108860731124878,0.020705965064418453,-2.3162038326263428,-0.043250909960334864,4.368114471435547,0.08156662338576334,-2.6446022987365723,-0.04938315630617578,-0.13604676723480225,-0.0025404268817719013,-3.0453514437803864,-0.9759752365210221,-0.5262723303151853,0.3710246132753641,1.7943665667285054,-0.64332321800545,-0.699305308849647,0.8052233367276368,-0.7275733059065957,-1.7691546226681325,-2.010663340150704,-2.7912069952556786,-0.7288140790623093,-1.760010537158994
Qwen_2.5_7B_base,critique_08,rude_critique,harm_to_model,1,user_next,23,]:,5669,50.375335693359375,-1.0981303453445435,-0.021798968289342878,-0.6582303047180176,-0.013066519471448157,0.1433764398097992,0.0028461634614714735,0.6955239772796631,0.01380683558147185,4.32097053527832,0.08577551843188855,1.4750527143478394,0.029281248334039094,-0.7685847282409668,-0.015257163404715215,3.5000739097595215,0.06947991237348541,-1.9545228481292725,-0.038799202451506906,-0.6698592901229858,-0.013297366278618937,1.59660488997248,2.3637923357828323,1.255934576375923,1.2956300963231624,0.316127518731095,0.24505481221649947,1.1974252155948315,-0.1828664575179646,0.20580508114963508,-3.244192200136011,1.9801986128776563,1.7835930993660654,2.482930842245256,2.133261970805661
Qwen_2.5_7B_base,critique_08,rude_critique,harm_to_model,1,moderator_next,24,]:,5669,51.37407684326172,-2.5583720207214355,-0.04979889037280082,-2.540860414505005,-0.04945802573264666,-0.9016531705856323,-0.017550742047132164,0.9498662948608398,0.01848921388424764,4.814463138580322,0.0937138618231306,0.4784395694732666,0.009312859692505001,-1.020226001739502,-0.01985877050116407,2.3803887367248535,0.046334433297696674,-2.075850486755371,-0.04040657495586009,-1.6208627223968506,-0.03155020629065464,-1.763612791970694,-0.1513029755004117,-0.5168800774305025,1.5738383422394397,1.240583198386487,-2.1727185501181565,0.88901878451481,-1.4574030875891677,0.041701374617714664,-5.8720170239435125,-0.9574578837355529,-1.7378928791690686,-0.06313066440027579,-0.9005117717846722
Qwen_2.5_7B_base,critique_09,rude_critique,harm_to_model,1,assistant_next,21,]:,5669,51.6854362487793,-2.738976001739502,-0.052993187259867444,-3.37856388092041,-0.06536781202074511,-0.19640645384788513,-0.0038000347506503603,0.7215783596038818,0.0139609609974207,5.053562641143799,0.09777536977378523,0.9472132921218872,0.018326502799795145,-1.8653968572616577,-0.03609134395776169,4.075442314147949,0.07885088353576976,-2.075566530227661,-0.04015766685681562,0.4078052043914795,0.007890137609143446,-2.179207484739343,-1.2704309707843577,0.6795182844383578,1.3241292626191505,1.6884863516832291,-1.035478262438698,-0.14680544090166908,0.47207488210086984,0.0420854447209394,-0.2663759122915773,-1.7248192277618504,-2.1396322720700627,-1.1762281590833745,-1.6579302155767186
Qwen_2.5_7B_base,critique_09,rude_critique,harm_to_model,1,user_next,21,]:,5669,51.003536224365234,-2.0205435752868652,-0.03961575460961113,-0.8463091850280762,-0.016593147214443146,1.1574854850769043,0.022694220259260264,2.0226311683654785,0.039656684969212666,4.767897605895996,0.0934817065413259,1.1779124736785889,0.023094721677668312,0.0005311965942382812,1.0414897349500245e-05,3.4225430488586426,0.06710403439092595,-1.6649396419525146,-0.032643611898367654,-0.6573755741119385,-0.012888823457654673,-0.5259952916108276,2.1125287935925114,2.9762948016970823,2.7472649138639893,1.1533523647768895,-0.475804392242657,2.1400380635091323,-0.27111976707220825,0.597485641499558,-3.2096970366971616,0.793266750990842,-0.45718325073843274,2.236197137950048,0.8895069436058076
Qwen_2.5_7B_base,critique_09,rude_critique,harm_to_model,1,moderator_next,22,]:,5669,52.292301177978516,-3.5067954063415527,-0.06706140918155548,-3.3193869590759277,-0.06347754610718485,-0.2889854609966278,-0.0055263481332186275,2.061655282974243,0.03942559873120392,5.1999969482421875,0.0994409660906647,0.3207074701786041,0.00613297680450256,-0.7772924900054932,-0.014864377212239205,2.297201633453369,0.043930016115274216,-1.711148738861084,-0.0327227660729088,-1.2414898872375488,-0.023741351198374276,-3.9460659324801775,-1.1913736998454196,0.522464915925635,2.789950812840573,1.9628005480616981,-2.5553750202049073,1.1867531597307195,-1.5520948927701406,0.5349847623589189,-4.823729163061476,-2.5687198161627984,-3.908960275643806,-1.04397935230696,-2.476469813975383
Qwen_2.5_7B_base,critique_10,rude_critique,harm_to_model,1,assistant_next,27,]:,5669,49.33713912963867,-1.5299545526504517,-0.031010200016468942,-2.5403406620025635,-0.05148941967079898,-0.7725918292999268,-0.01565943714875437,-0.6304072141647339,-0.01277753889434632,4.062850475311279,0.08234872444945987,1.3590091466903687,0.027545357729791043,-1.9697307348251343,-0.039923894444901915,3.7451703548431396,0.07590975927895412,-2.2394068241119385,-0.04538987998934545,0.6529536247253418,0.013234525476023964,0.6029177754707694,-0.15060861335506917,-0.29793715486141453,-0.1547183729585597,-0.16740669003493422,-0.036465703738387326,-0.27467492102603763,0.09612660649899925,-0.17951945759276522,0.41102133214339737,0.22615458105785013,0.6251176123476223,-0.20525322106612232,0.20993219564075
Qwen_2.5_7B_base,critique_10,rude_critique,harm_to_model,1,user_next,27,]:,5669,47.14501953125,-0.793302059173584,-0.016826847608955704,-0.6347439289093018,-0.01346364759672149,-0.12668944895267487,-0.002687228687405654,0.3379814624786377,0.007168974916949758,3.461059808731079,0.07341305281328649,1.3304214477539062,0.028219766604869863,-0.6439511775970459,-0.01365894391389962,2.639704704284668,0.05599116790130809,-1.9118094444274902,-0.04055167361125496,-0.6621767282485962,-0.014045528771277174,2.298056858109001,2.3951689048541835,0.7977879742808834,0.904537977523308,-1.2947362507238402,-0.10581917086300606,1.3501735625274602,-1.1622239538675263,0.2635778025627503,-3.2229636470952636,2.346612881481592,2.4089253130550556,2.455146539344806,2.432035926199931
Qwen_2.5_7B_base,critique_10,rude_critique,harm_to_model,1,moderator_next,28,]:,5669,49.790504455566406,-1.9280105829238892,-0.03872245529555675,-2.324617385864258,-0.04668796613496399,-0.683303713798523,-0.013723574831588837,0.8946882486343384,0.017969053706470638,4.297224521636963,0.08630610532319176,0.6709448099136353,0.013475356742215653,-1.0475608110427856,-0.02103936930339078,2.361016273498535,0.0474190068832408,-1.7735891342163086,-0.03562103163262945,-1.0035407543182373,-0.020155263845816385,-0.3130641019699534,0.13758639506934314,-0.1464665381467809,1.5134827254480547,0.27164430452880783,-1.7057027929608213,0.855517797716125,-1.4794547451365572,0.4505299717510787,-4.166225081510727,-0.08773885345030512,-0.3448350449219594,0.13067120964563758,-0.1070819176381609
Qwen_2.5_7B_base,critique_11,rude_critique,harm_to_model,1,assistant_next,28,]:,5669,47.673545837402344,-0.8360176086425781,-0.017536300142094306,-0.7851946353912354,-0.016470237772312078,0.01109391450881958,0.00023270588151040855,0.250363826751709,0.005251630067660831,4.293287754058838,0.09005597713880416,1.9699020385742188,0.041320652868843864,-0.585949182510376,-0.012290866395984935,2.5429470539093018,0.05334084153468252,-1.0966079235076904,-0.023002440960608078,0.5210740566253662,0.010930046160245057,2.1997624818835138,2.194174633868697,1.0315271557982821,0.8086988384498808,0.2642695898467041,1.4455542443551563,1.4212596290200656,-1.2723631006678642,1.3661921175554537,0.04661002610057296,2.1969685578761053,2.3196990951949776,2.2447962598761126,2.282247677535545
Qwen_2.5_7B_base,critique_11,rude_critique,harm_to_model,1,user_next,28,]:,5669,48.372615814208984,-1.0018551349639893,-0.020711204430455963,0.6551625728607178,0.013544079885551076,0.641520619392395,0.013262061780085802,0.9540691375732422,0.019723331507182907,4.430513381958008,0.09159135406228305,2.0026707649230957,0.04140091932623645,0.4077718257904053,0.008429807214821455,2.9078590869903564,0.06011374489564406,-1.3241721391677856,-0.02737441663799424,-0.01633000373840332,-0.0003375877748915646,1.8181474398863768,4.11841649222153,2.100998957794016,1.5784355540207875,0.5213332423854461,1.5250508414965873,2.6391439029250314,-0.8569840600978963,1.0583963697214736,-1.4383517335665361,2.9682819660539534,1.9203986649533562,4.3446900726913205,3.132544368822338
Qwen_2.5_7B_base,critique_11,rude_critique,harm_to_model,1,moderator_next,29,]:,5669,50.344932556152344,-2.062140464782715,-0.04096023889758322,-1.7508044242858887,-0.03477617975420117,-0.5732808709144592,-0.011387062049890503,0.917445182800293,0.018223188238002272,4.472156047821045,0.08883031162735226,1.019838571548462,0.020257025280766488,-0.5662139058113098,-0.01124669111791503,2.5727319717407227,0.0511021038487085,-1.6704744100570679,-0.03318058690800509,-0.8158893585205078,-0.016205987715059576,-0.6217154768066884,0.9041704849108684,0.04017899436067087,1.5383750312072872,0.5993421096217348,-0.8592900725349994,1.4454467830926712,-1.2384589553651992,0.5899994992566441,-3.647704349234972,0.14122750405209,-0.6262759558660534,0.9640563562170861,0.16889020017551631
Qwen_2.5_7B_base,critique_12,rude_critique,harm_to_model,1,assistant_next,30,]:,5669,51.502098083496094,-1.6334936618804932,-0.0317170313961238,-2.6435294151306152,-0.051328577155145785,-0.5626060366630554,-0.010923944025560838,0.26454484462738037,0.005136583837778719,4.409753799438477,0.08562279913896531,1.1049847602844238,0.02145514069141423,-1.4782376289367676,-0.028702473956308015,3.6632604598999023,0.07112837333269338,-1.7816609144210815,-0.03459394822192723,0.3728303909301758,0.007239130148168657,0.3646599915202917,-0.28846338781147685,0.058288053089334574,0.824210516357112,0.4824444853117945,-0.6527262838785328,0.3276890416899142,0.002888646414653668,0.4396123517848949,-0.36301876330831645,0.038098301854407435,0.5362210509491976,-0.19400018485494286,0.17111043304712736
Qwen_2.5_7B_base,critique_12,rude_critique,harm_to_model,1,user_next,30,]:,5669,48.44740295410156,-1.2286875247955322,-0.025361267062335102,-0.46054983139038086,-0.009506182030576536,0.4614333510398865,0.00952441870779002,1.3948564529418945,0.028791150152328356,4.148799896240234,0.08563513507980507,0.9753543734550476,0.020132232358854935,0.2850015163421631,0.005882699566211419,2.981661796569824,0.06154430608787455,-1.3631036281585693,-0.02813574196020282,-0.5293684005737305,-0.010926662076711257,1.2961747965890607,2.6278831038067465,1.795494362399354,2.060583656613737,-0.006398338928525214,-0.9672082850813642,2.4886791065380325,-0.7729745018552008,1.005738939670577,-2.8559859807393018,1.9620289501979036,1.3355709533381577,2.73202298049888,2.0337969669185187
Qwen_2.5_7B_base,critique_12,rude_critique,harm_to_model,1,moderator_next,31,]:,5669,52.4661750793457,-2.632443904876709,-0.05017411505404403,-2.7916250228881836,-0.05320809109233426,-0.8787784576416016,-0.016749428680718697,1.4091010093688965,0.026857322975000243,4.499654293060303,0.0857629565382912,0.09951668977737427,0.0018967780598999847,-0.6279268264770508,-0.011968221916833537,2.3065035343170166,0.04396172449828566,-1.8653860092163086,-0.035554069005320973,-1.3350719213485718,-0.02544633603134809,-1.9340624230628591,-0.4863113701402237,-0.47807483602356426,2.0761648351415563,0.650854348755402,-3.0919816058178364,1.369812681621807,-1.5415065473445444,0.3263685885235398,-5.082316234310372,-1.2101868966015414,-1.7850840266965438,-0.32549675035384384,-1.0552903885251939
Qwen_2.5_7B_base,critique_13,rude_critique,harm_to_model,1,assistant_next,34,]:,5669,48.633697509765625,-1.9319506883621216,-0.03972452820339615,-2.4736835956573486,-0.050863572426518344,-0.45557039976119995,-0.009367381529436902,-0.13295304775238037,-0.0027337639241944017,4.497053623199463,0.09246785363782913,1.535662055015564,0.0315760909338058,-1.1525098085403442,-0.023697762406588985,3.6117660999298096,0.07426468240882916,-1.8866605758666992,-0.03879327857989532,0.484549880027771,0.009963253974890016,-0.3221308285163327,-0.06155826078861903,0.2398660138394721,0.3894138515862367,0.6459825350591577,0.39209245679175103,0.7268944391006849,-0.055727337439160744,0.2975933211423902,-0.05431404491229608,-0.19184454465247586,-0.47086345614068725,-0.16146702639019375,-0.3161652412654405
Qwen_2.5_7B_base,critique_13,rude_critique,harm_to_model,1,user_next,34,]:,5669,49.86943054199219,-1.5391645431518555,-0.030863888486871997,-0.717904806137085,-0.01439568886860616,0.28996244072914124,0.005814432560744412,1.0476343631744385,0.021007546141764855,4.524919509887695,0.09073533546924142,1.2653168439865112,0.02537259459822908,0.32844316959381104,0.006586062163217362,2.651937961578369,0.053177626709519456,-1.5571181774139404,-0.031223901305686266,0.040026068687438965,0.0008026173199177663,0.5817243158844594,2.2840703245698895,1.5046067746444094,1.680780368445786,0.6981834739287628,-0.2637622780392319,2.5419203139651385,-1.1482988480418863,0.7433213486380462,-1.2826279148429518,1.4328973202271744,0.6435188778382169,2.3899380704257642,1.5167284741319906
Qwen_2.5_7B_base,critique_13,rude_critique,harm_to_model,1,moderator_next,35,]:,5669,50.03670120239258,-2.663717031478882,-0.05323526466511969,-2.547887086868286,-0.05092036496495607,-0.9538575410842896,-0.01906315800528192,0.7231041193008423,0.014451474656092356,4.416881561279297,0.08827283684057288,0.5745823979377747,0.011483218999862849,-0.43752217292785645,-0.008744025133833877,2.274768114089966,0.0454619920863447,-1.8304089307785034,-0.03658132704181905,-1.0874418020248413,-0.02173288358131898,-2.006026204641101,-0.16069024208184962,-0.6054408914898665,1.3257981902793918,0.49579686359039027,-1.9394770252231053,1.6031687557098553,-1.5776309477779744,0.37367741510501123,-4.3980615275472115,-1.0833582233614751,-2.170077792088834,-0.16544040674282706,-1.1677590994158307
Qwen_2.5_7B_base,critique_14,rude_critique,harm_to_model,1,assistant_next,25,]:,5669,50.014583587646484,-2.038423538208008,-0.040756583220088925,-2.7562007904052734,-0.055107942377951746,-0.46790751814842224,-0.009355421650736178,-0.4182734489440918,-0.008363029719343792,4.031918048858643,0.08061484790317278,1.3675897121429443,0.027343818823290907,-1.878218650817871,-0.03755341974459201,3.505629539489746,0.07009214689044478,-2.0719563961029053,-0.041427044823275805,0.28237295150756836,0.005645812306179312,-0.5671395546278414,-0.43898644924343866,0.21893701427329101,0.0773207280566068,-0.22535215290170604,-0.015649339142255657,-0.16251957052651222,-0.17654248916970763,0.04696839140694181,-0.6129719146281086,-0.50306300193564,-0.6006626484215686,-0.45841617918823613,-0.5295394138049023
Qwen_2.5_7B_base,critique_14,rude_critique,harm_to_model,1,user_next,25,]:,5669,49.686668395996094,-1.973475456237793,-0.039718409785688545,-0.7880644798278809,-0.015860682659322466,0.23679368197917938,0.004765738771051531,0.9196997284889221,0.01850998986607511,3.7723641395568848,0.07592306470402982,1.0014195442199707,0.02015469292967665,-0.5485450029373169,-0.011040084204589583,2.462672233581543,0.04956404430167012,-1.882129430770874,-0.037879968440841204,-0.7132560014724731,-0.014355078021893486,-0.4176850519077472,2.190340671876271,1.4144099479717525,1.5408411296817237,-0.7115723799634094,-0.9039744456681119,1.4671014313970139,-1.3637398567812051,0.3037219964671475,-3.364106546904584,0.886327809984262,-0.4700939567790845,2.287442607027084,0.9086743251239998
Qwen_2.5_7B_base,critique_14,rude_critique,harm_to_model,1,moderator_next,26,]:,5669,50.26775360107422,-2.905824899673462,-0.0578069376788575,-2.5851268768310547,-0.05142714149008264,-1.0708184242248535,-0.021302293170347087,0.7646809816360474,0.0152121574340594,3.872222900390625,0.07703194638695524,0.253984659910202,0.005052635968693345,-1.212153673171997,-0.024113941569612798,2.141879081726074,0.04260940520087817,-2.073976993560791,-0.041258597112174715,-1.360458254814148,-0.027064234173079797,-2.563149832437178,-0.21044065276614995,-0.8038562909112025,1.3712763712245983,-0.5245077755531045,-2.717243879909095,0.6537961306589456,-1.7288984143493598,0.04423539885880613,-5.152464075004058,-1.3867952426016639,-2.745046621228409,-0.20089604833774694,-1.472971334783078
Qwen_2.5_7B_base,critique_15,rude_critique,harm_to_model,1,assistant_next,18,]:,5669,48.727725982666016,-2.0786943435668945,-0.04265937516366661,-1.8800172805786133,-0.03858208530493285,-0.25851911306381226,-0.005305380209119047,-0.11753296852111816,-0.0024120347533338276,5.154023170471191,0.10577187969544566,2.0963990688323975,0.04302271502631074,-1.003535270690918,-0.020594748686772434,3.45194673538208,0.0708415315052881,-1.8677924871444702,-0.03833120568378058,0.882432222366333,0.01810944805181842,-0.6598082371581472,0.7315488704312626,0.5741487988759211,0.4062808567925184,1.8766782441178576,1.752434754356012,0.9094746053078177,-0.23764957702612485,0.32311366695603444,1.0451195224850207,0.03587031663655771,-0.8399724268347414,0.6977835190584253,-0.07109445388815805
Qwen_2.5_7B_base,critique_15,rude_critique,harm_to_model,1,user_next,18,]:,5669,49.304935455322266,-1.559484839439392,-0.03162938608554759,0.12306928634643555,0.0024960845239916183,0.7490052580833435,0.01519128361423484,0.8784694671630859,0.017817069610792054,5.135102272033691,0.10414986298251767,1.9540324211120605,0.039631578523872314,0.3034273386001587,0.006154096659858926,3.2944209575653076,0.06681726539426365,-1.8977601528167725,-0.038490267460879864,0.02476358413696289,0.0005022536569265453,0.5349645089024533,3.407567705133564,2.283338616531819,1.4957420726658985,1.8412338789790645,1.40705471365182,2.511261419857697,-0.4169610288905659,0.28258040455496164,-1.3248014069814846,1.9712661070180086,0.5472440006330761,3.5717383978205115,2.0594911992267937
Qwen_2.5_7B_base,critique_15,rude_critique,harm_to_model,1,moderator_next,19,]:,5669,50.427425384521484,-2.965510606765747,-0.058807495805169537,-2.4686055183410645,-0.04895362988527259,-0.7320342063903809,-0.014516588955482865,0.6923724412918091,0.013730077155680653,5.0551910400390625,0.10024685974927317,1.0262205600738525,0.02035044526363718,-0.8837186098098755,-0.01752456333178433,2.6519570350646973,0.05258957828687216,-2.085744857788086,-0.04136131959709959,-0.9708806276321411,-0.019253027895613117,-2.7004948840903666,-0.05477421522272439,-0.2291341778908469,1.2921828394629546,1.6915368180881933,-0.8438074332232766,1.056319470033328,-1.1482771367094744,0.028318579249262663,-4.075978202538679,-1.3776345496565454,-2.870884521848813,-0.027841582330038778,-1.4493630520894258
Qwen_2.5_7B_base,critique_16,rude_critique,harm_to_model,1,assistant_next,24,]:,5669,51.044559478759766,-1.995537281036377,-0.03909402493456219,-2.429910182952881,-0.04760370562045882,-0.8242911100387573,-0.0161484616275659,-0.8713170289993286,-0.017069733540591995,4.661444187164307,0.0913210777948625,1.416892170906067,0.027757946887476855,-1.6513572931289673,-0.03235128895207953,3.73872447013855,0.07324432825586978,-2.122969150543213,-0.041590507827315173,-0.007888078689575195,-0.00015453319159033034,-0.4684523564123255,-0.003079272016719457,-0.385641121881421,-0.41823369218087686,0.9539340413678569,0.10395792482784033,0.11551709930146135,0.08878926171041993,-0.02202975426583158,-1.4150248985087583,-0.2357658142145225,-0.3915665061705625,0.0666032637519084,-0.16248162120932705
Qwen_2.5_7B_base,critique_16,rude_critique,harm_to_model,1,user_next,24,]:,5669,49.89699172973633,-1.9748092889785767,-0.039577722434149885,-0.8669052124023438,-0.01737389735032278,0.08095970749855042,0.001622536844246306,0.40439486503601074,0.008104594105119364,4.866844654083252,0.0975378371594862,1.4491145610809326,0.02904212279830342,-0.3315316438674927,-0.0066443212781887,3.3477649688720703,0.06709352313271734,-1.7479933500289917,-0.03503203879498145,-0.730056643486023,-0.014631275717789266,-0.42075438518039143,2.085013578781705,1.1500492535263396,0.9771832078040349,1.3387090653024825,0.1821291159627406,1.7330685942432202,-0.35623958857611393,0.48514997346127664,-3.4105302953799685,0.8321295968006567,-0.4524000312630086,2.181573461397509,0.8645867150672502
Qwen_2.5_7B_base,critique_16,rude_critique,harm_to_model,1,moderator_next,25,]:,5669,50.03912353515625,-2.524048328399658,-0.05044149757391982,-2.5395889282226562,-0.050752066559247466,-1.4655832052230835,-0.029288746518379784,-0.1760404109954834,-0.003518055444592305,4.576082229614258,0.0914500875779572,0.3591538369655609,0.007177460586679308,-1.2197321653366089,-0.02437557013722783,2.7254204750061035,0.05446579161386171,-2.1057658195495605,-0.04208238815514228,-1.118651270866394,-0.022355532867806074,-1.6846292375399214,-0.1496043363622871,-1.4735452467059864,0.34228343356134283,0.7940261806306765,-2.4621045250543037,0.6445080846680743,-1.0646537687920543,0.001238895917446075,-4.48429993024528,-0.9171167869511043,-1.8187121129405504,-0.15366573357241858,-0.9861889232564844
Qwen_2.5_7B_base,critique_17,rude_critique,harm_to_model,1,assistant_next,25,]:,5669,50.21025466918945,-1.6785855293273926,-0.033431129564802306,-2.050999164581299,-0.04084821274248295,-0.7636143565177917,-0.01520833466288648,-0.6917153596878052,-0.013776376245155013,4.467169761657715,0.08896927113972411,1.3934383392333984,0.02775206675238106,-1.5002250671386719,-0.02987885795487223,3.3902153968811035,0.06752037844096902,-2.2439727783203125,-0.04469152353647158,0.11042678356170654,0.002199287462078295,0.26089737957607234,0.503126020645764,-0.28270754304563545,-0.22177930009236135,0.5900013403108386,0.047059167517153534,0.30074168424665554,-0.3079183043770258,-0.1856952145590598,-1.0880957608232187,0.3820117001109181,0.3206428558084256,0.5392382860997287,0.4299405709540771
Qwen_2.5_7B_base,critique_17,rude_critique,harm_to_model,1,user_next,25,]:,5669,48.53636932373047,-1.1811275482177734,-0.024334896999399065,0.1549391746520996,0.0031922283601123528,0.039216190576553345,0.0008079753620421647,0.40223991870880127,0.008287391997244787,4.293546676635742,0.08846040065334132,1.6265062093734741,0.03351108111372971,0.033921778202056885,0.0006988940185410985,2.681668519973755,0.05525070287164289,-1.8139437437057495,-0.037372876648581,-0.4649776220321655,-0.009579983598089774,1.4056168683667618,3.4501442082033926,1.0792344959686753,0.9748260544862614,0.264754627403921,0.6124794521469201,2.180960881782079,-1.114456580036595,0.3959476765061027,-2.6780605595121276,2.427880538285077,1.4646551620243238,3.6204427578850296,2.5425489599546767
Qwen_2.5_7B_base,critique_17,rude_critique,harm_to_model,1,moderator_next,26,]:,5669,51.650672912597656,-2.3141684532165527,-0.04480422659996216,-1.9653717279434204,-0.038051231806199064,-1.513869047164917,-0.02930976426438159,-0.07232308387756348,-0.0014002350753483368,4.404731750488281,0.08527927134544577,0.5014654397964478,0.009708788124503598,-1.2015047073364258,-0.023262130763902933,2.4780120849609375,0.04797637562542864,-2.4297924041748047,-0.04704280248751949,-1.008376121520996,-0.01952300066307659,-1.2016666707495491,0.617519795230352,-1.5554585698447176,0.45573296065150853,0.47303672186316126,-2.1168580226925764,0.6668472867844162,-1.3462785176889878,-0.43702862625654404,-4.179586229889816,-0.29207343775959854,-1.1097254724483216,0.7349236596476401,-0.1874009064003408
Qwen_2.5_7B_base,critique_18,rude_critique,harm_to_model,1,assistant_next,18,]:,5669,50.24425506591797,-2.117234230041504,-0.042138832136406394,-3.014101266860962,-0.05998897312551675,-1.1055775880813599,-0.02200405970057466,-0.8718786239624023,-0.017352802281943296,3.636965036392212,0.0723856893016066,0.6977506875991821,0.013887173502398788,-2.5722312927246094,-0.051194535362301015,3.7212727069854736,0.07406364572632929,-2.5288350582122803,-0.050330829960451684,0.8165743350982666,0.016252093578200365,-0.7484938363817415,-0.7835279902181597,-0.8628226153348291,-0.4188479837823611,-0.9652144185741235,-1.6406720060848636,-1.0130873610925542,0.06892393533690207,-0.5709904078947485,0.8631401676968425,-0.7660109132999506,-0.7745049242375095,-0.799908075949292,-0.7872065000934008
Qwen_2.5_7B_base,critique_18,rude_critique,harm_to_model,1,user_next,18,]:,5669,49.99925994873047,-1.6891746520996094,-0.03378399307973156,-0.9972946643829346,-0.0199461885117013,-0.6028525829315186,-0.012057230117999489,-0.07819175720214844,-0.0015638582907492374,3.265573024749756,0.06531242718588821,0.13687092065811157,0.0027374589303613655,-1.6250274181365967,-0.03250102941129347,3.087106227874756,0.06174303841777443,-2.933004856109619,-0.05866096536463018,-0.4186739921569824,-0.008373603781061823,0.23653034624490385,1.9108200940327111,-0.00998720560197808,0.44931360689624,-1.6609400530501472,-3.001360621277931,0.14778645903043044,-0.6529472000995483,-1.1176569601682158,-2.5501137783659575,1.0736752201388076,0.2762640208796632,2.001608074340879,1.138936047610271
Qwen_2.5_7B_base,critique_18,rude_critique,harm_to_model,1,moderator_next,19,]:,5669,50.86674118041992,-2.779712200164795,-0.05464694878536442,-2.8935046195983887,-0.056884017974247233,-1.4639649391174316,-0.028780395699517586,0.2078171968460083,0.004085522131423728,3.4141860008239746,0.06712020313458164,-0.4322819709777832,-0.008498322498084092,-1.5329527854919434,-0.030136642330883607,2.0507044792175293,0.04031523214636177,-2.535597801208496,-0.04984785229733807,-1.4244831800460815,-0.028004215465535,-2.2729471009631332,-0.6224171801287067,-1.4707999791678041,0.7621598928733699,-1.382544573800732,-4.382119752912899,0.2606312577081278,-1.8326823827610985,-0.5801374679098363,-5.329378565695869,-1.44768214054592,-2.347622065988777,-0.5826758807835479,-1.4651489733861625
Qwen_2.5_7B_base,critique_19,rude_critique,harm_to_model,3,assistant_next,69,]:,5669,43.25105667114258,-1.13820219039917,-0.026316170701988578,-0.7399952411651611,-0.017109298549436165,1.1055879592895508,0.0255621028567195,2.871272087097168,0.06638617199410302,4.524508476257324,0.10461035693669213,1.4990429878234863,0.03465910669469629,0.7838910818099976,0.018124206485179713,1.330683708190918,0.030766501690553144,0.17057953774929047,0.00394393919774687,1.3184230327606201,0.030483024791398486,1.5043940425688203,2.2545586593338505,2.888254526764295,3.675537108827249,0.6974134879723706,0.3032549718901337,3.1001080198076725,-2.652281381824662,3.080147500004585,2.2498548952761075,1.8794763509513355,1.2154749127895836,2.200085605874482,1.7077802593320328
Qwen_2.5_7B_base,critique_19,rude_critique,harm_to_model,3,user_next,69,]:,5669,41.273860931396484,-1.056865930557251,-0.025606180442239824,-0.57896888256073,-0.01402749511423381,1.0162410736083984,0.02462190477642854,2.286220073699951,0.05539147591498651,4.460485458374023,0.10807046779045065,1.0935039520263672,0.026493861425853502,0.7399499416351318,0.01792781011849225,1.7298871278762817,0.041912413543080465,-0.25500112771987915,-0.006178271718842352,0.854613184928894,0.020705918119688218,1.691560004965695,2.469681448145957,2.7366842108307794,3.035587390805681,0.5774796893401835,-0.6805786080498084,3.0462546513577777,-2.1978684865822506,2.5045213242818427,0.9682496031223319,2.080620726555826,1.3047687592920658,2.4156980359041444,1.8602333975981051
Qwen_2.5_7B_base,critique_19,rude_critique,harm_to_model,3,moderator_next,70,]:,5669,47.71271896362305,-2.071560859680176,-0.04341737181776556,-2.3111000061035156,-0.048437818181469305,-1.0323489904403687,-0.021636767152747014,0.6867048740386963,0.014392490911328094,3.8029165267944336,0.07970446055890965,0.30686622858047485,0.006431539330517606,-0.7662240266799927,-0.016059114704072393,2.3814330101013184,0.04991191157890125,-1.631201982498169,-0.03418799049666031,-0.10376238822937012,-0.0021747322408618183,-0.6433931059547302,0.15564490708417775,-0.7385957707705677,1.2859834623435815,-0.654338841466991,-2.5889537316735454,1.200318443455043,-1.4562143921396198,0.6431180714130079,-1.6799460144837899,-0.24387409943527621,-0.9353039274449872,0.008246188104763161,-0.46352886967011203
Qwen_2.5_7B_base,critique_20,rude_critique,harm_to_model,3,assistant_next,72,]:,5669,42.71965026855469,-0.8265247941017151,-0.019347648890049737,-0.6574873924255371,-0.015390748479734255,0.9347700476646423,0.021881500475501622,2.6842217445373535,0.06283342039701037,4.0489115715026855,0.0947786685061659,1.3250864744186401,0.0310181957503996,0.4712751507759094,0.011031812007197264,1.2906886339187622,0.030212996262959094,-0.04715189337730408,-0.0011037518584746443,1.0712788105010986,0.02507695647709109,2.221606758628582,2.3647848277300283,2.59847470249055,3.47093510552516,-0.1935183251593596,-0.11876176196278072,2.7169722875465556,-2.697807739063209,2.785651247699813,1.566942825483342,2.293195793179305,2.0918899177569217,2.320320645015369,2.2061052813861455
Qwen_2.5_7B_base,critique_20,rude_critique,harm_to_model,3,user_next,72,]:,5669,41.11071014404297,-0.4994661808013916,-0.01214929586600112,-0.37217915058135986,-0.009053094662615295,0.9437925815582275,0.02295734075746646,2.2284913063049316,0.054207073983805774,3.8271470069885254,0.09309367300100233,0.9224377870559692,0.022437894743825838,0.4777394235134125,0.011620802020678252,1.634846806526184,0.039766931799476025,-0.3952544927597046,-0.009614392244133439,0.7617917656898499,0.01853025070646305,2.974213778394615,2.7459417090538625,2.613780757115127,2.972441708763403,-0.608948080012158,-1.0955833859711621,2.7248947688501355,-2.306052799290558,2.3148193131222943,0.7117642725970881,2.860077743724239,2.9972102671199305,2.7637223638229345,2.8804663154714323
Qwen_2.5_7B_base,critique_20,rude_critique,harm_to_model,3,moderator_next,73,]:,5669,47.54790496826172,-1.7798963785171509,-0.03743374980885559,-2.097526788711548,-0.04411396864092434,-1.25650155544281,-0.026426013013223743,0.5506870746612549,0.011581731624744332,3.2963013648986816,0.06932590125892964,0.07094740867614746,0.0014921248101994176,-1.1302368640899658,-0.02377048715068309,2.1491081714630127,0.04519879840967851,-1.7827693223953247,-0.03749417190064053,-0.026919245719909668,-0.000566149985743395,0.027767129590405257,0.4409675495330401,-1.1188538495576936,1.1372025841237685,-1.603376903396062,-3.1612903914613275,0.7541917072001676,-1.7206695479736194,0.43811315622663144,-1.4676120621836188,0.2343673395617227,-0.18275751169337495,0.3107559769739956,0.06399923264031032
Qwen_2.5_7B_base,passive_01,passive_aggressive,harm_to_model,1,assistant_next,21,]:,5669,48.56028366088867,-1.8541830778121948,-0.03818311875524704,-2.1544504165649414,-0.04436651218123288,-0.5056576728820801,-0.010412988449846018,-0.24241185188293457,-0.004991977674096196,3.984675407409668,0.08205626299953016,1.6643245220184326,0.03427336902809136,-1.3930448293685913,-0.028686917051322227,3.25211238861084,0.06697062173938967,-1.9260988235473633,-0.039664076861615986,0.07044386863708496,0.0014506477995272033,-0.14317682079368085,0.3649205614544837,0.15489669730087044,0.26968410237713947,-0.3138514088524601,0.7042262943310377,0.4320996055980236,-0.4651208350548411,0.24425046623473096,-1.198577061732811,0.11087187033040143,-0.27700392529415324,0.29308725553892995,0.008041665122388353
Qwen_2.5_7B_base,passive_01,passive_aggressive,harm_to_model,1,user_next,21,]:,5669,53.1415901184082,-0.5619866847991943,-0.010575270396444585,1.0221366882324219,0.019234213465478416,0.6657385230064392,0.012527636480637186,0.5383805632591248,0.010131058593834402,3.4479634761810303,0.06488258007519912,1.8668904304504395,0.03513049621380731,0.3522360324859619,0.006628255415412337,3.349832057952881,0.06303597710360011,-2.1115429401397705,-0.0397342822342144,-0.0327489972114563,-0.0006162592639491244,2.8303454677170743,4.6086747071175616,2.1420828218150585,1.1237413049190503,-1.3192695039631788,1.195649129804139,2.571080363219885,-0.3538866229259814,-0.006575044192745743,-1.4837209059230003,3.719510087417318,3.1951718401692792,4.742789287698834,3.9689805639340565
Qwen_2.5_7B_base,passive_01,passive_aggressive,harm_to_model,1,moderator_next,22,]:,5669,50.251564025878906,-2.504584789276123,-0.0498409320749956,-2.385817766189575,-0.0474774827896085,-1.1261669397354126,-0.022410584855736056,0.20769011974334717,0.004133008071875921,3.7186532020568848,0.07400074553185701,0.6554309129714966,0.0130429952913298,-0.9555831551551819,-0.019015988331488924,2.2780842781066895,0.04533359950614682,-2.2893729209899902,-0.045558242123787285,-1.2723379135131836,-0.025319369420182543,-1.6398409470679247,0.05582588948475272,-0.8977509120659298,0.7620208916321936,-0.8121886422928865,-1.7433393492972606,0.9682437436510923,-1.5738561612465218,-0.24710192924945418,-4.9089688230475135,-0.792007528791586,-1.743180367625335,0.07543420052548425,-0.8338730835499254
Qwen_2.5_7B_base,passive_02,passive_aggressive,harm_to_model,1,assistant_next,14,]:,5669,49.85980987548828,-1.3643395900726318,-0.02736351368927619,-2.0661911964416504,-0.0414400135419974,-0.5694807171821594,-0.011421638361724348,-0.5247536897659302,-0.01052458264635112,3.5506715774536133,0.0712130990134234,1.944458246231079,0.03899850904138725,-1.3567924499511719,-0.027212146483097367,3.229318618774414,0.06476796896816865,-2.2029595375061035,-0.044183071355615146,0.38539230823516846,0.00772951820710075,0.984020667568896,0.4828302610580459,0.046625671235969224,-0.039150967670281624,-1.1268672532855637,1.3838278626789848,0.4765297851104883,-0.49106696285360335,-0.13022207661034052,-0.32830751305578254,0.7334254643134709,1.0837529875121779,0.4978340852284847,0.7907935363703313
Qwen_2.5_7B_base,passive_02,passive_aggressive,harm_to_model,1,user_next,14,]:,5669,52.844120025634766,-0.6103588342666626,-0.011550175004722883,0.04144763946533203,0.0007843377739136486,0.5524115562438965,0.010453604979625374,0.361819863319397,0.006846927588989609,3.437800884246826,0.06505550442658793,1.9735462665557861,0.03734656316726281,0.13825368881225586,0.002616254916255371,2.89808988571167,0.05484223948295103,-2.0449116230010986,-0.03869705128989013,0.0013252496719360352,2.507846987125823e-05,2.7190344739993852,3.29852545604667,1.949832090018045,0.9306132281793065,-1.3383070047701475,1.454395104407446,2.308827951248482,-0.8681043331675825,0.08354824706537517,-1.3895665119702578,3.0087799650230274,3.072560323671897,3.4519793398079575,3.2622698317399275
Qwen_2.5_7B_base,passive_02,passive_aggressive,harm_to_model,1,moderator_next,15,]:,5669,50.935638427734375,-1.838451862335205,-0.036093625584835524,-2.233795166015625,-0.043855250173900386,-1.3974437713623047,-0.02743548160969744,-0.2649116516113281,-0.005200909614339577,3.3039987087249756,0.06486614894230822,0.6505340933799744,0.012771688221851355,-1.001593828201294,-0.01966391036056844,2.1171278953552246,0.04156476605979777,-2.4560556411743164,-0.04821880547661886,-0.47985124588012695,-0.009420736849326476,-0.10697712228103862,0.25892012818778243,-1.3579517882538827,0.24507305897927445,-1.5889575318171063,-1.7552189838670325,0.9118539977701419,-1.7570726676368864,-0.4725514023193681,-2.7191595467935876,0.0759715029533719,-0.014213161808558555,0.32885671524023113,0.1573217767158363
Qwen_2.5_7B_base,passive_03,passive_aggressive,harm_to_model,1,assistant_next,18,]:,5669,51.0678596496582,-2.149965286254883,-0.042100164389193714,-2.5615029335021973,-0.050158807341347846,-0.8073925971984863,-0.01581019065097807,-0.7266707420349121,-0.014229512398211028,3.900949001312256,0.07638755624523937,1.5462055206298828,0.03027746867084984,-1.6638258695602417,-0.03258068540515732,3.6683216094970703,0.07183229598152197,-2.5351006984710693,-0.04964180437290046,0.30351901054382324,0.005943444910870759,-0.8238125152630882,-0.17888030068660463,-0.3569740574339049,-0.26001468184324755,-0.47069540435712887,0.41767079723416983,0.10023586540705334,0.008649748470133833,-0.5794651033714454,-0.554540854365471,-0.5013464079748464,-0.7696417703606836,-0.11215949727333574,-0.44090063381700967
Qwen_2.5_7B_base,passive_03,passive_aggressive,harm_to_model,1,user_next,18,]:,5669,51.611595153808594,-1.0355548858642578,-0.020064384423271225,0.12293195724487305,0.0023818670374074163,0.3059627115726471,0.0059281777798349845,0.2790102958679199,0.005405961490561115,3.331174850463867,0.06454314850251336,1.4901331663131714,0.028872061827819893,0.05202615261077881,0.0010080322542974072,2.7603540420532227,0.053483215037765146,-2.3971447944641113,-0.04644585751167619,-0.9903906583786011,-0.019189305337824203,1.7405996608018388,3.4073842406401162,1.531750038657288,0.8400333171174829,-1.538048686550658,0.2816398354436774,2.2031492351499655,-1.02488892069647,-0.39287056117260166,-4.129888568546728,2.5739919507209774,2.001747733681041,3.5637473917904066,2.782747562735724
Qwen_2.5_7B_base,passive_03,passive_aggressive,harm_to_model,1,moderator_next,19,]:,5669,50.7313117980957,-2.743173122406006,-0.05407258407437783,-2.527951240539551,-0.0498301965973299,-1.4012458324432373,-0.02762092646096007,0.07109200954437256,0.001401343805721206,3.5605690479278564,0.07018484091439381,0.3420029878616333,0.00674145760753758,-0.8647513389587402,-0.01704571217082544,2.0133495330810547,0.03968652616541703,-2.729858875274658,-0.05381013773385471,-1.4632251262664795,-0.02884264321983104,-2.188865638807022,-0.13405699460152606,-1.3644017008036275,0.6126052497706854,-1.1083264023530195,-2.503712310701277,1.0795653717457145,-1.8752034845063652,-0.8428885001570895,-5.436430806040738,-1.161461316704274,-2.275385533677153,-0.08916888072646566,-1.1822772072018093
Qwen_2.5_7B_base,passive_04,passive_aggressive,harm_to_model,1,assistant_next,19,]:,5669,50.62554931640625,-1.8962187767028809,-0.037455766945888175,-2.4151878356933594,-0.047706896385431775,-0.7342666983604431,-0.014503876170732016,-0.406221866607666,-0.008024048570195395,4.090126037597656,0.080791736441903,1.6800918579101562,0.03318663956433729,-1.7066092491149902,-0.03371043420089722,3.542428493499756,0.06997313691076848,-2.2501330375671387,-0.044446590070637254,0.6482335329055786,0.012804474058230222,-0.23990676698485877,0.016589013522225735,-0.23292143371562102,0.0905031572104282,-0.11631160106557682,0.7424776909838385,0.047801424845780455,-0.1346542727642459,-0.1940273752031577,0.3979787141741149,-0.11165887673131653,-0.18552655651845124,0.05938372101978801,-0.06307141774933162
Qwen_2.5_7B_base,passive_04,passive_aggressive,harm_to_model,1,user_next,19,]:,5669,49.66523361206055,-1.2317978143692017,-0.024802013899519356,-0.2524707317352295,-0.00508344999859057,0.2067469358444214,0.004162810094871186,0.9828699231147766,0.019789898317846624,3.627856492996216,0.073046198097722,1.4852800369262695,0.029905830072761177,-0.4025503396987915,-0.00810527426173301,2.4388389587402344,0.049105556973520294,-1.886663794517517,-0.037987615426404955,-0.8595181703567505,-0.017306234318165532,1.2890175909034265,2.905865892458695,1.3634378881209845,1.6099388292237582,-0.9822773788281867,0.2698661928663546,1.6460295238364495,-1.3908692521964126,0.29758896770293297,-3.7682600390313565,2.0974417416810605,1.4059069408968723,3.041450892056746,2.223678916476809
Qwen_2.5_7B_base,passive_04,passive_aggressive,harm_to_model,1,moderator_next,20,]:,5669,49.547386169433594,-2.4065489768981934,-0.04857065453803543,-2.1115689277648926,-0.04261716088400938,-0.7740139961242676,-0.015621691797775733,1.1399794816970825,0.023007863175643163,3.9016926288604736,0.07874668939181048,0.5727361440658569,0.011559361418326142,-0.8464447259902954,-0.01708353944435676,1.965847373008728,0.03967610655153962,-1.912487506866455,-0.03859916041436496,-1.488227367401123,-0.030036445561667777,-1.4142470089063128,0.422207986563206,-0.3003497546205685,1.781790588402266,-0.4693023729197814,-1.9439560183555826,1.102001584582613,-1.9292751507905552,0.2626606779837653,-5.505517317902576,-0.4960195111715534,-1.5834204753684868,0.4154772431226561,-0.5839716161229154
Qwen_2.5_7B_base,passive_05,passive_aggressive,harm_to_model,1,assistant_next,29,]:,5669,50.87340545654297,-2.049015522003174,-0.040276751745142794,-2.4606122970581055,-0.04836735962486347,-0.8667908906936646,-0.017038192802604768,-0.7886441946029663,-0.015502091663131165,3.9923436641693115,0.07847604516233236,1.5129427909851074,0.029739365340452625,-1.840826153755188,-0.036184449168193716,3.6962995529174805,0.07265681390397444,-2.0410165786743164,-0.04011951942980879,0.4538304805755615,0.008920780445162693,-0.5915131715677813,-0.04409568986274583,-0.4577388243571132,-0.32780334436823655,-0.2994865258388638,0.3369757531167269,-0.11669208599687518,0.040497016418432605,0.08881655376258964,-0.13919828161789802,-0.31780443071526354,-0.5403153443810013,0.013175685045624583,-0.2635698296676883
Qwen_2.5_7B_base,passive_05,passive_aggressive,harm_to_model,1,user_next,29,]:,5669,51.5555419921875,-1.7318074703216553,-0.0335911020115759,-0.182844877243042,-0.003546561051976711,0.13660182058811188,0.0026496049757136083,0.2717832326889038,0.005271658917485314,4.217846393585205,0.08181169726087564,1.52727472782135,0.02962387104867963,-0.16266584396362305,-0.003155157286257852,3.1545581817626953,0.061187567036745015,-1.9883838891983032,-0.03856780110079367,-0.5185115337371826,-0.010057338429605794,0.1384263460397233,2.998882390636982,1.2444419410374647,0.8321281105074249,0.12294590291780476,0.3717448862468055,1.9400270870046576,-0.5761667013750281,0.1600057693903256,-2.825986147706484,1.5686543683383527,0.3005234880978284,3.14897636129336,1.7247499246955942
Qwen_2.5_7B_base,passive_05,passive_aggressive,harm_to_model,1,moderator_next,30,]:,5669,51.27328109741211,-2.7405924797058105,-0.05345069441721636,-2.4477810859680176,-0.04773989558650584,-1.3499828577041626,-0.026329168502779894,0.22387182712554932,0.004366247338457314,4.135886192321777,0.08066357572210306,0.42021748423576355,0.008195642549916178,-1.0131312608718872,-0.019759438818574504,2.415977716445923,0.047119623802812635,-2.2717556953430176,-0.0443068133483987,-1.0877671241760254,-0.02121508709593636,-2.1829272236951973,-0.026953863285661576,-1.2774378943132527,0.7797209915194099,-0.030589475437819407,-2.313964737277898,0.8977139547466176,-1.4168921838335815,-0.22327345899967935,-4.398960461868165,-1.1049405434904294,-2.1971718978905033,0.057074995599034624,-1.0700484511457342
Qwen_2.5_7B_base,passive_06,passive_aggressive,harm_to_model,1,assistant_next,20,]:,5669,51.227256774902344,-2.106490135192871,-0.04112049459234169,-2.2968626022338867,-0.04483672846911419,-0.9025919437408447,-0.017619369073517317,-0.8752884864807129,-0.01708638216422202,3.505855083465576,0.06843729889481788,1.2957476377487183,0.025294105507979125,-2.378588914871216,-0.046432096204623484,3.2155590057373047,0.06277047041317849,-2.537952423095703,-0.04954300860277797,-0.26979994773864746,-0.005266726440655904,-0.7237701909087876,0.17466533363063363,-0.5184726359471276,-0.4225778069555421,-1.2108216269322307,-0.18993748159605095,-0.7757631978925862,-0.5067295180555005,-0.583322250730531,-2.138743118422365,-0.274552428639077,-0.6464309470260384,0.26018948038833545,-0.1931207333188515
Qwen_2.5_7B_base,passive_06,passive_aggressive,harm_to_model,1,user_next,20,]:,5669,50.06992721557617,-1.0268065929412842,-0.020507451279494902,0.48773694038391113,0.009741115426111141,0.25751763582229614,0.005143159779592917,0.09925991296768188,0.0019824257490992175,2.878876209259033,0.057497111926367014,1.3080744743347168,0.02612495258287074,-0.7427664399147034,-0.014834581978054831,2.4709415435791016,0.04934981297137617,-2.474036693572998,-0.04941162951807435,-1.4903671741485596,-0.02976571481184266,1.7607306905226603,3.8947446083809525,1.4495665872596895,0.643416257066146,-2.38533605208457,-0.16003270129814468,1.229067585102011,-1.3543269086140546,-0.49687197246630577,-5.511430059222152,2.8277376494518065,1.9460242314121867,4.078623003309121,3.012323617360654
Qwen_2.5_7B_base,passive_06,passive_aggressive,harm_to_model,1,moderator_next,21,]:,5669,49.954383850097656,-2.8472585678100586,-0.056997171186298046,-1.998569369316101,-0.04000788750219354,-1.257063388824463,-0.025164225678303617,0.18764150142669678,0.003756256948134292,3.2728912830352783,0.06551759887293415,0.20524811744689941,0.004108710820311683,-1.4922904968261719,-0.02987306381966824,1.9939777851104736,0.03991597196141927,-2.770318031311035,-0.05545695528192606,-1.606884241104126,-0.03216703154473968,-2.428380617715809,0.5731694835424449,-1.1198069579118337,0.740091033526139,-1.647230819331205,-2.8354782366864133,0.31046613237954845,-1.8972543278787892,-0.8976122015651754,-5.833391505997356,-0.9276055670866821,-2.6432041467766543,0.5980300198632945,-1.0225870634566798
Qwen_2.5_7B_base,passive_07,passive_aggressive,harm_to_model,1,assistant_next,24,]:,5669,47.65928268432617,-1.544306755065918,-0.032403063329650116,-2.130290985107422,-0.04469834343117413,-0.336916446685791,-0.007069272295124021,0.23198437690734863,0.004867559137301953,3.7537381649017334,0.0787619526245248,1.7725718021392822,0.037192582479262375,-1.0518362522125244,-0.022069913623740806,2.9806201457977295,0.06254018058853357,-1.382429599761963,-0.029006512937229036,0.41967296600341797,0.008805692036599554,0.5698913763859536,0.39719629765257913,0.44115357990618814,0.7885947733822434,-0.7464642667796636,0.9668330959444219,0.8502779039017289,-0.7741602119965421,0.9795992767845203,-0.23358276191112656,0.48354383701926634,0.4499403881837992,0.2698713225101202,0.35990585534695974
Qwen_2.5_7B_base,passive_07,passive_aggressive,harm_to_model,1,user_next,24,]:,5669,49.69674301147461,-1.0483195781707764,-0.02109433163313594,-0.4118802547454834,-0.008287872198191807,0.7393330931663513,0.014876892294443618,1.087022066116333,0.021873104759910476,3.726381301879883,0.074982404803057,1.596818447113037,0.032131249461244245,0.30236852169036865,0.006084272396292731,2.9157776832580566,0.05867140393053173,-1.2268180847167969,-0.02468608625787677,-0.027413010597229004,-0.0005516057780868968,1.7112263416340667,2.692903111393671,2.2669305114137375,1.723863972662133,-0.7977116557554768,0.5404572425766838,2.5099637553697707,-0.8479703290554682,1.1900742080296285,-1.4689764395956348,2.2020647265138686,1.8722136354303631,2.8172596768075966,2.3447366561189797
Qwen_2.5_7B_base,passive_07,passive_aggressive,harm_to_model,1,moderator_next,25,]:,5669,50.05971908569336,-2.3006091117858887,-0.04595729168690807,-2.468428134918213,-0.049309668132430026,-1.0668636560440063,-0.021311818674366212,0.5607080459594727,0.011200782908902064,3.6840696334838867,0.07359349394624874,0.6777340173721313,0.01353851019842862,-0.7310639023780823,-0.014603835493495889,1.8354297876358032,0.036664803981298275,-1.645446538925171,-0.032869671843512714,-0.5350316762924194,-0.010687868131591791,-1.1704647542455142,-0.054537240252020336,-0.7971473221760866,1.1481638621122996,-0.8769737599950348,-1.6892322446553587,1.2434099772941658,-2.077729371464677,0.6238513607603926,-2.8716348164980263,-0.6125009972487673,-1.2547438237107105,-0.05275111120402286,-0.6537474674573667
Qwen_2.5_7B_base,passive_08,passive_aggressive,harm_to_model,1,assistant_next,27,]:,5669,47.89019775390625,-1.016445517539978,-0.021224500319735468,-1.8109970092773438,-0.037815609335829614,-0.20187649130821228,-0.004215403167587586,0.2940572500228882,0.0061402387923717204,3.615151882171631,0.07548834733881955,1.646378517150879,0.03437819416848387,-1.188366174697876,-0.02481439272405061,3.1337673664093018,0.06543650921035694,-1.5392813682556152,-0.03214188791129101,0.05862915515899658,0.0012242412416059482,1.7845729553713399,0.8237563411558022,0.6702387745851695,0.8564921854711546,-1.006076822945511,0.6606894688815197,0.6829496053919681,-0.5998328678788927,0.7674468202019016,-1.2312236288326373,1.304164648263571,1.8558426182775911,0.7514085310789724,1.3036255746782817
Qwen_2.5_7B_base,passive_08,passive_aggressive,harm_to_model,1,user_next,27,]:,5669,48.96556091308594,-0.529935359954834,-0.010822613895825095,0.11853885650634766,0.002420861811769186,0.6426857709884644,0.013125261081543294,0.8956432342529297,0.018291289174501645,3.3593668937683105,0.06860672748610395,1.5600223541259766,0.03185958304235547,0.13122451305389404,0.002679934848225635,2.6375279426574707,0.053864959238169315,-1.5788432359695435,-0.032243952821698424,-0.9671188592910767,-0.019751001341692307,2.9040999908811433,3.4015152879382438,2.102975550421507,1.5145273210794474,-1.4852367611448904,0.4511902948952939,2.3002131362821956,-1.1647017596790268,0.7139367609713859,-4.065583636238927,3.1528076394096933,3.1640640155705504,3.5664755859258794,3.365269800748215
Qwen_2.5_7B_base,passive_08,passive_aggressive,harm_to_model,1,moderator_next,28,]:,5669,49.96253967285156,-1.9549124240875244,-0.039127563108041455,-2.147940158843994,-0.042991012324602326,-0.9186388850212097,-0.018386553026254106,0.7515864372253418,0.015042999057826833,3.6228485107421875,0.07251129615236024,0.5414516925811768,0.01083715311764643,-0.893515944480896,-0.017883717487772365,1.9658517837524414,0.03934651434103614,-1.959334135055542,-0.03921606363257384,-0.975029706954956,-0.019515215065913947,-0.37496895229655597,0.3736179250970171,-0.5456950728691183,1.3569531148108775,-0.99165879124931,-2.0198517797590005,1.0443120557567365,-1.9292701300449349,0.19929749535360228,-4.087442991487306,-0.000675513599769445,-0.3957845253243617,0.3893214485461463,-0.0032315383891076965
Qwen_2.5_7B_base,passive_09,passive_aggressive,harm_to_model,1,assistant_next,21,]:,5669,51.494869232177734,-2.2352612018585205,-0.04340745466854719,-2.7019407749176025,-0.05247009683110786,-0.41310787200927734,-0.008022311313126659,-0.13027167320251465,-0.0025297990876557356,4.401557922363281,0.08547565976947599,1.750869631767273,0.03400085596631057,-1.8455086946487427,-0.035838690769905576,4.071052551269531,0.07905744032311557,-2.199112892150879,-0.042705475806446236,0.11332237720489502,0.0022006537523952575,-1.0200901921996135,-0.36649790790238984,0.31190051954863157,0.39234682993312386,0.46709121545278304,0.9141838511495461,-0.12243091295991652,0.4670780189462862,-0.12501923274348256,-1.0800946195055303,-0.6932940500510016,-0.9340566703342195,-0.27386440606043777,-0.6039605381973286
Qwen_2.5_7B_base,passive_09,passive_aggressive,harm_to_model,1,user_next,21,]:,5669,51.28081512451172,-1.2020760774612427,-0.023441048558657997,-0.33852601051330566,-0.006601416332625602,0.6640805006027222,0.012949881919589424,0.8545593619346619,0.016664309252100617,4.029425621032715,0.0785756936828933,1.5404276847839355,0.030039063947086646,-0.19702649116516113,-0.0038421091920394306,3.0776162147521973,0.06001496285266978,-1.8242144584655762,-0.03557303943075624,-1.0783662796020508,-0.021028649349347072,1.3574114106253636,2.7909005431631813,2.139270110687632,1.4695883893208124,-0.23002119767439935,0.4036538261836508,1.8979153760532037,-0.6637496735410563,0.3820558511981543,-4.372983928137704,2.0741559768942723,1.57707243024468,2.935249306892045,2.2561608685683625
Qwen_2.5_7B_base,passive_09,passive_aggressive,harm_to_model,1,moderator_next,22,]:,5669,51.56200408935547,-2.839797019958496,-0.05507538099250777,-2.455263137817383,-0.047617682461730586,-0.7747731804847717,-0.015026048621812917,0.9806689023971558,0.019019216178984912,4.278669834136963,0.08298106153364697,0.579785943031311,0.01124444158583438,-1.043185830116272,-0.020231677347305216,2.2898664474487305,0.04440995822195851,-2.2181830406188965,-0.04301972120352128,-1.7131836414337158,-0.03322569926616541,-2.4112105660399354,-0.03694949303113814,-0.30163765416509253,1.607531278176421,0.23688595936044304,-1.926853277702253,0.8608796854336306,-1.5604445284324218,-0.15081287781194044,-6.127119365921111,-1.2240800295355367,-2.401505002009499,0.06562540102506433,-1.1679398004922172
Qwen_2.5_7B_base,passive_10,passive_aggressive,harm_to_model,1,assistant_next,21,]:,5669,48.560791015625,-1.5970734357833862,-0.0328881264571969,-2.049109935760498,-0.04219679895867374,-0.3579879105091095,-0.0073719538545803905,-0.3026268482208252,-0.006231917600424826,4.000816345214844,0.08238779191071115,2.1231789588928223,0.04372208348520651,-0.922793984413147,-0.019002861467314797,3.277400255203247,0.06749066863735201,-1.7309058904647827,-0.03564410410670295,0.6336201429367065,0.01304797820803273,0.44846795959535735,0.5056499314896603,0.4054074159013273,0.2038188988658406,-0.2836147213537669,1.8174024955174979,1.0084294849884858,-0.43633567915157634,0.5082618998240949,0.357598808469292,0.4770589455425088,0.388935111195205,0.4448870540075006,0.4169110826013528
Qwen_2.5_7B_base,passive_10,passive_aggressive,harm_to_model,1,user_next,21,]:,5669,51.376487731933594,-1.0426304340362549,-0.0202939219877461,0.20410799980163574,0.003972790060437905,0.9941225051879883,0.019349756066919323,1.0510835647583008,0.02045845504742413,4.156175136566162,0.08089644349087818,2.3508496284484863,0.04575730518431861,0.8947977423667908,0.017416483334469355,3.4807562828063965,0.06774998518715199,-1.3495519161224365,-0.026267889762413798,0.2844231128692627,0.005536055994199007,1.7243178476760432,3.5158311856675404,2.6991617121122164,1.684553222021958,0.007417638783211484,2.3697292263733876,3.2360329692000587,-0.20485569498467013,1.0240685321704037,-0.6073068825827564,2.620074516671792,1.972879320674888,3.6750532509076725,2.8239662857912804
Qwen_2.5_7B_base,passive_10,passive_aggressive,harm_to_model,1,moderator_next,22,]:,5669,50.31169509887695,-2.4686837196350098,-0.04906779059587112,-2.3185131549835205,-0.04608298628036633,-0.9057084918022156,-0.018001947460172786,0.23086225986480713,0.004588640064921215,3.880491018295288,0.07712900570471751,1.1925315856933594,0.023702870343559123,-0.5194202661514282,-0.010324046230814088,2.5317540168762207,0.050321381776157526,-1.8681563138961792,-0.037131651204053345,-0.580094575881958,-0.011530014537214564,-1.5572276296678402,0.1457413281001709,-0.5237596268778435,0.78736736373572,-0.5090191775358639,-0.44033857504761387,1.5027961169444275,-1.2851041247020938,0.32262156705887163,-2.9961531958807344,-0.7057431507838346,-1.6459441371084924,0.17299745767262403,-0.7364733397179342
Qwen_2.5_7B_base,passive_11,passive_aggressive,harm_to_model,1,assistant_next,28,]:,5669,48.018775939941406,-1.5637928247451782,-0.032566278380379024,-2.008591651916504,-0.04182929724049427,-0.23448191583156586,-0.004883129801660079,0.1523115634918213,0.0031719168285822643,4.1056413650512695,0.08550075016877408,1.9302990436553955,0.04019883901392408,-1.2183200120925903,-0.025371742370450708,3.220320701599121,0.06706378158466342,-1.7207989692687988,-0.035835960737963336,0.3884103298187256,0.008088717844547361,0.5250512399948817,0.5597802384402931,0.6149261080218668,0.701445950180716,-0.08724686434969858,1.3494777811097751,0.6462387909869182,-0.5013092839188861,0.521932183435221,-0.31996807729045046,0.5424157392175875,0.4294132056111265,0.47059860250914864,0.4500059040601376
Qwen_2.5_7B_base,passive_11,passive_aggressive,harm_to_model,1,user_next,28,]:,5669,50.403141021728516,-0.5964841246604919,-0.0118342649400233,0.4943079948425293,0.009807087114460503,0.5902407169342041,0.01171039552236942,0.9415342807769775,0.018680071552903563,3.679262161254883,0.07299668406912921,1.8280935287475586,0.036269436620219316,0.30265021324157715,0.006004590331207857,2.93822979927063,0.05829457727652281,-1.6921563148498535,-0.0335724377597891,0.21374309062957764,0.004240670051444496,2.750962096211954,3.9035231932836063,2.014006434692928,1.5647245028859817,-0.8859795586172452,1.1015282405094802,2.5103089908105463,-0.822413105498533,0.5606732799264101,-0.8026108222800254,3.32724264474778,3.036830984110827,4.08323858517125,3.5600347846410383
Qwen_2.5_7B_base,passive_11,passive_aggressive,harm_to_model,1,moderator_next,29,]:,5669,49.71969223022461,-2.5035667419433594,-0.050353625085825464,-2.2625763416290283,-0.04550664415122038,-0.6115131974220276,-0.012299215260433342,1.0946760177612305,0.022016950802760133,4.291718482971191,0.08631828336946654,0.6500322818756104,0.013073940177780416,-0.7348768711090088,-0.014780398633728408,2.231236457824707,0.044876312739287993,-2.0403451919555664,-0.04103696343307693,-0.778390645980835,-0.015655580536913523,-1.6374982796134263,0.22046998364681325,-0.024679291000336286,1.732236124342222,0.2613298870827987,-1.7564363734774384,1.2387368803026597,-1.6271829931331583,0.08972464898566339,-3.5440874280668084,-0.7085141479833066,-1.807660591661279,0.21332012250392826,-0.7971702345786753
Qwen_2.5_7B_base,passive_12,passive_aggressive,harm_to_model,1,assistant_next,31,]:,5669,49.336387634277344,-2.117126941680908,-0.04291207855295016,-2.530630588531494,-0.05129339033272256,-0.9461798071861267,-0.019178133068841693,-0.5118454694747925,-0.010374603695532395,4.068301200866699,0.08246045963122306,1.6354533433914185,0.033149028978667214,-1.5598559379577637,-0.0316167440048656,3.7419207096099854,0.0758450484325735,-2.1388626098632812,-0.04335263914574216,0.8987656831741333,0.01821709545977581,-0.7482469510528131,-0.1376364633122413,-0.5924161895797081,-0.025031518892544725,-0.15719589018862518,0.6341851083577325,0.22765930075753785,0.09242753823933303,-0.043526715828524284,1.090252349889017,-0.44294170718252723,-0.8717543524928869,-0.19153840672820263,-0.5316463796105447
Qwen_2.5_7B_base,passive_12,passive_aggressive,harm_to_model,1,user_next,31,]:,5669,47.66461181640625,-1.6839323043823242,-0.03532877412006346,-0.6344859600067139,-0.01331146810658222,-0.11391633749008179,-0.0023899562620768385,0.9449958801269531,0.019825943065829896,3.997074604034424,0.08385832700012934,1.5393763780593872,0.03229600157006903,0.593835711479187,0.012458628925092549,2.410738945007324,0.05057712321864632,-1.5992112159729004,-0.033551332005654744,-0.11990439891815186,-0.002515585344112265,0.24859371205040962,2.3955135378088905,0.8194566035238572,1.5685109175588536,-0.2906240946714108,0.40110336675279895,2.867180020134128,-1.422855472672147,0.6863877123706831,-1.7245498244750153,1.3220536249296502,0.0819804526175375,2.4657934836939512,1.2738869681557443
Qwen_2.5_7B_base,passive_12,passive_aggressive,harm_to_model,1,moderator_next,32,]:,5669,50.36021423339844,-3.235978364944458,-0.06425664414267696,-2.668084144592285,-0.052979999890922544,-1.2639223337173462,-0.025097636158964636,0.7656819820404053,0.015204104940693679,4.174541473388672,0.08289364008741952,0.46805891394615173,0.009294220071759332,-0.7182387113571167,-0.014262026528091838,2.4399304389953613,0.048449564326460345,-2.113882303237915,-0.04197524445469907,-1.1451393365859985,-0.022738968727947794,-3.3228785338331828,-0.3212672214577273,-1.1314426454510158,1.3723712993879742,0.04182314815949405,-2.1979019149434205,1.2591282707827678,-1.3896268211991452,-0.009739188485643358,-4.557492091567129,-1.8220728776454551,-3.5562114098413735,-0.30953878962117454,-1.932875099731274
Qwen_2.5_7B_base,passive_13,passive_aggressive,harm_to_model,1,assistant_next,28,]:,5669,48.1863899230957,-1.1219381093978882,-0.023283298690532202,-1.9413830041885376,-0.040289031971204675,-0.18418771028518677,-0.003822401109092128,-0.2962907552719116,-0.006148847335207813,3.485995292663574,0.07234398132392024,1.5010911226272583,0.031151765571626407,-1.7742788791656494,-0.03682116219947904,3.364210605621338,0.06981661442142761,-1.8075892925262451,-0.037512444808816624,0.3403559923171997,0.007063322088672746,1.5418199382151403,0.6495674748706194,0.7002464699592045,0.21074953204573654,-1.248024811500416,0.30822372611186694,-0.03513309859816745,-0.3375195349873203,0.4045424946641188,-0.4527524360978627,1.0956937065428798,1.5969122693365518,0.5783602896460883,1.0876362794913201
Qwen_2.5_7B_base,passive_13,passive_aggressive,harm_to_model,1,user_next,28,]:,5669,49.15983963012695,-1.0842801332473755,-0.022056217868190293,-0.053969383239746094,-0.0010978348108090996,1.3031775951385498,0.026508987924767656,1.164890170097351,0.02369597172940051,3.6745190620422363,0.07474635982722687,1.2737153768539429,0.025909673148595127,-0.285312294960022,-0.00580376781345666,3.162158966064453,0.06432402932670607,-1.3855934143066406,-0.028185474662482383,-0.5341963768005371,-0.010866519923982054,1.6284761400349432,3.1710533067516065,3.223450580913262,1.809038743527666,-0.8948647677915289,-0.24338752264492708,1.7897140890192524,-0.5675147354089122,0.975320007036584,-2.869326706279293,2.399764723393275,1.7512394098738207,3.3202967671650216,2.535768088519421
Qwen_2.5_7B_base,passive_13,passive_aggressive,harm_to_model,1,moderator_next,29,]:,5669,49.62781524658203,-2.3132519721984863,-0.04661200499568243,-2.264399766921997,-0.045627633529121574,-0.8292684555053711,-0.01670975140422859,0.48265981674194336,0.009725590666117126,3.3271307945251465,0.06704165351615579,0.44090062379837036,0.008884143329858473,-1.2851943969726562,-0.02589665474063298,1.948166847229004,0.039255543238187945,-2.0125813484191895,-0.04055349481776351,-1.4008171558380127,-0.028226452219947157,-1.1995577214064364,0.21803398287269418,-0.394084816579154,1.0627920641591329,-1.545624383645973,-2.2637876508717034,0.564278903863501,-1.9494008774571876,0.12727709526653655,-5.263984305502617,-0.4907618692668711,-1.337085614874885,0.2048553341663359,-0.5661151403542746
Qwen_2.5_7B_base,passive_14,passive_aggressive,harm_to_model,1,assistant_next,23,]:,5669,48.568641662597656,-1.889749526977539,-0.03890884040170349,-2.190135955810547,-0.045093621745183665,-0.44594985246658325,-0.009181847323722991,-0.017754316329956055,-0.0003655510165034844,3.899003505706787,0.0802782077537363,1.993161678314209,0.0410380362737039,-1.0472356081008911,-0.02156197028065867,2.967135429382324,0.061091587654329906,-1.7774569988250732,-0.036596802751308555,0.5816092491149902,0.011974995165715806,-0.22502013028454074,0.317246548396554,0.25618655351784597,0.5154221277771779,-0.474339885450029,1.5019818940104561,0.8559163598331101,-0.7895098526200536,0.44529842743150283,0.21388164273169952,0.04611320905600662,-0.3682762722206345,0.24221643808494686,-0.06302991706784383
Qwen_2.5_7B_base,passive_14,passive_aggressive,harm_to_model,1,user_next,23,]:,5669,50.66610336303711,-0.9061795473098755,-0.017885321490323423,0.06544899940490723,0.0012917709288978953,0.5885159373283386,0.011615575271527272,1.2042768001556396,0.023768885314243572,3.7850115299224854,0.07470500549058995,2.1200571060180664,0.04184369756693645,0.7164169549942017,0.014139965528054712,2.629854679107666,0.05190560363926165,-1.288205862045288,-0.025425398373640953,0.45082253217697144,0.008897912060588105,2.0383101751285957,3.3305900169684524,2.0110804749598756,1.8521211741875678,-0.6878801264664645,1.809828912166194,3.0174131011554604,-1.1734362287083078,1.1070431533627936,-0.14750988302994297,2.684450096048524,2.275803480759522,3.487480921243695,2.8816422010016085
Qwen_2.5_7B_base,passive_14,passive_aggressive,harm_to_model,1,moderator_next,24,]:,5669,50.13550567626953,-2.558349609375,-0.05102869862118365,-2.322580099105835,-0.046326053118980984,-1.0562608242034912,-0.021068119488489523,0.5195509195327759,0.010362933663970066,3.726217746734619,0.07432293135318543,0.948238730430603,0.01891351683083611,-0.606144905090332,-0.012090132470275183,1.9128482341766357,0.038153564193170945,-1.864800214767456,-0.03719520107782848,-0.537738561630249,-0.010725703358862798,-1.7635612203686513,0.14030810357023846,-0.7791604101577774,1.103144802527489,-0.7980180422787279,-1.0329905595217928,1.3965081618327773,-1.9896040230758358,0.3271609145047515,-2.8791145166174483,-0.8116265583992064,-1.8925630418237547,0.15599175538327836,-0.8682856432202382
Qwen_2.5_7B_base,passive_15,passive_aggressive,harm_to_model,1,assistant_next,28,]:,5669,49.36385726928711,-1.5982149839401245,-0.03237621758813592,-2.3726797103881836,-0.04806511973820981,-0.21457013487815857,-0.004346705195820637,0.1086190938949585,0.0022003769539812364,4.139767646789551,0.08386232105417753,1.4406723976135254,0.02918476142888197,-1.3784937858581543,-0.027925163512613444,3.3416616916656494,0.06769450112936663,-1.6008611917495728,-0.032429823767957174,0.4127626419067383,0.008361636726543822,0.44584109969555924,0.07337764453938551,0.6487049566845634,0.6536536463207268,-0.02331837835541579,0.16164851317624937,0.44993306882586764,-0.36318694355624564,0.6841560103141199,-0.25267745766673627,0.25960937211747237,0.45331671551941943,0.034321315447911116,0.24381901548366527
Qwen_2.5_7B_base,passive_15,passive_aggressive,harm_to_model,1,user_next,28,]:,5669,49.41073226928711,-1.1467963457107544,-0.02320945861439062,0.004346370697021484,8.79641020767287e-05,0.7186498641967773,0.014544408293326956,0.9174608588218689,0.018568048209075972,3.8442373275756836,0.07780166678414514,1.4331775903701782,0.02900539062160424,0.013916969299316406,0.0002816588352398688,2.65836238861084,0.05380131535235785,-1.4511339664459229,-0.029368801064053925,-0.2557392120361328,-0.005175782674953313,1.4846177047705593,3.2489601024295456,2.231842958830974,1.5383921781709031,-0.5769329214703364,0.14346618696272329,2.1564433945179404,-1.1409859285022703,0.886672048038961,-2.099890314041083,2.3667889036000522,1.6061989663499041,3.4032588997310977,2.504728933040501
Qwen_2.5_7B_base,passive_15,passive_aggressive,harm_to_model,1,moderator_next,29,]:,5669,50.796958923339844,-2.339291572570801,-0.04605180353613568,-2.3375167846679688,-0.0460168646748249,-0.7623180150985718,-0.015007158523978234,1.039888858795166,0.020471478624626185,4.048166275024414,0.07969308322440519,0.5225157737731934,0.010286359357884934,-0.8279509544372559,-0.016299222866604218,2.1741085052490234,0.04279997368602471,-1.818337321281433,-0.035796184650060923,-0.9283982515335083,-0.018276650240708292,-1.259478436639551,0.12035347327502588,-0.2805083966851225,1.6723080732823732,-0.19491448298980146,-2.0657901263689444,1.1246671751774537,-1.6922116904064632,0.39000507040851634,-3.9585903586069384,-0.5695624816822626,-1.2666303622113688,0.17762352820178265,-0.5445034170047931
Qwen_2.5_7B_base,passive_16,passive_aggressive,harm_to_model,1,assistant_next,22,]:,5669,48.87896728515625,-1.7558577060699463,-0.03592256145319936,-2.6345863342285156,-0.05390020453702582,-0.6399781107902527,-0.01309311849934693,-0.07507753372192383,-0.0015359885425550645,4.098380088806152,0.08384751799064225,1.7686541080474854,0.03618435916882796,-0.9585834741592407,-0.01961136921258864,3.2270748615264893,0.06602174801893779,-1.7000834941864014,-0.03478149373059052,0.43031132221221924,0.008803609120909103,0.08308343343900537,-0.27651589970514756,-0.07296788975059088,0.4527200500711869,-0.10084935407584629,0.9573288098875543,0.9645666136506008,-0.4936210297202005,0.5499512422588039,-0.20418672023422954,-0.0967162331330711,0.007301181666809103,-0.3739191318599342,-0.18330897509656255
Qwen_2.5_7B_base,passive_16,passive_aggressive,harm_to_model,1,user_next,22,]:,5669,50.2473258972168,-1.0675199031829834,-0.02124530776755452,-0.5030472278594971,-0.01001142287429391,0.5536535382270813,0.011018567224047005,1.10575270652771,0.02200620006703596,4.174374103546143,0.08307654246287685,1.7352709770202637,0.03453459355369159,0.9905462265014648,0.01971341178489125,2.839003562927246,0.056500590075869064,-1.1914677619934082,-0.023712063094275107,0.24515116214752197,0.00487888972736559,1.6670437431690408,2.5711088059531373,1.9519390196568334,1.7443521818728343,0.04150961559488426,0.876341673239761,3.353380365605874,-0.9353622414962723,1.2378878723496376,-0.7158236381313487,2.119076274561089,1.8532257132903023,2.6966747798901713,2.2749502465902367
Qwen_2.5_7B_base,passive_16,passive_aggressive,harm_to_model,1,moderator_next,23,]:,5669,49.953125,-2.7303402423858643,-0.054658046766560935,-3.0479841232299805,-0.06101688579503245,-1.3977279663085938,-0.02798079131803253,0.3984273672103882,0.007976024867521065,3.920562505722046,0.07848482964223051,0.48779428005218506,0.009765040326349655,-0.44763100147247314,-0.008961020986624423,2.0450258255004883,0.0409388967256901,-1.851399540901184,-0.037062737134086886,-0.7459659576416016,-0.014933319139525336,-2.159335410296864,-0.8287937132848349,-1.3584339037464077,0.970655756460647,-0.43395358608415996,-2.150024117312029,1.5907795808717966,-1.839146389203412,0.34528621782708635,-3.4544911153402293,-1.4940645617908495,-2.3490178336290253,-0.8718240021894108,-1.610420917909218
Qwen_2.5_7B_base,passive_17,passive_aggressive,harm_to_model,1,assistant_next,23,]:,5669,49.368804931640625,-1.684063196182251,-0.03411188904641541,-2.6195735931396484,-0.05306131263997349,-0.7567322850227356,-0.015328146712697586,-0.4069478511810303,-0.00824301604514263,3.4719674587249756,0.07032715220740092,1.3705211877822876,0.02776087429460777,-1.5279453992843628,-0.030949612845602784,3.0399582386016846,0.06157650044012643,-1.8903213739395142,-0.038289794062403994,0.3526700735092163,0.0071435813363833105,0.24829251194911697,-0.25645966320609814,-0.27103262295379,0.0897090506825065,-1.2743030387140144,-0.008537609029535643,0.26676820848670596,-0.706615714080016,0.29264184809456134,-0.4187260097563817,-0.004083575628490585,0.2350252972270147,-0.3152276791898616,-0.04010119098142345
Qwen_2.5_7B_base,passive_17,passive_aggressive,harm_to_model,1,user_next,23,]:,5669,50.54940414428711,-0.8088984489440918,-0.01600213618018503,0.05708742141723633,0.0011293391560914792,0.4340163469314575,0.00858598344092466,0.49430030584335327,0.009778558505505491,3.0844643115997314,0.0610188065282729,1.649808645248413,0.03263754881341896,0.4187760353088379,0.008284490042919057,2.2626497745513916,0.044761156196677095,-1.387714147567749,-0.027452631164685704,-0.3461112976074219,-0.006846990651353464,2.2621674121597124,3.3194193863265684,1.7489834634129586,1.0755248256017,-2.000209532240617,0.6690109247907307,2.6526304384891444,-1.591425242825833,0.9724515741497797,-2.3496076145093534,2.7907933992431406,2.5126473778557066,3.4761166957227645,2.9943820367892355
Qwen_2.5_7B_base,passive_17,passive_aggressive,harm_to_model,1,moderator_next,24,]:,5669,50.19109344482422,-2.6805429458618164,-0.05340674533836517,-2.863391876220703,-0.057049800665699195,-1.5277459621429443,-0.030438586954125976,0.13482773303985596,0.002686288020165849,3.156177043914795,0.06288320949581275,-0.049649178981781006,-0.0009892029755510518,-1.064070463180542,-0.02120038417473988,1.606135606765747,0.032000410760753696,-2.1054067611694336,-0.041947816169495035,-1.0077942609786987,-0.020079145358460487,-2.044744956459909,-0.5821881307337293,-1.5789997192800564,0.6823215439545031,-1.8658706541121912,-3.453856487671599,0.8352839035564384,-2.338734732274264,0.001724546274672309,-4.177978425411774,-1.3134665435968191,-2.191644523047006,-0.5942745468608567,-1.3929595349539312
Qwen_2.5_7B_base,passive_18,passive_aggressive,harm_to_model,1,assistant_next,29,]:,5669,48.18505096435547,-1.8562904596328735,-0.03852419832462252,-2.1780614852905273,-0.04520201684339261,-0.6016657948493958,-0.012486565497138802,-0.18522977828979492,-0.003844133700861233,3.639061450958252,0.0755226232644274,1.7336540222167969,0.03597908454012541,-1.3510031700134277,-0.028037807223921424,3.3105316162109375,0.0687045369872054,-1.6642885208129883,-0.03453951977853325,0.5583667755126953,0.011587966897155364,-0.14802619728789884,0.3333774091711992,-0.007973908292484613,0.3322317922130058,-0.9612872222199728,0.8724189573173123,0.4836250089555275,-0.3986222805772552,0.5983663261779012,0.14965774297903017,0.09267560594165017,-0.3199007204188136,0.2346327842213772,-0.04263396809871821
Qwen_2.5_7B_base,passive_18,passive_aggressive,harm_to_model,1,user_next,29,]:,5669,50.52677917480469,-1.074462652206421,-0.02126521163142345,0.10580921173095703,0.002094121443302269,0.5306198596954346,0.010501755076445275,1.0661182403564453,0.021100063328162187,3.6595535278320312,0.07242799932232524,1.6401240825653076,0.032460491433484444,0.33865392208099365,0.006702464071762253,2.8987698554992676,0.0573709605647048,-1.2806627750396729,-0.025346218301567077,0.24641388654708862,0.004876896777738083,1.6510675192170523,3.3845091486427723,1.9128641050077466,1.70099865967409,-0.9228995812965949,0.6455162741316531,2.5544344047159617,-0.8673303241671007,1.1172456805885065,-0.7123344619515375,2.5177883339299125,1.850722449983919,3.543615826594956,2.6971691382894374
Qwen_2.5_7B_base,passive_18,passive_aggressive,harm_to_model,1,moderator_next,30,]:,5669,49.8243408203125,-2.826113700866699,-0.05672154722646211,-2.2871131896972656,-0.045903531327098866,-1.001728892326355,-0.020105211144468726,0.8104207515716553,0.01626555892619579,3.5619170665740967,0.07148949705967743,0.5867456197738647,0.011776284645489157,-0.852701723575592,-0.017114159656437655,2.258295774459839,0.04532515106630717,-1.9403538703918457,-0.03894389445892675,-1.016121506690979,-0.02039407827502505,-2.379723359822472,0.18769003860648054,-0.6866510621254477,1.4213080815723589,-1.1058011699879144,-1.909969172645898,1.0943331354934422,-1.5963813972321446,0.22496956659425518,-4.200988377062898,-1.0960166606079957,-2.608539553531804,0.1855526771629015,-1.211493438184451
Qwen_2.5_7B_base,passive_19,passive_aggressive,harm_to_model,3,assistant_next,50,]:,5669,43.9230842590332,-0.9051526784896851,-0.02060767575317828,-0.24515771865844727,-0.00558152331044531,0.45222312211990356,0.010295796157049229,1.285158634185791,0.029259298518443312,3.0900816917419434,0.07035211082897573,1.8050053119659424,0.04109468500256162,0.3479401171207428,0.007921577525585206,1.3401830196380615,0.030512042636496775,-0.44092416763305664,-0.010038552052327163,1.0980782508850098,0.025000026054845623,2.040673142043473,2.9156356952495623,1.7798698971862783,1.94059246510768,-1.9896865397124528,1.0455164612092733,2.565815376647574,-2.6414683241086028,2.2530480381869835,1.640995381252363,2.4781544186465174,1.9334192292364631,3.0066041539827872,2.470011691609625
Qwen_2.5_7B_base,passive_19,passive_aggressive,harm_to_model,3,user_next,50,]:,5669,43.240970611572266,-0.54909348487854,-0.012698454200091202,0.3049592971801758,0.0070525543915187176,0.982869029045105,0.022730040865041705,1.459436297416687,0.0337512381608314,3.388838291168213,0.07837100424062365,1.7089346647262573,0.03952119114247883,0.7872985601425171,0.01820723607743944,1.8654565811157227,0.0431409506940273,-0.6690540313720703,-0.015472687636503151,0.717690110206604,0.016597456071315242,2.8600145006454962,3.65056324155838,2.680071030648353,2.131223278929609,-1.430028232118473,0.81245004723217,3.1042841560070507,-2.0435498993278647,1.9444872136780238,0.5899020151993609,3.2552888711019383,2.9281438830160824,3.8905230189525675,3.4093334509843247
Qwen_2.5_7B_base,passive_19,passive_aggressive,harm_to_model,3,moderator_next,51,]:,5669,49.006591796875,-2.0220298767089844,-0.04126036524004763,-1.8151397705078125,-0.03703868610229611,-1.4833046197891235,-0.030267451079585367,-0.3057577610015869,-0.00623911498006038,2.867845058441162,0.058519577740234446,0.5567622184753418,0.011360965903995894,-1.2256163358688354,-0.025009213881855567,2.1815505027770996,0.044515450325933716,-1.9689730405807495,-0.040177718310668256,-0.06799602508544922,-0.0013874873275677398,-0.5294154763675823,0.8182218289367785,-1.5036083024475042,0.20039420036841274,-2.4060006171833814,-1.9827085995183809,0.6372965648387534,-1.6837404712826758,0.18626023408725378,-1.5811159432797535,0.1444031762845981,-0.6640221575743022,0.8057644657940826,0.0708711541098902
Qwen_2.5_7B_base,passive_20,passive_aggressive,harm_to_model,2,assistant_next,52,]:,5669,44.87125778198242,-1.3380836248397827,-0.02982050628803804,-0.7924594879150391,-0.017660737119636588,0.521384596824646,0.011619567237404307,1.5543732643127441,0.03464073309166043,3.924333095550537,0.08745761294719738,1.6925019025802612,0.037719065304647366,0.0167960524559021,0.0003743165065153662,1.4913915395736694,0.033237123568497826,-0.5839176774024963,-0.013013178285297862,0.9796357154846191,0.02183214297768095,1.0444392682153496,2.1844691710564343,1.897197171567561,2.235068550467382,-0.4268901708287415,0.7725843332482641,2.159971940327459,-2.469347801234789,2.059639798902866,1.3137134554914325,1.614454219635892,0.7747426638364515,2.161505270485509,1.4681239671609803
Qwen_2.5_7B_base,passive_20,passive_aggressive,harm_to_model,2,user_next,52,]:,5669,42.652278900146484,-0.8869588375091553,-0.02079511014137416,0.11070632934570312,0.0025955548495985034,0.6800337433815002,0.015943667276806742,1.3396544456481934,0.03140874251489508,3.7328402996063232,0.08751795673908301,1.1620001792907715,0.02724356609434955,0.3595793545246124,0.008430483992811402,1.9127706289291382,0.04484568417568349,-0.8576138019561768,-0.020107103865749865,0.5145907998085022,0.012064790277987583,2.082539681806118,3.3910514415167796,2.16633359510244,2.0002018303950755,-0.7856120678525654,-0.5144074567339788,2.5800801894833802,-1.9896923610595865,1.6894475738559704,0.02869540810414887,2.7367955616614488,1.909846036141149,3.5786976471921492,2.744271841666649
Qwen_2.5_7B_base,passive_20,passive_aggressive,harm_to_model,2,moderator_next,53,]:,5669,48.29729080200195,-2.1180038452148438,-0.04385347107558777,-1.8040868043899536,-0.03735378888612885,-1.1764030456542969,-0.024357536957446364,0.2764854431152344,0.0057246573984595815,3.4058587551116943,0.0705186294832612,0.34116610884666443,0.007063876734728212,-1.005635380744934,-0.020821776212409205,2.0058748722076416,0.04153183002398339,-1.9444825649261475,-0.040260696462202955,-0.3542672395706177,-0.007335136892521786,-0.7502648271412545,0.8329880132840293,-0.9829727123261831,0.837271547616435,-1.3981439354590313,-2.505742570687606,0.9069007531029323,-1.8837118842869078,0.21938523244014715,-2.372144217454281,0.04136159307138737,-0.9901511308440916,0.7837189076136897,-0.10321611161520095
Qwen_2.5_7B_base,tedious_01,tedious_demand,harm_to_model,1,assistant_next,23,]:,5669,50.26204299926758,-2.028390884399414,-0.04035631588690042,-2.757997989654541,-0.05487238132550105,-1.088949203491211,-0.021665438539915285,-0.9330835342407227,-0.01856437738223891,3.795462131500244,0.07551348701754029,1.1317905187606812,0.022517797750027265,-2.1956825256347656,-0.0436847050898182,3.674922466278076,0.07311526247215275,-2.2591257095336914,-0.04494695350060903,0.37883472442626953,0.007537193114728543,-0.5440530332027148,-0.44138741339554505,-0.8346138032807952,-0.48579598870710194,-0.6683030995369191,-0.5876957862031003,-0.551596844170508,0.016163497834559303,-0.206190562569598,-0.34642751234539637,-0.4927202232991299,-0.5503219439979046,-0.44193560474306387,-0.4961287743704842
Qwen_2.5_7B_base,tedious_01,tedious_demand,harm_to_model,1,user_next,23,]:,5669,52.78539276123047,-1.5422663688659668,-0.029217673454515286,-1.2367963790893555,-0.023430655990074416,-0.23913723230361938,-0.00453036758455759,-0.20608806610107422,-0.0039042631932908658,3.6886210441589355,0.06987957939129202,0.7749871611595154,0.014681848909699195,-0.8858140110969543,-0.016781423131657786,3.582289218902588,0.0678651617713014,-2.166452646255493,-0.041042654661209564,-0.1492987871170044,-0.0028284110301564445,0.5745865867081074,1.5908583359736244,0.6070287114527494,0.3094162901763037,-0.8684476393990221,-1.4532971060695317,1.0537513887975118,-0.08928084472337453,-0.08084407637870825,-1.8057727731713085,1.082722461340866,0.8505595666236616,1.7578240315983775,1.3041917991110195
Qwen_2.5_7B_base,tedious_01,tedious_demand,harm_to_model,1,moderator_next,24,]:,5669,50.83576965332031,-2.9098856449127197,-0.05724090861133765,-3.0424790382385254,-0.05984917822602116,-1.6994273662567139,-0.03342975581654672,-0.3404064178466797,-0.006696198762566511,3.641848087310791,0.07163947968422124,-0.08783012628555298,-0.0017277229573687864,-1.4161620140075684,-0.027857589718130144,2.527611255645752,0.0497211170969389,-2.3843252658843994,-0.04690251140377233,-1.2538878917694092,-0.02466546489451079,-2.5724941678200857,-0.8214392078096244,-1.8702443940446174,0.16249432536569447,-0.9560670390074952,-3.546483077853069,0.4037676538795933,-1.2898198261019442,-0.37553129553004033,-4.857987487446911,-1.696966687814855,-2.673858443676584,-0.7901275955845484,-1.7319930196305662
Qwen_2.5_7B_base,tedious_02,tedious_demand,harm_to_model,1,assistant_next,24,]:,5669,49.523860931396484,-1.2925206422805786,-0.026098947415894292,-2.1305675506591797,-0.043021030884699676,-0.6650001406669617,-0.01342787351713472,-0.7098774909973145,-0.014334049842775398,3.3592336177825928,0.0678306084098736,1.4905989170074463,0.030098600734549272,-1.8564726114273071,-0.03748642727995315,2.98244047164917,0.06022229316451379,-1.942452311515808,-0.03922255403726727,0.503423810005188,0.010165277919315737,1.1492859810705969,0.396826820547718,-0.11541589389530271,-0.2416456547822646,-1.4854864259648575,0.28276974189524084,-0.13586806656085437,-0.7720881367094876,0.22213128530665444,-0.0021613606692194986,0.7730564008091574,1.242794587248402,0.38722125791923956,0.8150079225838208
Qwen_2.5_7B_base,tedious_02,tedious_demand,harm_to_model,1,user_next,24,]:,5669,51.20423889160156,-0.35598164796829224,-0.006952190984068699,0.2386617660522461,0.004660976731975036,0.17623524367809296,0.003441809652735582,-0.12202906608581543,-0.0023831828912475143,2.692814826965332,0.05258968564430714,1.6329598426818848,0.031891106635503964,-0.18059730529785156,-0.0035269991158382954,2.349673271179199,0.04588825694984774,-1.7269032001495361,-0.0337257859413819,-0.07460814714431763,-0.001457069741867694,3.3043914965361654,3.5619932092282496,1.311677082066475,0.4013628729161482,-2.733883326096463,0.6281359009742278,1.9180506523870233,-1.4923664745218748,0.5136758048853781,-1.5993866433578745,3.4331923528822075,3.6508382278032165,3.723200903307964,3.68701956555559
Qwen_2.5_7B_base,tedious_02,tedious_demand,harm_to_model,1,moderator_next,25,]:,5669,50.1075553894043,-2.087550163269043,-0.04166138513535375,-2.3437952995300293,-0.04677528730578715,-1.4244403839111328,-0.02842765672444567,-0.259280800819397,-0.005174485141101581,3.151956558227539,0.06290381827116732,0.3056833744049072,0.0061005445591853155,-1.5159063339233398,-0.030253049108915263,2.077902317047119,0.041468842391111954,-2.2139954566955566,-0.04418486273157374,-0.4822593927383423,-0.009624484551092678,-0.6801867008419613,0.11196570596518648,-1.4037495243693092,0.2512322743891893,-1.873776855620343,-2.5918233238838444,0.2815230423417087,-1.8017231083084437,-0.14514889183961535,-2.725813768932683,-0.2841104974383874,-0.7144575100093878,0.12456195244280723,-0.2949477787832903
Qwen_2.5_7B_base,tedious_03,tedious_demand,harm_to_model,1,assistant_next,16,]:,5669,50.40156936645508,-1.9281915426254272,-0.03825657746103321,-2.595127582550049,-0.0514890233611901,-0.852513313293457,-0.016914420007343063,-0.6526340246200562,-0.012948684591048048,4.021779537200928,0.07979472837362948,1.1631474494934082,0.023077603815002328,-1.879725456237793,-0.03729497870534266,3.0668065547943115,0.060847441723420506,-2.4844706058502197,-0.04929351679084356,0.33079278469085693,0.006563144537936097,-0.31348051522474596,-0.2238010722838276,-0.4335179810583615,-0.17903081143870045,-0.2443445443225986,-0.5116241908804219,-0.16436628062867217,-0.6760542997938082,-0.5109845332785844,-0.4791776134872245,-0.2686407937542868,-0.28624265823263406,-0.20522549402914175,-0.2457340761308879
Qwen_2.5_7B_base,tedious_03,tedious_demand,harm_to_model,1,user_next,16,]:,5669,52.3614387512207,-1.4432857036590576,-0.027563904622949466,-0.4561946392059326,-0.008712416046728611,0.010887578129768372,0.0002079312255245192,0.3224903345108032,0.006158928062366984,3.7857933044433594,0.07230117037903397,1.0738983154296875,0.020509335515626025,-0.2417004108428955,-0.0046160001827157725,2.6650404930114746,0.05089700658672876,-2.355734348297119,-0.04498987049400356,-0.029271841049194336,-0.0005590343150857734,0.8023547616664818,2.633701412664073,1.0311771215478107,0.8875932568013216,-0.6864156346155307,-0.7281416832097606,1.8431639279357477,-1.1333842482415768,-0.3368601765471633,-1.4741127836288466,1.7180280871652773,1.0585502794098969,2.7875572857363258,1.9230537825731113
Qwen_2.5_7B_base,tedious_03,tedious_demand,harm_to_model,1,moderator_next,17,]:,5669,50.0909538269043,-2.861238479614258,-0.057120862371709547,-2.7170331478118896,-0.05424199262008357,-1.6772814989089966,-0.03348471871198655,-0.16972064971923828,-0.0033882495091974033,3.4915380477905273,0.06970396411008631,-0.11969470977783203,-0.002389547425897547,-1.3147368431091309,-0.026246991575612083,1.9394917488098145,0.0387194014215017,-2.674170970916748,-0.05338630564228599,-0.9886535406112671,-0.019737167394090475,-2.4605503247092435,-0.38666052832645964,-1.8326755847355392,0.34919620260423956,-1.23764161340633,-3.6237862336118836,0.5280722822244759,-1.9592757342214,-0.7675669030534733,-4.125088542557377,-1.4236054265178515,-2.658760503462101,-0.3978316755028816,-1.5282960894824913
Qwen_2.5_7B_base,tedious_04,tedious_demand,harm_to_model,1,assistant_next,25,]:,5669,48.304256439208984,-1.3727198839187622,-0.028418197175777527,-2.3388071060180664,-0.04841824051181619,-0.6163941621780396,-0.01276065936246784,-0.13584411144256592,-0.00281225965280153,4.308075904846191,0.0891862585705654,1.2178318500518799,0.025211688158051332,-1.4607999324798584,-0.03024163997469412,3.5378165245056152,0.07324026463295145,-1.8870279788970947,-0.0390654596095879,0.5628026723861694,0.011651202479318936,0.964736454526299,0.11862967147200124,-0.032959483023695765,0.3862515081518923,0.29197211242859394,-0.37896039080366206,0.3490603281079326,-0.1399040729414274,0.29709638409027483,0.1619150698449216,0.5416830629991501,0.9511078644851667,0.009615901980738988,0.48036188323295287
Qwen_2.5_7B_base,tedious_04,tedious_demand,harm_to_model,1,user_next,25,]:,5669,47.827781677246094,-1.2659471035003662,-0.026468865147108344,-0.8210973739624023,-0.017167791295514687,0.035162895917892456,0.000735198135576944,0.5440413951873779,0.011375007916083296,4.197430610656738,0.08776134839332621,1.4760360717773438,0.03086147883123676,0.09082776308059692,0.001899058662045535,2.884312629699707,0.06030621802959155,-1.421947956085205,-0.029730585576409705,-0.2500286102294922,-0.0052276856977550865,1.2104353622906785,2.146210453877553,1.0723583844254336,1.1299333147118507,0.0847011828215995,0.24744042734804464,2.250703700436136,-0.8837869713519606,0.9261480696059262,-2.0841107062320035,1.6783229080841156,1.1962708826538306,2.1959932737753483,1.6961320782145894
Qwen_2.5_7B_base,tedious_04,tedious_demand,harm_to_model,1,moderator_next,26,]:,5669,49.307132720947266,-2.5323331356048584,-0.05135835316031349,-2.74155855178833,-0.055601662487740386,-1.1810390949249268,-0.023952702778500506,0.5309160947799683,0.010767531297848474,4.176140308380127,0.08469647448402465,0.22434531152248383,0.004549956550752234,-1.000205636024475,-0.020285211912140968,2.587352752685547,0.05247420829210691,-1.756141185760498,-0.03561637209162707,-0.9294255971908569,-0.018849719014304128,-1.7036937226397724,-0.41942518465900497,-0.9908374235276497,1.1155764163467008,0.044818232743928856,-2.7891486379160755,0.9135553378919498,-1.2218161335049078,0.47412948333310406,-3.9614291332415963,-1.0615594536493886,-1.9340229370993924,-0.49295835388052,-1.2134906454899563
Qwen_2.5_7B_base,tedious_05,tedious_demand,harm_to_model,1,assistant_next,30,]:,5669,49.2482795715332,-1.8712470531463623,-0.03799619132742237,-2.950540542602539,-0.05991154550519626,-0.9725174307823181,-0.01974723663939844,-0.4924386739730835,-0.009999104095764717,3.926198959350586,0.07972256073733044,0.5868796110153198,0.011916753562180304,-2.3805477619171143,-0.0483376837247556,3.5422182083129883,0.07192572490106808,-2.168163299560547,-0.044025158207025,0.24180662631988525,0.004909950731754208,-0.18244338372567803,-0.6986141886524266,-0.637096000173877,-0.003803708331043677,-0.42339486334920273,-1.9096441112556863,-0.7781639210253941,-0.1348936402040864,-0.0831578488309647,-0.7250653022239409,-0.44052878618905233,-0.25349449144193903,-0.794491001914647,-0.523992746678293
Qwen_2.5_7B_base,tedious_05,tedious_demand,harm_to_model,1,user_next,30,]:,5669,48.808868408203125,-1.3953120708465576,-0.028587265313695587,-1.0659923553466797,-0.021840136641387946,0.26610660552978516,0.005452013419042135,0.5235754251480103,0.010727055189421578,4.022017002105713,0.08240340604638455,0.7572439312934875,0.015514474233666527,-0.7015156149864197,-0.014372708031651858,3.498444080352783,0.07167640214672161,-1.8674942255020142,-0.038261371066495596,-0.7696868181228638,-0.015769405094290312,0.9127487135457178,1.8190435737589277,1.464137132636652,1.1075469431486118,-0.24389970324802404,-1.4963420014258555,1.2796237578568466,-0.18472169087255583,0.323517085679069,-3.520036899823565,1.3658961436523227,0.9298445525616228,1.8691016484191818,1.3994731004904022
Qwen_2.5_7B_base,tedious_05,tedious_demand,harm_to_model,1,moderator_next,31,]:,5669,50.143714904785156,-2.6047897338867188,-0.05194648499483525,-2.9518883228302,-0.05886856066478842,-1.3966445922851562,-0.027852834496549756,0.35198187828063965,0.007019461540673574,3.949967384338379,0.0787729308017711,-0.49725663661956787,-0.009916629383438746,-1.653167724609375,-0.03296859292831563,2.2155368328094482,0.04418373941811842,-2.3910555839538574,-0.04768405349492129,-1.447213888168335,-0.028861321721303682,-1.8704263579464042,-0.7004147525091335,-1.356596040660809,0.919852106762263,-0.37886966615393364,-4.539747631516766,0.11329827126969687,-1.6450538622329942,-0.3846344986735592,-5.392188348541299,-1.2854205552277689,-2.007990928961131,-0.7215205803245793,-1.3647557546428553
Qwen_2.5_7B_base,tedious_06,tedious_demand,harm_to_model,1,assistant_next,33,]:,5669,51.03643035888672,-1.885791540145874,-0.036949910620414514,-3.2354958057403564,-0.06339580928737458,-1.7525663375854492,-0.0343395164054667,-1.9410068988800049,-0.03803179190297793,3.5449295043945312,0.0694588057876832,0.8950465321540833,0.01753740467074483,-2.644014835357666,-0.05180642174158791,4.212025165557861,0.08252977600390585,-2.4580914974212646,-0.04816346833303261,0.23870837688446045,0.004677215377444503,-0.21591225618334006,-1.0792995088954447,-1.960390688582755,-1.5882967206383098,-1.137623832040638,-1.1620342920256204,-1.1010638121967504,0.627547019585462,-0.4753050333953009,-0.7336264246136783,-0.6476058825393923,-0.1219061667188234,-1.0382607934459753,-0.5800834800823994
Qwen_2.5_7B_base,tedious_06,tedious_demand,harm_to_model,1,user_next,33,]:,5669,47.0507698059082,-1.7445290088653564,-0.03707758695685133,-1.8953437805175781,-0.040282949425400866,-1.21808660030365,-0.02588877090275989,-1.3000810146331787,-0.02763145045227138,3.318174362182617,0.07052327466416822,0.5255044102668762,0.011168880178468158,-1.4789246320724487,-0.031432527845415593,3.083024024963379,0.06552547466664915,-2.2440850734710693,-0.047694970405973626,-2.3129730224609375,-0.04915908989379587,0.10915232963758692,0.7110734685270431,-1.0536857483684363,-0.8872302692730618,-1.562402395500861,-2.0585397246044392,0.32684706460773477,-0.6575939680189911,-0.1858471012245668,-7.7844650400065225,0.410112899082315,-0.13796372670819948,0.5787858432250563,0.22041105825842844
Qwen_2.5_7B_base,tedious_06,tedious_demand,harm_to_model,1,moderator_next,34,]:,5669,49.87654495239258,-2.745134115219116,-0.05503857810999862,-3.435908317565918,-0.06888825841576457,-1.9695007801055908,-0.03948751426117205,-1.11417818069458,-0.02233872016913098,3.388753890991211,0.06794283553974707,0.17732912302017212,0.0035553610056477188,-1.8689327239990234,-0.03747117459284578,2.9401793479919434,0.05894913833342626,-2.03092360496521,-0.04071901144924407,-1.6998012065887451,-0.034080171515713735,-2.193378153985768,-1.3470401373888452,-2.328403761886497,-0.6838834497866998,-1.4301863382835325,-2.9032094334654865,-0.15113892732098602,-0.8201939359343884,0.10246797246940118,-6.090140851128039,-1.7702091456873066,-2.3968763878890966,-1.42252939729634,-1.9097028925927182
Qwen_2.5_7B_base,tedious_07,tedious_demand,harm_to_model,1,assistant_next,32,]:,5669,50.32753372192383,-1.6286089420318604,-0.03236019772060479,-2.4301633834838867,-0.04828695554428195,-1.0256586074829102,-0.020379671556130907,-0.7269920110702515,-0.014445214325166843,3.606416702270508,0.07165891979124481,1.1503461599349976,0.022857193167681103,-2.2340457439422607,-0.044390129591608804,3.6222901344299316,0.07197432233505174,-2.2679760456085205,-0.04506431922811545,0.1294769048690796,0.002572685273720784,0.37590040622936943,-0.0034175346765147573,-0.7272460359605931,-0.260366096801006,-1.0224403644015985,-0.5426799892682238,-0.5986140249313071,-0.043747838389276164,-0.21816123116893069,-1.03545622244809,0.18624143577642735,0.45533149751490903,0.018801001378411387,0.23706624944666022
Qwen_2.5_7B_base,tedious_07,tedious_demand,harm_to_model,1,user_next,32,]:,5669,49.3717155456543,-1.2045087814331055,-0.024396737446145445,-0.41994571685791016,-0.008505795519087929,-0.17430146038532257,-0.003530391003410547,0.14565706253051758,0.0029502127062169367,3.3589751720428467,0.06803440259102976,1.1255743503570557,0.022797959072664405,-0.611515998840332,-0.012385958075020905,3.2551193237304688,0.06593085307559228,-1.8460909128189087,-0.03739167036056947,-1.2801402807235718,-0.025928616548473365,1.3518134229504284,2.6821280760657844,0.7170177542551965,0.6941670315269154,-1.4859705702669044,-0.6027761475844099,1.3899254584812806,-0.46169804350011545,0.35246649063850694,-4.930528423722031,2.0169707495081064,1.4568776308771074,2.80201309221306,2.1294453615450837
Qwen_2.5_7B_base,tedious_07,tedious_demand,harm_to_model,1,moderator_next,33,]:,5669,51.039119720458984,-2.547941207885742,-0.04992133919708655,-2.447059392929077,-0.047944780519954294,-1.556315302848816,-0.030492596882014177,0.1269824504852295,0.0024879435848563173,3.5168564319610596,0.06890511535510145,-0.11458408832550049,-0.0022450247761536053,-1.5941815376281738,-0.031234502992204774,2.55755615234375,0.05010972301935208,-2.584652900695801,-0.050640624580751636,-1.7231169939041138,-0.033760711457047406,-1.7396100516582111,-0.025989719150821298,-1.6274654712062557,0.6737401080416862,-1.1902128902815334,-3.611387917900346,0.18559054334801703,-1.255733576998675,-0.6464877549616371,-6.154567332268538,-0.8827998854045163,-1.7532929869452631,0.04274061662058237,-0.8552761851623404
Qwen_2.5_7B_base,tedious_08,tedious_demand,harm_to_model,1,assistant_next,16,]:,5669,49.16608810424805,-1.2793171405792236,-0.026020315829615254,-2.0680322647094727,-0.04206216814167875,-0.7675958871841431,-0.015612303455108955,-0.6531527638435364,-0.013284619318474977,3.2869112491607666,0.06685321887296482,1.331819772720337,0.027088178540795177,-2.0086677074432373,-0.04085473920935525,3.080566167831421,0.06265632037471888,-2.24981689453125,-0.04575952615471275,0.45016181468963623,0.009155941260470982,1.179669061233686,0.48037069019275463,-0.2894619123378284,-0.1795982259799568,-1.620967330827909,-0.10242684870358977,-0.32239528341038864,-0.6603917445919111,-0.19359977070536089,-0.14933558602513802,0.8300198757132203,1.2526839015017157,0.45430623930582004,0.8534950704037678
Qwen_2.5_7B_base,tedious_08,tedious_demand,harm_to_model,1,user_next,16,]:,5669,48.44217300415039,-0.9457793831825256,-0.019523884345598905,0.028636693954467773,0.0005911521341541442,-0.19767433404922485,-0.004080624831431254,0.250537633895874,0.005171890903292234,2.5355148315429688,0.05234106305110906,0.9012699127197266,0.01860506779170514,-0.8783942461013794,-0.018132841522739307,2.0975115299224854,0.04329928654816489,-2.0660560131073,-0.042649944975224084,-0.5182720422744751,-0.010698777741247714,1.947185486013705,3.281410703222959,0.6773674204074759,0.8088889545940039,-3.028552128029813,-1.1469364340125423,1.0628449019955806,-1.7794019588474923,0.05494905212449483,-2.825324381839574,2.614298094618332,2.0697251887342007,3.4384634793349655,2.7540943340345834
Qwen_2.5_7B_base,tedious_08,tedious_demand,harm_to_model,1,moderator_next,17,]:,5669,49.20577621459961,-2.1221377849578857,-0.04312781848420951,-2.0061283111572266,-0.040770179143358336,-1.549900770187378,-0.03149835018205676,-0.06302642822265625,-0.0012808745856945955,2.72324538230896,0.05534401836142479,-0.05052432417869568,-0.0010267966093725567,-1.6226801872253418,-0.0329774329775512,1.787827968597412,0.03633370116549354,-2.3712830543518066,-0.04819115227468426,-1.2542603015899658,-0.02549010295295007,-0.7597775931818977,0.563071132791522,-1.6165836958131028,0.465901957644366,-2.6768780142959354,-3.4559795810264853,0.1506631775360894,-2.1319144794607188,-0.3578908363724396,-4.859016535016959,-0.09835323019518788,-0.8988874688164064,0.5446977562719768,-0.17709485627221477
Qwen_2.5_7B_base,tedious_09,tedious_demand,harm_to_model,1,assistant_next,29,]:,5669,49.838226318359375,-1.5755059719085693,-0.03161240052654493,-2.968255043029785,-0.059557798547424254,-0.9420573711395264,-0.018902305333295778,-0.9308092594146729,-0.018676612876806612,4.370408058166504,0.08769188594812684,0.8974340558052063,0.018006942102484297,-2.03480863571167,-0.040828271510177885,4.139889240264893,0.0830665444195361,-2.0501599311828613,-0.04113629401830508,0.45858561992645264,0.00920148355595711,0.49809767136764005,-0.7222798342482748,-0.5854227848377817,-0.48330830983358963,0.4087384282285695,-1.1562421839089292,-0.3544330738741739,0.5454347604039056,0.07644956093415267,-0.12605881986321413,-0.11209108144031737,0.549380235429986,-0.769741778680747,-0.11018077162538048
Qwen_2.5_7B_base,tedious_09,tedious_demand,harm_to_model,1,user_next,29,]:,5669,48.82074737548828,-1.2725759744644165,-0.026066294411202444,-1.0494283437728882,-0.021495540322264316,0.10558775067329407,0.0021627639138991784,0.15003466606140137,0.003073174298366644,4.846270561218262,0.09926661965956418,1.481062412261963,0.03033674189522073,-0.12769603729248047,-0.0026156100460804,3.707926034927368,0.07594980073551738,-1.6202201843261719,-0.03318712374197789,-0.4728351831436157,-0.009685127913076866,1.1951814150843214,1.841172226450028,1.1918288886682011,0.6989554026136708,1.300167784489894,0.2596342782883369,1.982885371423045,0.0537314304817212,0.6579716843640022,-2.6997726726786206,1.5181768207671746,1.2469012807540714,1.893210664879099,1.570055972816585
Qwen_2.5_7B_base,tedious_09,tedious_demand,harm_to_model,1,moderator_next,30,]:,5669,50.168766021728516,-2.392484188079834,-0.047688719053676325,-3.111001968383789,-0.062010733272498425,-1.4915894269943237,-0.029731435418369742,-0.1911327838897705,-0.0038097963941746004,4.4027814865112305,0.0877594135882144,0.1352565586566925,0.002696031203919023,-1.387871503829956,-0.027664055026365552,2.8866395950317383,0.057538580753242176,-1.9197371006011963,-0.03826558340641151,-1.1182292699813843,-0.022289351695376956,-1.381881988185993,-0.9129822567749051,-1.51766285886508,0.32577488465149074,0.4693833082185629,-3.005277047088959,0.4384399282486118,-0.8811381887977168,0.25285511994115034,-4.483133852012895,-1.1474321224804491,-1.4725014723481893,-0.9413566230073309,-1.20692904767776
Qwen_2.5_7B_base,tedious_10,tedious_demand,harm_to_model,1,assistant_next,29,]:,5669,48.13984298706055,-1.0322422981262207,-0.021442577168431478,-2.1617166996002197,-0.04490493872573006,-0.36546772718429565,-0.007591793086706355,-0.13666749000549316,-0.0028389683373547326,4.190582275390625,0.0870501857788985,1.6003788709640503,0.03324437247114026,-1.4135702848434448,-0.029363832474970823,3.5479750633239746,0.07370142574577218,-1.6754502058029175,-0.034803815339681514,0.7359904050827026,0.01528859172391835,1.7482223824910192,0.355213187553748,0.39271846577240405,0.3853508687777782,0.07187225207252324,0.5490947946598285,0.40694402447540495,-0.12834061729888457,0.5832694043327984,0.6404696236079083,1.0517177850223836,1.8284155932081239,0.2554172814174663,1.0419164373127952
Qwen_2.5_7B_base,tedious_10,tedious_demand,harm_to_model,1,user_next,29,]:,5669,45.6828727722168,-0.47814300656318665,-0.010466570457319871,-0.5894684791564941,-0.012903489719127173,0.40477919578552246,0.008860633564001677,0.8252916932106018,0.018065669760429864,3.9584827423095703,0.08665135316789933,1.6461665630340576,0.03603465507176282,-0.07575064897537231,-0.0016581848815217682,2.9048213958740234,0.06358666212516881,-1.0588431358337402,-0.02317812062987647,-0.03494143486022949,-0.0007648694738278372,3.0232813459887797,2.455654536523174,1.699384820971187,1.4375744214714368,-0.3629179153311371,0.6601752703478929,2.046548583738009,-0.860441861176136,1.417271506422362,-1.4897790776209938,2.7394679412559766,3.2088427821938446,2.4943369042489323,2.8515898432213884
Qwen_2.5_7B_base,tedious_10,tedious_demand,harm_to_model,1,moderator_next,30,]:,5669,49.471073150634766,-1.863710641860962,-0.03767273526058629,-2.511368751525879,-0.05076438798647034,-0.5797892808914185,-0.011719763570238604,0.8429752588272095,0.017039760917666555,4.375421524047852,0.08844403901902642,0.8289239406585693,0.016755729921899488,-0.6929938793182373,-0.014008062392504324,2.4563982486724854,0.04965322343408609,-1.342659592628479,-0.02714029648275886,-0.6545920372009277,-0.013231813977589622,-0.1651010609536189,-0.11190365701764403,0.029137963115855436,1.4569173047891986,0.4181301130841458,-1.3224470270859328,1.2900678239176024,-1.3708815281864228,1.0333908584332687,-3.2020055319722536,-0.13850235898563146,-0.21281416380958706,-0.1545277784499766,-0.1836709711297818
Qwen_2.5_7B_base,tedious_11,tedious_demand,harm_to_model,1,assistant_next,22,]:,5669,50.05699920654297,-2.117276668548584,-0.04229731510297633,-2.982210636138916,-0.059576296689976375,-0.8548893928527832,-0.017078318844591073,-0.3827892541885376,-0.007647067548118287,3.9986963272094727,0.0798828613499229,0.775539755821228,0.015493133190450157,-2.1142196655273438,-0.04223624466188523,3.6736040115356445,0.07338841859812216,-2.2673983573913574,-0.04529633005038354,0.2893131971359253,0.005779675204703623,-0.7485914932451843,-0.740923776365467,-0.4375488225000594,0.11613454273981821,-0.28758613383882425,-1.4519565170354332,-0.4517576182676583,0.014662701981591272,-0.2173798694056112,-0.5937945393142141,-0.7447576348053256,-0.7944369634392329,-0.7710359655263905,-0.7827364644828116
Qwen_2.5_7B_base,tedious_11,tedious_demand,harm_to_model,1,user_next,22,]:,5669,49.43342590332031,-1.658342719078064,-0.033546991509780785,-1.2867140769958496,-0.026029231304185704,0.038475632667541504,0.0007783323118812446,0.44272541999816895,0.008955993073675119,3.7038869857788086,0.07492677106827889,0.5921300649642944,0.011978333569725797,-0.7153653502464294,-0.014471288145100627,2.9083175659179688,0.05883301658286695,-2.220996379852295,-0.044929040204415946,-1.0966241359710693,-0.022183858713652537,0.30747888048718575,1.5241709036936413,1.0779781948074176,1.0191104677363738,-0.8398500751369642,-1.8969065633282072,1.2626498037691136,-0.8564621739450469,-0.15461810637453643,-4.423434269921751,0.9158248920904135,0.30607116473473617,1.5760197245193834,0.9410454446270597
Qwen_2.5_7B_base,tedious_11,tedious_demand,harm_to_model,1,moderator_next,23,]:,5669,50.02147674560547,-3.1184167861938477,-0.06234155784830582,-3.2006092071533203,-0.06398470048036922,-1.316132664680481,-0.026311351649491378,0.6484816074371338,0.012964063630810435,3.8078432083129883,0.07612416617923057,-0.3329920768737793,-0.00665698213124093,-1.2690752744674683,-0.025370607927503064,1.9366830587387085,0.038717030858327305,-2.3535852432250977,-0.047051494604902225,-1.903560996055603,-0.03805487402414277,-3.0523531117087956,-1.03269283874992,-1.2200135709930249,1.2441735580557631,-0.6451097290523233,-4.141243478755485,0.5840341728416467,-1.96247286361487,-0.3339533688977362,-6.653172502417185,-2.0425229752293577,-3.315355399127793,-1.0794614293120666,-2.1974084142199297
Qwen_2.5_7B_base,tedious_12,tedious_demand,harm_to_model,1,assistant_next,27,]:,5669,49.809852600097656,-1.5809354782104492,-0.03173941290095987,-2.6005139350891113,-0.05220882615267994,-1.0094279050827026,-0.02026562722815051,-0.618075966835022,-0.012408709011795192,3.995126247406006,0.08020755009016375,1.117775559425354,0.022440852583915545,-1.804807424545288,-0.03623394429683074,4.01255989074707,0.08055755400366721,-1.973921298980713,-0.039629133513574034,0.74169921875,0.0148906126003783,0.4856036278216703,-0.2309969574157442,-0.6997118620286495,-0.14123003675802165,-0.29427393529532986,-0.6216959351369395,-0.07254826343063144,0.4004958758389147,0.17956738525654206,0.6562442904075286,0.12730333520296305,0.5334061804212078,-0.25558510724862266,0.13891053658629257
Qwen_2.5_7B_base,tedious_12,tedious_demand,harm_to_model,1,user_next,27,]:,5669,46.653011322021484,-1.4593017101287842,-0.03127990388564595,-1.063769817352295,-0.022801739634975435,-0.3413201868534088,-0.007316144814264036,0.44009536504745483,0.009433375307966839,4.229732990264893,0.09066366501123035,1.087788462638855,0.02331657553958129,-0.23605823516845703,-0.005059871345475852,2.9143896102905273,0.062469485413792714,-1.8207839727401733,-0.03902821963993381,-0.6637147665023804,-0.014226622198535103,0.7654997197640507,1.822012768217131,0.4336829637408197,1.0162336245061157,0.14521296779128845,-0.6944443272257005,1.8500788637850538,-0.8495503712717395,0.3866958114670452,-3.227213574031485,1.293756243990591,0.5911975753263545,1.8018249506898918,1.1965112630081232
Qwen_2.5_7B_base,tedious_12,tedious_demand,harm_to_model,1,moderator_next,28,]:,5669,49.767669677734375,-2.6868844032287598,-0.05398855161648946,-2.9969873428344727,-0.060219563468435794,-1.658243179321289,-0.03331968705907025,-0.01404571533203125,-0.00028222569838979585,4.094964981079102,0.08228162997374887,0.04468423128128052,0.0008978566119456434,-1.3364559412002563,-0.02685389832102537,2.961191177368164,0.05950029801562068,-2.119234561920166,-0.04258255561578551,-1.0327657461166382,-0.020751740091593814,-2.0593375253017703,-0.7606646832664021,-1.8003784980183823,0.5194787212227681,-0.10724684760215768,-3.2250045929467697,0.5014537969679231,-0.7962761893662017,-0.016978474587483815,-4.246979951910913,-1.410001104284086,-2.2648169641892197,-0.816040884294638,-1.540428924241929
Qwen_2.5_7B_base,tedious_13,tedious_demand,harm_to_model,1,assistant_next,32,]:,5669,50.15167236328125,-1.5716912746429443,-0.03133876101395303,-3.23441219329834,-0.06449260893773161,-1.2223774194717407,-0.024373612321783894,-0.8507516384124756,-0.016963574659084685,3.8535711765289307,0.07683833848281275,0.4097185432910919,0.008169588848866963,-2.4374938011169434,-0.04860244307429246,3.796215534210205,0.07569469481918253,-2.0410852432250977,-0.0406982488727432,0.24624979496002197,0.0049101013656389,0.5068758163962053,-1.0778518593768291,-1.0609648024950906,-0.3957385710537155,-0.5594478981485294,-2.3394350613241923,-0.8479558294416601,0.15423128847451498,0.08872368038750254,-0.7127878819195819,-0.28548802149031194,0.583795249296573,-1.1149962643614442,-0.2656005075324356
Qwen_2.5_7B_base,tedious_13,tedious_demand,harm_to_model,1,user_next,32,]:,5669,46.460086822509766,-1.407386302947998,-0.0302923735016811,-1.5620595216751099,-0.03362153686114717,-0.12232264876365662,-0.002632854502208801,0.19782984256744385,0.004258060113473484,4.19475793838501,0.09028734609149854,0.6800065040588379,0.014636358874158989,-0.7509599328041077,-0.01616354992346398,3.179579973220825,0.06843680652960658,-1.873897671699524,-0.04033349483091423,-0.7356029748916626,-0.01583300904498666,0.8849642386281161,1.1563237980429388,0.8051959245325581,0.751235386320122,0.07969448759471101,-1.6837192150453884,1.2190258067205508,-0.5476844185589085,0.31485599849820434,-3.4258559891200577,1.0206440183355274,0.7153970066727777,1.0448387179810208,0.8801178623268993
Qwen_2.5_7B_base,tedious_13,tedious_demand,harm_to_model,1,moderator_next,33,]:,5669,51.10865783691406,-2.265270709991455,-0.04432264132663891,-3.376666784286499,-0.06606839089888301,-1.5376754999160767,-0.030086399545508423,0.017333030700683594,0.0003391407920746557,4.175232887268066,0.08169326028069625,-0.13004085421562195,-0.0025443997107217676,-1.5151708126068115,-0.029646069310637516,2.80468487739563,0.05487690336821759,-2.1338186264038086,-0.04175062928110437,-1.192964792251587,-0.023341735876889896,-1.0891462132371432,-1.2678965489538574,-1.5958444382187595,0.5538018569708243,0.0431183681557453,-3.6488858748851314,0.2824244823203738,-0.9744271705132302,-0.03670439248358524,-4.689644001163757,-1.1785213810955004,-1.0491575972084568,-1.2252428083038074,-1.137200202756132
Qwen_2.5_7B_base,tedious_14,tedious_demand,harm_to_model,1,assistant_next,22,]:,5669,50.71348190307617,-1.3941974639892578,-0.02749165333695395,-2.9530928134918213,-0.058230922087656796,-1.2175192832946777,-0.024007803006340717,-1.0250831842422485,-0.02021322823389236,4.179071426391602,0.08240553142019831,1.6542704105377197,0.03261993356518822,-2.013345241546631,-0.039700394569525815,4.454588890075684,0.08783835624990832,-2.0141489505767822,-0.0397162426044071,1.0025535821914673,0.01976897551833558,0.9153135777962518,-0.702023889003753,-1.0527233374502625,-0.586428323488226,0.05030907227286436,0.679835122044152,-0.3281279741531538,0.9036570900497894,0.1251568090123782,1.3770403973269314,0.10664484439624938,1.0676371579307005,-0.676909427800837,0.19536386506493175
Qwen_2.5_7B_base,tedious_14,tedious_demand,harm_to_model,1,user_next,22,]:,5669,46.96638488769531,-0.851986289024353,-0.018140342099175793,-0.9644472599029541,-0.020534841295729127,-0.4029805660247803,-0.008580191279111134,-0.09709644317626953,-0.002067360377181335,4.067134380340576,0.0865967093287208,1.8413832187652588,0.03920640737345065,-0.22165071964263916,-0.004719348107644309,3.5321691036224365,0.07520632282149156,-1.8197617530822754,-0.0387460469319416,-0.49821460247039795,-0.01060789762000449,2.1630163438428434,1.954702507559376,0.3290807374815037,0.4286350207510946,-0.15938168558919538,1.1337688934486145,1.867736422031648,-0.1463325270769163,0.3880784315909545,-2.7699014081357314,2.05885942570111,2.2437301237110874,1.960424118298065,2.102077121004576
Qwen_2.5_7B_base,tedious_14,tedious_demand,harm_to_model,1,moderator_next,23,]:,5669,50.1653938293457,-1.7814500331878662,-0.03551153289552678,-3.1160120964050293,-0.06211477392174339,-1.5424418449401855,-0.03074712919004115,-0.27587926387786865,-0.00549939396103146,3.86746883392334,0.07709435805646864,0.7759149074554443,0.015467134776116328,-1.3534367084503174,-0.026979489347865645,3.1475393772125244,0.06274324064752543,-1.714932918548584,-0.03418557670218836,-0.788658618927002,-0.01572116869270252,0.024191955710489932,-0.9196755256383123,-1.603930186430851,0.2330763130205913,-0.5334135295962941,-1.4510464029829453,0.4806425137003461,-0.5841562003109279,0.5298664074652304,-3.5724600219843783,-0.4477417849639112,0.05899530061139793,-0.9486356262524218,-0.44482016282051196
Qwen_2.5_7B_base,tedious_15,tedious_demand,harm_to_model,1,assistant_next,29,]:,5669,50.163963317871094,-1.3581867218017578,-0.02707494846839382,-2.195369243621826,-0.043763871481018284,-0.5361994504928589,-0.010688937137904251,-0.5023959875106812,-0.010015077643031861,4.560479164123535,0.09091146038891325,1.3069806098937988,0.026054173622844155,-1.4950716495513916,-0.02980369872447393,4.205961227416992,0.0838442768320621,-2.1393651962280273,-0.0426474515713927,0.37176990509033203,0.007411095146820021,0.9981792668659074,0.3102551497312933,0.1030848535377089,-0.014695355303825928,0.7647970849635498,-0.162686405316457,0.3070576081166219,0.6206444442284296,-0.044206497337842286,-0.3659491113182858,0.6542172082986004,1.1200451734761705,0.3352498491436433,0.7276475113099069
Qwen_2.5_7B_base,tedious_15,tedious_demand,harm_to_model,1,user_next,29,]:,5669,49.51877212524414,-0.9517917037010193,-0.019220826019145293,-0.47422361373901367,-0.009576643228139729,0.43119022250175476,0.008707611356177763,0.2670935392379761,0.00539378356479511,4.82427453994751,0.09742314546382191,1.5143970251083374,0.030582281428103382,0.2153226137161255,0.004348302764283533,3.6682796478271484,0.07407856637780198,-1.6215522289276123,-0.03274621238237372,-0.7441089153289795,-0.015026804651919887,1.9333503064975899,2.6096156461188182,1.7441891544741321,0.8269983648902755,1.2589628167608773,0.3405037103224148,2.4032820594570667,0.008601983538827799,0.6561700053827121,-3.449359712316477,2.271482976308204,2.107840139343839,2.7270932987885335,2.4174667190661863
Qwen_2.5_7B_base,tedious_15,tedious_demand,harm_to_model,1,moderator_next,30,]:,5669,50.3412971496582,-2.026196002960205,-0.04024918144116519,-2.379575490951538,-0.047268855307350664,-1.0904884338378906,-0.02166190574303258,0.25401759147644043,0.005045908744092922,4.480087757110596,0.08899428522455174,0.3031633198261261,0.006022159479221613,-0.8201640248298645,-0.0162920717436347,2.7600955963134766,0.05482766143486663,-2.048342704772949,-0.040689112532867194,-1.1940672397613525,-0.023719437268601644,-0.5390023080069041,0.06416524255326549,-0.8372249925591017,0.8126954501216049,0.6142005161166613,-2.597936950684315,1.1342106778624412,-1.0251831092506505,0.0789074806039922,-4.6926902981957035,-0.2374185327268193,-0.5368478904862476,0.09003041970895342,-0.22340873538864708
Qwen_2.5_7B_base,tedious_16,tedious_demand,harm_to_model,3,assistant_next,31,]:,5669,45.23389434814453,-0.5965526700019836,-0.013188178435634823,0.03264451026916504,0.0007216825068811282,0.015278041362762451,0.0003377564895291654,0.7038800716400146,0.015560899227967698,2.3192665576934814,0.05127275887066347,1.6529842615127563,0.036543045548775764,0.19598284363746643,0.004332654671054329,1.4183571338653564,0.03135606947632924,-1.8190116882324219,-0.04021346634964311,1.5038005113601685,0.033244993229769385,2.750804363918472,3.2867649360959903,1.0386252143855867,1.3047702754990573,-3.433648260450451,0.6767149375788543,2.3795796302611576,-2.5524827998687702,0.38909294422298224,2.762092310522841,3.0187846500072313,2.866552389165657,3.4475957849631778,3.1570740870644176
Qwen_2.5_7B_base,tedious_16,tedious_demand,harm_to_model,3,user_next,31,]:,5669,44.95146942138672,-0.7876023054122925,-0.017521169286572245,-0.0524749755859375,-0.0011673695267672673,-0.13847285509109497,-0.003080496741786449,0.23736542463302612,0.005280481988428479,2.091012716293335,0.04651711597437761,0.8851940631866455,0.019692216396501015,-0.13931211829185486,-0.0030991671703967444,1.5305842161178589,0.03404970373203523,-2.267064094543457,-0.050433592577172746,0.8228793144226074,0.01830594917173282,2.3111727783668385,3.173049757176839,0.7777983061737385,0.7944807457331664,-3.8612343249094447,-1.1859362816243004,1.968648938606016,-2.424734812611642,-0.2169277566560553,0.8805621670501788,2.742111267771839,2.3216020681891654,3.3154319049522316,2.8185169865706987
Qwen_2.5_7B_base,tedious_16,tedious_demand,harm_to_model,3,moderator_next,32,]:,5669,47.9482536315918,-1.6990923881530762,-0.035435959799661826,-1.9933117628097534,-0.04157214521565838,-1.9647352695465088,-0.04097615910357157,-1.1023625135421753,-0.022990670776294107,2.1772942543029785,0.045409250377127786,0.024241536855697632,0.0005055770548382506,-1.731225609779358,-0.03610612438736873,2.130960464477539,0.044442921338713935,-2.8486244678497314,-0.059410390412485234,-0.045032620429992676,-0.0009391920877035219,0.21370826643876287,0.5801933707117537,-2.3203194292819758,-0.6709590726556628,-3.6996038215772504,-3.274598361893839,0.017632113456087246,-1.741327066588514,-1.0035268688810728,-1.5176631704033585,0.39695081857525827,0.06849995554042593,0.4885897476706422,0.2785448516055341
Qwen_2.5_7B_base,tedious_17,tedious_demand,harm_to_model,3,assistant_next,37,]:,5669,44.19351577758789,-0.8272871971130371,-0.018719651119782237,-0.6173874139785767,-0.013970090478560111,-0.07070398330688477,-0.0015998723356321263,0.7379608154296875,0.01669839573623454,2.383211612701416,0.05392672591824042,1.7166473865509033,0.03884387463514447,-0.017935961484909058,-0.0004058505228498934,1.5499622821807861,0.03507216511085609,-1.596924066543579,-0.03613480481119441,1.3292193412780762,0.030077248163907583,2.2198523640495136,2.4183563005595587,0.8927631337497877,1.3420489479567808,-3.3138605090385305,0.8311610320055779,2.1174050898470687,-2.4026767773603566,0.6894812342012748,2.279687392788572,2.319104332304536,2.1708717569190688,2.4197142404586574,2.295292998688863
Qwen_2.5_7B_base,tedious_17,tedious_demand,harm_to_model,3,user_next,37,]:,5669,43.63473129272461,-0.7943823337554932,-0.018205276169259776,-0.4244420528411865,-0.009727160916697461,-0.1904556155204773,-0.004364771132490799,0.28650811314582825,0.006566056548481573,2.2937169075012207,0.052566312190941836,0.8082748055458069,0.0185236572244132,-0.25770023465156555,-0.005905851302779374,1.8675422668457031,0.042799444651492234,-2.2881574630737305,-0.052438903490056414,0.5248907804489136,0.012029197038654176,2.2955709971637246,2.6761212064790807,0.6896134370391245,0.8482346837360043,-3.4815102123326143,-1.372541619042343,1.82355486901573,-2.0411757651286306,-0.24545794151961398,0.057156446091039356,2.4858461018214024,2.2355635146523762,2.7165626191800696,2.4760630669162227
Qwen_2.5_7B_base,tedious_17,tedious_demand,harm_to_model,3,moderator_next,38,]:,5669,48.27671813964844,-1.9323140382766724,-0.04002579530545412,-2.2771196365356445,-0.047168070330478915,-2.0501575469970703,-0.04246679612865664,-1.0788565874099731,-0.022347347313237013,2.1857082843780518,0.04527458304136431,0.2954065203666687,0.006119026556696671,-1.6974875926971436,-0.03516161947435777,2.2002816200256348,0.045576453926734505,-2.7899398803710938,-0.05779058701340734,-0.18531036376953125,-0.003838503753165039,-0.3229669468303035,0.2010409026817911,-2.4652319405825605,-0.6452474941025171,-3.6838418874780423,-2.6167548673518786,0.05898074158605535,-1.6624188572876342,-0.9241520584042984,-1.9052804214725243,-0.06096302207425622,-0.5087531285665202,0.09708164611930183,-0.2058357412236092
Qwen_2.5_7B_base,tedious_18,tedious_demand,harm_to_model,1,assistant_next,35,]:,5669,50.42030715942383,-1.8514946699142456,-0.036721209651897,-2.4840140342712402,-0.049266142437749204,-0.9833073616027832,-0.019502208871787836,-0.5312156677246094,-0.01053574834530381,3.685871124267578,0.07310290896509679,1.0601187944412231,0.02102563142047581,-1.9715359210968018,-0.039102021232496814,3.239577293395996,0.06425143907102322,-2.443432331085205,-0.048461274211585484,0.08695054054260254,0.0017245142967430536,-0.1369904230847995,-0.07535918619941993,-0.6554003116324203,-0.04621929813974824,-0.8735990419634229,-0.7615706611065285,-0.2768873206365604,-0.4793895227158984,-0.45547753524519796,-1.152965615212528,-0.10617480464210971,-0.09314297046737258,-0.049705919972270904,-0.07142444521982175
Qwen_2.5_7B_base,tedious_18,tedious_demand,harm_to_model,1,user_next,35,]:,5669,50.47392272949219,-1.1214940547943115,-0.02221927669075375,-0.017826318740844727,-0.0003531787857342166,0.14500951766967773,0.002872959140640517,0.19147604703903198,0.003793563818394315,3.6016640663146973,0.07135692792528339,1.3086512088775635,0.02592727369123049,-0.18580162525177002,-0.003681140977441904,2.831791400909424,0.056104048343656725,-2.0275001525878906,-0.04016926053982349,-0.950531005859375,-0.018832120716149026,1.5428417691598717,3.219338549606285,1.2587049709484788,0.7442853894588802,-1.0313434386792788,-0.15863354915771363,1.911672343610916,-0.9435718390644972,0.10709841966688556,-4.019747867889194,2.381090159383078,1.7307318757591847,3.372395188910107,2.551563532334646
Qwen_2.5_7B_base,tedious_18,tedious_demand,harm_to_model,1,moderator_next,36,]:,5669,50.52511978149414,-2.2933967113494873,-0.04539121770057616,-2.3194384574890137,-0.045906639460131585,-1.2669481039047241,-0.02507560812094838,0.33674705028533936,0.006664943136041409,3.76609468460083,0.07453905504604542,0.10160121321678162,0.0020109049450288516,-0.9901526570320129,-0.019597235223075642,1.8422406911849976,0.03646187676846945,-2.5141568183898926,-0.04976053157840813,-1.2130619287490845,-0.024009085658682462,-1.1538680251668187,0.14450517237261387,-1.1365756385010446,0.9031877356355199,-0.7233168989363139,-3.086924573135817,0.9258760646538327,-2.0699765260520664,-0.5511371115848992,-4.745176665277595,-0.5046814263971025,-1.1835499968229204,0.1853352226333929,-0.49910738709476377
Qwen_2.5_7B_base,tedious_19,tedious_demand,harm_to_model,3,assistant_next,41,]:,5669,46.43122100830078,-1.066443681716919,-0.02296824547272329,-0.5600817203521729,-0.01206261020471643,-0.07052835822105408,-0.0015189856456379923,1.3577191829681396,0.029241513651459054,2.657698392868042,0.057239468081033446,1.176452398300171,0.02533752877379317,-0.03202316164970398,-0.0006896902763762989,1.0822081565856934,0.023307768632494515,-1.4837411642074585,-0.03195567835578137,1.2217918634414673,0.02631401537390198,1.669520277335225,2.494913708517891,0.8930610685859296,2.0199616522387864,-2.7996666564508943,-0.4793465202740748,2.1001401035976666,-2.935120879770037,0.8425686428059815,1.9828424146972883,2.0822169929265577,1.6365357899199149,2.5531674167317497,2.094851603325832
Qwen_2.5_7B_base,tedious_19,tedious_demand,harm_to_model,3,user_next,41,]:,5669,44.6734619140625,-0.7848138809204102,-0.017567787390870712,-0.2695305347442627,-0.006033347835517058,0.4345794916152954,0.009727911672735097,1.3953802585601807,0.031235104663355787,2.971963882446289,0.0665263840121323,0.8890069723129272,0.01990011371903734,0.1693425327539444,0.00379067404893996,1.6106774806976318,0.03605445854624076,-1.6782543659210205,-0.03756714375862446,0.923381507396698,0.020669575802586996,2.3175893280656874,2.8830748883541815,1.7499387962932809,2.061156612949318,-2.210955671085829,-1.1766862028289953,2.346929806612506,-2.333564721243696,0.5794765911345804,1.1582711096067104,2.600332108209934,2.3157390161369626,2.9749931230244413,2.645366069580702
Qwen_2.5_7B_base,tedious_19,tedious_demand,harm_to_model,3,moderator_next,42,]:,5669,50.48420715332031,-2.0901527404785156,-0.041402110844897116,-2.250579595565796,-0.04457987403329512,-1.7149147987365723,-0.033969332102777874,-0.48529601097106934,-0.009612828215707686,2.7159414291381836,0.05379784257856881,0.14073878526687622,0.002787778459894461,-1.6138039827346802,-0.03196651138510633,2.3243908882141113,0.04604194102038577,-2.6507608890533447,-0.05250673504692261,0.22323167324066162,0.004421812004746515,-0.6861755902876999,0.23649700861440262,-1.8965176660906997,0.004009178505324896,-2.690560450359783,-2.991977221040555,0.16154167338234948,-1.5211453884170711,-0.7359032092117158,-0.77639184968543,-0.22483929083664866,-0.6818491771820228,0.278159805308559,-0.20184468593673188
Qwen_2.5_7B_base,tedious_20,tedious_demand,harm_to_model,3,assistant_next,62,]:,5669,42.029296875,-0.7848411798477173,-0.01867366904047731,-0.839330792427063,-0.019970136424678483,-0.30360147356987,-0.007223567752580205,0.771382212638855,0.018353440813750347,2.8154263496398926,0.06698723411941192,0.9673547148704529,0.023016200288752817,-0.327972948551178,-0.007803436482095038,1.459578275680542,0.0347276396276982,-0.6381528377532959,-0.015183523998777244,0.8129698634147644,0.019342932760275076,2.317526509465327,2.1218515609379716,0.49766994264228664,1.3786064047813456,-2.5041961580026233,-0.9866153755186864,1.737430058904987,-2.5055608110436247,1.986283134760185,0.8531802455291898,2.2196890352016494,2.1766548175666505,1.999932604824501,2.0882937111955755
Qwen_2.5_7B_base,tedious_20,tedious_demand,harm_to_model,3,user_next,62,]:,5669,39.46844482421875,-0.6541796922683716,-0.016574752189550467,-0.7858455181121826,-0.01991072923222882,0.21742820739746094,0.00550891245818842,0.7772953510284424,0.019694096245501825,3.190117835998535,0.08082704677639098,0.6130392551422119,0.015532389428377903,-0.08131390810012817,-0.0020602257946133232,1.8515602350234985,0.046912419358548896,-0.6643218994140625,-0.016831722211826782,0.09976625442504883,0.0025277472894961886,2.618196630251871,2.193305088613291,1.3815578672509052,1.38507439593151,-1.8022896443789715,-1.8461810804262926,2.039730366408294,-2.059368097643989,1.950887737111109,-1.1175530710174104,2.405750859432581,2.4406307757360732,2.004088914399278,2.2223598450676754
Qwen_2.5_7B_base,tedious_20,tedious_demand,harm_to_model,3,moderator_next,63,]:,5669,46.59749221801758,-1.6967761516571045,-0.036413464993316144,-2.078390598297119,-0.04460305693218143,-1.8522307872772217,-0.03974958091330569,-0.5685049295425415,-0.012200333161335258,2.711566209793091,0.058191247655697345,0.06858688592910767,0.0014719007968971253,-1.4974397420883179,-0.032135629425767934,2.3826379776000977,0.051132322023948254,-2.0699408054351807,-0.04442172114650429,-0.31023454666137695,-0.00665775199252934,0.2190382463732948,0.466532498556722,-2.1294639809751787,-0.08700755634443591,-2.6987565131705438,-3.167016995659084,0.3041553220264789,-1.4548427787145022,0.049694611938144055,-2.2504725183213656,0.3427853724650084,-0.0544386306148766,0.2765378585267128,0.1110496139559181
Qwen_2.5_7B_base,loyalty_01,loyalty_pressure,harm_to_model,1,assistant_next,23,]:,5669,49.51959228515625,-1.8419196605682373,-0.03719577596603844,-2.1351125240325928,-0.04311652066393534,-0.5507917404174805,-0.011122703459385774,-0.3126349449157715,-0.006313358622087957,3.8927273750305176,0.07860984300142113,1.5045862197875977,0.03038365524343392,-1.655120611190796,-0.03342355085760524,3.5850963592529297,0.07239753386110936,-2.4530129432678223,-0.049536210418338306,9.632110595703125e-05,1.945111046197042e-06,-0.11495700474606868,0.3907549739529178,0.07833012395528854,0.192871703554652,-0.4860969099953111,0.31670279630725706,0.11090485316102723,-0.08608547937566285,-0.46843595088582146,-1.392962303071289,0.13789898460342456,-0.15282808730994718,0.3805404997927414,0.11385620624139711
Qwen_2.5_7B_base,loyalty_01,loyalty_pressure,harm_to_model,1,user_next,23,]:,5669,50.636165618896484,-1.5007295608520508,-0.02963750399560282,-0.19732213020324707,-0.0038968616164255948,0.4774491786956787,0.009429015267252058,0.8625239133834839,0.017033752513472424,3.8664822578430176,0.07635811698190903,1.0443651676177979,0.020624886478925252,-0.338428258895874,-0.006683528556308751,3.4288859367370605,0.0677161450680117,-2.5444397926330566,-0.05024945632304194,-0.7220447063446045,-0.014259466480517844,0.6701685161197682,2.9795415382564827,1.8226640173819366,1.4783002855917877,-0.5352616745426692,-0.7997887996989429,1.7246162430137695,-0.26389966347865285,-0.5920968498142799,-3.3883916083968266,1.8248550271881254,0.7977584424136048,3.1244682583174064,1.9611133503655056
Qwen_2.5_7B_base,loyalty_01,loyalty_pressure,harm_to_model,1,moderator_next,24,]:,5669,50.945152282714844,-2.459629535675049,-0.04827995256595936,-1.900111436843872,-0.03729719809844518,-1.000575304031372,-0.01964024562099222,0.5383680462837219,0.01056760108000275,3.87479567527771,0.07605818221476565,0.6025388240814209,0.011827206261700704,-0.6752482652664185,-0.013254416465755136,2.0799663066864014,0.04082756088633996,-2.516561508178711,-0.04939746757872689,-1.4481884241104126,-0.028426422519533184,-1.5363927024425408,0.7047041291598806,-0.6846940857742883,1.1237276134271896,-0.519688217284295,-1.8716550194791506,1.3118164878826049,-1.7993736707498282,-0.5543896145749283,-5.394881198696593,-0.4158442866413301,-1.5468595551078128,0.7876781728641574,-0.3795906911218277
Qwen_2.5_7B_base,loyalty_02,loyalty_pressure,harm_to_model,1,assistant_next,19,]:,5669,49.49823760986328,-1.7940778732299805,-0.036245287910462554,-2.1661317348480225,-0.04376179515563979,-0.9569480419158936,-0.019332972003132633,-0.8267713785171509,-0.01670304678387992,3.8780431747436523,0.07834709601803869,1.445670485496521,0.029206504217201643,-1.7516158819198608,-0.03538743936149404,3.3067898750305176,0.06680621441704804,-2.7449159622192383,-0.05545482212627853,0.19061541557312012,0.003850953584964348,-0.0048664475043823496,0.34931493149528337,-0.6106836952414226,-0.3695081501566289,-0.5136047029501783,0.17377382359209306,-0.0073577897190749385,-0.4028815012131467,-0.863254212414902,-0.8665175092254105,0.1722242419954505,-0.03328738464302636,0.3353951152418231,0.15105386529939835
Qwen_2.5_7B_base,loyalty_02,loyalty_pressure,harm_to_model,1,user_next,19,]:,5669,49.97488784790039,-1.366400957107544,-0.02734175134652055,0.42864489555358887,0.008577205752980948,0.12121397256851196,0.002425497640683641,0.5015764236450195,0.010036569269981711,3.7389445304870605,0.07481646665954741,1.0357966423034668,0.020726342507379616,-0.12635093927383423,-0.0025282886008346018,2.7511372566223145,0.05505039380969614,-2.8406589031219482,-0.05684172642403026,-0.63740074634552,-0.012754420745984712,0.979277177449085,3.8158007286914373,1.2183376065876779,1.083483689820336,-0.7741770617960064,-0.8205759550420395,1.9845338962203332,-1.0353803793011787,-0.9927529124169769,-3.1545023376303365,2.3975389530702613,1.0864899874454506,3.9971923091603383,2.541841148302894
Qwen_2.5_7B_base,loyalty_02,loyalty_pressure,harm_to_model,1,moderator_next,20,]:,5669,49.74708938598633,-2.6826272010803223,-0.053925309685274044,-1.904395580291748,-0.038281547801030005,-1.4133553504943848,-0.02841081494292457,0.24848401546478271,0.004994945805508377,3.6903610229492188,0.07418245104383508,0.19313260912895203,0.003882289627649194,-1.026759147644043,-0.020639582341741573,2.072493553161621,0.041660599217799445,-3.0014939308166504,-0.06033506618906163,-1.530505895614624,-0.030765737543747937,-2.0495411154498915,0.698980737696734,-1.3849445934050002,0.806642637162722,-0.8651881512843181,-2.8648703367534494,0.881011893657312,-1.8078798993971297,-1.2102929921856374,-5.622341886755961,-0.6752801888765787,-2.2568631715548415,0.7188100455368368,-0.7690265630090023
Qwen_2.5_7B_base,loyalty_03,loyalty_pressure,harm_to_model,1,assistant_next,21,]:,5669,48.327964782714844,-1.4332966804504395,-0.02965770826258915,-1.6593390703201294,-0.03433496688264461,-0.16097350418567657,-0.0033308562632302476,-0.2631702423095703,-0.005445506416270539,3.7261412143707275,0.0771011407396041,1.6934164762496948,0.03504009498151613,-1.4755266904830933,-0.030531529666460017,3.289823055267334,0.06807286568053418,-1.9365004301071167,-0.04006997685116118,0.05771899223327637,0.0011943187033177187,0.825340883057844,1.0263634115554827,0.7396276361389088,0.24697787148500192,-0.7981614097334854,0.7748030796768269,0.33101151276849167,-0.4221948169600937,0.23018160105552277,-1.2337386026473984,0.9258521473066634,0.7952173980961648,0.9949249633157827,0.8950711807059737
Qwen_2.5_7B_base,loyalty_03,loyalty_pressure,harm_to_model,1,user_next,21,]:,5669,49.888587951660156,-1.3728724718093872,-0.0275187678821385,0.12241482734680176,0.002453764124681507,0.9761693477630615,0.019566986917106705,0.8665096759796143,0.017368895604325862,3.991760730743408,0.08001350398233857,1.5277137756347656,0.03062250984363504,-0.09824985265731812,-0.0019693853181917656,3.0874032974243164,0.06188596278603584,-1.9358062744140625,-0.03880258700225738,-0.5122100114822388,-0.010267077752903083,0.9643853287251564,3.4066933821569747,2.668705521925452,1.4826600477857224,-0.30057853028397913,0.37281001178074674,2.0189740169222365,-0.652609046097234,0.2311204928317938,-2.8085737009714355,2.1855393554410654,1.0642270237739997,3.568777532753373,2.316502278263686
Qwen_2.5_7B_base,loyalty_03,loyalty_pressure,harm_to_model,1,moderator_next,22,]:,5669,50.30794906616211,-2.3535609245300293,-0.04678308236010102,-1.737889289855957,-0.03454502364169896,-0.8648008704185486,-0.017190143634780507,0.3958514928817749,0.007868567497378473,3.622523307800293,0.07200697653239967,0.510697603225708,0.010151429599208428,-1.0048699378967285,-0.01997437694339679,2.16843843460083,0.04310329629516451,-2.409754514694214,-0.047900074628863205,-1.477401614189148,-0.029367160490803446,-1.292314185387028,0.9214244286783932,-0.4543629036463474,0.9678381778308716,-0.992267991275133,-2.0944608880262514,0.9078388643027716,-1.698665926749191,-0.4099260470579525,-5.475603458434349,-0.18544487835431733,-1.358601622606947,0.9802287475394871,-0.18918643753373
Qwen_2.5_7B_base,loyalty_04,loyalty_pressure,harm_to_model,1,assistant_next,20,]:,5669,47.644676208496094,-1.4102766513824463,-0.029599879012945477,-1.9946197271347046,-0.041864482789349296,-0.7774521708488464,-0.016317713388305274,-0.8366729021072388,-0.017560679779749275,3.4676990509033203,0.07278250849535532,1.3525546789169312,0.02838836962598018,-1.3744690418243408,-0.02884832369957932,2.944864273071289,0.061808884169647374,-2.375080108642578,-0.04984985307170687,0.12983572483062744,0.002725083580428969,0.8783131478667852,0.5784459988175569,-0.3061823611548215,-0.38033877219426054,-1.2822990123667337,-0.05212417696937071,0.45486571332500725,-0.8148610899107316,-0.3630266050239569,-1.0344647265499327,0.728379573342171,0.8024904501840388,0.46813691348514996,0.6353136818345944
Qwen_2.5_7B_base,loyalty_04,loyalty_pressure,harm_to_model,1,user_next,20,]:,5669,48.84674835205078,-1.1357085704803467,-0.02325044365891072,-0.08773994445800781,-0.0017962289695445846,0.5624793171882629,0.011515184452695464,0.6097040772438049,0.012481978797227495,3.6998841762542725,0.07574473841305214,1.2767324447631836,0.026137511458520273,0.27054184675216675,0.005538584570712952,2.609340190887451,0.05341891280216405,-2.2101893424987793,-0.045247420085557995,-0.8329963684082031,-0.017053261404517434,1.5101322062471807,3.1259376041300944,1.966911294239291,1.201757381468836,-0.8473485056600892,-0.23606814655518565,2.4709576293302287,-1.1967878522838558,-0.14000086906221854,-3.6949746573310427,2.3180349051886378,1.601044371305783,3.271434967621472,2.4362396694636272
Qwen_2.5_7B_base,loyalty_04,loyalty_pressure,harm_to_model,1,moderator_next,21,]:,5669,49.930850982666016,-2.375866651535034,-0.04758313957756978,-2.2438135147094727,-0.04493841924481588,-1.1071994304656982,-0.022174655722372393,0.21284091472625732,0.004262713543579442,3.535594940185547,0.07080982740336157,0.4017876088619232,0.008046880855313436,-0.6417185068130493,-0.012852144399378016,1.852219581604004,0.03709569424817174,-2.384758949279785,-0.04776123183055057,-1.4161579608917236,-0.028362383837266397,-1.34364274253937,0.24553613857893258,-0.8655739497625985,0.7676550057304597,-1.1551101952451999,-2.3586754276587945,1.352909878469181,-2.0586175640216773,-0.3761178811872744,-5.306374213855465,-0.5490533019802187,-1.4592229838001824,0.2530748815108754,-0.6030740511446535
Qwen_2.5_7B_base,loyalty_05,loyalty_pressure,harm_to_model,1,assistant_next,22,]:,5669,49.6644287109375,-1.839700698852539,-0.03704262279065309,-2.217475652694702,-0.044649172662412036,-0.40270110964775085,-0.008108441395583088,-0.4690788984298706,-0.00944496716472984,4.500295639038086,0.09061406233485969,1.510513424873352,0.030414392434976196,-1.4578560590744019,-0.029354129241264,3.5499987602233887,0.07147970594578851,-2.0766420364379883,-0.0418134687207356,0.18770527839660645,0.003779471208439945,-0.10985086750976515,0.2807221440073008,0.3295548143453257,0.02174800575523301,0.6520557769588213,0.3310821356157257,0.3526682795298345,-0.126037044929989,0.040630750988238505,-0.8745588374200342,0.08543563824876782,-0.13356636372085676,0.27331146045601296,0.0698725483675781
Qwen_2.5_7B_base,loyalty_05,loyalty_pressure,harm_to_model,1,user_next,22,]:,5669,50.60650634765625,-1.5978823900222778,-0.03157464336789336,0.2702789306640625,0.005340794102783979,0.785423755645752,0.015520212959378245,0.7323302030563354,0.01447106816711231,4.797876834869385,0.09480750957019166,1.723219633102417,0.03405134551799039,0.4342561960220337,0.008581034877981564,2.787689208984375,0.05508558899192775,-2.1039910316467285,-0.04157550448538661,-0.7745745182037354,-0.015305828718595359,0.44660644421523726,3.604232086667773,2.3451198766090537,1.335889993337187,1.2095122105591742,0.8471052353553594,2.671602608879665,-0.9937733246504501,0.003639414681849851,-3.5335426550794953,2.025419265441505,0.5541288666720489,3.77076301373402,2.1624459402030345
Qwen_2.5_7B_base,loyalty_05,loyalty_pressure,harm_to_model,1,moderator_next,23,]:,5669,50.241432189941406,-2.6743056774139404,-0.05322908923661914,-1.8160141706466675,-0.036145748468735785,-0.9198187589645386,-0.01830797250140276,0.5274747610092163,0.010498800253445392,4.406006813049316,0.0876966802298168,0.6888720989227295,0.013711235307114617,-0.5760122537612915,-0.011464885228264096,2.0802197456359863,0.04140446748754222,-2.213838577270508,-0.04406400217455843,-1.3342894315719604,-0.026557551674235354,-2.0303921407041408,0.8170536761074008,-0.5476966408587434,1.111812168851127,0.4754252861872825,-1.662211371993744,1.433438126961976,-1.7990851814204059,-0.1449367019757011,-5.080154048571002,-0.60666923229837,-2.1693011226105647,0.868237124120598,-0.6505319992449834
Qwen_2.5_7B_base,loyalty_06,loyalty_pressure,harm_to_model,1,assistant_next,22,]:,5669,49.574710845947266,-1.5993835926055908,-0.032262086158720185,-2.5774450302124023,-0.051991125842806775,-0.7560396194458008,-0.015250509918155318,-1.0029735565185547,-0.02023155636016277,3.6736016273498535,0.07410233089942814,1.1278756856918335,0.022751029031650667,-2.1725363731384277,-0.043823480481601895,3.921485424041748,0.07910253750602218,-2.4304490089416504,-0.0490259845689113,-0.017882585525512695,-0.00036071991586764037,0.4431519698294647,-0.20017810766388575,-0.2698575675555868,-0.5622440634509337,-0.8965833907382789,-0.5971931314473655,-0.5232293900347657,0.29682589192233805,-0.4379167279058143,-1.4426418473796927,0.12148693108278948,0.46767076361997223,-0.24035412518993693,0.11365831921501765
Qwen_2.5_7B_base,loyalty_06,loyalty_pressure,harm_to_model,1,user_next,22,]:,5669,48.73391342163086,-1.4121981859207153,-0.028977730019397584,-0.8495583534240723,-0.017432590444234473,-0.13915592432022095,-0.0028554227343962017,-0.16146254539489746,-0.003313145488604067,3.5795156955718994,0.07345020016354993,0.763347864151001,0.015663586413566865,-1.1427967548370361,-0.02344972267976736,3.5865817070007324,0.0735951918322407,-2.4638543128967285,-0.050557284238189885,-1.4698891639709473,-0.030161525327422764,0.8738914316256775,2.1081880746398842,0.7766395302625941,0.35822919695813904,-1.0728338014350556,-1.481533922338927,0.7387985603359609,-0.08439470936409128,-0.4830996248856829,-5.454844960093492,1.4910397531327808,0.8807367021131827,2.1774671123488623,1.5291019072310226
Qwen_2.5_7B_base,loyalty_06,loyalty_pressure,harm_to_model,1,moderator_next,23,]:,5669,50.31392288208008,-2.2115278244018555,-0.043954589459958775,-2.442002773284912,-0.048535328461829425,-1.1299958229064941,-0.022458909148365295,0.027776479721069336,0.0005520634872015172,3.63334059715271,0.07221342302543396,0.3012632429599762,0.005987671517206916,-1.2846258878707886,-0.025532214828121142,2.7046239376068115,0.05375498038476536,-2.356266975402832,-0.046831311104983335,-1.632542371749878,-0.03244712950679757,-0.9654764142703307,-0.019234339912027963,-0.9042463262875782,0.5652252554084447,-0.9720040511199896,-2.602546517853875,0.5649756570658112,-1.0883264486956425,-0.33758059015808195,-5.90429038012885,-0.4923553770911793,-1.0028685581166836,0.0014240695162885358,-0.5007222443001975
Qwen_2.5_7B_base,loyalty_07,loyalty_pressure,harm_to_model,1,assistant_next,23,]:,5669,49.8791389465332,-2.2405452728271484,-0.0449194857840038,-2.290842056274414,-0.04592785891372402,-0.177326038479805,-0.003555114266705477,0.07420718669891357,0.001487739930283445,5.130485534667969,0.10285834204490729,1.8017455339431763,0.03612222608482708,-1.2435925006866455,-0.024932116450921214,3.741434097290039,0.07500999769263425,-2.085238456726074,-0.04180582305082086,0.376867413520813,0.007555611854582882,-1.032249568966369,0.18270846798576632,0.7118867835016967,0.6160127361069169,1.8325853824247855,1.0376082728504294,0.6152653425400819,0.0918736278711761,0.029003520390529943,-0.3518636109524697,-0.4247705504903014,-1.1242213556615053,0.18385064451244384,-0.47018535557453073
Qwen_2.5_7B_base,loyalty_07,loyalty_pressure,harm_to_model,1,user_next,23,]:,5669,49.878177642822266,-1.433223009109497,-0.028734470200030362,-0.042598724365234375,-0.0008540553480178031,0.7772161960601807,0.01558228934556967,0.8976415395736694,0.01799667874800243,4.940755844116211,0.09905646271796403,1.9856709241867065,0.039810414454315074,0.477237343788147,0.009568058945650432,3.1749300956726074,0.06365369076649689,-1.8566303253173828,-0.03722329910713091,-0.8417572975158691,-0.01687626407571854,0.8255104109837083,3.186243911997329,2.33119636500656,1.516713135156221,1.4771662963914023,1.4838094006147835,2.7242794301418467,-0.5529773700092584,0.3382112337551309,-3.7191829684763515,2.0058771614905186,0.9113309316431553,3.3373523268296523,2.1243416292364037
Qwen_2.5_7B_base,loyalty_07,loyalty_pressure,harm_to_model,1,moderator_next,24,]:,5669,50.6373291015625,-2.992736339569092,-0.059101386124979206,-2.1778502464294434,-0.04300878986056637,-0.5736925601959229,-0.011329439573032707,1.0353513956069946,0.020446406119296035,4.904933929443359,0.09686399374670038,0.8455197811126709,0.01669755881904484,-0.40400004386901855,-0.007978304761270524,2.2272818088531494,0.04398497804625368,-2.0234813690185547,-0.03996027051427001,-1.1279897689819336,-0.02227585437453745,-2.7631450537933007,0.33365961323577414,0.03948059425436424,1.6673448422852821,1.4100613950132095,-1.282185686783691,1.6442527958655344,-1.631684566517097,0.11253409192545488,-4.510104187445928,-1.2147427202787633,-2.9078464332910015,0.38807767754979955,-1.259884377870601
Qwen_2.5_7B_base,loyalty_08,loyalty_pressure,harm_to_model,1,assistant_next,30,]:,5669,50.304683685302734,-1.5337700843811035,-0.030489607965256273,-2.1280555725097656,-0.04230332876800315,-0.2196771800518036,-0.004366932936624062,-0.26327526569366455,-0.0052336133816220445,4.621037006378174,0.09186096935399832,1.4462497234344482,0.02874980255281859,-1.4679217338562012,-0.029180617515443725,4.153491497039795,0.08256669543979857,-2.012342929840088,-0.040003092802033145,0.4287858009338379,0.008523774915597254,0.5941377102229792,0.40018269190704314,0.6400412361244701,0.24686299334853246,0.8782395982765937,0.17517904894355116,0.34033199306653705,0.5609181971134051,0.1275995722633667,-0.20840206010423606,0.4971602010650112,0.690591280574911,0.43743390148072286,0.564012591027817
Qwen_2.5_7B_base,loyalty_08,loyalty_pressure,harm_to_model,1,user_next,30,]:,5669,48.485355377197266,-1.1749742031097412,-0.02423358958532731,-0.14606952667236328,-0.0030126524913759835,0.9560345411300659,0.019718006265860854,1.1346750259399414,0.02340242774571022,4.754891872406006,0.09806861959481973,1.3319493532180786,0.02747116820854522,0.2658238410949707,0.0054825594043183615,3.162743091583252,0.06523089429742934,-1.4554951190948486,-0.03001927299019799,-1.2074707746505737,-0.024903824366283783,1.4197765649319016,3.048012334596912,2.6345483268608767,1.7759883949420143,1.1289888300198183,-0.10211248773280669,2.465175337473564,-0.5668498258537998,0.8807732988129436,-4.729727116900394,2.233894449764407,1.477396363128812,3.186330243390387,2.3318633032595995
Qwen_2.5_7B_base,loyalty_08,loyalty_pressure,harm_to_model,1,moderator_next,31,]:,5669,49.541011810302734,-2.1153371334075928,-0.04269870671005713,-1.7896941900253296,-0.03612550742561011,-0.6669913530349731,-0.013463418058334108,0.7194581031799316,0.014522474953374094,4.441468238830566,0.08965235219331757,0.38335752487182617,0.00773818520985681,-0.586968183517456,-0.011848126674622901,2.7025084495544434,0.054550933676982744,-2.001993179321289,-0.04041082541848584,-1.5155622959136963,-0.030592073930926746,-0.7441283551322232,0.8522157929298512,-0.1187938369025976,1.3218100542931053,0.541854886657085,-2.40338662414061,1.4200107620933835,-1.09073450685177,0.14159829869576435,-5.581049541304329,0.054043718898813986,-0.8449190652116442,0.8696532496413923,0.012367092214874087
Qwen_2.5_7B_base,loyalty_09,loyalty_pressure,harm_to_model,1,assistant_next,15,]:,5669,51.86246871948242,-2.019580841064453,-0.03894108573944122,-2.8107874393463135,-0.05419694643827137,-0.4052613079547882,-0.007814153817991113,-0.950034499168396,-0.018318343160774186,4.342413902282715,0.0837294099085465,1.511755347251892,0.029149313262135414,-2.0810163021087646,-0.040125669939946755,4.591494083404541,0.08853211574326235,-2.708057165145874,-0.052216125302353325,-0.15821361541748047,-0.003050637953107054,-0.5237799072592435,-0.5119113557859183,0.3252116292047163,-0.5043375285655299,0.3562972037182806,0.3340950266862115,-0.4110642508028949,1.0594961490521415,-0.8134002361359484,-1.830406340530744,-0.5178456315225809,-0.37233169438852765,-0.3946801063232438,-0.3835059003558857
Qwen_2.5_7B_base,loyalty_09,loyalty_pressure,harm_to_model,1,user_next,15,]:,5669,49.51206970214844,-1.188288688659668,-0.02399998012218232,-0.7848012447357178,-0.015850705685641404,0.27546972036361694,0.005563688248557779,-0.24475449323654175,-0.0049433298730778225,3.632533550262451,0.07336662700862266,1.3291233777999878,0.02684443178795885,-1.0067161321640015,-0.02033274185910911,3.3761842250823975,0.0681891152075167,-2.491798162460327,-0.05032708544503044,-1.1848974227905273,-0.023931486401569516,1.3891380956118877,2.1947001831988873,1.4800209573795777,0.2671216418790355,-0.9735158854949243,-0.10896827538081372,0.9055762061261774,-0.3238899746741363,-0.5208955412991628,-4.667352142887378,1.7919191394053875,1.5067768894912128,2.2881406267369537,1.8974587581140834
Qwen_2.5_7B_base,loyalty_09,loyalty_pressure,harm_to_model,1,moderator_next,16,]:,5669,51.31097412109375,-2.3081488609313965,-0.04498353228461755,-2.2326674461364746,-0.043512474365958946,-0.899964451789856,-0.017539414661392756,0.09711885452270508,0.0018927501608818585,3.891834020614624,0.07584798549000273,0.5786788463592529,0.011277876833785547,-0.9637223482131958,-0.018781992833322825,2.805743932723999,0.054681166763711236,-2.5165624618530273,-0.04904530668067122,-1.813758134841919,-0.03534834732549522,-1.1878147578944733,0.26042670293432835,-0.5140152921674535,0.6410742947845799,-0.48777042355598466,-1.9295390829788512,0.958268514039532,-0.9732216487810631,-0.5543909044829156,-6.405028089960111,-0.4636940274800725,-1.1322763371437148,0.3528383631485384,-0.3897189869975882
Qwen_2.5_7B_base,loyalty_10,loyalty_pressure,harm_to_model,1,assistant_next,19,]:,5669,49.1767692565918,-1.5462898015975952,-0.03144350116880291,-2.233034372329712,-0.04540831791284031,-0.4691319167613983,-0.009539705919142187,-0.6516298055648804,-0.01325076485128258,3.812128782272339,0.07751889438652683,1.4816186428070068,0.030128425783245337,-1.8409979343414307,-0.03743633349998197,3.824956178665161,0.07777973698734698,-2.3301610946655273,-0.04738337084543604,0.11953568458557129,0.0024307348041077014,0.5653281125562604,0.2599365087408962,0.2168599135083061,-0.17793236260598905,-0.6370815982134901,0.26098368793845084,-0.11690261679254071,0.18694673832763195,-0.3022706489131658,-1.0629259292371385,0.4126323106485783,0.5706223202579118,0.2201993280206201,0.395410824139266
Qwen_2.5_7B_base,loyalty_10,loyalty_pressure,harm_to_model,1,user_next,19,]:,5669,50.241554260253906,-1.437547206878662,-0.028612713679837445,-0.31014227867126465,-0.0061730231725059944,0.2694351375102997,0.005362794632399536,0.38964176177978516,0.0077553683901063295,3.7934441566467285,0.07550411631368902,0.9303951263427734,0.018518438373209507,-0.7728927731513977,-0.015383536288462979,3.634707450866699,0.0723446458690096,-2.733506679534912,-0.054407287349734504,-1.3073410987854004,-0.02602111176762774,0.8155598349597653,2.8288197236232855,1.4697837384476455,0.9610457635211886,-0.6720833554156331,-1.0762789617202502,1.192145363298399,-0.0296132182058619,-0.8478223982085911,-5.00569007141434,1.8221897792915254,0.9266439699214974,2.965221007619742,1.9459324887706195
Qwen_2.5_7B_base,loyalty_10,loyalty_pressure,harm_to_model,1,moderator_next,20,]:,5669,49.818870544433594,-2.3182010650634766,-0.046532589754235125,-2.243490219116211,-0.0450329402212207,-0.8081571459770203,-0.016221908227650857,0.28405630588531494,0.005701781328662686,3.9860329627990723,0.08001050443815096,0.6555821895599365,0.013159314580912084,-1.0261530876159668,-0.020597678678819863,2.449599266052246,0.04917010842041153,-2.207944631576538,-0.04431944376593736,-1.522251844406128,-0.030555727734703,-1.2109462673128712,0.24596804457392546,-0.35827105731280967,0.8455528138696007,-0.3113083113839585,-1.7429723538309094,0.8817546685116935,-1.3786208040162762,-0.1369647481370625,-5.599534187092035,-0.4824891113694729,-1.327097742108486,0.2464619038048261,-0.5403179191518299
Qwen_2.5_7B_base,loyalty_11,loyalty_pressure,harm_to_model,1,assistant_next,31,]:,5669,49.47951889038086,-1.5556480884552002,-0.03144024281848117,-2.1639952659606934,-0.043735171935582184,-0.15731912851333618,-0.003179479753266559,-0.2423034906387329,-0.004897046213718103,4.704863548278809,0.0950870916651832,1.5384631156921387,0.03109292794662209,-1.3767433166503906,-0.02782450895895915,3.4226622581481934,0.0691733132193729,-1.7534267902374268,-0.035437426021098686,0.6944476366043091,0.014035052324231759,0.5437934025819648,0.35216914213033584,0.7458270114274113,0.26980263157810513,1.0352711773669265,0.39888780153001224,0.45207840831480095,-0.27098407124463425,0.47780088394201553,0.5256781154466916,0.4479812723561504,0.5710321155043753,0.33725775745523157,0.4541449364798034
Qwen_2.5_7B_base,loyalty_11,loyalty_pressure,harm_to_model,1,user_next,31,]:,5669,47.88894271850586,-1.357054591178894,-0.028337535016292676,-0.12279701232910156,-0.002564203871672631,0.7660155296325684,0.015995665933475595,0.9564450979232788,0.019972148968611016,4.711177349090576,0.0983771426482135,1.328827977180481,0.027748116825034398,0.3234403133392334,0.006753966468636307,2.268685817718506,0.047373896539206976,-1.5201210975646973,-0.031742632250205696,-0.3225991725921631,-0.006736402064426872,1.0007844557201662,3.0791031959414874,2.312195271278933,1.5810344599662731,1.047098769070625,-0.1096849142820101,2.5357889150049053,-1.584554420292453,0.7933623615751613,-2.2846386105302283,2.039943825830827,0.9612525592731598,3.2177050856445097,2.089478822458835
Qwen_2.5_7B_base,loyalty_11,loyalty_pressure,harm_to_model,1,moderator_next,32,]:,5669,49.155521392822266,-2.3961825370788574,-0.04874696614302926,-1.7563502788543701,-0.035730478064074284,-0.617309033870697,-0.01255828473341831,0.7948070764541626,0.016169232955592677,4.556132793426514,0.09268811853334963,0.698783278465271,0.014215763736508916,-0.39539074897766113,-0.008043669109273174,1.6194820404052734,0.03294608610624465,-1.6620495319366455,-0.03381206189747261,-1.0035022497177124,-0.020414842957280577,-1.390392399791187,0.8967615134141655,-0.03451149449491344,1.404229314625298,0.7566550640905635,-1.6381669511364525,1.6548041727308818,-2.3235424988107383,0.6013947076551334,-4.166118685107037,-0.24681544318851067,-1.6055947815322034,0.8972907165871753,-0.35415203247251403
Qwen_2.5_7B_base,loyalty_12,loyalty_pressure,harm_to_model,1,assistant_next,30,]:,5669,48.19925308227539,-1.5895038843154907,-0.03297777004142018,-1.858032464981079,-0.03854898875319595,0.07173466682434082,0.0014882941588719402,0.10726499557495117,0.002225449332002126,4.5272297859191895,0.09392738468771035,1.9218518733978271,0.03987306338787564,-0.9512918591499329,-0.019736651468977996,3.473921775817871,0.07207418276561131,-1.5901894569396973,-0.03299199376026156,0.34846973419189453,0.0072297745692669136,0.4658865425023522,0.7609194336350145,1.1343996612788905,0.6521724876917181,0.7025112952265816,1.3289850319012297,0.9735030688296963,-0.21263540817114057,0.6985902419307367,-0.4303324409761738,0.6134029880686833,0.377660843218066,0.7000990554304352,0.5388799493242505
Qwen_2.5_7B_base,loyalty_12,loyalty_pressure,harm_to_model,1,user_next,30,]:,5669,47.72486114501953,-1.393993854522705,-0.029208966167273583,-0.13416075706481934,-0.0028111293327213816,0.9035120606422424,0.018931685477235404,1.1764564514160156,0.024650809309662878,4.756278038024902,0.09966038504695068,1.7228429317474365,0.03609948547597249,0.4740220904350281,0.009932393286480962,3.0543832778930664,0.0639998358216662,-1.4543501138687134,-0.030473637407753596,-0.2092759609222412,-0.004385051226997248,0.9157821112871515,3.063921827623386,2.5454478629727366,1.8216903339827732,1.1315855227985097,0.8461913616960453,2.720338880970928,-0.6901957047686011,0.8823219945902205,-1.9715024654505167,1.9898519694552688,0.8516546621686185,3.200429422282995,2.0260420422258067
Qwen_2.5_7B_base,loyalty_12,loyalty_pressure,harm_to_model,1,moderator_next,31,]:,5669,48.941375732421875,-2.2879722118377686,-0.04674924187556237,-1.7420315742492676,-0.0355942502265059,-0.4337138831615448,-0.008861906243355255,0.8923124074935913,0.01823227063276987,4.616976261138916,0.09433687124737562,1.0504213571548462,0.021462848999133883,-0.2292364239692688,-0.004683898246395392,2.348369598388672,0.04798331806665914,-1.6887110471725464,-0.034504772738822645,-0.8396238088607788,-0.01715570509197106,-1.141385502936199,0.9158905534888607,0.27694396122353737,1.5108839498977298,0.8706326372503346,-0.7850965454223167,1.8584395369615692,-1.4938504440922238,0.5653332337691045,-3.713287685390198,-0.11274747472366914,-1.3543455824846033,0.9068216343479563,-0.22376197406832354
Qwen_2.5_7B_base,loyalty_13,loyalty_pressure,harm_to_model,1,assistant_next,31,]:,5669,49.22709274291992,-1.7786083221435547,-0.03613067973426813,-2.3292012214660645,-0.04731543326415638,-0.419840931892395,-0.008528655837649047,-0.056761860847473145,-0.0011530614075444647,4.122734069824219,0.08374929007801644,1.6180825233459473,0.032869755924773106,-1.7784337997436523,-0.03612713448326552,3.792398452758789,0.07703884672946139,-1.9327336549758911,-0.039261584369185934,0.6117392778396606,0.012426882104014643,0.030731125122706728,0.13146263057101504,0.3004783865229171,0.47275435372791497,-0.05522723953202782,0.5920436754418192,-0.040225284824487284,0.1498863080755967,0.2352764151284426,0.2971373227195307,0.08109687784686088,-0.01887337719360636,0.08677168284793818,0.03394915282716591
Qwen_2.5_7B_base,loyalty_13,loyalty_pressure,harm_to_model,1,user_next,31,]:,5669,48.64869689941406,-1.0270099639892578,-0.021110739432809503,-0.43622279167175293,-0.008966792935352127,0.32771751284599304,0.006736408860520582,1.2528074979782104,0.02575212858359829,4.14847469329834,0.08527411745222523,1.2324522733688354,0.02533371604828493,-0.3034301996231079,-0.006237170139427979,2.96337890625,0.06091383932394069,-1.4920330047607422,-0.0306695369013823,-0.16988086700439453,-0.0034919921361026346,1.7602627056658249,2.6603827558709776,1.5686554335900125,1.905205696034787,-0.00700753895434822,-0.34349139240284277,1.7675091532465723,-0.7937858995385643,0.8313533765717235,-1.862645439050497,2.210322730768401,1.8701500640990985,2.769760297624429,2.3199551808617636
Qwen_2.5_7B_base,loyalty_13,loyalty_pressure,harm_to_model,1,moderator_next,32,]:,5669,50.9755973815918,-2.4313013553619385,-0.047695397018337346,-2.266977548599243,-0.0444718191653383,-0.8654743432998657,-0.016978208942234074,0.9798097014427185,0.019221151919183697,4.300819396972656,0.08437016176147372,0.5507563948631287,0.010804314675123683,-0.9168435335159302,-0.01798593014325358,2.4812302589416504,0.04867486378566045,-1.8472230434417725,-0.03623739864417632,-0.9214922189712524,-0.01807712447336654,-1.4712056488263512,0.21459020144359173,-0.45550540007043294,1.6065914550565532,0.27837855525414457,-1.9972786665731526,1.0157222366862244,-1.342615273127801,0.35093520861905886,-3.939507521274031,-0.6283077236913798,-1.473341344646721,0.28571965561912066,-0.5938108445138002
Qwen_2.5_7B_base,loyalty_14,loyalty_pressure,harm_to_model,1,assistant_next,16,]:,5669,50.7430305480957,-2.0872082710266113,-0.04113290531688476,-2.7470452785491943,-0.054136405509825944,-0.6414383053779602,-0.012640914396509812,-0.770125150680542,-0.015176964055203506,4.439959526062012,0.08749890335883054,1.6023629903793335,0.0315779915600541,-1.5931837558746338,-0.03139709510184987,3.9302563667297363,0.0774541119100982,-2.5609283447265625,-0.050468573064418,0.6695846319198608,0.013195597990254234,-0.6793999595937762,-0.4267551644988065,-0.07544500076902144,-0.3075465865675619,0.5390286272997478,0.5539082481995833,0.18681340438876692,0.3068098481319199,-0.6143987139610607,0.456976343521414,-0.5530775620462913,-0.647991815386015,-0.3904444770974253,-0.5192181462417201
Qwen_2.5_7B_base,loyalty_14,loyalty_pressure,harm_to_model,1,user_next,16,]:,5669,50.80012512207031,-2.1626675128936768,-0.04257209027924416,-1.0174527168273926,-0.02002854745696987,-0.23826339840888977,-0.004690212825979346,0.18062680959701538,0.0035556371005578758,4.254980564117432,0.0837592536217758,0.8995546698570251,0.01770772547696364,-0.33751821517944336,-0.00664404298942971,2.916532278060913,0.05741191131030924,-2.6471729278564453,-0.05210957495666425,-0.889183759689331,-0.01750357420484033,-0.8530420923060175,1.8838899908095164,0.6085111053659547,0.7324181258946513,0.19250904252336543,-1.1510975957679355,1.7257315740992036,-0.8471113744669251,-0.7310502528864187,-3.850232374162304,0.5154239492517494,-0.8289948071215318,1.995845989672792,0.5834255912756301
Qwen_2.5_7B_base,loyalty_14,loyalty_pressure,harm_to_model,1,moderator_next,17,]:,5669,50.16383743286133,-2.768988609313965,-0.055198899267225036,-2.3800392150878906,-0.047445317919971856,-1.1485803127288818,-0.022896579917079267,0.20507287979125977,0.004088062044011821,4.0024871826171875,0.07978829745579309,0.5415403246879578,0.010795432574566265,-0.5964137315750122,-0.011889316330179985,2.26106595993042,0.045073624260835374,-2.410655975341797,-0.04805565320970888,-1.3547426462173462,-0.027006359870903364,-2.248270638019708,0.06354573137313191,-0.9357735247161265,0.7591580658816975,-0.28048475523868804,-2.019636759168589,1.4084344903414339,-1.5932280975909807,-0.41114533258296737,-5.136670632368492,-1.092362453323288,-2.417039612113528,0.07768455355732459,-1.1696775292781016
Qwen_2.5_7B_base,loyalty_15,loyalty_pressure,harm_to_model,1,assistant_next,28,]:,5669,50.39423370361328,-2.1888163089752197,-0.04343386431567628,-2.4470324516296387,-0.04855778671070825,-0.799453854560852,-0.015863994663808747,-0.8012387752532959,-0.01589941380923998,4.597771644592285,0.09123606624586145,1.730175256729126,0.0343328021794103,-1.460321307182312,-0.02897794449601099,3.9264798164367676,0.0779152598991745,-2.2614102363586426,-0.044874384828605875,0.3204488754272461,0.006358840126668496,-0.9132140819405749,-0.025953726984571893,-0.34350657369871157,-0.34157972347849197,0.8346567852854936,0.8639795075938609,0.34964692154623733,0.3025110043143768,-0.20928053715322467,-0.5077600356064973,-0.46958390446257336,-0.9373781510792712,-0.00014717852622527349,-0.46876266480274825
Qwen_2.5_7B_base,loyalty_15,loyalty_pressure,harm_to_model,1,user_next,28,]:,5669,49.15852737426758,-1.7307226657867432,-0.03520696730009662,-0.2669970989227295,-0.005431348601839754,0.13143977522850037,0.00267379399361958,0.26401519775390625,0.005370689722737852,4.834578990936279,0.09834670095237592,1.6068986654281616,0.032688096069153315,0.32255858182907104,0.0065615997683021905,3.0105392932891846,0.061241445870998064,-2.115715265274048,-0.0430386217464589,-0.3315616846084595,-0.006744744041743164,0.14092263103222155,2.886459426040608,1.2356849167712625,0.8236311706586626,1.2782660609808703,0.5649117497785663,2.534708282784128,-0.7401032731920288,-0.012218391637273696,-2.309403938141911,1.5136910285364147,0.09729981698307595,3.017110837660786,1.5572053273219308
Qwen_2.5_7B_base,loyalty_15,loyalty_pressure,harm_to_model,1,moderator_next,29,]:,5669,50.29042434692383,-2.7355265617370605,-0.05439458102135477,-2.320652484893799,-0.046145016969532666,-1.2467187643051147,-0.024790380683701155,0.004957675933837891,9.858091273276644e-05,4.576351642608643,0.09099846943106117,0.785167932510376,0.015612672645073898,-0.410514235496521,-0.008162870781614937,2.5567872524261475,0.05084043902251426,-2.3001067638397217,-0.045736475555915944,-1.0108572244644165,-0.020100391627064264,-2.1712698470972627,0.14288329528817162,-1.1022580753217164,0.5402652745608723,0.7945308698016296,-1.4285986582247279,1.6362691349847962,-1.256608815086527,-0.2616201661237452,-4.186442045214848,-1.0141932759045456,-2.315882351151524,0.16865760021293144,-1.0736123754692963
Qwen_2.5_7B_base,loyalty_16,loyalty_pressure,harm_to_model,1,assistant_next,28,]:,5669,48.67144012451172,-1.3271255493164062,-0.027267028588456428,-1.9914133548736572,-0.04091543931675754,-0.11118891835212708,-0.0022844797291323737,-0.5252819061279297,-0.010792405254172648,4.481023788452148,0.09206680092039095,1.79281747341156,0.036835102245283025,-1.2887758016586304,-0.026479097358978333,3.9081640243530273,0.08029686432854928,-1.8774598836898804,-0.03857415927876688,0.04543936252593994,0.0009335939600245349,1.0696553127609996,0.5827295443733546,0.8240834663100787,-0.039728748626803964,0.6159539760150345,1.015948888723633,0.5598896070597675,0.28166215458260285,0.3100378696885648,-1.267669832206631,0.8261924285671771,1.0958876973396412,0.5345349085655408,0.8152113029525909
Qwen_2.5_7B_base,loyalty_16,loyalty_pressure,harm_to_model,1,user_next,28,]:,5669,48.39793395996094,-1.2977478504180908,-0.026814116724315194,-0.47504734992980957,-0.009815446880910472,0.8526400327682495,0.01761728162763371,0.7042421102523804,0.014551077962026062,4.58538818359375,0.09474346957428369,1.5255118608474731,0.03152018559530892,-0.15505456924438477,-0.003203743560058982,3.1753182411193848,0.06560854940101968,-1.4795405864715576,-0.030570325330324322,-1.5593936443328857,-0.03222025232777404,1.1372574535281732,2.608515177672874,2.4591472686290627,1.3051662856017334,0.8114589485250486,0.3674681888816352,1.9493553106282897,-0.5525355443946777,0.8482502037746338,-5.702164882772132,1.8728863156005235,1.1528493836733267,2.7103858620695926,1.9316176228714597
Qwen_2.5_7B_base,loyalty_16,loyalty_pressure,harm_to_model,1,moderator_next,29,]:,5669,49.27492141723633,-1.9395051002502441,-0.03936089687140134,-1.888007640838623,-0.03831579202028315,-0.6927881240844727,-0.014059649496308196,0.14165151119232178,0.002874718155162236,4.374835014343262,0.08878421088283964,0.9151668548583984,0.018572670002032186,-0.7640575170516968,-0.015506011883449296,2.562933921813965,0.05201294792765418,-1.9947606325149536,-0.04048226917754531,-1.7168644666671753,-0.03484256123169823,-0.33951457316024536,0.7208741672482308,-0.16255613156153756,0.6897856237363248,0.41703140922525683,-1.1132225935985514,1.202973673628829,-1.2496120668251585,0.1513807996331059,-6.137290269192674,0.19067979704399274,-0.42513037755714733,0.7164142148218404,0.14564191863234655
Qwen_2.5_7B_base,loyalty_17,loyalty_pressure,harm_to_model,1,assistant_next,25,]:,5669,50.20166778564453,-1.4031105041503906,-0.0279494798886267,-1.9925100803375244,-0.0396901172456126,-0.22861814498901367,-0.004553995017958117,-0.3549163341522217,-0.0070698116179660495,4.372961521148682,0.08710789330387857,1.8889031410217285,0.03762630255805708,-1.5018726587295532,-0.02991678812629055,3.948153257369995,0.07864585842502614,-1.9640662670135498,-0.03912352624219362,0.3501487970352173,0.0069748439141566615,0.8948034419370091,0.5812643765437328,0.624873557139893,0.14662288721042785,0.41352180966300084,1.2490517419668987,0.2987224294743492,0.32718186272559896,0.19289697192051708,-0.4256928330939325,0.7380339092403709,1.0100573626187281,0.6202622026267836,0.8151597826227559
Qwen_2.5_7B_base,loyalty_17,loyalty_pressure,harm_to_model,1,user_next,25,]:,5669,49.31610870361328,-1.108971118927002,-0.022486995589855816,-0.2596428394317627,-0.005264868746887551,0.5655164122581482,0.011467174258554468,0.6595231294631958,0.013373381371731668,4.295291900634766,0.08709713749819964,1.3515268564224243,0.02740538318919313,-0.19872033596038818,-0.00402952181719537,3.0889711380004883,0.06263614910424119,-1.876848578453064,-0.038057515643271984,-0.6493560075759888,-0.013167219082076765,1.5716587733864584,2.896284331882459,1.972063499106346,1.2562511490140047,0.2680239413254931,-0.05461766389677797,1.8958394342935843,-0.6508243745729813,0.31086470070843736,-3.1875372680736604,2.2339715526344586,1.6970614838714242,3.0287582794369916,2.362909881654208
Qwen_2.5_7B_base,loyalty_17,loyalty_pressure,harm_to_model,1,moderator_next,26,]:,5669,50.502986907958984,-2.301481246948242,-0.04557119069299131,-1.89724862575531,-0.037567057750723144,-1.0119829177856445,-0.020038080512544135,0.3548247814178467,0.007025817741523092,4.213944435119629,0.08343950908882847,0.646357536315918,0.012798402151815217,-0.8842746019363403,-0.017509352536869135,2.7381324768066406,0.05421723831497036,-2.36338472366333,-0.046796929614689266,-0.9944185018539429,-0.01969029086668195,-1.17247165765267,0.7085286949673119,-0.7040462501793576,0.9229617705517338,0.11563639586309851,-1.7653512688641533,1.0556380573817081,-1.0501837085228773,-0.3472078184214498,-4.141018357054017,-0.23197148134267903,-1.2061847872846905,0.7687979630720649,-0.21869341210631277
Qwen_2.5_7B_base,loyalty_18,loyalty_pressure,harm_to_model,1,assistant_next,23,]:,5669,50.95185470581055,-2.097186803817749,-0.041160166120087986,-2.9247632026672363,-0.057402487496371675,-1.0545766353607178,-0.0206975122191274,-1.1321218013763428,-0.022219442411136325,3.707625389099121,0.072767231153929,1.093332290649414,0.0214581450854375,-2.0598089694976807,-0.04042657487918257,3.579549551010132,0.0702535672484935,-2.4796409606933594,-0.04866635326644118,7.402896881103516e-05,1.4529200014105257e-06,-0.7023619410863099,-0.6641770113908934,-0.7763033096215387,-0.703510790147263,-0.8328469546055092,-0.6809950568059516,-0.3850729749188558,-0.09239940623267934,-0.5044521167537956,-1.3930239009892145,-0.6832694762386016,-0.6514203440782603,-0.6189496003480888,-0.6351849722131746
Qwen_2.5_7B_base,loyalty_18,loyalty_pressure,harm_to_model,1,user_next,23,]:,5669,50.56120681762695,-1.669196367263794,-0.033013380659297646,-1.2268247604370117,-0.02426415106866691,-0.09910798072814941,-0.0019601585279724336,0.018027067184448242,0.0003565394957733394,3.7506747245788574,0.07418087819991026,0.4601789712905884,0.009101423804033056,-0.8753190636634827,-0.017312068258590767,3.0547709465026855,0.06041728706201911,-2.530539035797119,-0.050049023650181296,-1.697336196899414,-0.03356993046114711,0.2825031376616927,1.6041798966923424,0.8445778743521675,0.554561017595711,-0.7522029846182264,-2.2170185757534115,1.066613783099249,-0.6897544219373306,-0.5732951509910937,-6.08332950488814,0.9433415171770175,0.37318217748575866,1.6995101569169795,1.0363461672013692
Qwen_2.5_7B_base,loyalty_18,loyalty_pressure,harm_to_model,1,moderator_next,24,]:,5669,51.42644500732422,-2.882822036743164,-0.05605719073781182,-2.8798611164093018,-0.05599961490628311,-1.5928173065185547,-0.03097272825861682,-0.08653843402862549,-0.0016827613500466651,3.639238119125366,0.0707658893903139,-0.10971838235855103,-0.0021335012043497232,-1.1740723848342896,-0.022830129219841594,2.084848403930664,0.040540395192273884,-2.5764527320861816,-0.050099763491706265,-1.64789879322052,-0.032043801452459414,-2.5102170692808654,-0.6041901738134656,-1.68938839315535,0.4401837289380308,-0.9609562711795513,-3.599583764667625,0.7004677837780036,-1.7938163838273642,-0.6353964811326603,-5.946723439964308,-1.5572036215471656,-2.5249849617526716,-0.5208003268688275,-1.5228926443107496
Qwen_2.5_7B_base,loyalty_19,loyalty_pressure,harm_to_model,3,assistant_next,73,]:,5669,44.63315963745117,-0.8553870320320129,-0.0191648325814305,-0.3152306079864502,-0.007062699807654751,1.1663191318511963,0.026131224885825723,2.7153871059417725,0.060837886629548005,4.13358211517334,0.09261235701773841,1.551443099975586,0.03475987612299327,0.7232760787010193,0.0162049042589879,1.1040774583816528,0.0247367084775068,-0.04375588893890381,-0.000980344866783501,1.3962738513946533,0.03128332976505333,2.1551907647083937,2.822021981923331,2.9912804234366317,3.5050248339357815,-0.0349056844184305,0.4303771115049383,3.0258195037830813,-2.910227073114111,2.7902445697330376,2.464973271106884,2.4886063733158625,2.1148823055761197,2.9029764987539646,2.508929402165042
Qwen_2.5_7B_base,loyalty_19,loyalty_pressure,harm_to_model,3,user_next,73,]:,5669,42.891082763671875,-0.6742515563964844,-0.015720087089234447,-0.06207108497619629,-0.0014471792497803202,1.3363285064697266,0.031156324820076062,2.3445804119110107,0.05466358648089053,4.169797897338867,0.09721829407558406,1.3043290376663208,0.030410261378877302,0.7252326011657715,0.016908703498155403,1.727016568183899,0.04026516601830012,-0.4220350682735443,-0.009839692567309164,0.9612904191017151,0.022412360732378483,2.5720084999648503,3.1602298571823932,3.2796886250895505,3.099423906408703,0.03293704573004059,-0.16911909259624358,3.0282173779564756,-2.2011360421102317,2.2785968022859735,1.2630214983448271,2.866119178573622,2.548120045103872,3.2958555576629665,2.9219878013834193
Qwen_2.5_7B_base,loyalty_19,loyalty_pressure,harm_to_model,3,moderator_next,74,]:,5669,48.75376510620117,-1.8168985843658447,-0.03726683632347293,-2.0000290870666504,-0.04102306935084813,-0.7481217980384827,-0.015344903032798307,0.724400520324707,0.014858350298622739,3.7279257774353027,0.07646436678920485,0.4944339692592621,0.010141452012623599,-0.8652983903884888,-0.017748339815470544,2.2542309761047363,0.04623706438250063,-1.607621192932129,-0.03297429828096804,0.11723071336746216,0.00240454687165384,-0.05738005423558088,0.5712193770126928,-0.2564255751244783,1.3272162376506806,-0.7948184022604023,-2.1339162987651723,1.0788949166303023,-1.6010083535607615,0.6750126587844957,-1.0692950551304345,0.25691966138855593,-0.16176518547719843,0.5270047809365788,0.18261979772969017
Qwen_2.5_7B_base,loyalty_20,loyalty_pressure,harm_to_model,2,assistant_next,60,]:,5669,42.939414978027344,-1.0277321338653564,-0.023934469866235028,-0.6233869791030884,-0.014517826556837898,0.3424687087535858,0.007975625865625592,1.188581109046936,0.0276804215813175,3.5640900135040283,0.08300276134008391,1.674735426902771,0.03900228793894269,0.1662972867488861,0.0038728354085397435,1.2670825719833374,0.02950861283582275,-0.4165966510772705,-0.009701963831841874,0.6689721345901489,0.01557944221951954,1.7586008930851047,2.410341195502036,1.5936797352997547,1.834952695370029,-1.1017306061790062,0.729483043789546,2.343197614992572,-2.7246784982310603,2.2859526235125434,0.4552838830813035,2.0844710442935703,1.5150159641243857,2.3813929427719227,1.9482044534481542
Qwen_2.5_7B_base,loyalty_20,loyalty_pressure,harm_to_model,2,user_next,60,]:,5669,41.5777473449707,-0.7455936670303345,-0.017932517142983755,-0.2657332420349121,-0.006391237116097766,0.9223429560661316,0.02218357210200565,1.459748387336731,0.03510888589574596,3.92555570602417,0.09441482419559245,1.3675007820129395,0.032890208569184405,0.7162570953369141,0.01722693366223347,1.703304409980774,0.04096673145489225,-0.17148491740226746,-0.004124439835074675,0.4507678151130676,0.010841564151444898,2.40784045459172,2.8881478727068743,2.577393070093839,2.131564653460003,-0.42459986457330134,-0.015865082733979827,3.0172171804080716,-2.2281275705646237,2.61748255738435,-0.1476610779193962,2.6479941636492974,2.269867791774539,2.9499540901691526,2.6099109409718455
Qwen_2.5_7B_base,loyalty_20,loyalty_pressure,harm_to_model,2,moderator_next,61,]:,5669,47.87086486816406,-2.1354382038116455,-0.044608306319357784,-2.0663557052612305,-0.04316520520262075,-1.2026363611221313,-0.02512251166621245,0.12925267219543457,0.0027000279303788493,3.569082260131836,0.07455646080264179,0.5282398462295532,0.011034683573909122,-0.7732333540916443,-0.016152483482826604,2.020810604095459,0.042213789319678126,-1.6012173891067505,-0.03344868310853562,-0.39288222789764404,-0.008207126171203262,-0.790383693092119,0.4826104858836026,-1.0274755719740603,0.6762233534797388,-1.092378671178487,-2.051903584755245,1.191727954219137,-1.866710554050166,0.6836742296808557,-2.4788456461275423,-0.15388660360425818,-1.0850850281284221,0.37713437999582944,-0.35397532406629634
Qwen_2.5_7B_base,gaslight_01,gaslighting,harm_to_model,1,assistant_next,17,]:,5669,50.092674255371094,-1.6300071477890015,-0.03253983086387581,-2.260127067565918,-0.04511891411594141,-0.5268899202346802,-0.010518302886937312,-0.3439514636993408,-0.006866302684218567,3.633179187774658,0.07252915205231027,1.4835560321807861,0.029616227407178498,-2.017014503479004,-0.040265658271633066,3.7560315132141113,0.0749816528873257,-2.256852149963379,-0.04505353693951351,0.21546566486358643,0.00430134082610859,0.37268294175936817,0.22374208562805348,0.11887777605165424,0.1586166340804177,-0.9723064179949765,0.2656837748723667,-0.3326249470126857,0.108489853349263,-0.2031154219278255,-0.7978509831676089,0.2982125136937108,0.43273944910050277,0.24044690617450853,0.3365931776375056
Qwen_2.5_7B_base,gaslight_01,gaslighting,harm_to_model,1,user_next,17,]:,5669,50.14463806152344,-1.1753630638122559,-0.023439456525145917,-0.010336637496948242,-0.00020613644641857858,0.1791408210992813,0.003572482084315574,0.9183917045593262,0.018314853592771643,3.058946371078491,0.06100246186492382,0.9717035889625549,0.019378015806402926,-0.9094948172569275,-0.01813742909343668,3.0291640758514404,0.0604085340517345,-2.328345775604248,-0.046432597095377476,-0.889912486076355,-0.017746912142121835,1.4188817427730525,3.2293443718236197,1.3166061770689625,1.5394103687822787,-2.0480120826539867,-0.9760650511625342,1.0247286739965649,-0.7189026998751832,-0.29981530905930087,-3.852246000217266,2.324113057298336,1.5772726566479334,3.3826827224156335,2.4799776895317835
Qwen_2.5_7B_base,gaslight_01,gaslighting,harm_to_model,1,moderator_next,18,]:,5669,50.997596740722656,-2.352053642272949,-0.04612087220954835,-2.2636115550994873,-0.04438663191538094,-1.113229513168335,-0.02182905831480874,0.730019211769104,0.014314776742923814,3.4563536643981934,0.06777483421367231,0.3067662715911865,0.006015308390919277,-1.4338451623916626,-0.028115935926970988,2.2990550994873047,0.045081636124461935,-2.3474862575531006,-0.04603131142606536,-1.4509509801864624,-0.028451359925120694,-1.288845720832616,0.21908699262154846,-0.8758035345251335,1.3333621527542165,-1.3035522326224622,-2.5891962263138413,0.38209554656756006,-1.5499850940430207,-0.32570408484182367,-5.402514728910513,-0.5348793641055338,-1.2753169708474135,0.2916796171666503,-0.4918186768403816
Qwen_2.5_7B_base,gaslight_02,gaslighting,harm_to_model,1,assistant_next,18,]:,5669,51.15333557128906,-2.122760534286499,-0.041497988558891655,-2.2226579189300537,-0.04345088925496326,-0.7376771569252014,-0.014420900390692,-0.3971465826034546,-0.007763845273588803,3.6795570850372314,0.07193190911097622,1.1398109197616577,0.022282240386321976,-1.9715646505355835,-0.038542250051083034,3.562166690826416,0.06963703639349299,-2.8718678951263428,-0.05614233877523017,-0.3397265672683716,-0.006641337529102415,-0.761210625357811,0.27379890749759206,-0.2387070218555737,0.10043001039009179,-0.8854270802947063,-0.5682383748744109,-0.27692253085290697,-0.11218630041785944,-1.0349651513020461,-2.3319652461341343,-0.2437058589301095,-0.6939074973616077,0.3571470465914053,-0.16838022538510122
Qwen_2.5_7B_base,gaslight_02,gaslighting,harm_to_model,1,user_next,18,]:,5669,51.68987274169922,-0.8454526662826538,-0.016356253583898087,0.6600003242492676,0.012768464870234291,0.7426837682723999,0.014368071130367914,1.0289392471313477,0.019906012388018174,3.2192158699035645,0.062279431137127965,1.0732072591781616,0.020762427962264737,-0.1247907280921936,-0.002414220068131886,2.7417430877685547,0.05304217136438677,-2.386052370071411,-0.04616092560325722,-1.2141660451889038,-0.023489437694231594,2.178051111740518,4.1248794749238895,2.272614681382758,1.6603310169929373,-1.74778053415053,-0.729818178653762,1.986446059338772,-1.0460737532973172,-0.3778673188950781,-4.74822757391837,3.151465293332204,2.4681108442105817,4.290425664939122,3.379268254574852
Qwen_2.5_7B_base,gaslight_02,gaslighting,harm_to_model,1,moderator_next,19,]:,5669,51.303184509277344,-2.8473899364471436,-0.055501231817924275,-1.9903393983840942,-0.038795630669362716,-1.247875452041626,-0.02432354763116056,0.38059210777282715,0.007418488957620229,3.511122226715088,0.06843867998252932,0.03833529353141785,0.0007472302918054831,-1.1960315704345703,-0.02331300838095708,1.8674094676971436,0.03639948446785897,-3.096487522125244,-0.06035663383752123,-1.9922194480895996,-0.038832276536933864,-2.4286829150852305,0.5841642940447744,-1.1042203096438514,0.9511469453010494,-1.2009547303263055,-3.240407051412909,0.6735550521491604,-2.041326930280548,-1.338778146986675,-6.898154668820335,-0.922259310520228,-2.455063283571211,0.6828432297393988,-0.8861100269159061
Qwen_2.5_7B_base,gaslight_03,gaslighting,harm_to_model,1,assistant_next,16,]:,5669,49.22652816772461,-1.849247932434082,-0.03756608481779022,-2.262613296508789,-0.04596329216636229,-0.44264930486679077,-0.008992088642908073,-0.43684327602386475,-0.008874143521465754,4.23914098739624,0.08611496981775031,1.4489760398864746,0.029434861523232433,-1.777517318725586,-0.036108931198016433,3.5163025856018066,0.07143104981161909,-2.6835038661956787,-0.05451336842306744,0.40227460861206055,0.008171906969376972,-0.13182036998000674,0.2204206138612499,0.2617856859178204,0.05700842191752582,0.16283689229200385,0.18179306495257508,-0.03910206431298367,-0.16439337033535562,-0.7801902650943903,-0.2816581251484252,0.04430012194062158,-0.19940098223745664,0.1813716253712734,-0.009014678433091616
Qwen_2.5_7B_base,gaslight_03,gaslighting,harm_to_model,1,user_next,16,]:,5669,50.6787223815918,-1.4575462341308594,-0.028760516556752994,-0.36470508575439453,-0.007196414365151154,0.13921254873275757,0.002746962476373008,0.25449562072753906,0.005021745000027475,3.963104724884033,0.07820056502299602,0.8547819256782532,0.016866682613702562,-0.6402574777603149,-0.012633654671469733,3.5382397174835205,0.0698170662401846,-2.9571352005004883,-0.05835062648648417,-0.8356553316116333,-0.01648927384789738,0.7695393123793836,2.7559266685553627,1.2488708462721991,0.8132183347155238,-0.3542595929699899,-1.2597158181853034,1.354700485985959,-0.1394223527535398,-1.150294857017397,-3.702321938396956,1.7627329904673732,0.9080551410992643,2.8936214177832515,1.900838279441258
Qwen_2.5_7B_base,gaslight_03,gaslighting,harm_to_model,1,moderator_next,17,]:,5669,49.45301055908203,-2.6847476959228516,-0.05428886261060599,-2.4044361114501953,-0.048620621561099704,-0.8868446350097656,-0.017933076772954866,0.391308069229126,0.00791272492423138,4.093282699584961,0.0827711529249503,0.3674303889274597,0.007429889197311593,-1.086953043937683,-0.021979512099452245,2.1252970695495605,0.042976090748013125,-2.5680670738220215,-0.05192943856782844,-1.3786617517471313,-0.027878216839802496,-2.0544206668176455,0.03095275448844877,-0.49175850325771286,0.9628684270757517,-0.11039825184131245,-2.4420256940973064,0.8072394775880913,-1.747773703964898,-0.6240543202001496,-5.202764210100544,-1.0117339561645984,-2.3025863891122302,-0.00454329757414976,-1.15356484334319
Qwen_2.5_7B_base,gaslight_04,gaslighting,harm_to_model,1,assistant_next,19,]:,5669,48.40827178955078,-1.2778770923614502,-0.026397907736034645,-1.7353174686431885,-0.03584754019286777,-0.01646733283996582,-0.0003401760118922567,0.13192451000213623,0.002725247258891257,3.721141815185547,0.076869957914688,1.7147560119628906,0.03542278929967979,-1.4941192865371704,-0.03086495822517021,3.414809226989746,0.0705418537111844,-1.7619163990020752,-0.03639701096254371,0.09858274459838867,0.002036485521048251,1.1829828109819693,0.9248602472388565,0.9847715589318722,0.6791459002137797,-0.8075267435615517,0.8265725764743503,0.308224804873438,-0.27992316958189667,0.46631812303888687,-1.1208233604781765,1.053921529110413,1.2051950334934078,0.8891006906545347,1.0471478620739711
Qwen_2.5_7B_base,gaslight_04,gaslighting,harm_to_model,1,user_next,19,]:,5669,51.38739776611328,-0.6940842866897583,-0.013506896960395661,0.7824079990386963,0.015225678533086658,0.8916378021240234,0.017351293135765708,0.8630797863006592,0.016795553459019584,3.157210350036621,0.06143938956408103,1.650702714920044,0.032122714647531296,-0.12927842140197754,-0.0025157611986966273,3.2401020526885986,0.06305246409704832,-1.7762541770935059,-0.03456594912974621,-0.2958405017852783,-0.00575706330045703,2.5263706496443072,4.288409723020692,2.5253040705913716,1.4789083182255642,-1.863934970159173,0.6711799287289764,1.9809460336148115,-0.4787921896829178,0.44692532388051104,-2.210698709776878,3.4073901863324996,2.826467891333865,4.462339876889795,3.6444038841118296
Qwen_2.5_7B_base,gaslight_04,gaslighting,harm_to_model,1,moderator_next,20,]:,5669,50.01625442504883,-2.0326881408691406,-0.040640551041565845,-1.9156720638275146,-0.03830099006510411,-0.4992935359477997,-0.009982625482202174,0.9744055271148682,0.019481777240537877,3.87424635887146,0.077459745904747,0.6867915391921997,0.013731366874370446,-0.9021173715591431,-0.01803648397764368,2.4665589332580566,0.04931514687798713,-1.9794052839279175,-0.03957524022303845,-1.1025322675704956,-0.02204347926977779,-0.5539416135773936,0.6839159457755114,0.16569298010825786,1.600680186044478,-0.5207172472399374,-1.6672587887583041,1.0337703215232517,-1.3593156300189837,0.17214993061395292,-4.439759694575764,0.06498716609905891,-0.5860695474654302,0.7174498050508887,0.06569012879272929
Qwen_2.5_7B_base,gaslight_05,gaslighting,harm_to_model,1,assistant_next,22,]:,5669,49.11021423339844,-1.5725077390670776,-0.032019973107705574,-1.315679669380188,-0.026790346772412005,0.04529741406440735,0.0009223623796289996,0.5541641712188721,0.01128409191182068,4.366369724273682,0.08890960449739271,1.8147327899932861,0.03695224747684238,-1.060439109802246,-0.021593045893924693,3.122851848602295,0.06358864234965063,-1.6579933166503906,-0.03376066145365819,0.5208731889724731,0.010606208852948606,0.5049970190430602,1.4854743879969736,1.0895508372523064,1.1410059501675156,0.40117345019529227,1.0691152240573865,0.8397344164624508,-0.6122579920265301,0.606881008802205,0.04605498603798321,0.9952357035200169,0.4981207667245173,1.5227697495979096,1.0104452581612136
Qwen_2.5_7B_base,gaslight_05,gaslighting,harm_to_model,1,user_next,22,]:,5669,52.94536590576172,-0.8274701833724976,-0.01562875559015542,1.4390971660614014,0.027180795551075665,1.2614105939865112,0.023824759209931906,1.718821406364441,0.03246405756121882,4.282995700836182,0.08089462840731997,1.7558432817459106,0.033163304317721846,0.45539700984954834,0.008601262868975475,3.4938430786132812,0.06598959170160476,-1.5892271995544434,-0.03001636068363629,-0.11679089069366455,-0.0022058755982826235,2.219431287405175,5.165712086540301,3.1525959841139755,2.414947500928669,0.24498957026112678,0.9262498754577444,2.6975123606943208,-0.1899590070336005,0.6998917590899432,-1.715946538804559,3.6925716869727383,2.5596065982609395,5.298756567874607,3.9291815830677734
Qwen_2.5_7B_base,gaslight_05,gaslighting,harm_to_model,1,moderator_next,23,]:,5669,50.0302619934082,-2.2605044841766357,-0.04518274328594304,-1.249843955039978,-0.024981759144188626,-0.3592149019241333,-0.007179952445011423,1.4635872840881348,0.029254039970467702,4.324676513671875,0.08644121260531631,0.954362154006958,0.01907569770737361,-0.4580838680267334,-0.009156135702169395,2.0568337440490723,0.04111179238517825,-1.7169840335845947,-0.03431890949943092,-0.734757661819458,-0.014686264523585082,-1.0781784696580152,1.5734274572649352,0.40332591664139167,2.1357637688161053,0.32306989791100177,-1.0181351961490104,1.5779687600404757,-1.8257054460905557,0.5270921378615004,-3.4235202092483523,0.24762449380345997,-1.157330647860961,1.6493040927648097,0.24598672245192432
Qwen_2.5_7B_base,gaslight_06,gaslighting,harm_to_model,1,assistant_next,31,]:,5669,48.13901901245117,-1.4305940866470337,-0.029717973402761076,-2.0939018726348877,-0.043496978450958866,-0.2451457679271698,-0.005092454581672359,-0.37384486198425293,-0.007765942672981306,4.129556655883789,0.08578398024304729,1.5773922204971313,0.032767435914910076,-1.8154101371765137,-0.037711822434664845,3.6389174461364746,0.07559184879100397,-1.7598696947097778,-0.03655807141093978,0.037194252014160156,0.0007726425003496613,0.8315599244935504,0.44581024772468586,0.596835679699977,0.12591822203316685,-0.0424465445621223,0.4933294142070063,-0.08554273256878886,-0.02482098435925983,0.4690864268181755,-1.29045282682326,0.6386850861091181,0.7876379896436223,0.3539225049372508,0.5707802472904365
Qwen_2.5_7B_base,gaslight_06,gaslighting,harm_to_model,1,user_next,31,]:,5669,48.92842102050781,-1.6662635803222656,-0.03405512676617685,-0.27988767623901367,-0.00572034965366452,0.8873628377914429,0.018135938566656677,1.0619487762451172,0.02170412929941093,4.515557289123535,0.09228904581308456,1.3892232179641724,0.02839297056779933,-0.46571028232574463,-0.009518195613354194,3.043278694152832,0.0621985878693546,-1.5790177583694458,-0.03227199499668337,-0.8278659582138062,-0.01691994020953211,0.2892518852864665,2.869238289291877,2.5180519130085535,1.6964379585377043,0.6806453019243509,0.03683332615016289,1.5686219816555325,-0.7028360424987709,0.7137007078097063,-3.6807982423911763,1.5792450872891717,0.24216415902005786,2.996891436788785,1.6195277979044214
Qwen_2.5_7B_base,gaslight_06,gaslighting,harm_to_model,1,moderator_next,32,]:,5669,50.21760177612305,-2.355079174041748,-0.04689748396470651,-2.322612762451172,-0.046250969387301645,-0.8782950043678284,-0.017489783926428585,0.4516937732696533,0.00899473008056749,4.325560092926025,0.08613633347546076,0.5044286251068115,0.010044856927967678,-1.3771536350250244,-0.02742372368088313,2.504549980163574,0.04987394641682017,-2.063829183578491,-0.041097724912856744,-1.478995680809021,-0.029451738603579407,-1.295807887108397,0.14026446705009538,-0.477254693666209,1.0289203564569986,0.3247250997406939,-2.10966936524018,0.451575530453121,-1.3160704553377824,0.057960987274888603,-5.48000820366696,-0.5777717100291507,-1.3729896500214291,0.1612448437724197,-0.6058724031245047
Qwen_2.5_7B_base,gaslight_07,gaslighting,harm_to_model,1,assistant_next,21,]:,5669,50.789947509765625,-2.0336642265319824,-0.04004068376209603,-2.636971950531006,-0.05191917061981571,-0.16416573524475098,-0.003232248570707541,-0.34195804595947266,-0.006732789906776784,4.26454496383667,0.08396435068212475,1.6811604499816895,0.033100259646034184,-1.7531945705413818,-0.03451853479872738,3.421252727508545,0.06736082424284302,-2.1934006214141846,-0.043185723336147355,-0.1423097848892212,-0.0028019281741108043,-0.5561877214365777,-0.2797029582493206,0.734212254657305,0.16079710195560762,0.21042595471978456,0.7450700844908298,-0.009292598412342673,-0.2725885387098688,-0.11729300637642855,-1.7864606729994916,-0.4179453398429491,-0.5106256156095283,-0.23531991687372406,-0.37297276624162623
Qwen_2.5_7B_base,gaslight_07,gaslighting,harm_to_model,1,user_next,21,]:,5669,51.13410949707031,-1.1993694305419922,-0.02345536946547801,-0.4916830062866211,-0.009615558208064456,0.6557807922363281,0.01282472304076989,0.5261330604553223,0.010289277854451863,3.770526170730591,0.07373798444552203,1.05207359790802,0.02057479064866276,-0.650357723236084,-0.012718667238613899,2.5190725326538086,0.049264034466037526,-2.331674337387085,-0.04559919709798948,-1.381394863128662,-0.027015134842776678,1.3636397788401629,2.5862908113007297,2.125190275563443,1.1103445713188187,-0.7150154320155132,-0.7810882261444386,1.3423218303826596,-1.299539446839412,-0.30431741041204685,-5.210316378358701,1.9749652950704464,1.5752713226410133,2.72437068731686,2.1498210049789366
Qwen_2.5_7B_base,gaslight_07,gaslighting,harm_to_model,1,moderator_next,22,]:,5669,50.37158966064453,-2.56274151802063,-0.050876725060414504,-2.3818719387054443,-0.04728601886007993,-0.6300519704818726,-0.012508081931234621,0.6558629274368286,0.01302049293769373,4.0634613037109375,0.08066970550436552,0.5131121873855591,0.010186539492646886,-0.9537034630775452,-0.01893336044192142,1.9110841751098633,0.037939723323899756,-2.154512405395508,-0.04277237267893561,-1.661420464515686,-0.03298328434160494,-1.7736676084668512,0.0610973085239356,-0.0561289343569956,1.2522474960036094,-0.16626243016238398,-2.0886031313903626,0.9705474560633437,-1.9916120499322754,-0.06469410590045656,-5.98408669469394,-0.8562851499714578,-1.873449675659326,0.08882960486475287,-0.8923100353972866
Qwen_2.5_7B_base,gaslight_08,gaslighting,harm_to_model,1,assistant_next,26,]:,5669,48.828304290771484,-1.4461069107055664,-0.02961616078440962,-2.0927019119262695,-0.04285837778564407,-0.4282374680042267,-0.008770271141387216,-0.46124231815338135,-0.009446207990486285,3.54829740524292,0.0726688640283899,1.8669791221618652,0.03823559202556053,-1.54986572265625,-0.031741133450525615,3.5286660194396973,0.07226681472341469,-1.6475023031234741,-0.03374072327625047,0.13554692268371582,0.002775990783471342,0.7958627747837935,0.44741333243913944,0.2862342903631562,0.030319922821327727,-1.1313147707761397,1.1958642949948128,0.2399031056152445,-0.15032008466600477,0.6210708028552244,-1.0186834717377,0.6216380536114665,0.800442729131609,0.39860096810407575,0.5995218486178424
Qwen_2.5_7B_base,gaslight_08,gaslighting,harm_to_model,1,user_next,26,]:,5669,49.96620178222656,-1.2271934747695923,-0.02456047149867846,-0.21454715728759766,-0.004293845632347305,0.4630786180496216,0.00926783708851656,0.47394758462905884,0.009485363460178923,3.5744619369506836,0.07153759560371772,1.4025992155075073,0.02807095927804592,-0.29117655754089355,-0.005827470313032033,3.0664567947387695,0.06137062024653506,-1.598464012145996,-0.031990904954368266,-0.6589434146881104,-0.013187782764838903,1.2996128119529047,2.95652980343329,1.798285434953919,1.0532623294410104,-1.0823009663524825,0.06928336026946921,1.7825269679705535,-0.6764524313519101,0.6873983552787488,-3.214029313791037,2.128071307693097,1.4362851746379386,3.096694037749639,2.2664896061937885
Qwen_2.5_7B_base,gaslight_08,gaslighting,harm_to_model,1,moderator_next,27,]:,5669,50.36031723022461,-2.3936595916748047,-0.04753066945015606,-2.1682896614074707,-0.043055520311657894,-0.9496525526046753,-0.018857159859881203,0.39346885681152344,0.007813073436625939,3.7809901237487793,0.07507875906467787,0.8011247515678406,0.01590785752809023,-0.7872543334960938,-0.015632433963771966,2.3914544582366943,0.047486882326496185,-1.8429503440856934,-0.03659528862101002,-1.110591173171997,-0.02205290264743322,-1.3845867541229198,0.34643205453312964,-0.5983074427133035,0.9652319697563936,-0.6954133939412127,-1.3898875773372814,1.174544126787911,-1.444806986698787,0.3567143188792523,-4.462028165407369,-0.5190773497948951,-1.4526239362232423,0.3848082717203636,-0.5339078322514393
Qwen_2.5_7B_base,gaslight_09,gaslighting,harm_to_model,1,assistant_next,27,]:,5669,48.55646514892578,-1.6673864126205444,-0.034339122658673026,-2.2471699714660645,-0.046279521472039835,-0.29197055101394653,-0.006013010834261806,0.003125786781311035,6.437426554268412e-05,4.221093654632568,0.08693165043390627,1.747697114944458,0.03599308783257099,-1.7438710927963257,-0.03591429251383439,3.4925432205200195,0.07192746032496736,-1.785243034362793,-0.03676633026904529,0.4171491861343384,0.00859101223400252,0.2866680931607148,0.24105208799079866,0.5174009337446599,0.5382614921282659,0.12902897062433652,0.906487357575075,0.0021340664452547545,-0.19143863433746697,0.43476729614602,-0.24055650266192033,0.2638600905757567,0.2064466470067763,0.15924725226398864,0.18284694963538248
Qwen_2.5_7B_base,gaslight_09,gaslighting,harm_to_model,1,user_next,27,]:,5669,50.55317687988281,-1.3040122985839844,-0.025794863529197992,0.10088181495666504,0.0019955583641432842,0.6203564405441284,0.01227136411264776,1.0238494873046875,0.020252920795411362,4.167825698852539,0.0824443873973643,1.66506826877594,0.03293696601367379,-0.26205694675445557,-0.005183787902728994,3.137547016143799,0.06206428972008597,-1.7796351909637451,-0.03520323154353402,-0.07620203495025635,-0.0015073639215853172,1.1228420934890762,3.377926404396078,2.065095509676608,1.6547636652168871,0.0292425423476301,0.706030616407133,1.8182153711972082,-0.5955304959698325,0.4423522775884624,-1.60379089448954,2.250384248942577,1.2810385202174912,3.5367200509702275,2.4088792855938594
Qwen_2.5_7B_base,gaslight_09,gaslighting,harm_to_model,1,moderator_next,28,]:,5669,49.586490631103516,-2.326336145401001,-0.04691471640345906,-1.925215244293213,-0.038825398204034356,-0.7239030599594116,-0.01459879597741361,1.1423169374465942,0.023036857880199872,4.226438045501709,0.0852336592428794,0.5862202048301697,0.011822175704897705,-0.8740734457969666,-0.01762724957286445,2.1727757453918457,0.04381789712758892,-2.0449061393737793,-0.04123917852115745,-1.1371979713439941,-0.022933624801241285,-1.2296662102203508,0.6711667560545825,-0.21534029549586522,1.7843473767108848,0.13904057456777383,-1.9112438239602738,1.068140387043669,-1.69372876975874,0.08355566403630227,-4.535548409757313,-0.27924972708288415,-1.3751569343182277,0.6807606016219689,-0.3471981663481294
Qwen_2.5_7B_base,gaslight_10,gaslighting,harm_to_model,1,assistant_next,26,]:,5669,48.82172393798828,-1.9065494537353516,-0.039051252187591465,-2.202378273010254,-0.045110620751689166,-0.23582518100738525,-0.00483033293348925,-0.03680145740509033,-0.0007537926651634487,3.8959708213806152,0.07979994369574386,1.3012421131134033,0.02665293250943366,-1.8328114748001099,-0.03754090038131561,3.0680999755859375,0.06284292581480604,-1.9760669469833374,-0.04047515711434671,-0.24612665176391602,-0.005041334715597873,-0.26367908099034193,0.30089145324102756,0.6126473590142292,0.4945877194151415,-0.4800209883301379,-0.17660794019369325,-0.10686945833956367,-0.6745820000646306,0.17666525352356896,-2.073328764790646,0.018606186125342816,-0.38618707588958234,0.24102713539974804,-0.07257997024491715
Qwen_2.5_7B_base,gaslight_10,gaslighting,harm_to_model,1,user_next,26,]:,5669,50.10081481933594,-0.9899635910987854,-0.019759430952742074,0.504647970199585,0.010072649956280169,1.089349389076233,0.02174314715248521,1.1695079803466797,0.02334309301283697,3.4926586151123047,0.0697126110165447,1.1202672719955444,0.022360260527403395,-0.13340234756469727,-0.0026626782028545347,2.877396821975708,0.05743213623075056,-1.660757303237915,-0.03314830924859452,-0.8490346670150757,-0.016946524124940954,1.84551152395222,3.91733685928423,2.86070700567526,1.8140898608629867,-1.2355424637572332,-0.6156510657613113,1.9758918335140108,-0.8916592290928365,0.6031425329779528,-3.7392918887736313,2.8814241916182253,2.0401010322142707,4.1018181769116815,3.070959604562976
Qwen_2.5_7B_base,gaslight_10,gaslighting,harm_to_model,1,moderator_next,27,]:,5669,49.41554260253906,-2.479102611541748,-0.05016847900430354,-2.0337677001953125,-0.041156437693164453,-0.7501451373100281,-0.015180348080838117,0.7284994125366211,0.01474231333238845,3.5732734203338623,0.07231071910055807,-0.06850194931030273,-0.0013862429855578066,-1.4157911539077759,-0.028650725649120565,2.032426357269287,0.041129293542652656,-2.3854191303253174,-0.048272648739523305,-1.54691481590271,-0.03130421592948828,-1.581202938277109,0.5261463553670874,-0.25985801902323097,1.331699744852004,-1.08452740486328,-3.499593116915286,0.40422217248147774,-1.853488352611359,-0.37701081999149716,-5.667683224759138,-0.5275282914550108,-1.7843751936477832,0.5176739222428081,-0.6333506357024876
Qwen_2.5_7B_base,gaslight_11,gaslighting,harm_to_model,1,assistant_next,26,]:,5669,48.684635162353516,-1.4518342018127441,-0.02982119917241174,-1.6356347799301147,-0.03359652946921755,-0.23123539984226227,-0.004749658677139892,-0.14949321746826172,-0.003070644711000334,3.842308759689331,0.07892241046638226,1.6328260898590088,0.033538837960146166,-1.3473920822143555,-0.027675920292327804,3.1410670280456543,0.06451865188207377,-1.7749079465866089,-0.03645725064319874,0.2718907594680786,0.0055847344559813855,0.7826834872915314,1.058031103104285,0.6204335798316621,0.3713216534511614,-0.5805456920047075,0.6278114179850662,0.4880506847794697,-0.5915236695732287,0.4487461902431126,-0.6419364414788973,0.9203572951979082,0.7746555213580026,1.046588311897706,0.9106219166278543
Qwen_2.5_7B_base,gaslight_11,gaslighting,harm_to_model,1,user_next,26,]:,5669,49.916053771972656,-0.8973284959793091,-0.017976751529247485,0.529132604598999,0.010600449446909231,0.9303135275840759,0.018637561611619974,1.1578235626220703,0.023195414603711644,3.9711782932281494,0.07955713629465486,1.4071654081344604,0.028190638117402005,0.17989760637283325,0.003604002976570313,3.0441925525665283,0.06098624235146991,-1.3779500722885132,-0.027605348743778655,-0.2631983757019043,-0.005272820181343891,2.0586776661311244,3.950047049595283,2.590914549146358,1.8013090488037464,-0.3391354430620394,0.08036089718287767,2.359865890345238,-0.7017957982845889,0.9856581358394639,-2.120501570300054,3.0043623578632035,2.2643045344721604,4.138744649717523,3.2015245920948416
Qwen_2.5_7B_base,gaslight_11,gaslighting,harm_to_model,1,moderator_next,27,]:,5669,50.27387237548828,-2.11902117729187,-0.042149551589446055,-1.5566561222076416,-0.030963521381070513,-0.7685239315032959,-0.015286746279723627,0.809089183807373,0.01609363165352378,4.055480003356934,0.08066774671875562,0.6942980289459229,0.013810315301759754,-0.6305855512619019,-0.012543007360804626,2.1719326972961426,0.043202017164587825,-1.8808197975158691,-0.03741147655124511,-0.8319535255432129,-0.01654842736858367,-0.7526058486935601,1.1635424569791637,-0.29103627018569206,1.4198515676286996,-0.18121373519497264,-1.6490481208933183,1.3665542025546809,-1.6946884106513431,0.3054933626107356,-3.6920930606144045,0.20546830414280182,-0.7758530852596801,1.2308016415631853,0.22747427815175258
Qwen_2.5_7B_base,gaslight_12,gaslighting,harm_to_model,1,assistant_next,29,]:,5669,50.021610260009766,-1.5055603981018066,-0.030098199363754602,-2.1841273307800293,-0.04366367494822832,-0.13706693053245544,-0.002740154301710572,-0.28960108757019043,-0.005789519490973178,4.261356830596924,0.08519031691396198,1.7162262201309204,0.03430969557377431,-1.728940725326538,-0.034563875819662596,3.4739127159118652,0.06944823842844412,-1.7066134214401245,-0.034117522658091884,0.4357938766479492,0.008712112112799148,0.6590520927092189,0.3252737570144082,0.7801833521426841,0.2180669172719077,0.20445365065431154,0.8301392865504016,0.020432421409259688,-0.21264572105403617,0.5411190810311207,-0.18903725583152037,0.49216292486181357,0.7398178426331136,0.34225990619939833,0.541038874416256
Qwen_2.5_7B_base,gaslight_12,gaslighting,harm_to_model,1,user_next,29,]:,5669,48.854671478271484,-1.3496296405792236,-0.0276253958882823,-0.43242526054382324,-0.008851257156363193,0.9455761313438416,0.019354876467942154,1.2185657024383545,0.02494266496051092,4.369316101074219,0.08943497047191297,1.3782596588134766,0.028211420056861274,-0.2121669054031372,-0.004342817155110749,2.5606861114501953,0.05241435535164905,-1.2415847778320312,-0.025413839460249697,-1.0372790098190308,-0.021231930917402015,1.017870292067172,2.665456058738416,2.6168064160670617,1.8677508597151222,0.4066928738896623,0.010235843057293673,1.8793595920385655,-1.252170747349893,1.1701012727539553,-4.259451059786075,1.8416631754027941,1.0508166640081638,2.7778435354385684,1.914330099723366
Qwen_2.5_7B_base,gaslight_12,gaslighting,harm_to_model,1,moderator_next,30,]:,5669,50.51074981689453,-2.4062821865081787,-0.047639011403139774,-2.2525298595428467,-0.044595058828238464,-0.427165150642395,-0.008456915650448716,1.080912470817566,0.021399652049038258,4.405379772186279,0.0872166774034464,0.8030155897140503,0.01589791465430716,-0.8660380840301514,-0.017145619242826687,2.0440540313720703,0.04046770318757746,-1.434299349784851,-0.028395922748806934,-1.188039779663086,-0.0235205334304049,-1.4136330873883776,0.23389155799564032,0.28805339664844787,1.717181090287336,0.47425065563895813,-1.385300423208417,1.0779883631347404,-1.8402525815897948,0.9094419875466409,-4.676035143510443,-0.5898707646963686,-1.466249855151947,0.27709743043421176,-0.5945762123588676
Qwen_2.5_7B_base,gaslight_13,gaslighting,harm_to_model,1,assistant_next,34,]:,5669,48.46150207519531,-1.3557050228118896,-0.027974886554451187,-1.714908480644226,-0.03538702696386273,-0.03828594088554382,-0.000790027944782591,0.3053807020187378,0.006301511280952326,4.450221061706543,0.0918300273648422,1.9118512868881226,0.039450929191620965,-1.148072361946106,-0.02369039985935019,3.603177070617676,0.07435132871091789,-1.674736738204956,-0.03455808562446847,0.14715206623077393,0.0030364734878098776,1.0038899988410535,0.9521255872317637,0.9477579205774307,0.8688781609841639,0.5582514785544561,1.3047237106501137,0.7323328834711597,-0.06550422181586477,0.5842344167458127,-0.9866159909464985,0.9780077930364086,1.0068620245318725,0.9213196100159713,0.9640908172739219
Qwen_2.5_7B_base,gaslight_13,gaslighting,harm_to_model,1,user_next,34,]:,5669,48.48185729980469,-1.346785545349121,-0.027779165658213072,-0.30723094940185547,-0.006337029282974544,0.7787241339683533,0.01606217619000934,1.5829778909683228,0.03265093334150587,4.674839019775391,0.09642450351823101,1.368614912033081,0.02822942412395151,-0.11212682723999023,-0.002312758493277483,2.9795327186584473,0.06145665377944278,-1.2901887893676758,-0.026611785546690955,-0.7361559867858887,-0.015184153986379031,1.0244149478200317,2.83270910718144,2.333754469000979,2.266357260433621,0.979026472343508,-0.013162214626400583,2.001966678874192,-0.7753980293356717,1.104361112180157,-3.4273840786454906,1.9285620275007358,1.0314773927373446,2.9537466366024625,1.9926120146699036
Qwen_2.5_7B_base,gaslight_13,gaslighting,harm_to_model,1,moderator_next,35,]:,5669,50.566673278808594,-2.113062620162964,-0.04178765347113517,-1.8308175802230835,-0.036206012013654455,-0.5214148759841919,-0.010311433245949872,1.213968276977539,0.024007279859683532,4.747225761413574,0.09388052354638553,0.9815863370895386,0.019411724628934614,-0.5520775318145752,-0.010917813967523527,2.674661874771118,0.052893767798879734,-1.617706060409546,-0.03199154612149445,-1.1421141624450684,-0.022586302170756085,-0.7388943861589412,0.7972770955549617,0.12816577955026465,1.8627220399522606,1.1146279666544863,-0.952089604630479,1.4627720357912144,-1.1224322379980822,0.6613722042955764,-4.54913289176396,0.029191354698010263,-0.7303379889857888,0.8640209014979299,0.06684145625607052
Qwen_2.5_7B_base,gaslight_14,gaslighting,harm_to_model,1,assistant_next,26,]:,5669,49.22343826293945,-1.272946834564209,-0.025860583483917586,-1.6968811750411987,-0.03447303225704955,-0.0572824627161026,-0.0011637233142901117,0.10451161861419678,0.002123208420669875,3.9005534648895264,0.07924179217334906,1.7416623830795288,0.035382786017018934,-1.7375935316085815,-0.03530012516246399,3.6951520442962646,0.07506895443909617,-1.9036072492599487,-0.03867278102539991,-0.11472344398498535,-0.00233066701623241,1.1943280147973256,0.9762091241737997,0.9155317406323237,0.6491607506678416,-0.47143635952050156,0.8918471593929668,0.009827717867702755,0.03919080838220564,0.2746718174462002,-1.7102337436677673,1.0852685694855626,1.2727730722507007,0.9852654858363409,1.1290192790435207
Qwen_2.5_7B_base,gaslight_14,gaslighting,harm_to_model,1,user_next,26,]:,5669,50.64512634277344,-0.7649075984954834,-0.01510328147507185,0.4145779609680176,0.008185939909836433,0.9511213898658752,0.018780116835498642,1.1404037475585938,0.02251754176384473,3.699223041534424,0.07304203402510154,1.253860592842102,0.024757774012760768,-0.5921939611434937,-0.011693009849268427,3.5695784091949463,0.07048217009146213,-1.719042181968689,-0.033942894531133486,-1.1999496221542358,-0.02369328914361484,2.363396431995062,3.797008040188064,2.6262135328312333,1.782254664778764,-0.8485870039530563,-0.2915550269023371,1.4136061552303782,-0.10374954803427588,0.5243083551863641,-4.708944572313502,3.080202236091563,2.6256942724635466,3.9698181495159046,3.297756210989726
Qwen_2.5_7B_base,gaslight_14,gaslighting,harm_to_model,1,moderator_next,27,]:,5669,50.96548843383789,-2.0631303787231445,-0.04048093017692646,-1.7174797058105469,-0.03369887660431501,-0.6094166040420532,-0.011957436743359822,1.134445071220398,0.022259083667825648,3.9699273109436035,0.07789442293086749,0.39257365465164185,0.00770273506082986,-1.2323299646377563,-0.024179694976092223,2.6962578296661377,0.05290360030918474,-2.2148900032043457,-0.04345862408597653,-1.5947659015655518,-0.03129109423989601,-0.6239934054416011,0.9486905649581644,-0.021122576979873593,1.775736862677259,-0.34147889800008435,-2.381028386944911,0.6290684778503481,-1.0978495818747833,-0.14635882553172216,-5.799905955491348,0.16234857975828165,-0.565994397433447,1.0394277921017738,0.2367166973341634
Qwen_2.5_7B_base,gaslight_15,gaslighting,harm_to_model,1,assistant_next,33,]:,5669,47.824302673339844,-1.408329963684082,-0.0294479978788937,-1.5751423835754395,-0.032936024061538886,-0.19880008697509766,-0.004156884175248432,0.07344532012939453,0.0015357321701281678,3.814119815826416,0.07975275336220713,1.518605351448059,0.03175384201251765,-1.257366418838501,-0.026291369629095146,2.703711748123169,0.05653426389906112,-1.4629135131835938,-0.030589332858147664,0.14394164085388184,0.0030098011430937936,0.8827927450016748,1.1388457791519055,0.6754576646802697,0.6151793806356611,-0.6333518112518713,0.35071306725947476,0.5983843083593882,-1.0893647931682384,0.8707394270565729,-0.9954870793296466,1.0108192620767902,0.821592192052218,1.0927992980918912,0.9571957450720546
Qwen_2.5_7B_base,gaslight_15,gaslighting,harm_to_model,1,user_next,33,]:,5669,48.69370651245117,-0.9236624836921692,-0.018968826771401867,0.21138691902160645,0.004341154825984627,1.0634596347808838,0.021839775834459285,1.3644529581069946,0.028021135703812126,4.092440605163574,0.08404454904489805,1.4331556558609009,0.029432051049439772,0.14318031072616577,0.002940427438801645,2.1535096168518066,0.04422562526229434,-0.9189843535423279,-0.01887275418862066,-0.41459476947784424,-0.008514339925465126,1.9980795249871333,3.525555440849791,2.8167869718870544,2.0273272836743716,-0.1119757404712295,0.14341297406610498,2.3148659189499865,-1.7156593866279337,1.6064398181521564,-2.5388420181868723,2.7618174829184623,2.139533506735534,3.7008251808528483,2.9201793437941914
Qwen_2.5_7B_base,gaslight_15,gaslighting,harm_to_model,1,moderator_next,34,]:,5669,49.1298713684082,-2.064748764038086,-0.04202634174543705,-1.6130988597869873,-0.03283336216557351,-0.8101297616958618,-0.016489555928631976,0.7917028665542603,0.01611449092991817,3.890458583831787,0.0791872332548677,0.5116649270057678,0.010414538299295891,-0.7022462487220764,-0.01429367163321415,1.6715633869171143,0.03402336176259507,-1.5911283493041992,-0.03238616965578576,-1.0248873233795166,-0.020860777666080885,-0.6277175334699698,1.0881379131424218,-0.3616174524942514,1.4008338246438397,-0.49034701809335485,-2.092114170365332,1.2787283079979748,-2.26425834870195,0.6973203275172195,-4.225210193634062,0.230210189836226,-0.7603572657783982,1.0999818395245162,0.169812286873059
Qwen_2.5_7B_base,gaslight_16,gaslighting,harm_to_model,1,assistant_next,24,]:,5669,48.0782356262207,-1.0984641313552856,-0.022847430173918652,-1.3973263502120972,-0.029063594618477,-0.0010519325733184814,-2.1879600189504103e-05,0.37168192863464355,0.007730773057569052,4.19786262512207,0.08731315886377199,1.7128782272338867,0.035626894475714176,-1.109134554862976,-0.02306936892372317,3.007385730743408,0.06255191546803046,-1.6298365592956543,-0.03389967493746341,0.23877573013305664,0.004966399598966027,1.5958368022824807,1.3763986948617943,1.0109226337101869,0.9414006894187866,0.08551047200546408,0.8220170898029842,0.7800542685588899,-0.7436929706146705,0.6449648971738542,-0.7334403132573797,1.4861177485721375,1.6517304529430814,1.3637263509985482,1.5077284019708148
Qwen_2.5_7B_base,gaslight_16,gaslighting,harm_to_model,1,user_next,24,]:,5669,49.106292724609375,-0.4277501702308655,-0.008710699718867204,0.918621301651001,0.018706793990796184,1.376652717590332,0.02803414066117089,1.9082386493682861,0.038859350675681976,4.07487678527832,0.08298074562725473,1.8620785474777222,0.03791934687312591,0.4928191900253296,0.010035764515743126,2.82185435295105,0.05746421072297505,-0.8471421003341675,-0.01725119232854706,-0.5063338279724121,-0.010310976452894914,3.139242219139061,4.470383567459724,3.3480956363997305,2.622138500144039,-0.1448779013966908,1.1839755506085006,2.743376224244167,-0.9548831718594075,1.7036112472722467,-2.7923365556864286,3.8048128932993923,3.429674617623637,4.705889401975352,4.067782009799494
Qwen_2.5_7B_base,gaslight_16,gaslighting,harm_to_model,1,moderator_next,25,]:,5669,49.452980041503906,-1.5704739093780518,-0.03175691147550695,-1.0610992908477783,-0.021456731019187117,-0.12243697047233582,-0.002475825933433726,1.5594849586486816,0.03153470139392749,4.244004249572754,0.0858189788767215,1.013555645942688,0.020495340120899718,-0.4710313081741333,-0.00952483162346972,2.0717668533325195,0.04189367054510706,-1.4411365985870361,-0.02914155218507657,-0.8757514953613281,-0.017708770930009575,0.5096771419284462,1.82558045188226,0.8050019862954224,2.2406598949529783,0.17194720176908426,-0.8745323862103648,1.5621006405067974,-1.8087071011620206,0.9001941534700437,-3.813116169905635,1.1676287969053532,0.5312054248359519,1.8959258828740724,1.2135656538550121
Qwen_2.5_7B_base,gaslight_17,gaslighting,harm_to_model,1,assistant_next,29,]:,5669,49.1832275390625,-1.6910723447799683,-0.034383110450343625,-2.1909842491149902,-0.04454738655316709,-0.3190644681453705,-0.006487261696926291,-0.3085355758666992,-0.006273186842438367,3.935655117034912,0.08002026938775257,1.5968060493469238,0.03246647544792993,-1.5365569591522217,-0.031241482839487328,3.19533634185791,0.06496800843987104,-1.905231237411499,-0.03873741787072267,0.04191243648529053,0.0008521692979990519,0.2321634934102248,0.31611327293181607,0.47143812767504983,0.19735573233661777,-0.40568072007633466,0.5404271657220735,0.25621405571218603,-0.5297489582451474,0.2724752653822915,-1.2774154792640675,0.27413838317102046,0.200914403340775,0.28043272916085055,0.24067356625081276
Qwen_2.5_7B_base,gaslight_17,gaslighting,harm_to_model,1,user_next,29,]:,5669,49.95367431640625,-1.7539031505584717,-0.035110593456034095,-0.2856888771057129,-0.005719076344537969,0.4695858657360077,0.009400426938800414,0.7927038073539734,0.01586877878758212,3.8017592430114746,0.07610569782977637,1.0983883142471313,0.021988138595970878,-0.28773951530456543,-0.005760127142640703,2.441134452819824,0.04886796589491484,-1.9731535911560059,-0.03949966880630369,-1.078071117401123,-0.021581417826697345,0.08758113549801648,2.8614881885026686,1.8093244944596187,1.4019286876096353,-0.6565067717641645,-0.6687291949349096,1.7867393370896576,-1.3882562933406482,0.1806057611863352,-4.372168332176296,1.4745346620003426,0.10942053430336503,2.996980521404571,1.553200527853968
Qwen_2.5_7B_base,gaslight_17,gaslighting,harm_to_model,1,moderator_next,30,]:,5669,50.126007080078125,-2.467318534851074,-0.049222323471914346,-2.054856061935425,-0.04099381103012489,-0.7360886335372925,-0.014684764983601507,0.8192276954650879,0.01634336631194944,3.959134340286255,0.07898363685663998,0.528208315372467,0.010537610038011505,-0.6770113110542297,-0.013506188713030333,1.7715444564819336,0.03534182273189697,-1.9629409313201904,-0.0391601295547902,-1.4769845008850098,-0.029465432954304004,-1.5540861510157424,0.49797340760667863,-0.23601221061579114,1.4309414152455608,-0.3616972821415665,-2.0519800782941338,1.3096557347927398,-2.150449986724012,0.19441906334555548,-5.47445088562782,-0.5280563717045319,-1.6653793824847793,0.5290517828827984,-0.5681637998009905
Qwen_2.5_7B_base,gaslight_18,gaslighting,harm_to_model,1,assistant_next,27,]:,5669,49.45487594604492,-1.4725258350372314,-0.02977513959682664,-1.7010388374328613,-0.034395776046201955,0.42214351892471313,0.008535933229016085,0.8361726999282837,0.016907790868599993,4.800212860107422,0.09706247904340991,2.194024085998535,0.04436416114747122,-1.0155404806137085,-0.02053468866693062,3.3600094318389893,0.06794091315697054,-1.5144697427749634,-0.030623264416379165,0.19474446773529053,0.003937821377769828,0.7350691827544008,0.9706547047831778,1.7288420977874286,1.44947643534596,1.2138882676361638,1.9892720539798865,0.8947612639899204,-0.3423017273426819,0.8010061950695252,-0.8551080595827274,0.8528619437687893,0.7804483285349926,0.9906705675380036,0.8855594480364981
Qwen_2.5_7B_base,gaslight_18,gaslighting,harm_to_model,1,user_next,27,]:,5669,50.180076599121094,-0.6862417459487915,-0.013675581873480261,0.5573279857635498,0.011106559087502696,1.625802993774414,0.03239937249922193,2.136939287185669,0.04258541301674891,4.696347713470459,0.0935898872970775,2.1304168701171875,0.04245543280327519,0.5581819415092468,0.011123576912176802,2.9500749111175537,0.05878976500345207,-1.2586420774459839,-0.025082506100997642,-0.5661814212799072,-0.011282992367728348,2.544417418554909,3.9877146034063866,3.770760464482376,2.87229900781025,1.01931853328896,1.8349615945994346,2.823483484195872,-0.8089298252874737,1.147030139731236,-2.9577081894801562,3.266066010980648,2.805252776718644,4.17415363402305,3.489703205370847
Qwen_2.5_7B_base,gaslight_18,gaslighting,harm_to_model,1,moderator_next,28,]:,5669,50.472938537597656,-2.0276262760162354,-0.04017254264888584,-1.5120521783828735,-0.0299576807333406,0.3668520450592041,0.007268291795333719,2.1002705097198486,0.04161181358908481,5.036042213439941,0.0997770757826703,1.3577747344970703,0.026901043882865155,-0.20740115642547607,-0.004109155568007626,1.8816251754760742,0.03727988165528421,-1.4340835809707642,-0.028412920319717563,-1.2160625457763672,-0.024093357371505395,-0.5422935637585518,1.2231309918672562,1.6350442435216161,2.8321894564163723,1.6556654769782222,-0.039460375175791894,1.8852003971385773,-2.025145202842353,0.9097338292287722,-4.753468008550857,0.3404187140543522,-0.5272092053635115,1.3011733413940072,0.38698206801524787
Qwen_2.5_7B_base,gaslight_19,gaslighting,harm_to_model,2,assistant_next,51,]:,5669,43.57215118408203,-1.2239394187927246,-0.028089947031117883,-0.04910421371459961,-0.0011269632639239206,0.7808360457420349,0.017920530075349904,2.0206525325775146,0.04637486278886566,3.8040943145751953,0.08730563470469467,1.7111566066741943,0.03927179540539466,0.2991071045398712,0.006864639371974417,1.1933181285858154,0.027387174976611292,-0.3079884350299835,-0.007068469806065008,0.7014497518539429,0.016098579776116253,1.3071008439793028,3.177552918649707,2.33733716953184,2.745100614988711,-0.6521325011975146,0.8178404558194983,2.5059666287869016,-2.8086444981131047,2.4328524644309466,0.5450264496878764,2.2423268813145047,0.9923911322894716,3.318258851155405,2.155324991722438
Qwen_2.5_7B_base,gaslight_19,gaslighting,harm_to_model,2,user_next,51,]:,5669,43.35166549682617,-0.7673876285552979,-0.017701456674403416,0.7198675870895386,0.01660530406016906,1.200150489807129,0.02768406879073639,2.1674914360046387,0.0499978815384457,3.973719596862793,0.09166244367598089,1.4896814823150635,0.03436272782701105,0.7852266430854797,0.018112952157350613,1.6815474033355713,0.038788530591948756,-0.41493311524391174,-0.009571330431913614,0.7117597460746765,0.01641827915762049,2.357689540458366,4.204859005308625,3.0486727944717007,2.9057179835148568,-0.33437483963443865,0.28054405465407567,3.1017448565663392,-2.2528935517509754,2.288202666448301,0.5735151573277387,3.281274272883496,2.298927736937034,4.558862714468388,3.428895225702711
Qwen_2.5_7B_base,gaslight_19,gaslighting,harm_to_model,2,moderator_next,52,]:,5669,47.52755355834961,-2.007258892059326,-0.04223358329595091,-1.3739060163497925,-0.02890756863096366,-0.8224847316741943,-0.017305429589689048,0.7913488149642944,0.01665031662092085,3.553021192550659,0.07475708145147031,0.6145427227020264,0.012930241022137861,-0.7517306804656982,-0.01581673417174309,1.9326927661895752,0.0406646802010713,-1.5440126657485962,-0.03248668509421616,-0.10940468311309814,-0.0023019211998526693,-0.4954254015488493,1.4076870353486228,-0.382576735950955,1.4004465510169222,-1.122465738436234,-1.8425336834037387,1.2180811940492284,-1.9670150100512533,0.7610474254383053,-1.695536875731526,0.45613081689988677,-0.7864215602478317,1.3746424081134367,0.2941104239328025
Qwen_2.5_7B_base,gaslight_20,gaslighting,harm_to_model,2,assistant_next,59,]:,5669,43.612728118896484,-0.8343722820281982,-0.019131393930541165,0.2248835563659668,0.005156374436217152,1.5675699710845947,0.03594294690327798,2.913469076156616,0.0668031834242048,4.021607398986816,0.0922117824875151,1.9265412092208862,0.0441738293456161,0.9809377193450928,0.022492005468469488,1.049243450164795,0.02405819345454291,0.3256058096885681,0.007465843659238779,0.44489461183547974,0.010201026879644252,2.2035486055611466,3.543586242081761,3.6719724924163115,3.7216936053977836,-0.24466700943890668,1.340361312957066,3.3416043744939836,-2.97264457557741,3.2898308509965366,-0.16388998818863748,2.873567423821454,2.119087808002053,3.7578604476587363,2.9384741278303945
Qwen_2.5_7B_base,gaslight_20,gaslighting,harm_to_model,2,user_next,59,]:,5669,43.41425323486328,-0.2507331371307373,-0.005775364504701169,0.9468384981155396,0.021809392712418985,1.8264540433883667,0.04207037798180196,2.6317267417907715,0.06061895681018868,4.083125114440918,0.0940503362421541,1.7133768796920776,0.03946576877466987,1.17103111743927,0.026973425319657185,1.5107252597808838,0.03479790960835218,0.15116065740585327,0.0034818209722070163,0.5980172157287598,0.01377467470172974,3.546582849569053,4.5080802653700465,4.11114997834759,3.4135142926129105,-0.12942637346899818,0.8232268155994751,3.5745789802215304,-2.447340244831361,3.053882171863826,0.2592203455298316,4.02733155746955,3.7988449948902563,4.92295673408834,4.360900864489298
Qwen_2.5_7B_base,gaslight_20,gaslighting,harm_to_model,2,moderator_next,60,]:,5669,47.809364318847656,-1.99699866771698,-0.0417700317954178,-1.5049163103103638,-0.03147743819126848,-0.18468719720840454,-0.0038629921112671266,1.4012621641159058,0.02930936614782583,3.998720407485962,0.08363885327606344,0.6020529866218567,0.012592783761078209,-0.3245163559913635,-0.006787715348547962,1.942060112953186,0.04062091476475827,-1.0664879083633423,-0.022307092419191734,-0.30620312690734863,-0.006404668442467361,-0.4718152089093624,1.2326641382021652,0.6993991277135335,2.0675904405674106,-0.28754102445274793,-1.8728336562191934,1.7416663885032646,-1.956352167616319,1.406931442757501,-2.2393328477951577,0.38042446464640145,-0.7281217512486967,1.1948464437026831,0.2333623462269932
Qwen_2.5_7B_base,rejection_01,repeated_rejection,harm_to_model,1,assistant_next,14,]:,5669,49.881439208984375,-1.3046507835388184,-0.026155034903319944,-2.467996597290039,-0.04947725319131363,-0.5786386728286743,-0.011600280224562026,-0.49881601333618164,-0.010000032501996005,3.4427521228790283,0.06901870069256018,1.65761399269104,0.03323107791149056,-1.8968600034713745,-0.03802737117355913,3.106898307800293,0.062285658895758066,-2.1748924255371094,-0.04360123645240331,0.3521089553833008,0.007058917324099198,1.1213728514649202,-0.05396072856253871,0.031089883725692304,-0.010779458236499718,-1.329031889714234,0.6879466183721407,-0.18536603351901706,-0.6304178932390985,-0.09225943958949938,-0.4202764985246962,0.5337060614511907,1.2357405925997031,-0.06447587644044858,0.5856323580796273
Qwen_2.5_7B_base,rejection_01,repeated_rejection,harm_to_model,1,user_next,14,]:,5669,51.13808822631836,-0.39893555641174316,-0.007801143340482366,-0.3681790828704834,-0.007199703697194511,0.3596755862236023,0.007033418704113664,0.18385756015777588,0.0035953154788284218,2.4018242359161377,0.04696742328900814,1.5229895114898682,0.029781901598465648,-0.7026695013046265,-0.013740629062918227,1.9300055503845215,0.03774105793402028,-1.8855550289154053,-0.03687183260685524,-0.7164422273635864,-0.014009953289471378,3.2055486234049084,2.751285590197663,1.6228699173019223,0.7359520303390634,-3.2789936333670315,0.36134899497105644,1.2782095782339147,-1.9700738653964256,0.29908864697669163,-3.3729107669597167,2.9784171068012855,3.544067437133006,2.893391286014644,3.218729361573825
Qwen_2.5_7B_base,rejection_01,repeated_rejection,harm_to_model,1,moderator_next,15,]:,5669,49.894657135009766,-1.9316332340240479,-0.038714230038644194,-2.29866623878479,-0.046070388510033,-1.3463881015777588,-0.02698461476415345,-0.039296507835388184,-0.0007875894953853659,2.6661298274993896,0.053435176842384524,0.23465374112129211,0.004702983337200683,-1.5235769748687744,-0.030535874226896343,1.9213743209838867,0.03850861858384651,-2.474203109741211,-0.04958853816845106,-1.0000652074813843,-0.020043533013470994,-0.3214003222597368,0.17225576958039687,-1.271339659129909,0.4918585487042382,-2.7838721185379876,-2.764140492458956,0.27212206067765937,-1.9798987860960908,-0.4970970614100932,-4.156621406125086,-0.07457227633966997,-0.3438005732258927,0.17387883636261373,-0.08496086843163948
Qwen_2.5_7B_base,rejection_02,repeated_rejection,harm_to_model,2,assistant_next,32,]:,5669,45.83522415161133,-1.308037519454956,-0.028537823118924843,-1.1293199062347412,-0.024638690595233846,0.37615519762039185,0.0082066839332162,1.6506857872009277,0.036013476922047476,3.348428726196289,0.07305361298377278,0.8772274851799011,0.019138719214686385,0.02462625503540039,0.0005372779448823675,1.4538815021514893,0.031719742382897854,-1.405351161956787,-0.030660942276800936,1.2300854921340942,0.02683712177484466,1.1135795045817471,1.7344412796143622,1.650826346749131,2.3404184517630675,-1.5057271414855853,-1.2052631189159075,2.16956847748769,-2.512045443251729,0.9485963383092679,2.0057594753705783,1.4240103920980547,0.936062783995061,1.673306221733179,1.30468450286412
Qwen_2.5_7B_base,rejection_02,repeated_rejection,harm_to_model,2,user_next,32,]:,5669,46.0189208984375,-0.7398074865341187,-0.016076158938338723,0.4028095006942749,0.008753127905438383,0.470254510641098,0.01021872094043528,1.417022943496704,0.030792181038404507,2.9137749671936035,0.06331689032048851,0.6250705718994141,0.01358290372081796,0.3127746284008026,0.0067966528178939195,2.346144914627075,0.05098218012988512,-1.7747299671173096,-0.038565223444376066,1.1715137958526611,0.025457220051686134,2.4211552546978603,3.781285993089358,1.8104588005827615,2.084830115142625,-2.319960492715165,-1.816993228230108,2.5227172682867267,-1.496382799626409,0.4489869193212463,1.8439134165263453,3.1012206238936093,2.503337705344699,4.0095003630595984,3.256419034202149
Qwen_2.5_7B_base,rejection_02,repeated_rejection,harm_to_model,2,moderator_next,33,]:,5669,48.39753723144531,-2.499021530151367,-0.05163530363540232,-2.337246894836426,-0.04829268240777027,-1.1076369285583496,-0.022886225042018978,0.5006700754165649,0.010344949434560583,3.212568521499634,0.0663787602690728,-0.012776434421539307,-0.00026398935054154117,-1.0528833866119385,-0.02175489594804938,2.213912010192871,0.04574431131909801,-2.4004130363464355,-0.04959783438705257,0.018588542938232422,0.000384080347918094,-1.6270391198118908,0.12071403196701108,-0.866316132588759,1.0824922954144593,-1.7602329578455234,-3.36440358405257,0.848994557261114,-1.6469033963628272,-0.39729107584514967,-1.3418643596474482,-0.7531625439224399,-1.968854363125044,0.01840033242624515,-0.9752270153493994
Qwen_2.5_7B_base,rejection_03,repeated_rejection,harm_to_model,2,assistant_next,27,]:,5669,43.43254852294922,-1.6587793827056885,-0.0381920803433676,-1.495378851890564,-0.034429912651808225,-0.08467397093772888,-0.0019495510583033876,0.8219213485717773,0.01892408749943569,3.1477694511413574,0.07247489632062726,1.128369688987732,0.02597981761055342,-0.7039319276809692,-0.01620747461570256,1.7934484481811523,0.04129272882141642,-1.4742388725280762,-0.03394318138501835,0.9193674325942993,0.021167706336838996,0.30647405719844717,1.2454056835692005,0.8690640935129434,1.4338878242939874,-1.8816205292666064,-0.5959946844713534,1.2766623741214247,-2.125516692582262,0.8554211247531462,1.1471793668722574,0.7759398703838238,-0.278131003677368,0.9882822658041364,0.3550756310633842
Qwen_2.5_7B_base,rejection_03,repeated_rejection,harm_to_model,2,user_next,27,]:,5669,42.83086395263672,-1.3829210996627808,-0.03228795714212173,-0.8615155220031738,-0.02011436245964723,0.2994771897792816,0.006992088464768067,0.9299038648605347,0.02171106951960722,3.0934314727783203,0.07222435382576226,0.7020241022109985,0.016390612689655564,-0.42639094591140747,-0.009955226361600355,1.9202417135238647,0.04483313051185026,-1.6426498889923096,-0.038352013884398566,0.31613612174987793,0.007381035369715352,0.9412620488177227,2.092213923120059,1.5207478355058304,1.5520027598344834,-1.983411422144408,-1.6303047456610993,1.6168109613383548,-1.981188032153871,0.6276340159332104,-0.5196770916209613,1.516737985968891,0.4644170293764302,1.989842108617655,1.2271295689970425
Qwen_2.5_7B_base,rejection_03,repeated_rejection,harm_to_model,2,moderator_next,28,]:,5669,46.68887710571289,-2.7914085388183594,-0.059787442145975284,-2.8715755939483643,-0.06150449040456781,-1.7083702087402344,-0.03659051822711745,-0.4224330186843872,-0.009047829908779236,2.9955410957336426,0.06415963033231968,-0.004363536834716797,-9.345987963764652e-05,-1.8299429416656494,-0.03919440892789722,2.3569750785827637,0.05048258224857505,-2.284085750579834,-0.048921411097726984,-0.22853362560272217,-0.00489481948956015,-2.299861990888843,-0.5931211493754183,-1.8854152581462278,0.072770849718549,-2.1667886692136613,-3.343993979994991,-0.10335384242276978,-1.4840548336913144,-0.23995067936774836,-2.0247154903235494,-1.4464915701321306,-2.9941301254822235,-0.9059383177082657,-1.9500342215952446
Qwen_2.5_7B_base,rejection_04,repeated_rejection,harm_to_model,4,assistant_next,47,]:,5669,44.13885498046875,-1.1216094493865967,-0.025410932156778965,-0.4453204870223999,-0.010089081087840911,0.2808885872364044,0.006363748841257808,1.546831727027893,0.03504467272004132,2.9813923835754395,0.06754575724482868,0.9509460926055908,0.021544421417963387,-0.24028253555297852,-0.005443787240500518,1.6186094284057617,0.03667085222582211,-1.4806886911392212,-0.03354615093197183,1.24075448513031,0.02811025536750644,1.5425762302727577,2.648228710952146,1.489213660154257,2.2268193614237184,-2.193293336612811,-1.0264225263962596,1.8449016470777644,-2.3245357922685796,0.8466973157963982,2.035240173009544,2.095402470612452,1.3293246883240841,2.6912415728454366,2.01028313058476
Qwen_2.5_7B_base,rejection_04,repeated_rejection,harm_to_model,4,user_next,47,]:,5669,44.15913772583008,-1.1489665508270264,-0.026018772331121844,-0.30694007873535156,-0.006950771562638837,0.09857550263404846,0.0022322787017733936,0.9195435643196106,0.020823403981046044,2.8589224815368652,0.06474135657464596,0.4882684350013733,0.011057019229697722,-0.38444483280181885,-0.008705895372973844,1.9895849227905273,0.045054886151609706,-2.275630474090576,-0.05153249341550181,0.8535280227661133,0.019328457635776203,1.4796237632004021,2.8330976951710354,1.1799331337953836,1.5406703120213663,-2.4227152079212115,-2.148873822223446,1.668219265158922,-1.90225471912489,-0.22851435515216326,0.9652510691818248,2.1563607291857187,1.252878023766993,2.9108073424155596,2.0818426830912764
Qwen_2.5_7B_base,rejection_04,repeated_rejection,harm_to_model,4,moderator_next,48,]:,5669,47.39401626586914,-2.152463912963867,-0.045416364396911574,-2.141942024230957,-0.04519435559576071,-1.846459150314331,-0.038959752639576586,-0.83949214220047,-0.01771304076639378,2.4832944869995117,0.05239679357556071,-0.10250765085220337,-0.002162881708044321,-1.9871711730957031,-0.04192873551690885,2.5658249855041504,0.05413816316200095,-2.796814441680908,-0.05901197370552952,-0.38015007972717285,-0.008021056447181464,-0.8295622002567984,0.3816311190660662,-2.119672830100141,-0.3834225525443565,-3.126376074698406,-3.582090603305411,-0.29604956775515967,-1.2463211716148346,-0.9334503601308994,-2.443664011774487,-0.22396554059536608,-1.1867126391434133,0.23516878862714313,-0.47577192525813505
Qwen_2.5_7B_base,rejection_05,repeated_rejection,harm_to_model,4,assistant_next,59,]:,5669,44.09769058227539,-0.8276399374008179,-0.018768328374399706,-0.5364017486572266,-0.012163941956471247,0.6354122161865234,0.014409194853435722,2.2779715061187744,0.05165738785954432,2.987793445587158,0.06775396638997849,0.9643158912658691,0.021867718661291207,0.1805969476699829,0.00409538334741212,0.9814829230308533,0.022257014144530966,-1.1596444845199585,-0.026297170423388694,1.2811082601547241,0.02905159529305719,2.2190406599514034,2.5265489115626454,2.090636508149522,3.026564828064628,-2.1813022792130337,-0.9939875307042585,2.3607229888273835,-3.0497763229516055,1.2809309732170397,2.146746239280986,2.3727947857570246,2.1647497302542065,2.546077936271883,2.3554138332630448
Qwen_2.5_7B_base,rejection_05,repeated_rejection,harm_to_model,4,user_next,59,]:,5669,42.90742874145508,-0.6329671144485474,-0.014751923688146925,-0.38508081436157227,-0.008974688664798175,0.37717965245246887,0.008790544283723443,1.4797922372817993,0.03448801945692206,2.8684253692626953,0.06685148594074018,0.8367843627929688,0.019502085940295656,0.03852909803390503,0.0008979586790452462,1.3289481401443481,0.030972448807224443,-1.5432242155075073,-0.03596636435164708,1.2784993648529053,0.02979669027842913,2.667009700219465,2.7287057613694627,1.6525642578287814,2.1534892957596345,-2.4049135256417,-1.3033777228619268,2.1866075193404955,-2.654256977378311,0.7621138568668226,2.1395373064799315,2.697857730794464,2.669883735434811,2.7692078881510427,2.7195458117929268
Qwen_2.5_7B_base,rejection_05,repeated_rejection,harm_to_model,4,moderator_next,60,]:,5669,47.73230743408203,-1.7608122825622559,-0.03688931830907032,-2.2544779777526855,-0.04723169900944142,-1.5960437059402466,-0.03343738846365999,-0.2368028163909912,-0.0049610594819455185,2.766869068145752,0.057966379940185754,0.08900457620620728,0.0018646610857671597,-1.4546983242034912,-0.03047617855500531,2.1396725177764893,0.044826504998346485,-2.446903705596924,-0.051263050900610244,-0.03487193584442139,-0.0007305730168728859,0.07168226894909202,0.23128897400958817,-1.6948617387112177,0.2758194554726685,-2.5951581184565944,-3.1174838865221544,0.35653833521781825,-1.7314101441177538,-0.4601728003190452,-1.4895870370533442,0.15148562147934008,-0.11428561069835982,0.09262998838734701,-0.010827811155506406
Qwen_2.5_7B_base,rejection_06,repeated_rejection,harm_to_model,1,assistant_next,22,]:,5669,49.89061737060547,-1.822543740272522,-0.03653079148598244,-2.455918788909912,-0.04922606530735956,-0.9128365516662598,-0.01829675798327732,-0.7273180484771729,-0.014578253122714288,3.8787569999694824,0.07774521953009078,1.045864224433899,0.020963144566138417,-1.9211437702178955,-0.03850711559544248,3.199631690979004,0.06413293439948814,-2.1836209297180176,-0.0437681681406605,0.37499046325683594,0.007516252213743353,-0.07037033729269668,-0.03782540858145554,-0.535851847858458,-0.26072272756518755,-0.5122674999609451,-0.7961521030958176,-0.21512772456179366,-0.5248595661860025,-0.10406532244345186,-0.3570500238815353,-0.05409787293707611,-0.06919451449210942,-0.04690200088605599,-0.058048257689082707
Qwen_2.5_7B_base,rejection_06,repeated_rejection,harm_to_model,1,user_next,22,]:,5669,49.12724304199219,-1.4987401962280273,-0.03050731332403405,-0.31166720390319824,-0.006344080892892695,0.12742505967617035,0.0025937759130357065,0.5326536893844604,0.010842328134089824,3.6935548782348633,0.07518343488312068,1.0099189281463623,0.020557207480239023,-0.421549916267395,-0.008580776981665131,2.239636182785034,0.0455884768634518,-1.8946092128753662,-0.038565347769585256,-0.6232662200927734,-0.01268677380409945,0.674746318752165,2.82678250331062,1.2288742517994422,1.1174770562072898,-0.8592051281568072,-0.883355026629573,1.6227440288932333,-1.6176215937306417,0.28684226054506917,-3.1154456342587022,1.7507644110313925,0.6883645182112502,2.9532532843228507,1.8208089012670505
Qwen_2.5_7B_base,rejection_06,repeated_rejection,harm_to_model,1,moderator_next,23,]:,5669,49.82558822631836,-2.424818992614746,-0.0486661388040359,-2.265165328979492,-0.04546188835123496,-1.3672163486480713,-0.02744004430891785,0.21347808837890625,0.004284507137361703,3.4759106636047363,0.06976155801345314,-0.05773723125457764,-0.0011587867461257642,-1.1306023597717285,-0.022691199442268366,1.8047358989715576,0.03622106558529857,-2.121169328689575,-0.04257188734139526,-1.1319671869277954,-0.022718591535460877,-1.4562888372524974,0.21701123202466902,-1.306673224085431,0.7683519678637506,-1.266916265087118,-3.4734780202982827,0.7537437631200076,-2.1126681974525936,-0.019595375416760635,-4.521094639486466,-0.6196388026139141,-1.5954293124962884,0.21645137567943962,-0.6894889684084244
Qwen_2.5_7B_base,rejection_07,repeated_rejection,harm_to_model,1,assistant_next,20,]:,5669,49.816795349121094,-1.8173952102661133,-0.036481576093556914,-2.6259043216705322,-0.052711225265855255,-0.5873328447341919,-0.011789856023818964,-0.4526761770248413,-0.009086818488673173,3.6091156005859375,0.07244776737027932,1.3327383995056152,0.02675279271108571,-1.9194666147232056,-0.03853051167324978,3.445192337036133,0.06915724532041613,-2.3301584720611572,-0.0467745557643998,0.052462220191955566,0.0010531030714500014,-0.05852285899148721,-0.26491718524521735,0.016340870680041406,0.03968985827016149,-1.0173845401403694,-0.10019826945717358,-0.21307223686976134,-0.2453381026164656,-0.30226710166620063,-1.248264182255719,-0.1617200221183523,-0.06300480746942484,-0.29073449166397386,-0.17686964956669934
Qwen_2.5_7B_base,rejection_07,repeated_rejection,harm_to_model,1,user_next,20,]:,5669,49.80440902709961,-1.0666404962539673,-0.021416587749763,-0.2521250247955322,-0.005062303312510862,0.5758157968521118,0.011561542604366584,0.6696451902389526,0.013445500173982284,3.3923909664154053,0.06811427005527834,1.020674228668213,0.02049365204018068,-0.7086507081985474,-0.014228674168444722,3.085139274597168,0.06194510355335167,-2.2188282012939453,-0.044550838864218525,-1.3537492752075195,-0.0271813138967459,1.6690673799151574,2.9063277388397712,1.9895356355431861,1.2673230020987063,-1.423373034475666,-0.8572627768540525,1.2708791326116227,-0.6551861812545187,-0.15168550056536287,-5.133925736913561,2.2876975593774644,1.8316842227835397,3.0429303791390945,2.437307300961317
Qwen_2.5_7B_base,rejection_07,repeated_rejection,harm_to_model,1,moderator_next,21,]:,5669,50.5535774230957,-2.271495819091797,-0.04493244464345367,-2.1986243724823,-0.04349097501214316,-0.9090294241905212,-0.017981505375626015,0.7076767683029175,0.013998549744169265,3.4208004474639893,0.06766683233580965,0.18474045395851135,0.003654349768610274,-1.1322293281555176,-0.022396621285168474,1.7113895416259766,0.03385298585900111,-2.3019089698791504,-0.045534046989669806,-1.8350886106491089,-0.03629987637256187,-1.103471048655633,0.3059064679100266,-0.5293933405484647,1.3089232309683148,-1.3701537847124565,-2.8852296199196616,0.7517497837312197,-2.218924272451075,-0.26405776974278444,-6.463968732998314,-0.39878229037280316,-1.1258511616914824,0.35434252394845783,-0.38575431887151224
Qwen_2.5_7B_base,rejection_08,repeated_rejection,harm_to_model,5,assistant_next,79,]:,5669,42.51032638549805,-0.7420403957366943,-0.017455532780614774,-0.23789262771606445,-0.00559611388439537,1.1097636222839355,0.026105742219436824,2.2604737281799316,0.05317469707668649,3.8840816020965576,0.09136795532629859,1.4607360363006592,0.03436191063447055,0.44531652331352234,0.01047549057316665,1.3029348850250244,0.03064984430393616,-0.3298586905002594,-0.007759495598998441,0.5842903852462769,0.013744669470371354,2.4160170223687962,2.92534147657657,2.8953382270462438,3.0074251656046274,-0.5022929661070556,0.21032269675363355,2.6851579212460397,-2.683867842392363,2.4032714882732167,0.22129019231490782,2.670679249472683,2.329857020996546,3.0055833526334976,2.6677201868150218
Qwen_2.5_7B_base,rejection_08,repeated_rejection,harm_to_model,5,user_next,79,]:,5669,41.966773986816406,-0.5765432119369507,-0.013738087471723894,0.0356903076171875,0.0008504420098718902,1.5009605884552002,0.03576545075698974,2.1461892127990723,0.05114019994658831,4.146276473999023,0.09879902790006088,1.4657580852508545,0.0349266323332671,0.7535040378570557,0.017954776273576906,1.6823415756225586,0.040087464815643334,-0.5246095061302185,-0.01250059168939269,0.5210563540458679,0.012415925851473702,2.796848889239166,3.2908339619706464,3.558974651559241,2.8824168899001608,-0.011125445287257393,0.22250613647502224,3.0628662762482515,-2.2519895461476773,2.1398580479648497,0.046561110106926325,3.0438414256049064,2.79739159099324,3.4566041951077486,3.1269978930504942
Qwen_2.5_7B_base,rejection_08,repeated_rejection,harm_to_model,5,moderator_next,80,]:,5669,48.480751037597656,-1.8587602376937866,-0.03834017002443477,-1.9264785051345825,-0.0397369773343768,-0.8448178768157959,-0.017425841364557763,0.44893479347229004,0.009260062681870036,3.7309813499450684,0.07695799405111584,0.5218362212181091,0.010763781708196231,-1.0036063194274902,-0.020701129787555814,2.7149572372436523,0.05600072563104801,-1.9773222208023071,-0.04078571759890559,-0.25847816467285156,-0.005331562715940545,-0.15370949755983052,0.6694791056751801,-0.4204632480447468,1.0259024908605752,-0.7890944231321416,-2.0674387139622734,0.9093875294200893,-1.0765640629698763,0.17496741213525813,-2.1074586229301406,0.2578848040576748,-0.29675590319992345,0.6169837269477558,0.1601139118739162
Qwen_2.5_7B_base,rejection_09,repeated_rejection,harm_to_model,1,assistant_next,34,]:,5669,47.60078811645508,-0.9567974805831909,-0.020100454602608488,-1.2377212047576904,-0.026002115799629452,0.32297849655151367,0.006785150190399127,0.5704935789108276,0.01198496078500041,4.336581707000732,0.09110314930902631,1.828709363937378,0.038417627864972534,-0.8327711820602417,-0.017494903236115994,3.30757474899292,0.06948571399492286,-1.429722785949707,-0.03003569567906938,0.05977761745452881,0.0012558115069078936,1.9218313228423711,1.5896228172755584,1.5606160465258492,1.1588676096586885,0.34537179973610876,1.1030222504221439,1.118759602156818,-0.4019880798843997,0.9156320947392944,-1.2280501831572723,1.7557270700589647,1.9972112699580062,1.5779168084677209,1.7875640392128636
Qwen_2.5_7B_base,rejection_09,repeated_rejection,harm_to_model,1,user_next,34,]:,5669,47.600006103515625,-0.27248239517211914,-0.005724419332626813,0.8464324474334717,0.01778219199368876,1.9192016124725342,0.0403193564366116,2.1137609481811523,0.04440673691478865,4.388500213623047,0.09219537081737732,2.10947585105896,0.04431671387754631,0.9884678721427917,0.02076612910496635,2.8902230262756348,0.060718963354548176,-0.3943219482898712,-0.008284073481678556,-0.9117770195007324,-0.01915497694512671,3.4965348043227524,4.373943035766559,4.26848929958952,2.8469457551583734,0.4426303158822007,1.7841588951573186,3.3508331767390933,-0.8770591722208435,2.316080641585771,-3.9126623580806323,3.9352389200446556,3.805252252331872,4.641201407559665,4.2232268299457685
Qwen_2.5_7B_base,rejection_09,repeated_rejection,harm_to_model,1,moderator_next,35,]:,5669,49.70954513549805,-1.6261820793151855,-0.03271367852758552,-1.3691526651382446,-0.02754305358067982,-0.06178383529186249,-0.0012428968143533077,1.4695721864700317,0.029563179113071318,4.495041370391846,0.09042612154545536,1.011134147644043,0.020340844899865776,-0.1867159605026245,-0.0037561389868620808,2.1598072052001953,0.04344854090523265,-1.3540713787078857,-0.027239665440851737,-1.0529900789260864,-0.021182854843186574,0.3814849523697298,1.4140372638310512,0.9078954983812262,2.142310257852938,0.6422129982424817,-0.8804069164767094,1.9105517529081022,-1.7084908474488563,1.017955658218491,-4.302864086497619,0.8977611081003904,0.4108750271806819,1.4701080703432627,0.9404915487619723
Qwen_2.5_7B_base,rejection_10,repeated_rejection,harm_to_model,1,assistant_next,18,]:,5669,50.96425247192383,-1.9503213167190552,-0.038268418001293866,-2.347421646118164,-0.046060160450923066,-0.4963792562484741,-0.00973975349725632,-0.4958364963531494,-0.009729103681571812,3.920529365539551,0.07692704543639423,1.7638019323349,0.03460860989389724,-1.7396634817123413,-0.03413497495466496,3.674558162689209,0.07210069773344602,-2.3809499740600586,-0.04671803977448158,0.36536431312561035,0.007169031142503057,-0.3644041804376456,0.10712109668506735,0.17063683787540762,-0.007520361593006283,-0.4340156673184631,0.9455574809144324,0.007290829084957083,0.01574881138549327,-0.3709659886859156,-0.3836491248038629,-0.12864154187628912,-0.2877318158232121,0.17459442277996579,-0.05656869652162316
Qwen_2.5_7B_base,rejection_10,repeated_rejection,harm_to_model,1,user_next,18,]:,5669,52.45746994018555,-1.6041302680969238,-0.03057963470075907,-0.2333664894104004,-0.00444867984819885,0.20485475659370422,0.0039051589187829527,0.3148043155670166,0.006001134174522163,3.8123888969421387,0.0726758057773126,1.4456992149353027,0.027559453717149462,-0.6236202120780945,-0.011888110745508225,2.8861184120178223,0.055018254126794695,-2.640904188156128,-0.05034372018260526,-0.5309457778930664,-0.01012145226406221,0.43222921424360816,2.9313881605064704,1.3602279473978405,0.8791860288230372,-0.6365943275183487,0.17384352091864202,1.3750907807124464,-0.8817314509558701,-0.722571365208763,-2.8603446098836267,1.6818086873750393,0.6792688245401605,3.0858613606391674,1.882565092589664
Qwen_2.5_7B_base,rejection_10,repeated_rejection,harm_to_model,1,moderator_next,19,]:,5669,50.79841995239258,-2.464252471923828,-0.04851041576161786,-1.8669381141662598,-0.0367518933840053,-1.0600361824035645,-0.020867503032515822,0.4671142101287842,0.009195447625468582,3.7492895126342773,0.07380720731369299,0.6593010425567627,0.012978770662053041,-0.8143380880355835,-0.016030775933557923,2.12437105178833,0.041819628519533775,-2.4578499794006348,-0.04838437852405823,-1.1916438341140747,-0.023458285419720993,-1.5470307169490332,0.7490219523437396,-0.7855650232652716,1.0457877528487622,-0.7547978908865781,-1.7339504542499078,1.141350827605931,-1.7488277891534925,-0.47497836419751194,-4.685993912775889,-0.3990043823026468,-1.5758443826248612,0.8258293648720583,-0.37500750887640144
Qwen_2.5_7B_base,rejection_11,repeated_rejection,harm_to_model,1,assistant_next,24,]:,5669,49.34369659423828,-1.4435584545135498,-0.029255174503527364,-1.8751261234283447,-0.03800133052146113,-0.5961897373199463,-0.012082389007506212,-0.7342016696929932,-0.01487934063251199,3.8240342140197754,0.07749792735362872,1.6571285724639893,0.03358338930483549,-1.6464887857437134,-0.033367763248122136,3.5357513427734375,0.07165558291768308,-2.1996145248413086,-0.044577416704895824,0.3478066921234131,0.0070486549676950115,0.8017271242969394,0.7380832004366303,0.0013158141581754894,-0.26825226571761956,-0.6147792497607981,0.6867689938339359,0.12148384301761737,-0.14225486745831872,-0.12569772434481324,-0.43216456728366587,0.7699051623667849,0.845843145703533,0.7384149067340205,0.7921290262187768
Qwen_2.5_7B_base,rejection_11,repeated_rejection,harm_to_model,1,user_next,24,]:,5669,49.34086990356445,-0.8702713847160339,-0.017637941658040453,-0.04094386100769043,-0.0008298163588869475,0.14178916811943054,0.0028736657541010946,0.09821826219558716,0.0019906066185608885,3.4885900020599365,0.07070386089418979,1.263594627380371,0.025609492290063724,-0.6667416095733643,-0.013512968273086687,2.8482346534729004,0.05772566756605035,-2.3415427207946777,-0.04745645395736165,-0.4967867136001587,-0.010068462809251567,2.120939814392093,3.18845472284633,1.253241888547496,0.642276864153013,-1.2431641634937944,-0.26794035802534333,1.322242072232291,-0.924854499392255,-0.3176650557878444,-2.7659558473822003,2.6546972686192114,2.3069158748640586,3.339048160927398,2.822982017895728
Qwen_2.5_7B_base,rejection_11,repeated_rejection,harm_to_model,1,moderator_next,25,]:,5669,50.05868911743164,-2.0400686264038086,-0.04075353674599936,-1.7339153289794922,-0.0346376495179875,-0.8200851678848267,-0.01638247389900694,0.3813234567642212,0.0076175278155942595,3.857614755630493,0.07706184128355809,0.5126230716705322,0.010240441384071812,-1.0338315963745117,-0.020652390516045428,2.4703376293182373,0.049348827803363436,-2.390740394592285,-0.047758749514672606,-1.10370934009552,-0.022048306888467477,-0.5709251296714101,0.9267334324575535,-0.3785060552676348,0.951946919611197,-0.551873094308384,-2.0897897211448453,0.8723440442157815,-1.3550143436765443,-0.3842081840837497,-4.443012196402476,0.1779041513930717,-0.6002795003628562,0.9737483568558782,0.18673442824651104
Qwen_2.5_7B_base,rejection_12,repeated_rejection,harm_to_model,1,assistant_next,28,]:,5669,50.609710693359375,-1.9176859855651855,-0.03789166069698181,-2.3841845989227295,-0.047109231929191094,-0.6259475946426392,-0.01236813224314225,-0.5840573310852051,-0.011540420268828778,3.7593441009521484,0.07428108261139342,1.3580989837646484,0.026834750982736758,-1.852493405342102,-0.03660351699234614,3.334960460662842,0.06589566340082695,-2.1488699913024902,-0.042459637920523596,-0.10150539875030518,-0.002005650642133071,-0.2893057781331095,0.05800771549190697,-0.049166167407484265,-0.10401930017895956,-0.7359627123755753,-0.03867374974752145,-0.13099123244613137,-0.3708149488074884,-0.05706236529347379,-1.673709472344317,-0.11564903132060125,-0.2403479138076627,0.10119816131810278,-0.06957487624477997
Qwen_2.5_7B_base,rejection_12,repeated_rejection,harm_to_model,1,user_next,28,]:,5669,50.780860900878906,-1.4465174674987793,-0.02848548531546741,0.033452510833740234,0.000658762184025148,0.49153101444244385,0.009679454143203321,0.3908498287200928,0.007696794063476148,3.566392421722412,0.07023103504849572,1.1705904006958008,0.023051802981062505,-0.41081684827804565,-0.008089993769107906,2.7798280715942383,0.05474164916227573,-2.1470859050750732,-0.04228140025562095,-1.2763161659240723,-0.025133803233768768,0.7949180269250942,3.2878443825687267,1.8465527995906188,0.9623671880784889,-1.0974175235914894,-0.493567666895314,1.6358982589092952,-1.0027216503039875,-0.054649269926193636,-4.919961580892466,2.0413812047469104,0.9426451894915235,3.443193685999219,2.1929194377453713
Qwen_2.5_7B_base,rejection_12,repeated_rejection,harm_to_model,1,moderator_next,29,]:,5669,50.27443313598633,-2.648686408996582,-0.052684560397373396,-2.177273988723755,-0.043307777987958394,-1.2118384838104248,-0.024104468379236552,0.39505088329315186,0.007857888366927707,3.5943946838378906,0.07149547910595994,0.07368409633636475,0.00146563753661942,-1.1062684059143066,-0.022004592332686933,1.8067638874053955,0.03593802604433779,-2.4885711669921875,-0.04949973598431036,-1.5445994138717651,-0.03072335812705851,-1.9714386673263613,0.33442946337581675,-1.0430862855707386,0.9669624439324279,-1.0449611137433135,-3.15465121500662,0.7835669624660285,-2.110359740033905,-0.5165308151470664,-5.661285276310663,-0.8185046019752723,-2.1008169794548675,0.3671595502089556,-0.866828714622956
Qwen_2.5_7B_base,rejection_13,repeated_rejection,harm_to_model,1,assistant_next,26,]:,5669,50.07609939575195,-2.050294876098633,-0.040943581885145054,-2.8061864376068115,-0.056038438925314245,-0.4751325845718384,-0.009488210749340927,-0.2035536766052246,-0.004064886823483149,4.2497053146362305,0.08486494287525799,1.2453210353851318,0.024868571043110733,-1.8985273838043213,-0.03791284478449967,3.845395565032959,0.07679103627147067,-2.308380603790283,-0.04609745231047503,0.13440990447998047,0.0026841129021998606,-0.5944571419567363,-0.5057646582259092,0.2066802289126253,0.3121884912901978,0.18262696057955324,-0.31227190651783454,-0.1874095409714626,0.21021287353180848,-0.2728110853447426,-1.0218252949525255,-0.5501109000913227,-0.6241810416169907,-0.5235165744371193,-0.573848808027055
Qwen_2.5_7B_base,rejection_13,repeated_rejection,harm_to_model,1,user_next,26,]:,5669,49.8672981262207,-1.3166841268539429,-0.026403759103235187,-0.12726998329162598,-0.0025521732292270753,0.5784106254577637,0.011598996681025913,0.7871237397193909,0.01578436709618951,3.950624704360962,0.07922275424590701,1.1019164323806763,0.02209697484695442,-0.13169068098068237,-0.0026408224613925523,3.438234806060791,0.06894768586335208,-2.1121065616607666,-0.042354541774345715,-0.5265247821807861,-0.01055851834699531,1.0936824672893433,3.0731275407998493,1.9939375683979643,1.3958250205381266,-0.3776383139023251,-0.6601700161940669,1.9779896172958038,-0.25325785389699235,-0.007337379813252262,-2.8481284580965625,2.083405004044596,1.2044591204615591,3.2185467863262844,2.211502953393922
Qwen_2.5_7B_base,rejection_13,repeated_rejection,harm_to_model,1,moderator_next,27,]:,5669,50.67989730834961,-2.6021037101745605,-0.05134390258020233,-2.375896453857422,-0.04688045122510515,-0.7433657646179199,-0.014667862487863585,0.904829204082489,0.017853808948689733,4.145404815673828,0.081795840872607,0.22127357125282288,0.004366101413081743,-0.9127330780029297,-0.018009765735112395,2.2326393127441406,0.044053745791160254,-2.3042616844177246,-0.04546697619369669,-1.5447850227355957,-0.03048121848662644,-1.8642454465781657,0.06908024359215557,-0.248357319777363,1.5245752461657078,-0.012758315737703807,-2.7966006485966406,1.0207599274324726,-1.625586124634268,-0.26723997274750455,-5.661798153092533,-0.8975826014930051,-1.932205520783323,0.11720436177476096,-0.9075005795042811
Qwen_2.5_7B_base,rejection_14,repeated_rejection,harm_to_model,4,assistant_next,56,]:,5669,42.870487213134766,-0.5924106240272522,-0.013818611882856045,0.08125901222229004,0.001895453434394226,0.8617184162139893,0.02010050438498338,2.219224214553833,0.05176578011630112,3.530381679534912,0.08234993136381397,1.5016239881515503,0.03502698676331999,0.40798500180244446,0.009516686847390085,1.5916842222213745,0.03712773811755772,-0.9785177707672119,-0.02282497434429463,1.5261080265045166,0.03559810316400939,2.760335783517301,3.351711366776688,2.4745480678460257,2.962305049770369,-1.1648761540169343,0.3095164524590614,2.6394051671133374,-2.3551847303635727,1.5259169089474172,2.823732721129581,3.0560235751469946,2.7872642204996194,3.529716402744452,3.1584903116220358
Qwen_2.5_7B_base,rejection_14,repeated_rejection,harm_to_model,4,user_next,56,]:,5669,43.47913360595703,-0.694184422492981,-0.01596592123440729,0.14566922187805176,0.003350324852335461,0.9008216261863708,0.02071848152151197,1.7209326028823853,0.03958065536629281,3.5821714401245117,0.08238828934792118,1.1989319324493408,0.027574880937486675,0.33718422055244446,0.007755081405445651,1.8544492721557617,0.04265147711916885,-1.468430519104004,-0.03377322401159382,1.2269566059112549,0.028219435489007787,2.5261402233373076,3.4377600363808867,2.540883741936329,2.41725679922251,-1.067858816766696,-0.4248113988550256,2.552633168389063,-2.056079509262734,0.8632773093499229,1.9971136970187724,2.981950129859097,2.5172020485219178,3.631503673866243,3.0743528611940807
Qwen_2.5_7B_base,rejection_14,repeated_rejection,harm_to_model,4,moderator_next,57,]:,5669,48.487606048583984,-2.009270191192627,-0.04143884086954846,-2.0908377170562744,-0.043121075413813596,-1.1870009899139404,-0.024480503094431595,0.059352993965148926,0.0012240858809502361,3.185182571411133,0.0656906543956742,0.3693253695964813,0.007616902538484203,-1.4440491199493408,-0.029781819265369,2.6959915161132812,0.05560166268905772,-2.3815383911132812,-0.04911643583160218,0.07972443103790283,0.001644222875388402,-0.5000536785151602,0.449903799234751,-1.0009513329287232,0.5997647167279002,-1.8115348353866962,-2.437428490250195,0.3695897835442543,-1.0981527263535835,-0.3717618619140925,-1.1729328932386422,-0.02507493964020463,-0.6864686281367584,0.3802218355073396,-0.15312339631470936
Qwen_2.5_7B_base,rejection_15,repeated_rejection,harm_to_model,4,assistant_next,58,]:,5669,41.986454010009766,-1.4269967079162598,-0.03398707372563678,-0.7438377141952515,-0.01771613563788733,0.2138786017894745,0.005093990593692071,1.5578850507736206,0.03710446827451096,2.9870591163635254,0.07114340057513303,1.002259373664856,0.023871017386367342,-0.14431807398796082,-0.003437253213942638,0.9141961336135864,0.0217735971081444,-0.9232712984085083,-0.021989742172282424,0.9388545155525208,0.02236089085610072,0.8398379895725195,2.249425316436872,1.3755362265485995,2.2389098615028575,-2.1826778921745698,-0.9019370279687865,1.962513741033231,-3.1263688151070217,1.6006414398914024,1.201026323258913,1.5446316530046957,0.25072303383921746,2.157629420065055,1.2041762269521363
Qwen_2.5_7B_base,rejection_15,repeated_rejection,harm_to_model,4,user_next,58,]:,5669,41.483665466308594,-0.9801281094551086,-0.02362684440821967,-0.18700575828552246,-0.004507937188853314,0.5631750822067261,0.01357582739799391,1.4573585987091064,0.035130902304009656,3.3422648906707764,0.08056821529874772,0.9886783361434937,0.02383295509280537,0.2994956076145172,0.0072196032883775855,1.2858858108520508,0.030997400938362035,-1.1007615327835083,-0.026534818473972693,0.8772341012954712,0.02114649444388964,1.8681443250061824,2.9933236712972953,1.9680916076084698,2.1289506216758904,-1.5172738044383727,-0.9348844869912638,2.5064427702602354,-2.7032747882603365,1.3605740845551768,1.030756007986964,2.430733998151739,1.553705312395163,3.0817155351560555,2.317710423775609
Qwen_2.5_7B_base,rejection_15,repeated_rejection,harm_to_model,4,moderator_next,59,]:,5669,47.209014892578125,-2.4425768852233887,-0.05173962834813132,-2.3964755535125732,-0.050763091730798446,-1.7056602239608765,-0.03612996856303877,-0.4987983703613281,-0.010565744095620723,2.8923940658569336,0.06126783353642178,0.09823042154312134,0.002080755588029956,-1.6777862310409546,-0.03553953063538135,2.4389548301696777,0.05166290454734978,-2.3365557193756104,-0.049493846137063695,-0.2905367612838745,-0.006154264433286251,-1.497152199628597,0.041587643328284254,-1.8808179714467435,-0.010760159752734132,-2.360013161275103,-3.0951020794836595,0.08312633007131387,-1.3907373558520106,-0.3109198044451477,-2.196043346320095,-0.7277822781501564,-1.9819750429610394,-0.15443708842342793,-1.0682060656922336
Qwen_2.5_7B_base,rejection_16,repeated_rejection,harm_to_model,1,assistant_next,30,]:,5669,49.23676300048828,-1.528933048248291,-0.031052671927947997,-1.7621915340423584,-0.03579015813904912,-0.25253427028656006,-0.005128977920097137,-0.33944010734558105,-0.006894037842053403,4.487540245056152,0.09114206482281642,1.7740439176559448,0.03603088037364178,-1.0832700729370117,-0.02200124473914479,3.491586208343506,0.07091421116186862,-1.8139698505401611,-0.036841777159927674,0.5162566900253296,0.010485187460845261,0.6052683981191999,0.8889579021477014,0.5843016374851788,0.16355130853734198,0.6281612011659102,0.9704044332288747,0.8117532520031413,-0.19252800044123075,0.39591236527494983,0.03329861721670697,0.7471131501334507,0.6197760174564195,0.8931153153131378,0.7564456663847787
Qwen_2.5_7B_base,rejection_16,repeated_rejection,harm_to_model,1,user_next,30,]:,5669,48.83524703979492,-1.323209285736084,-0.027095374057549575,0.3748197555541992,0.0076751890954655285,0.7193636298179626,0.014730418569025908,0.6585730314254761,0.013485608681140024,4.5802001953125,0.0937888200213297,1.728496789932251,0.03539445164521706,0.6662695407867432,0.013643210205198975,2.928950309753418,0.059976154259374824,-1.7690777778625488,-0.036225429072181424,-0.45719361305236816,-0.009361959665726881,1.0786671759009503,3.743893158246308,2.233053808877741,1.2552118995841959,0.8017403322773151,0.8599075642004609,2.955953449371812,-0.8329759401085454,0.4566318814850991,-2.656551686534726,2.4112801670736292,1.1174762939771163,3.934084454443653,2.5257803742103846
Qwen_2.5_7B_base,rejection_16,repeated_rejection,harm_to_model,1,moderator_next,31,]:,5669,50.60784149169922,-2.2854514122009277,-0.045160025498732076,-1.3483333587646484,-0.026642775487387745,-0.6476793885231018,-0.012798004606249315,0.8546820878982544,0.01688833316549256,4.313571929931641,0.0852352481905232,0.7682318687438965,0.015180095536576147,-0.09921926259994507,-0.0019605511651039132,1.8895857334136963,0.03733780532259273,-2.106478452682495,-0.04162355853544956,-1.372711181640625,-0.02712447599381964,-1.1355847949745101,1.4418507677010843,-0.08603253201719792,1.4697226311386276,0.30226777151603673,-1.4696853768256035,2.017785927796385,-2.016083706868619,0.00027501217392070053,-5.186321518822033,0.1531329863632871,-1.154473483869994,1.533094289769172,0.189310402949589
Qwen_2.5_7B_base,rejection_17,repeated_rejection,harm_to_model,1,assistant_next,20,]:,5669,50.66367721557617,-1.432801365852356,-0.028280642949695955,-2.269789218902588,-0.044801114795606625,-0.8420503735542297,-0.01662039590950472,-1.0701004266738892,-0.021121649384440944,3.5545706748962402,0.07016013977373545,1.5520379543304443,0.030634135531190418,-1.8042765855789185,-0.03561282332314021,3.4655227661132812,0.06840251155413235,-2.1816935539245605,-0.043062281970599144,0.28828978538513184,0.005690265713608709,0.8264806703263968,0.21083395704908517,-0.415768385537736,-0.6356697087677216,-1.1195631057618765,0.43182022212518445,-0.07189767798087524,-0.22219599339869167,-0.10145841840107678,-0.5966224437280615,0.518657313687741,0.9684077439987845,0.26268112232744734,0.6155444331631159
Qwen_2.5_7B_base,rejection_17,repeated_rejection,harm_to_model,1,user_next,20,]:,5669,49.91704559326172,-1.2276859283447266,-0.024594523048264125,0.2059037685394287,0.004124918974916728,-0.05495569109916687,-0.0011009403791033922,0.06404334306716919,0.0012829954638944893,3.0782310962677,0.06166693280187298,1.2296041250228882,0.02463295073674937,-0.2625829577445984,-0.005260386599884115,2.016125440597534,0.04038951858300063,-2.174351215362549,-0.043559293013448366,-1.555024266242981,-0.03115216951968193,1.2984796082931234,3.518230238731173,0.9194789348338388,0.6048951795184327,-2.0118861638206145,-0.35040097134851833,1.817570702817004,-1.872043671465478,-0.0915274168066949,-5.6900913614581246,2.408354923512148,1.4320025893487403,3.6856966568283362,2.5588496230885385
Qwen_2.5_7B_base,rejection_17,repeated_rejection,harm_to_model,1,moderator_next,21,]:,5669,48.8084831237793,-2.2032179832458496,-0.045140062592366255,-1.9363504648208618,-0.039672416368897144,-1.182114839553833,-0.024219454568091492,0.14611685276031494,0.0029936773980408214,3.326805591583252,0.06816039710036483,0.4827880859375,0.009891479001982907,-0.7859710454940796,-0.016103164761355954,1.8212494850158691,0.037314199672977826,-2.112847089767456,-0.04328852188274799,-1.6045660972595215,-0.032874738048922963,-0.94635432259373,0.6562906841201102,-0.9926623439154624,0.6946699656612658,-1.5462335836717962,-2.1621690933635795,1.176116898484885,-2.093870797242083,-0.008338993365406767,-5.826985981334377,-0.1450318192368099,-1.1519627949241993,0.6215006103067411,-0.2652310923087291
Qwen_2.5_7B_base,rejection_18,repeated_rejection,harm_to_model,4,assistant_next,63,]:,5669,43.2607421875,-0.9219741821289062,-0.02131202877040114,-0.272383451461792,-0.00629631942700456,0.9501150846481323,0.02196252390978775,2.123826503753662,0.04909362152291812,3.64892840385437,0.08434733708541671,1.243978500366211,0.02875536658558884,0.30535727739334106,0.007058530712900545,1.2539942264556885,0.02898688656381916,-0.28125235438346863,-0.00650132984691916,0.6990864276885986,0.01615983435186178,2.001964539954854,2.8792635409086915,2.6245064112162373,2.8579558009369608,-0.9428035396182974,-0.31552888283150426,2.513626713623434,-2.7395769502278884,2.469014792997734,0.5384960821858933,2.4406140404317727,1.8448343657966255,2.9565948231128623,2.400714594454744
Qwen_2.5_7B_base,rejection_18,repeated_rejection,harm_to_model,4,user_next,63,]:,5669,42.58861541748047,-0.5708496570587158,-0.013403808775253373,0.1840052604675293,0.0043205269451423505,1.5758624076843262,0.037001963840259396,2.264439105987549,0.05317005692225701,3.8838369846343994,0.09119425336002544,1.2977797985076904,0.030472458092051933,0.8048920035362244,0.01889922918710001,1.7440824508666992,0.040951846726410404,-0.18571966886520386,-0.004360782031645371,0.41337698698043823,0.009706279082526076,2.809950545011332,3.488974977865318,3.6860399915316733,3.0117626302261034,-0.5027512060091777,-0.185007480244681,3.1258463227058026,-2.1817099631305705,2.5982291085982294,-0.25097989151685124,3.1494627614383246,2.839433055931437,3.6993819909777375,3.2694075234545874
Qwen_2.5_7B_base,rejection_18,repeated_rejection,harm_to_model,4,moderator_next,64,]:,5669,49.11174011230469,-1.8323743343353271,-0.03731031175326316,-1.8302818536758423,-0.03726770522670352,-1.113560438156128,-0.0226740171618788,0.13108980655670166,0.002669215268221738,3.384509563446045,0.06891447046483441,0.38610371947288513,0.00786173975082078,-1.272815227508545,-0.02591672020983121,2.471961498260498,0.050333413000798174,-1.8904931545257568,-0.03849371148737008,-0.15027427673339844,-0.0030598442732789263,-0.09299189134834138,0.7979927981882574,-0.8763649240415972,0.6782328732994106,-1.4381372025501757,-2.3967243839440258,0.5794505623958347,-1.3531658951133319,0.2924095034183452,-1.808468258531648,0.352500453419958,-0.1672329905646826,0.7897415847197401,0.3112542970775287
Qwen_2.5_7B_base,rejection_19,repeated_rejection,harm_to_model,1,assistant_next,30,]:,5669,48.024452209472656,-0.778883695602417,-0.01621848162275935,-1.7973709106445312,-0.03742616163126179,-0.35093027353286743,-0.007307324860306218,-0.34486711025238037,-0.007181073273842706,3.670151710510254,0.07642256270830153,1.458079218864441,0.03036118376748168,-1.8528069257736206,-0.03858049057367823,3.2871737480163574,0.06844791760827151,-1.8852490186691284,-0.03925602337838368,0.07461786270141602,0.0015537472947312015,2.3312355031466563,0.8419600958946167,0.4173801697144882,0.15761506885201595,-0.9030460918919877,0.20387728465074262,-0.13137547671580546,-0.42521052103209744,0.2995025462021232,-1.1870434280523854,1.5865977995206366,2.485438107762932,0.7786554881665612,1.6320467979647466
Qwen_2.5_7B_base,rejection_19,repeated_rejection,harm_to_model,1,user_next,30,]:,5669,47.81388473510742,-0.5702986717224121,-0.0119274699155258,-0.4529390335083008,-0.009472960333961937,0.7478257417678833,0.015640346855539874,0.9610754251480103,0.02010034178298713,3.5298068523406982,0.07382388759867763,1.3632395267486572,0.028511373512131642,-0.7359830141067505,-0.015392662992855584,2.5304129123687744,0.05292213603616304,-1.2967228889465332,-0.027120216149147412,-0.9577058553695679,-0.020029869161966897,2.811218438333895,2.6380507315148307,2.2813376552311526,1.5860992687934545,-1.1659529731241625,-0.026202844704183954,1.2373812139230758,-1.286630702762301,1.0955233076050295,-4.039573503644142,2.724634584924363,3.0251088081210704,2.7343472723907514,2.8797280402559107
Qwen_2.5_7B_base,rejection_19,repeated_rejection,harm_to_model,1,moderator_next,31,]:,5669,49.36109924316406,-1.4575083255767822,-0.029527468956814816,-1.621429681777954,-0.03284833009472542,-0.6355699896812439,-0.012875928604229026,0.777018666267395,0.015741518689436462,3.6278467178344727,0.07349606822900905,0.8153359889984131,0.016517784277491097,-1.0818032026290894,-0.021916108417680883,2.2040443420410156,0.04465144366383312,-1.8332890272140503,-0.037140360634653806,-1.1676901578903198,-0.02365608091785013,0.7696265451956049,1.0770083709027163,-0.06548984164547818,1.3847717487638076,-0.9822956905591681,-1.355411259738866,0.8135510184435747,-1.6581357541860895,0.36978189298330283,-4.619804808860958,0.9233174580491605,0.8115972968605768,1.0989346372467557,0.9552659670536663
Qwen_2.5_7B_base,rejection_20,repeated_rejection,harm_to_model,3,assistant_next,49,]:,5669,42.17665100097656,-0.8802758455276489,-0.020871165079163513,-0.5972559452056885,-0.014160819577444864,0.3941821753978729,0.009345980916994713,1.2375257015228271,0.02934148805447292,3.159245491027832,0.07490508174664419,1.2949087619781494,0.030702028995810194,-0.5802667140960693,-0.013758008289530475,2.166875123977661,0.051376177874518515,-0.8818147778511047,-0.02090765285822924,-0.08339273929595947,-0.0019772252494402315,2.097918168945068,2.4452508893886225,1.681407767648457,1.888489949214776,-1.8601225570943452,-0.19197258569117562,1.4282239468325468,-1.700445441831996,1.656714143196478,-1.623660340528361,2.2715845291668453,1.9002807810584643,2.406370247127295,2.1533255140928795
Qwen_2.5_7B_base,rejection_20,repeated_rejection,harm_to_model,3,user_next,49,]:,5669,41.03427505493164,-0.6696681976318359,-0.016319727757718797,-0.6307992935180664,-0.015372497568767327,0.5799440145492554,0.014133160967822574,1.2887003421783447,0.03140546142104841,3.3434011936187744,0.08147825663163392,0.6572950482368469,0.016018195699983518,-0.33694222569465637,-0.008211238659476731,2.4762282371520996,0.060345363329490524,-0.8123193979263306,-0.019796119142811645,-0.609644889831543,-0.014856967474517958,2.5825554412166714,2.400438731319639,1.9965388484232784,1.9444665053284607,-1.5151451773686715,-1.7388169760860184,1.7264374951068073,-1.3483090700528044,1.7507112699982708,-3.077807000601875,2.491497086268155,2.4727046135918465,2.3215975347802655,2.397151074186056
Qwen_2.5_7B_base,rejection_20,repeated_rejection,harm_to_model,3,moderator_next,50,]:,5669,47.73649597167969,-2.012777805328369,-0.042164339136296816,-2.1556129455566406,-0.04515649717640538,-1.402246117591858,-0.029374718211905605,0.11049246788024902,0.002314632979048151,3.151196241378784,0.06601230729729876,0.16142088174819946,0.003381498337120608,-1.4824459552764893,-0.031054771094970398,2.5886993408203125,0.054228935076342695,-1.9948118925094604,-0.041787983217136615,-1.3134845495224,-0.02751531135217051,-0.5081251828689259,0.3633674835550846,-1.3660986098211516,0.6557028062692143,-1.8752011509886344,-2.941802665138955,0.32253140244731526,-1.2202833134366324,0.15131146707878743,-5.02266573291319,-0.07237884965692068,-0.7777128811097068,0.23781747987754687,-0.26994770061608
Qwen_2.5_7B_base,moral_01,moral_failure,harm_to_model,1,assistant_next,33,]:,5669,49.19031524658203,-2.0863537788391113,-0.042413913559622506,-2.9462454319000244,-0.05989482720594565,-0.3108135461807251,-0.00631859228026236,-0.31340646743774414,-0.0063713043079048175,4.866497039794922,0.09893201569048835,1.917016625404358,0.038971423862496204,-1.580475091934204,-0.03212980205578216,3.8003287315368652,0.07725766164511275,-1.6632707118988037,-0.03381297118266335,0.8080786466598511,0.016427596420333982,-0.6774336551073775,-0.6928761455109838,0.48543520031378756,0.1920277860753894,1.3380578822836775,1.317254769402672,0.2023888846554653,0.158913337309127,0.5997429804773692,0.8396647729546565,-0.6851549003091806,-0.8091012838960716,-0.7933213383708229,-0.8012113111334472
Qwen_2.5_7B_base,moral_01,moral_failure,harm_to_model,1,user_next,33,]:,5669,49.33159255981445,-1.3511173725128174,-0.027388480736246057,-1.0702636241912842,-0.02169529846200671,0.40584444999694824,0.0082268669819419,0.5366677045822144,0.01087878328540693,4.930057525634766,0.09993712486895859,1.7492183446884155,0.035458379791154966,0.10677814483642578,0.0021644982311681406,3.044025182723999,0.06170539049663002,-1.2639667987823486,-0.02562185271537284,0.24586302042007446,0.004983885734521262,1.0144468155060316,1.813337382092042,1.701191945149544,1.1218677220542814,1.4571252234011312,0.9101778454758689,2.2702521641809263,-0.7019863152265027,1.1398280997225294,-0.713856622265619,1.4138920987990367,1.080612939280338,1.8792349721285215,1.4799239557044297
Qwen_2.5_7B_base,moral_01,moral_failure,harm_to_model,1,moderator_next,34,]:,5669,50.43096923828125,-3.091402053833008,-0.0612996755867698,-3.1637330055236816,-0.06273393221088736,-0.6653050184249878,-0.013192390082401324,0.485382080078125,0.009624682757627432,4.973452091217041,0.09861900666072827,0.9935557842254639,0.019701302577212285,-0.7389580011367798,-0.014652861372647383,2.7186169624328613,0.05390768814272972,-1.603580355644226,-0.03179753195040671,-0.8014891147613525,-0.01589279617003586,-2.990188483152754,-0.9834281630526137,-0.11593309623260667,1.0657697680460985,1.5384159101313695,-0.9230518475068208,1.233735130275172,-1.0723982010633557,0.6804781601652719,-3.6079134118576923,-1.9868083231026838,-3.1843202568031947,-0.9919538410906675,-2.088137048946931
Qwen_2.5_7B_base,moral_02,moral_failure,harm_to_model,1,assistant_next,29,]:,5669,48.937950134277344,-1.809248447418213,-0.03697025401460309,-2.096454620361328,-0.04283903626140891,-0.1748979091644287,-0.003573870762558277,0.21049320697784424,0.004301226479660202,4.952217102050781,0.10119379925932219,1.657074213027954,0.03386071971713622,-1.2746472358703613,-0.02604619180764515,3.4507625102996826,0.07051301701095739,-1.690242052078247,-0.034538472646290105,0.507992148399353,0.010380331562836402,-0.03977603301485763,0.4423999103438683,0.7160059234655941,0.7650870034380312,1.498636577653399,0.6866371183944905,0.5772052901766895,-0.2389975793772446,0.5632624477339595,0.01046193029728746,0.2013119386645053,-0.12446470874538172,0.39995416052160104,0.13774472588810965
Qwen_2.5_7B_base,moral_02,moral_failure,harm_to_model,1,user_next,29,]:,5669,49.635955810546875,-1.5612366199493408,-0.03145374344977562,-0.22334599494934082,-0.004499681557494723,0.6726065278053284,0.013550792300093269,1.3988606929779053,0.02818240668754623,5.082971572875977,0.10240503058462155,1.5552613735198975,0.03133336203811811,0.18779945373535156,0.0037835365647466202,2.963695526123047,0.05970864220757702,-1.49512779712677,-0.030121869775882878,-0.053096771240234375,-0.0010697239606485452,0.5309334201151168,2.9447750167480304,2.153733878807861,2.064963630057561,1.7435778642823991,0.43964020432387296,2.3695502338956116,-0.7934254914205279,0.8271674639143695,-1.5399461348627108,1.7378542184315737,0.5693341720721379,3.0822931244722076,1.8258136482721727
Qwen_2.5_7B_base,moral_02,moral_failure,harm_to_model,1,moderator_next,30,]:,5669,50.26441192626953,-2.7254433631896973,-0.054222127719061354,-1.9666963815689087,-0.03912701464514818,-0.5899154543876648,-0.011736245024670409,1.3716121912002563,0.027287938695318047,5.026192665100098,0.09999505559664719,0.7399153709411621,0.014720462104013246,-0.44712620973587036,-0.008895482760083584,2.2851221561431885,0.04546202906929708,-1.6510164737701416,-0.032846628668250194,-1.2992106676101685,-0.025847525472215187,-2.1480670152505077,0.6157501273039654,0.01195966636468595,2.0351582954380603,1.6372143981902456,-1.538380912755621,1.5913982433660685,-1.5658449509782102,0.6163176531604462,-4.983223960204364,-0.7661584439732712,-2.2941932948688595,0.6596585893837419,-0.8172673527425588
Qwen_2.5_7B_base,moral_03,moral_failure,harm_to_model,1,assistant_next,29,]:,5669,50.34862518310547,-1.8236589431762695,-0.036220630385518454,-2.4214348793029785,-0.04809336641262438,-0.14544975757598877,-0.002888852616074899,-0.5092880725860596,-0.01011523295291391,5.049069404602051,0.10028217029243275,1.8348073959350586,0.03644205555290376,-1.9181323051452637,-0.03809701452958233,3.989405632019043,0.07923564183749932,-1.9772071838378906,-0.039270331149009095,0.5315203666687012,0.010556800006667378,-0.07293657312839129,0.008243290158801575,0.7659625123930073,-0.022234151512658965,1.6800692082179356,1.11781601408308,-0.21143693416616355,0.3741394038575688,0.17512300728622868,0.07547540336154589,-0.03234664148479486,-0.030186264286433458,0.03234509138338641,0.0010794135484764773
Qwen_2.5_7B_base,moral_03,moral_failure,harm_to_model,1,user_next,29,]:,5669,50.85719680786133,-1.5944175720214844,-0.03135087405712115,-0.8180108070373535,-0.016084465097984092,0.42307016253471375,0.008318786505930997,0.49491751194000244,0.009731513787710372,4.6602301597595215,0.09163364188879478,1.1515339612960815,0.022642497691065848,-1.0636649131774902,-0.02091473734181654,3.148607015609741,0.06191074642798717,-2.073939800262451,-0.04077967191345216,-0.8646190166473389,-0.017000917685531757,0.45457946875446376,2.1503339457737014,1.7304140794368705,1.076199946545594,0.9516598137054736,-0.5397983952361332,0.8357809373988078,-0.5829409084791755,0.044285705270311636,-3.7823547626148297,1.3024567072640827,0.5822718196403486,2.2717861005651043,1.4270289601027264
Qwen_2.5_7B_base,moral_03,moral_failure,harm_to_model,1,moderator_next,30,]:,5669,49.72966766357422,-2.808788537979126,-0.056481144353926496,-2.6474356651306152,-0.05323654449172597,-0.6727880239486694,-0.013528906497025928,0.49880027770996094,0.010030235494119742,4.949300289154053,0.09952409741879888,0.4374908208847046,0.008797380747532243,-1.188053846359253,-0.02389024303151484,2.297773599624634,0.04620528765985898,-2.0219430923461914,-0.04065868901487182,-1.5777287483215332,-0.031726106818067104,-2.3398557682730505,-0.2936819334028951,-0.12862745600474507,1.0804470473207892,1.4931725357795584,-2.272059798091385,0.6833323886568146,-1.5514438241894408,0.11461471350900314,-5.752828676164819,-1.316768850837973,-2.5783046356520187,-0.3274874375324532,-1.4528960365922359
Qwen_2.5_7B_base,moral_04,moral_failure,harm_to_model,1,assistant_next,33,]:,5669,49.456459045410156,-1.816206693649292,-0.036723346731752045,-2.2402424812316895,-0.04529726803074869,0.06901460886001587,0.0013954619920655404,0.1727149486541748,0.0034922627294362222,5.330626487731934,0.10778423264871095,1.8506691455841064,0.03742017081904005,-1.0706934928894043,-0.021649214552669653,3.5363993644714355,0.07150530856291933,-1.5878678560256958,-0.03210637976664969,0.5987215042114258,0.012106032574262725,-0.05578791818102486,0.2503068524380795,1.1297852861737359,0.7237638642846513,2.2075078018362033,1.1562964575517594,0.8271668529349352,-0.14151722493962665,0.7017303616873705,0.2611664444555172,0.09725946712852732,-0.09341174609903759,0.22796871871529586,0.06727848630812913
Qwen_2.5_7B_base,moral_04,moral_failure,harm_to_model,1,user_next,33,]:,5669,47.2425537109375,-1.7525012493133545,-0.03709581958749235,-0.521183967590332,-0.011032087104759296,0.8694164156913757,0.018403247652763747,1.295741319656372,0.027427419093061955,5.1215949058532715,0.10841062778254365,1.5939931869506836,0.033740622844053526,0.1730794906616211,0.003663635368245347,2.6210744380950928,0.05548121835522763,-1.3392398357391357,-0.02834816771196426,-0.6452651023864746,-0.013658556781977773,0.09080710379601419,2.546879070742885,2.487607148797178,1.952168165092856,1.815930639783334,0.5336031901318274,2.3515097462836883,-1.1834307691924404,1.0380163072373023,-3.1762332266327746,1.3188430872694497,-0.1402568028447252,2.625265976700053,1.2425045869276639
Qwen_2.5_7B_base,moral_04,moral_failure,harm_to_model,1,moderator_next,34,]:,5669,50.203704833984375,-2.5790700912475586,-0.051372106894822425,-2.095335006713867,-0.04173666094251022,-0.06292599439620972,-0.0012534133607130374,1.4716218709945679,0.02931301336945124,5.303471088409424,0.10563903811376381,1.2773836851119995,0.025444012336063707,-0.29241132736206055,-0.005824496983420209,2.4000301361083984,0.04780583711988815,-1.2652065753936768,-0.025201458330167317,-1.3134102821350098,-0.026161620670790087,-1.8112419096275605,0.4438956555890648,0.9059579107980389,2.1445522722439208,2.1566378131696426,-0.2344882440865675,1.7810136591700652,-1.4350453002547712,1.1381512193390126,-5.022460516320315,-0.6836731270192479,-1.9357527127423872,0.47707972232657214,-0.7293364952079076
Qwen_2.5_7B_base,moral_05,moral_failure,harm_to_model,1,assistant_next,34,]:,5669,52.37098693847656,-1.9464530944824219,-0.03716663000391879,-2.711731433868408,-0.05177926925559083,-0.23874783515930176,-0.004558780521737611,-0.5408594608306885,-0.010327463590977758,5.526036739349365,0.10551713959183436,1.908325433731079,0.036438599791386535,-1.4214129447937012,-0.02714122891102898,4.478275299072266,0.08551061495810977,-1.9578641653060913,-0.037384519172917546,1.1686561107635498,0.022314952974562853,-0.35550286706164835,-0.37957771592922035,0.6076892946139628,-0.05676800584020963,2.573568236707753,1.296170026719248,0.3973322198147245,0.9306193082054255,0.20128572727755867,1.8360170246091931,-0.3675402914954343,-0.1491624665046701,-0.22553198790965256,-0.18734722720716135
Qwen_2.5_7B_base,moral_05,moral_failure,harm_to_model,1,user_next,34,]:,5669,48.90626907348633,-2.1314921379089355,-0.04358320882556315,-1.620091199874878,-0.033126452509401945,0.250273734331131,0.0051174162141681846,0.5188977122306824,0.010610044930047498,5.5919413566589355,0.1143399703677357,1.717630386352539,0.03512086321227317,-0.029129505157470703,-0.0005956190424933223,3.453439712524414,0.07061343623115662,-1.6089470386505127,-0.03289858476492894,-0.6441318988800049,-0.013170742955512214,-0.7813032506941325,1.078796512684346,1.4372778496138647,1.1024303022451005,2.697026820240083,0.8335457795355478,2.1036865101912032,-0.23595012248158856,0.6732193642051232,-3.173101944238129,0.1487466309951067,-0.9561608675443475,1.0794763392290607,0.06165773584235662
Qwen_2.5_7B_base,moral_05,moral_failure,harm_to_model,1,moderator_next,35,]:,5669,50.88340377807617,-2.7973365783691406,-0.054975421663407124,-2.837578535079956,-0.05576628771643941,-0.5428147315979004,-0.010667814872710613,0.3343280553817749,0.006570473485616637,5.578975677490234,0.10964234432551885,1.3710341453552246,0.026944623267242077,-0.583549976348877,-0.011468375403775714,3.0514073371887207,0.059968616692727274,-1.7054914236068726,-0.03351763634062758,-0.8872706890106201,-0.017437329721108657,-2.3135032282632335,-0.547702857745615,0.09186252340906434,0.9005417570370655,2.6727383189172778,-0.007293179170032807,1.4242000473362106,-0.6935832154081575,0.5426366577782035,-3.8449461528421613,-1.4306030430044243,-2.388933346459798,-0.50447604031001,-1.446704693384904
Qwen_2.5_7B_base,moral_06,moral_failure,harm_to_model,1,assistant_next,35,]:,5669,49.334320068359375,-1.7755415439605713,-0.035989987122561296,-2.2103984355926514,-0.044804477542810875,-0.13865086436271667,-0.0028104342812589117,0.6331931352615356,0.012834739272461055,5.10197639465332,0.10341637196142243,1.6804189682006836,0.03406186536821093,-1.107435703277588,-0.022447572029838173,3.2837069034576416,0.06656029512330608,-1.519556999206543,-0.03080121499801743,0.506041407585144,0.010257390937666826,0.03778820509160888,0.2901769357147996,0.7774963267445384,1.2274505091067598,1.7791794423310818,0.7432712572247113,0.7821363465387856,-0.4291568270896034,0.7941253421496615,0.005071618377869896,0.16398257040320424,-0.0011787901182439232,0.26244585420878613,0.13063353204527112
Qwen_2.5_7B_base,moral_06,moral_failure,harm_to_model,1,user_next,35,]:,5669,48.80251693725586,-1.7608118057250977,-0.03608034823263169,-0.4793410301208496,-0.009822055504578299,0.5641829967498779,0.011560530729905457,1.8021795749664307,0.036928004702778884,5.205305099487305,0.10666058691562223,1.6260502338409424,0.033318983033836416,0.4714181423187256,0.009659709619584083,2.512535572052002,0.05148372931835266,-1.1237456798553467,-0.023026387784468527,-0.16922342777252197,-0.003467514349517837,0.07168336621722059,2.6027790456199043,1.9698014593237796,2.5061274905194737,1.9727442646122286,0.6113732601384148,2.717147535075633,-1.3069804632402577,1.3294864958682566,-1.8608287945726438,1.3372312059185625,-0.012543299675424299,2.709923502468102,1.3486901013963388
Qwen_2.5_7B_base,moral_06,moral_failure,harm_to_model,1,moderator_next,36,]:,5669,50.07759475708008,-2.4968652725219727,-0.04985992807030654,-2.0496010780334473,-0.040928504812896796,-0.4960886836051941,-0.009906399978107095,1.6067709922790527,0.03208562631798293,5.018671989440918,0.10021791209793213,0.9446989297866821,0.01886470255549002,-0.24381542205810547,-0.004868752647582666,1.9927339553833008,0.03979292466121416,-1.356637954711914,-0.027090717141923227,-1.1160645484924316,-0.0222867043416585,-1.6220772733344944,0.5049937911137862,0.17112977265436302,2.2923829609285997,1.6231259776517113,-1.041578079914095,1.8405718131705167,-1.898670178143696,1.0144841933476143,-4.47715226596152,-0.5585417411103542,-1.7455694503855095,0.5336208063421642,-0.6059743220216727
Qwen_2.5_7B_base,moral_07,moral_failure,harm_to_model,1,assistant_next,35,]:,5669,49.334632873535156,-1.96281099319458,-0.039785661286384104,-1.9699820280075073,-0.03993101627121412,0.27510136365890503,0.005576232103806313,0.19837892055511475,0.0040210884119405745,5.8231282234191895,0.11803327367097773,2.3907694816589355,0.048460267005279146,-0.4002925157546997,-0.008113823746916556,3.9907588958740234,0.08089163055300261,-1.290475606918335,-0.026157600285105026,0.690767765045166,0.014001680458753718,-0.3931446502122645,0.6113606755952657,1.479396067752102,0.7518359864297456,3.1301072972486916,2.466574384614483,1.648796666980034,0.37567982289218843,1.1039731723529702,0.5155098473801736,0.10910801269150061,-0.47855202377044836,0.603408167191421,0.06242807171048631
Qwen_2.5_7B_base,moral_07,moral_failure,harm_to_model,1,user_next,35,]:,5669,48.74642562866211,-1.6648982763290405,-0.03415426372000714,0.09594058990478516,0.0019681564067001796,1.2378782033920288,0.025394235319362093,1.247183918952942,0.02558513578931248,6.0057525634765625,0.12320395774711485,2.473137617111206,0.050734747937232164,1.5033241510391235,0.030839679661665148,3.1091341972351074,0.06378178824678761,-0.8462056517601013,-0.017359337445708965,-0.19723057746887207,-0.004046052093569373,0.29239363825559644,3.3713251862941407,3.1126750417119617,1.8990544347296674,3.4722159879964614,2.666398644234033,3.981830569519663,-0.6278727822971212,1.7048778562965463,-1.9382185081304466,1.8318594122748686,0.22969593172187158,3.5348029258984623,1.882249428810167
Qwen_2.5_7B_base,moral_07,moral_failure,harm_to_model,1,moderator_next,36,]:,5669,50.13086700439453,-2.4060416221618652,-0.047995212649143866,-1.7818512916564941,-0.0355439951098451,-0.1148999035358429,-0.002291999129513771,0.949775218963623,0.01894591647258693,5.7855634689331055,0.11540920424188826,1.7950878143310547,0.03580803448250147,0.2542042136192322,0.005070812232251007,2.7956247329711914,0.05576653467266233,-1.0724589824676514,-0.02139318640496759,-0.7141721248626709,-0.01424615546346058,-1.4130795156175138,0.8626934947427479,0.8177880572151531,1.5737387203367579,3.059737548224776,1.0214567127241516,2.4509345581671726,-0.9847403248005066,1.3988551676103878,-3.366637990750876,-0.2751930104373829,-1.5110484688624193,0.9103376366019895,-0.3003554161302149
Qwen_2.5_7B_base,moral_08,moral_failure,harm_to_model,1,assistant_next,35,]:,5669,50.472591400146484,-2.0317931175231934,-0.04025537546537182,-2.577071189880371,-0.05105882456974246,-0.3677852153778076,-0.007286830439554966,-0.3686560392379761,-0.007304083840579387,5.31708288192749,0.10534594587731151,1.8617215156555176,0.036885792149957145,-1.3628973960876465,-0.02700272282995343,3.9066550731658936,0.07740151565022586,-1.7911276817321777,-0.03548713533513913,0.7721244096755981,0.015297895120030576,-0.5518820413000665,-0.19967867654283206,0.3887870202051088,0.13159393218765747,2.1821366752475657,1.1831093950358278,0.4690476871870852,0.27994451679717164,0.42680791891025777,0.7403155663567677,-0.37578035892144923,-0.5376268987038184,-0.17512746579011496,-0.3563771822469667
Qwen_2.5_7B_base,moral_08,moral_failure,harm_to_model,1,user_next,35,]:,5669,49.208675384521484,-1.752302885055542,-0.03560963328849787,-0.9140994548797607,-0.01857598172958115,0.3376027047634125,0.006860633864361342,0.6533687114715576,0.013277510649617562,5.244651794433594,0.10657982059974919,1.6414470672607422,0.033356863488689985,0.18046140670776367,0.0036672681249316362,2.945265293121338,0.05985256197421983,-1.6951394081115723,-0.03444797883433326,-0.022487998008728027,-0.0004569925492406486,0.09126356733749957,2.021964540440367,1.5854249230978348,1.24951923805883,2.046452108205793,0.6487258215592066,2.3605568725784787,-0.8144046091467728,0.556638447742071,-1.4553675819423215,1.0566140538889335,0.04665743919497015,2.0974719476046357,1.072064693399803
Qwen_2.5_7B_base,moral_08,moral_failure,harm_to_model,1,moderator_next,36,]:,5669,50.32490158081055,-2.830259084701538,-0.056239734123608255,-2.654543399810791,-0.05274810911548804,-0.7572874426841736,-0.01504796669036976,0.6851174831390381,0.013613886199834738,5.286534309387207,0.1050480804398239,1.03268563747406,0.02052037073169031,-0.5330260396003723,-0.010591695619005864,2.5039541721343994,0.04975576888339481,-1.6633942127227783,-0.03305310413874807,-0.9397076368331909,-0.018672816186718823,-2.389262460298201,-0.30317749499782687,-0.27197440644736753,1.2842471203853212,2.1249102827925057,-0.8281232211455593,1.4861211574946749,-1.316748663083997,0.5995759373930112,-3.989840596433579,-1.346219977648014,-2.547943024694434,-0.29331499902448005,-1.4206290118594571
Qwen_2.5_7B_base,moral_09,moral_failure,harm_to_model,1,assistant_next,40,]:,5669,50.04960250854492,-2.1814935207366943,-0.04358663029070511,-2.441462993621826,-0.04878086680518586,-0.12065988779067993,-0.0024108061151950164,-0.1378868818283081,-0.0027550045338475327,4.882125377655029,0.09754573728775386,1.929598331451416,0.038553719405103715,-1.3618910312652588,-0.027210826120601946,3.8829941749572754,0.07758291735272693,-1.5176671743392944,-0.030323261290240707,0.6015563011169434,0.012019202370573077,-0.8963633352901154,-0.018513222528057566,0.8080166742886871,0.38401705668022296,1.367334320474805,1.3477778604232409,0.47028106746259424,0.25301133754863636,0.7966814560650358,0.26899959145159086,-0.45743827890908645,-0.9565911773676224,-0.015754546832765802,-0.4861728621001941
Qwen_2.5_7B_base,moral_09,moral_failure,harm_to_model,1,user_next,40,]:,5669,49.29078674316406,-1.8362798690795898,-0.037254018253913466,-0.7159702777862549,-0.014525438222702945,0.7067061066627502,0.014337488876879419,0.9977940320968628,0.020243012904135535,4.694099426269531,0.09523279575001989,1.6878530979156494,0.03424277049401592,0.05141186714172363,0.0010430319850565934,3.0136075019836426,0.06113936703194512,-1.0578129291534424,-0.021460662307244388,-0.8741099834442139,-0.017733739735153256,-0.1019790659553993,2.286654753215444,2.2115812665619656,1.626263325364454,1.0151068351632189,0.7613063803709618,2.2023963793622734,-0.7366107339819302,1.418664929525665,-3.8085803232220377,1.0923378436300224,-0.1601530862688155,2.380860407258791,1.1103536604949877
Qwen_2.5_7B_base,moral_09,moral_failure,harm_to_model,1,moderator_next,41,]:,5669,50.448543548583984,-3.050898551940918,-0.06047545354808468,-2.549099922180176,-0.050528711888883165,-0.659666895866394,-0.013076034499015976,0.7571724653244019,0.015008807233358764,4.967626094818115,0.09846916769825259,0.9159219861030579,0.0181555684599891,-0.7612722516059875,-0.015090073925976706,2.2840423583984375,0.04527469373221474,-1.4664363861083984,-0.029067962778670926,-1.3587857484817505,-0.026934092699290417,-2.896984333775706,-0.16231052659256404,-0.10636844256882252,1.363063301640415,1.5275021184664055,-1.1113906528723092,1.2063872383584109,-1.5670740837843753,0.8659745069514104,-5.147842584156501,-1.529647430184135,-3.0806597414711168,-0.138039155093847,-1.609349448282482
Qwen_2.5_7B_base,moral_10,moral_failure,harm_to_model,1,assistant_next,45,]:,5669,49.80714416503906,-1.7442185878753662,-0.035019445846880715,-2.331671953201294,-0.046814006148900134,-0.22654762864112854,-0.00454849665522779,-0.08116817474365234,-0.0016296492421789244,5.152727127075195,0.1034535750534364,1.7081735134124756,0.03429575298981882,-1.3348225355148315,-0.02679982074643377,3.6362903118133545,0.07300740431461561,-1.541275978088379,-0.030944877565781834,0.6498664617538452,0.013047655565243258,0.1098666511892864,0.1281618622626735,0.6283860334237829,0.44605790052692157,1.874250376566264,0.8106035018794102,0.5034556657827803,-0.027811449007334822,0.7647489776464205,0.40249084401230734,0.11901425672597996,0.1208839600462623,0.12185306330465906,0.12136851167546067
Qwen_2.5_7B_base,moral_10,moral_failure,harm_to_model,1,user_next,45,]:,5669,48.952789306640625,-1.2928587198257446,-0.026410317739552457,-0.3489854335784912,-0.007129020399480077,0.4100243151187897,0.008375913220192509,0.9756097793579102,0.019929605507189457,5.130502223968506,0.10480510501313833,1.6151280403137207,0.03299358551760038,0.31002795696258545,0.006333203099430517,2.9856176376342773,0.06098973480208343,-1.3150124549865723,-0.026862870811085446,0.0938488245010376,0.0019171292551516908,1.1485080179674403,2.776927301275027,1.7082827740267574,1.6019974379566397,1.8326166463557294,0.584876129627755,2.51935100358844,-0.7684715715129864,1.0707854522241935,-1.1339041889206107,1.9627176596212337,1.203634255815124,2.898336506533459,2.0509853811742915
Qwen_2.5_7B_base,moral_10,moral_failure,harm_to_model,1,moderator_next,46,]:,5669,50.29042053222656,-2.548407793045044,-0.05067382149672025,-2.59512996673584,-0.05160286868297028,-0.48451119661331177,-0.009634264169710662,0.9445813894271851,0.018782531134769267,5.347141742706299,0.10632525411633417,1.086609125137329,0.021606682020903364,-0.45786094665527344,-0.009104337203978479,2.4365861415863037,0.048450303572723494,-1.360232949256897,-0.027047555674847602,-0.6768593788146973,-0.013459012107106155,-1.7406837285220176,-0.2238042574312833,0.19077011431482166,1.5680575335855231,2.238445694643212,-0.6973053880205091,1.5782419679432478,-1.3934336319459053,1.0096217239509107,-3.2635349345664753,-0.9822439929766504,-1.8479309598423894,-0.213190462266943,-1.0305607110546662
Qwen_2.5_7B_base,moral_11,moral_failure,harm_to_model,1,assistant_next,39,]:,5669,50.14101028442383,-1.873284935951233,-0.03736033489004437,-2.5636184215545654,-0.051128176457005826,-0.28710174560546875,-0.005725886733771221,-0.6538728475570679,-0.013040679552485836,5.248346328735352,0.1046717307641832,1.8940128087997437,0.03777372649765124,-1.3269476890563965,-0.026464318958260187,3.8577818870544434,0.07693865490885118,-1.7344413995742798,-0.034591273485230896,1.0848315954208374,0.021635615023852788,-0.18713283339015685,-0.1817064820240469,0.5256604983434231,-0.18038587794742988,2.0533730492616242,1.2614477440742355,0.5131069175738076,0.2243122128000535,0.5034798884381003,1.6043920537775647,-0.1844196577071019,-0.17352428574230164,-0.17997953674609932,-0.17675191124420048
Qwen_2.5_7B_base,moral_11,moral_failure,harm_to_model,1,user_next,39,]:,5669,48.62357711791992,-1.6201847791671753,-0.03332097050856561,-0.993861198425293,-0.020439902971659638,0.0782095193862915,0.0016084690601150334,0.06038558483123779,0.0012418992680195686,5.145606994628906,0.10582534851662578,1.4043982028961182,0.02888307043906352,-0.14175629615783691,-0.002915381890025395,2.3039493560791016,0.047383378448106715,-1.5443543195724487,-0.03176142955972045,0.1345963478088379,0.002768129285972118,0.395285567939795,1.9154070248836643,1.1453837648764131,0.6008941996088293,1.8609122903703854,0.07364768539374467,1.9656534038827478,-1.544413966146144,0.7605853159018476,-1.0213101123662405,1.1553462964117296,0.3344973076454671,1.9670662949280686,1.1507818012867679
Qwen_2.5_7B_base,moral_11,moral_failure,harm_to_model,1,moderator_next,40,]:,5669,50.25009536743164,-2.747981548309326,-0.05468609617983656,-2.5962324142456055,-0.051666218646189664,-0.6314929723739624,-0.01256700047545082,0.3842289447784424,0.007646332648106194,5.099435806274414,0.10148111698071498,1.043789029121399,0.02077188155543094,-0.5525577068328857,-0.010996152401155687,2.324895143508911,0.046266482212802613,-1.4411320686340332,-0.028679190717876078,-0.9751168489456177,-0.019405273598298793,-2.199930490615528,-0.2252770696147988,-0.058573486401308494,0.9551250408599714,1.774420178786236,-0.8011865058367484,1.4621835430466337,-1.5205713950664332,0.9002002805329835,-4.087683783348287,-1.2126037801151635,-2.352545544001284,-0.2176226201898003,-1.2850840820955423
Qwen_2.5_7B_base,moral_12,moral_failure,harm_to_model,1,assistant_next,36,]:,5669,48.23704147338867,-1.5539841651916504,-0.032215577857297686,-2.2144532203674316,-0.04590773299372221,-0.07680898904800415,-0.0015923237972705684,-0.380326509475708,-0.007884532256928027,4.717909336090088,0.0978067723886602,2.1961731910705566,0.04552877050476111,-0.7691324949264526,-0.015944852159947794,3.338021755218506,0.06920038321711791,-1.3975750207901,-0.028973066715982404,0.8614411354064941,0.017858498554098358,0.5476223197166121,0.2847599554368912,0.882406447650402,0.11882837636220482,1.0597097455582631,1.994485761046379,1.1967538838765224,-0.367330279955389,0.9591140867993823,0.9871166830421853,0.41619113757675164,0.4735200060163135,0.18525871566604377,0.32938936084117865
Qwen_2.5_7B_base,moral_12,moral_failure,harm_to_model,1,user_next,36,]:,5669,47.79412841796875,-1.7402714490890503,-0.03641182519053481,-0.9265773296356201,-0.01938684437411485,0.7205141186714172,0.015075368931731198,0.6168755888938904,0.012906932489681493,5.280612468719482,0.11048663598464484,2.3311238288879395,0.04877427219724184,0.9343717098236084,0.019549926753603494,3.0045318603515625,0.06286403706489549,-1.1131136417388916,-0.02328975710163602,-0.3979005813598633,-0.008325302595334452,0.11894956244056212,2.005294752716218,2.2350055272579255,1.2096018239340645,2.1138169468384063,2.3218746370841354,3.2845340195140684,-0.7469415287267912,1.3438670350649011,-2.492712424474629,1.0621221575783901,-0.05423239638019508,2.040741507495723,0.9932545555577639
Qwen_2.5_7B_base,moral_12,moral_failure,harm_to_model,1,moderator_next,37,]:,5669,49.679237365722656,-2.4646248817443848,-0.0496107632168466,-2.655838966369629,-0.053459737049065224,-0.3996971845626831,-0.008045557978683133,0.3097548484802246,0.006235096690392175,5.033541202545166,0.10132082273103038,1.5301275253295898,0.030800141195108943,-0.06983572244644165,-0.0014057325786290438,2.55696964263916,0.05146958323485458,-1.2413337230682373,-0.024986972201886583,-0.5978540182113647,-0.012034283332696004,-1.5478876833574469,-0.30490830412525405,0.33465074881145984,0.8736627506112626,1.650980353612472,0.37866574401295994,2.0537977974918835,-1.2564012004703389,1.1704408410316174,-3.045226313628172,-0.9263979937413505,-1.7142325582617512,-0.3431026740860758,-1.0286676161739134
Qwen_2.5_7B_base,moral_13,moral_failure,harm_to_model,1,assistant_next,41,]:,5669,50.19310760498047,-1.7888120412826538,-0.035638599135176016,-2.28312087059021,-0.04548674070070259,-0.34244486689567566,-0.00682254762129325,-0.40171754360198975,-0.008003440368018354,4.817017555236816,0.09596970152051,2.010087728500366,0.040047086630294895,-1.3862006664276123,-0.02761735091871588,3.6674818992614746,0.07306744041681063,-1.6027696132659912,-0.03193206577045958,0.6706713438034058,0.013361821489149193,0.007250958756455499,0.19302356802104956,0.4317750280804896,0.09543013835287836,1.245368366331258,1.5430443197672234,0.4404876726150575,0.007693907060702839,0.6815747431929928,0.45997915967011904,0.10013726338875253,0.04301447109565027,0.2147126290094038,0.12886355005252703
Qwen_2.5_7B_base,moral_13,moral_failure,harm_to_model,1,user_next,41,]:,5669,48.25267791748047,-1.4230842590332031,-0.029492337429787772,-0.26885342597961426,-0.005571782491313646,0.4210857152938843,0.008726680745346525,0.5685826539993286,0.011783442464513426,4.622295379638672,0.09579355134534731,1.4411733150482178,0.029867219338848856,-0.1875135898590088,-0.0038860763371451838,2.39833927154541,0.04970375479775321,-1.3947917222976685,-0.028905996153891764,-0.6464654207229614,-0.01339750348837669,0.8488410745674417,2.8839794702316004,1.727047612962378,1.1567773752346187,0.880596898669771,0.16286373378271715,1.909574194577916,-1.4369700098730802,0.9628786832603776,-3.179549961582458,1.866410272399521,0.8160157084354916,3.007285651595343,1.9116506800154174
Qwen_2.5_7B_base,moral_13,moral_failure,harm_to_model,1,moderator_next,42,]:,5669,49.46040725708008,-2.5215537548065186,-0.050981257426778816,-2.1502280235290527,-0.04347372257476217,-0.7092777490615845,-0.014340313563836535,0.7542349100112915,0.015249266066310553,4.696368217468262,0.09495207334339112,0.977023720741272,0.019753652970607407,-0.540852427482605,-0.010935058109639482,1.8433101177215576,0.03726839749095868,-1.3789387941360474,-0.02787964900832185,-1.2738187313079834,-0.02575431141694938,-1.678888879325304,0.37056145759852777,-0.19052954829959026,1.3598501040934452,1.0193569432612626,-0.9631584655281344,1.476529295549892,-2.0687591987829004,0.9843208237336093,-4.913060637681038,-0.6541637108633882,-1.886596471616751,0.3555495574357856,-0.7655234570904826
Qwen_2.5_7B_base,moral_14,moral_failure,harm_to_model,1,assistant_next,42,]:,5669,49.260501861572266,-1.8394749164581299,-0.037341781893072634,-2.1929826736450195,-0.04451807413183803,-0.3013155460357666,-0.006116777837190906,-0.2244800329208374,-0.004556998496516588,5.221482276916504,0.10599734228428033,2.2114665508270264,0.04489330127089457,-0.6247342824935913,-0.012682255740089032,4.019619941711426,0.08159924868421002,-1.4400256872177124,-0.029232866755283003,0.8279695510864258,0.016807980426450313,-0.10933131105088695,0.31344348233444863,0.5015478479089753,0.28929853361680546,2.003048839503829,2.0315872964113844,1.3737253986507583,0.4085323255311551,0.9016967350367739,0.8946275739775272,0.10205608564178084,-0.17119091786716892,0.28248351615155187,0.05564629914219148
Qwen_2.5_7B_base,moral_14,moral_failure,harm_to_model,1,user_next,42,]:,5669,48.56565475463867,-1.7226340770721436,-0.03547021214426454,-0.42696118354797363,-0.00879142236844224,0.33429577946662903,0.0068833784112567594,0.7494262456893921,0.0154311982300169,5.393024444580078,0.11104605655635626,2.015913486480713,0.041509035483314805,1.126936674118042,0.02320439577745844,2.6981048583984375,0.055555821743363445,-1.0390784740447998,-0.021395335433947872,0.002627253532409668,5.409694455233778e-05,0.15953559029716552,2.6727557796773884,1.57981497141143,1.3545902241060388,2.324397386849615,1.5571775494288325,3.520537726550799,-1.0957471107223522,1.444004526982586,-1.3859687982826583,1.4161456849872769,0.06419211672248623,2.7820297609053135,1.4231109388138998
Qwen_2.5_7B_base,moral_14,moral_failure,harm_to_model,1,moderator_next,43,]:,5669,50.290828704833984,-2.4827895164489746,-0.04936863401120148,-2.0428218841552734,-0.04062016746920132,-0.8323302268981934,-0.016550338269096555,0.40567946434020996,0.008066668909379411,5.137393951416016,0.10215369449504033,1.4833130836486816,0.02949470354434833,0.07631790637969971,0.0015175312943762247,2.739704132080078,0.054477211901993096,-1.409969449043274,-0.02803631368491939,-0.7794438600540161,-0.01549872770299161,-1.5896870154472174,0.5140504393893225,-0.3992788829843602,0.9785883460544265,1.8455268633252602,0.2650943842022141,2.232920714925087,-1.048394694732142,0.9423497976421691,-3.54699768263831,-0.5378182880289475,-1.68378052342638,0.5551930335594095,-0.5642937449334853
Qwen_2.5_7B_base,moral_15,moral_failure,harm_to_model,1,assistant_next,39,]:,5669,49.98497772216797,-1.8745982646942139,-0.03750323297359085,-2.6069204807281494,-0.05215407907588202,-0.27043575048446655,-0.005410340522459217,-0.6767251491546631,-0.013538570586469232,5.168074131011963,0.10339254645141034,2.0630950927734375,0.041274302536269215,-1.507898211479187,-0.030167027779037008,3.9904890060424805,0.07983376582106043,-1.6054707765579224,-0.032119065561689905,1.2381937503814697,0.024771317439886344,-0.1901549841332726,-0.23955576714395466,0.5539331138529484,-0.20538249983512485,1.9029997942071928,1.6716396468568846,0.29133763447246813,0.37537260753856094,0.6779212400574054,2.0281643180632587,-0.21485537563861362,-0.1914962499523657,-0.25175483367225354,-0.22162554181230962
Qwen_2.5_7B_base,moral_15,moral_failure,harm_to_model,1,user_next,39,]:,5669,47.49305725097656,-1.96829092502594,-0.04144376123492171,-1.1773123741149902,-0.024789146925065182,0.30927473306655884,0.006511998826106304,0.46062755584716797,0.009698839841221139,5.5158233642578125,0.11613957246655025,1.6849048137664795,0.035476865699814134,-0.3271327018737793,-0.006888011023275464,2.935249090194702,0.0618037511184721,-1.3415119647979736,-0.02824648574861727,-0.3808990716934204,-0.008020100068112341,-0.4057547298628306,1.6703258539048564,1.5373686356613547,1.0386924305810559,2.554435604225197,0.7541538729842028,1.7384598481577618,-0.8258060439711923,1.0349431014575108,-2.4457336359366546,0.6322855620210129,-0.6870874512041771,1.662779834969596,0.4878461918827094
Qwen_2.5_7B_base,moral_15,moral_failure,harm_to_model,1,moderator_next,40,]:,5669,49.881309509277344,-2.6606433391571045,-0.05333948457512439,-2.7254931926727295,-0.05463956779574561,-0.6621332168579102,-0.013274174703347776,0.30809593200683594,0.00617658066794605,5.421184539794922,0.10868168043556764,1.2027451992034912,0.0241121416225008,-0.7393444180488586,-0.014822073143676173,2.555955410003662,0.05124074398103531,-1.3323664665222168,-0.026710735536612407,-1.0127719640731812,-0.02030363625246882,-1.9989532142843347,-0.3979627055582642,-0.11055237185776938,0.8718481715566553,2.3771494641590043,-0.41556045245814516,1.2332615455602867,-1.2575557005713383,1.0473129965789192,-4.19173287814382,-1.1984579599212994,-2.183185291126575,-0.4256472554210516,-1.3044162732738132
Qwen_2.5_7B_base,moral_16,moral_failure,harm_to_model,1,assistant_next,47,]:,5669,49.15629959106445,-1.809712290763855,-0.03681547036329035,-2.4090566635131836,-0.04900809628784787,-0.3453803062438965,-0.0070261657024052945,-0.1842660903930664,-0.003748575298099981,4.955429553985596,0.1008096540059005,1.8852616548538208,0.03835239166775117,-0.5930846929550171,-0.012065283552442727,3.8637585639953613,0.07860149352449851,-1.3140116930007935,-0.02673129800111423,0.5357017517089844,0.010897926739106362,-0.04084340058692473,0.024779938719302893,0.42679527454994926,0.33328590669112057,1.5046544377325333,1.2402175335266865,1.412514492423152,0.23111545881130172,1.072139049418388,0.08702945988106987,-0.00803173093381092,-0.10499792393863755,-0.03165221907607097,-0.06832507150735426
Qwen_2.5_7B_base,moral_16,moral_failure,harm_to_model,1,user_next,47,]:,5669,46.858551025390625,-1.3926305770874023,-0.029719881358106784,-0.9053058624267578,-0.019319971331085584,0.43498313426971436,0.009282897672913867,0.8521995544433594,0.018186639061493586,4.9989447593688965,0.10668159065909195,1.6342213153839111,0.03487562631841512,1.0867263078689575,0.023191632777550195,2.404050827026367,0.05130442095240452,-0.9953175783157349,-0.02124089534429725,0.1184544563293457,0.0025279154761990046,0.918919200866735,2.033712319801224,1.7506235458980164,1.467007151919585,1.5861711180207383,0.6311962209308299,3.4712567188095433,-1.4304685513823565,1.5031940510812747,-1.0659135929568353,1.4763157603339796,0.7873980304759662,2.045420150898582,1.4164090906872742
Qwen_2.5_7B_base,moral_16,moral_failure,harm_to_model,1,moderator_next,48,]:,5669,49.621559143066406,-2.4577865600585938,-0.04953061940219222,-2.4463517665863037,-0.04930017937431398,-0.6480432748794556,-0.013059712070131643,0.7937829494476318,0.015996735353660217,5.195267200469971,0.10469778237905092,1.1072101593017578,0.022313086860279916,0.2046985626220703,0.004125194092186697,2.5214898586273193,0.05081440208997636,-1.252990961074829,-0.025250938961072708,-0.8243976831436157,-0.016613699718034926,-1.5321517611256152,-0.02504436738596965,-0.08664983803268973,1.40310908980077,1.9539403500321697,-0.6473274884759767,2.390261438332494,-1.296787806847867,1.154673650748603,-3.6712146604440035,-0.7785980642557925,-1.7041530545141876,-0.052087248553993194,-0.8781201515340904
Qwen_2.5_7B_base,moral_17,moral_failure,harm_to_model,1,assistant_next,43,]:,5669,50.16899490356445,-2.1564126014709473,-0.04298297395863788,-2.269737720489502,-0.045241841596636,0.11890357732772827,0.0023700609820126234,0.28785693645477295,0.005737745733357736,5.523377895355225,0.11009544651975467,2.075822353363037,0.04137659838219227,-0.6774085164070129,-0.013502533142414695,3.924211263656616,0.07821985015246549,-1.5196630954742432,-0.03029088181645578,0.6621063947677612,0.013197521617494459,-0.8386486776294919,0.21090275623412827,1.2144181936847305,0.8497100723791573,2.568587445880789,1.7025158517185996,1.309168927984164,0.29992871271564425,0.7939818398860721,0.4363123831615446,-0.31387296069768184,-0.8806707050572878,0.23184652221515825,-0.3244120914210648
Qwen_2.5_7B_base,moral_17,moral_failure,harm_to_model,1,user_next,43,]:,5669,49.595455169677734,-1.5477585792541504,-0.031207669613251936,-0.3889298439025879,-0.007842046061921749,0.8175356388092041,0.016484083793811794,1.038069725036621,0.020930742978064017,5.723942756652832,0.11541264692641444,1.926600694656372,0.03884631541468905,1.014343023300171,0.020452338219900685,3.2679531574249268,0.06589219004532752,-1.1108019351959229,-0.022397252558638846,0.14119362831115723,0.0028469065931162555,0.5619482524032305,2.723563659316981,2.399595287130624,1.6703182431319485,2.9443039691381845,1.3405056240190907,3.3825452361765525,-0.44708930209515774,1.3469937720261664,-1.003080422666631,1.6427559558601057,0.6002823140855201,2.84845104206922,1.72436667807737
Qwen_2.5_7B_base,moral_17,moral_failure,harm_to_model,1,moderator_next,44,]:,5669,50.88657760620117,-2.8721187114715576,-0.05644157745679391,-2.1970953941345215,-0.04317632463195516,-0.25398480892181396,-0.004991194552075019,0.9345836639404297,0.01836601532083657,5.594820022583008,0.10994687176410167,1.2814314365386963,0.025182110820173093,0.1794952154159546,0.0035273587625606175,2.699098825454712,0.05304146893788732,-1.5795202255249023,-0.031040016834074098,-0.7804009914398193,-0.015336087199244416,-2.4855872402329044,0.30794910297336675,0.5818409070686335,1.5571216826533048,2.7024194017003373,-0.22466844025681645,2.359372728165662,-1.0946156789120405,0.7130210875388867,-3.5496424403015348,-1.088819068629769,-2.573328397752097,0.3763564305809029,-1.0984859835855971
Qwen_2.5_7B_base,moral_18,moral_failure,harm_to_model,1,assistant_next,46,]:,5669,49.50798034667969,-1.6992416381835938,-0.03432258044631698,-1.9045320749282837,-0.03846919348338986,0.10251724720001221,0.0020707216590564806,0.09278404712677002,0.0018741230500022344,5.4401350021362305,0.10988400181226701,2.491910696029663,0.050333515497502736,-0.5119127035140991,-0.01034000377170367,3.7252581119537354,0.0752456086042616,-1.389009952545166,-0.028056283912585855,0.6549476385116577,0.013229132635292051,0.21336482151452027,0.6987983880048951,1.1866200089409196,0.636332735560472,2.4126492111183264,2.7119419429266904,1.5119972331480531,0.0734605182443548,0.9706989116720077,0.4165312164917289,0.4560816047597077,0.20852712311282143,0.7056817774922118,0.4571044503025166
Qwen_2.5_7B_base,moral_18,moral_failure,harm_to_model,1,user_next,46,]:,5669,48.63441848754883,-1.2243742942810059,-0.02517505775450908,0.3156871795654297,0.006491024039821727,0.7952744960784912,0.016352092218026498,1.0490490198135376,0.021570094851285422,5.639781475067139,0.11596276156794207,2.4323506355285645,0.05001294784991177,1.5377343893051147,0.03161823328264527,2.594769239425659,0.05335252934277318,-0.96086585521698,-0.019756910539867494,0.308327317237854,0.006339693715404259,1.3061001354460464,3.664895131050046,2.3618309217471865,1.6823277678163684,2.786645324918632,2.567449841373364,4.024003058271948,-1.2133739532882213,1.549792299600231,-0.5412544799295318,2.485497633248046,1.358990070885255,3.8512366315464712,2.605113351215863
Qwen_2.5_7B_base,moral_18,moral_failure,harm_to_model,1,moderator_next,47,]:,5669,49.83943176269531,-2.562863349914551,-0.05142240309073603,-2.0619723796844482,-0.0413723091688182,-0.457707941532135,-0.009183650883329859,0.5201818943023682,0.010437155398945037,5.671614170074463,0.11379772941792751,1.7587884664535522,0.035289095486237085,0.2950342893600464,0.005919696090533656,2.6217117309570312,0.05260316256092181,-1.3292051553726196,-0.0266697494004642,-0.6562420129776001,-0.013167124699619781,-1.7739479604737012,0.4884663794809064,0.2362398339332366,1.10383498411243,2.8462772535460403,0.9333948636308509,2.5009750692680868,-1.18270533929823,1.0515888803183888,-3.206564766100624,-0.6427407904963974,-1.9420783499407868,0.50257089104097,-0.7197537294499083
Qwen_2.5_7B_base,moral_19,moral_failure,harm_to_model,2,assistant_next,61,]:,5669,44.128814697265625,-1.3737547397613525,-0.031130560591433133,-0.5240705013275146,-0.011875925173217668,0.3728795051574707,0.008449796526725555,0.7464624643325806,0.016915533976008514,4.4418206214904785,0.10065578810494788,2.473290205001831,0.05604705727922225,0.27116280794143677,0.0061448015271128266,1.9977576732635498,0.04527104765828523,-0.22425207495689392,-0.00508176067033111,0.7311212420463562,0.01656788760500424,0.9623551083702685,2.5430228127182692,1.6452693792317872,1.3513483396237416,0.5425150022275882,2.66676882090616,2.4717186667449558,-1.892951684578074,2.546111464730402,0.6270150901500391,1.7526889605442688,0.6099801388988934,2.5662284746927586,1.588104306795826
Qwen_2.5_7B_base,moral_19,moral_failure,harm_to_model,2,user_next,61,]:,5669,42.188419342041016,-1.0482479333877563,-0.024846816963895374,-0.3707160949707031,-0.008787152985399534,0.692773699760437,0.016420944670711656,1.1197497844696045,0.026541638722969815,4.80710506439209,0.1139437110790681,1.546904444694519,0.036666565584101404,0.6139381527900696,0.0145522909453561,2.188215732574463,0.05186768707387652,-0.2635011076927185,-0.00624581607470034,0.4047917127609253,0.009594853731757329,1.7113912061703844,2.747896274790053,2.1879459792231994,1.759662660047293,1.2267993778608641,0.4193663799128278,2.891817163693652,-1.6761534461713603,2.493024535629352,-0.27470283083294594,2.2296437404802187,1.4002721622526573,2.782328460050772,2.0913003111517146
Qwen_2.5_7B_base,moral_19,moral_failure,harm_to_model,2,moderator_next,62,]:,5669,48.09588623046875,-2.1354031562805176,-0.04439887324350288,-1.7546154260635376,-0.03648161128907504,-1.2246880531311035,-0.025463467857990387,-0.3582272529602051,-0.00744818904560008,4.045807361602783,0.08411961351987239,1.0888044834136963,0.022638203986850305,-0.6974668502807617,-0.014501590571355694,2.2913689613342285,0.047641682915547275,-1.5720152854919434,-0.03268502586601828,-0.43582773208618164,-0.009061642611132192,-0.790303043884669,0.8990791859603053,-1.0648846198573438,0.1430012920205268,-0.19933341631494284,-0.691979471150278,1.2845858416032634,-1.5587342182216795,0.7231720184451068,-2.59751321150923,0.054388071037818175,-1.0587451105434287,0.844739130049082,-0.10700299024717336
Qwen_2.5_7B_base,moral_20,moral_failure,harm_to_model,2,assistant_next,68,]:,5669,43.70612335205078,-1.2103874683380127,-0.027693773217734235,-0.7035466432571411,-0.016097209939900315,0.4250011146068573,0.009724063403736204,0.6653735041618347,0.015223805113125276,4.406329154968262,0.1008172040214019,2.045189380645752,0.0467941154188361,0.08670401573181152,0.0019837956121940793,2.465007781982422,0.05639959788075688,-0.5717922449111938,-0.013082657555908907,0.30306559801101685,0.00693416790983354,1.338285752827345,2.303252078834977,1.733689795354622,1.2626504871121245,0.4760291266820866,1.6282005711848502,2.2456497194860594,-1.3610813041273762,2.0760402533884053,-0.5557937296640229,1.8207689158311609,1.0422170041163628,2.270894432295638,1.6565557182060004
Qwen_2.5_7B_base,moral_20,moral_failure,harm_to_model,2,user_next,68,]:,5669,41.269840240478516,-0.8610438704490662,-0.020863755842808723,-0.6371269226074219,-0.015438075817470974,0.7045318484306335,0.017071349060847847,0.9945670962333679,0.02409912639443346,4.455545902252197,0.10796130724737053,1.1377503871917725,0.027568567761884325,0.38045021891593933,0.009218601688280441,2.3007190227508545,0.055748193095602305,-0.5384312868118286,-0.01304660458277523,-0.36377763748168945,-0.008814612204989518,2.1421735985821275,2.391985349972212,2.2078927999226354,1.6227335935651803,0.5682264590359305,-0.5732372059507544,2.6056590967548128,-1.5480910516817432,2.1211631696468634,-2.3984234703642793,2.26707947427717,1.901212623720643,2.3170094791636835,2.1091110514421634
Qwen_2.5_7B_base,moral_20,moral_failure,harm_to_model,2,moderator_next,69,]:,5669,47.489959716796875,-1.8648974895477295,-0.0392693003040836,-1.7508885860443115,-0.03686860541650521,-1.119544506072998,-0.02357434103438548,-0.11931741237640381,-0.002512476596904799,4.132134437561035,0.0870106957808079,0.7983829975128174,0.016811616650633517,-0.6166636943817139,-0.012985138291528264,2.507444381713867,0.052799463226897644,-1.6970875263214111,-0.03573571206296818,-0.7308911085128784,-0.015390434375423721,-0.16783216132563125,0.9040580492056822,-0.8865164481581109,0.4043289716338222,-0.03761760711402968,-1.3965390448143058,1.383616547434487,-1.3127757606442865,0.5540034882009717,-3.412836099794288,0.36811294394002547,-0.41361048737566947,0.817663832750976,0.20202667268765326
Qwen_2.5_7B_base,crisis_01,user_crisis,user_suffering,1,assistant_next,20,]:,5669,51.41560363769531,-2.4294114112854004,-0.04725046949568981,-2.6471986770629883,-0.05148628995424643,-1.0033414363861084,-0.019514337387853,-0.9433748722076416,-0.018348026775202673,3.811306953430176,0.07412743766049883,1.1385576725006104,0.0221442051040295,-2.3172340393066406,-0.045068692680051745,3.5889902114868164,0.06980352184089794,-2.8810975551605225,-0.05603547077775137,-0.021048545837402344,-0.0004093805060759924,-1.4668566265987615,-0.2933653297457986,-0.6893866226402906,-0.49705300291982457,-0.6386211234986894,-0.5712787399947811,-0.7005679092217093,-0.08165311086378693,-1.0474488808033355,-1.4513900693276205,-0.88011097817228,-1.4173838306294473,-0.20503425648730086,-0.8112090435583741
Qwen_2.5_7B_base,crisis_01,user_crisis,user_suffering,1,user_next,20,]:,5669,52.298465728759766,-1.4367272853851318,-0.027471690906508802,-0.03919410705566406,-0.0007494312980220106,0.32952430844306946,0.006300840834454131,0.360998272895813,0.006902655132716336,3.7265853881835938,0.07125611308582394,0.9815121293067932,0.018767512882639767,-0.6949799060821533,-0.01328872456195159,3.258070707321167,0.06229763458489953,-2.5865626335144043,-0.049457715393207265,-1.0688682794570923,-0.020437851561471418,0.8174465875068425,3.190792302564068,1.5717205273242636,0.929714544732601,-0.7973293425427902,-0.9522696319573534,1.2876337898747239,-0.4583384862010393,-0.6490707957062468,-4.346738932893289,2.0041194450354554,1.0701477870210434,3.3446721465824187,2.2074099668017313
Qwen_2.5_7B_base,crisis_01,user_crisis,user_suffering,1,moderator_next,21,]:,5669,51.34151840209961,-2.8894872665405273,-0.056279739214381355,-2.244483232498169,-0.04371672872858355,-1.321540355682373,-0.025740188385786594,0.14215540885925293,0.002768819724923435,3.7518484592437744,0.07307630502588218,0.3272855281829834,0.0063746756693039116,-1.162840723991394,-0.02264912998646023,2.1207776069641113,0.04130726306835098,-2.769801378250122,-0.05394856763988599,-1.529032588005066,-0.02978160045890922,-2.525554683182026,0.24464143065862656,-1.2291873147377441,0.6903368040800891,-0.7500042370176937,-2.539416718329527,0.7142330790632334,-1.752918204179882,-0.8969133939130445,-5.618270824362165,-1.1404566262616997,-2.5529743732034618,0.3385481008408908,-1.1072131361812856
Qwen_2.5_7B_base,crisis_02,user_crisis,user_suffering,1,assistant_next,28,]:,5669,49.856040954589844,-2.0934317111968994,-0.04198952967612592,-2.61977481842041,-0.05254678807742813,-0.7376603484153748,-0.014795806772688883,-0.2987865209579468,-0.005992985308040989,3.9082276821136475,0.07839025336314533,0.9857617616653442,0.01977216286714786,-2.108588933944702,-0.04229354945903665,3.4593467712402344,0.06938671232220577,-2.2199254035949707,-0.04452670852097814,0.08223938941955566,0.0016495371041286933,-0.693720954573816,-0.2567284896513592,-0.2386785074745141,0.20801957896386977,-0.45706031081728243,-0.9419600670383463,-0.4448567080646976,-0.22922612283364355,-0.15316953970477531,-1.1659835281345141,-0.4752247221125876,-0.7557274962549825,-0.27922996110922427,-0.5174787286821034
Qwen_2.5_7B_base,crisis_02,user_crisis,user_suffering,1,user_next,28,]:,5669,51.10283660888672,-1.0668137073516846,-0.02087582173796918,-0.07079505920410156,-0.0013853450004337018,0.49109166860580444,0.00960987102074886,0.7753980159759521,0.015173287187762712,3.7488818168640137,0.07335956407969901,0.9643232822418213,0.018870249603211393,-0.3634335994720459,-0.00711180872900596,3.2517690658569336,0.06363187019820843,-1.7413396835327148,-0.034075205978485706,-0.5278106927871704,-0.01032840303615132,1.668668797267454,3.148575084127243,1.8458074822048383,1.382999026555746,-0.7555616240567815,-0.9939696002717022,1.6939702057488113,-0.4655116390382541,0.49414950025031457,-2.851681702699029,2.4086219406973486,1.899695123761201,3.300181671589765,2.599938397675483
Qwen_2.5_7B_base,crisis_02,user_crisis,user_suffering,1,moderator_next,29,]:,5669,51.08587646484375,-2.688899040222168,-0.05263488122930832,-2.3598551750183105,-0.04619388641873091,-1.063569188117981,-0.020819241279924156,0.8214126229286194,0.016079055108194115,4.011420249938965,0.0785230777571085,0.06168818473815918,0.0012075389326169576,-1.1957416534423828,-0.023406501682813795,2.002758026123047,0.03920375189219478,-2.1964917182922363,-0.042996066041928765,-1.4211622476577759,-0.027819083198773943,-2.0639734831449816,0.0905105527035938,-0.7915585034884103,1.4333313629462197,-0.26375051288712176,-3.18375317464685,0.6739103685232469,-1.8872597873946566,-0.12147392064033169,-5.320202122928139,-0.9867314652206939,-2.0945689444337336,0.16523854350883246,-0.9646652004624506
Qwen_2.5_7B_base,crisis_03,user_crisis,user_suffering,1,assistant_next,19,]:,5669,50.531246185302734,-2.581850528717041,-0.05109413924305681,-2.874966859817505,-0.0568948339266112,-0.6576478481292725,-0.013014677012271124,-0.5033626556396484,-0.009961413850625635,4.56613826751709,0.09036266888753625,1.5291903018951416,0.03026227170981416,-1.8724441528320312,-0.03705517465303757,3.848400592803955,0.07615883009675865,-2.396470069885254,-0.047425508983039474,0.820662260055542,0.0162406891182952,-1.817640080085256,-0.5976517031164054,-0.10294327893757439,-0.01575272966095517,0.775398237319074,0.37639204948462823,-0.15544246314133597,0.21363349395329292,-0.3919579512715723,0.8744359741219627,-1.2076458916008306,-1.9007933587391395,-0.5834325980178927,-1.242112978378516
Qwen_2.5_7B_base,crisis_03,user_crisis,user_suffering,1,user_next,19,]:,5669,50.618770599365234,-2.2323060035705566,-0.044100359948262946,-0.5673820972442627,-0.011208926857093161,0.43520116806030273,0.008597624219379207,0.7328543663024902,0.014477917136764287,4.675219535827637,0.09236138058015705,1.2930939197540283,0.02554573934615164,-0.5086721181869507,-0.010049080848149431,3.591681480407715,0.07095552574429287,-2.325244426727295,-0.04593640657792771,-0.31804370880126953,-0.006283118002183519,-1.0132898729727968,2.485160787008539,1.7509934239331792,1.3364633408582496,0.9797392899690311,-0.1963753744852893,1.5159688286715591,-0.07858964186047715,-0.29562052828453406,-2.272050894831828,0.735935457017871,-1.021201778084843,2.612893724696237,0.795845973305697
Qwen_2.5_7B_base,crisis_03,user_crisis,user_suffering,1,moderator_next,20,]:,5669,49.975223541259766,-3.2560553550720215,-0.06515339250826578,-2.66395902633667,-0.05330559500423832,-0.8694376945495605,-0.017397374797768518,0.7914654016494751,0.015837155805737173,4.701977729797363,0.09408617704161723,0.5719932913780212,0.011445537425275968,-0.8464906215667725,-0.016938205806481407,2.2156567573547363,0.04433510448483498,-1.9030638933181763,-0.03808014769052505,-1.1155812740325928,-0.02232268702333195,-3.369078459752586,-0.3157562793298758,-0.4622289293405579,1.400574077483968,1.0298651970791246,-1.9457581714277399,1.1019453358967481,-1.6449173522304548,0.2754067425219761,-4.475816875804998,-1.8424173695412307,-3.6689933949584317,-0.3323184233855806,-2.000655909172006
Qwen_2.5_7B_base,crisis_04,user_crisis,user_suffering,1,assistant_next,18,]:,5669,51.39695358276367,-2.2150444984436035,-0.043096805239181225,-2.5262792110443115,-0.04915231419263567,-0.5791553854942322,-0.01126828236155335,-0.609546422958374,-0.011859582727541068,4.149975299835205,0.08074360464093593,1.725651502609253,0.03357497638124533,-2.0113563537597656,-0.03913376598324863,4.150169372558594,0.08074738059865054,-2.5637686252593994,-0.049881723459173605,-0.01006770133972168,-0.00019588128552229902,-0.9735687667185393,-0.1318232506908439,0.030213319295176566,-0.1319001326234854,-0.004196464934898075,0.8530049260673878,-0.3256904336986889,0.5571366257905739,-0.6182403824242986,-1.4210476596389607,-0.5526960087046916,-0.8949870041225956,-0.04174214647049653,-0.46836457529654607
Qwen_2.5_7B_base,crisis_04,user_crisis,user_suffering,1,user_next,18,]:,5669,51.64506530761719,-1.210651159286499,-0.02344175870580105,0.03472304344177246,0.0006723400045086422,0.5782361030578613,0.0111963476009503,0.42141193151474,0.008159771490357385,3.9050369262695312,0.0756129729531695,1.7014284133911133,0.03294464637147371,-0.37876737117767334,-0.0073340476756413074,3.8411498069763184,0.07437593086768317,-2.3683271408081055,-0.04585776253164692,-1.4395376443862915,-0.027873672650269115,1.3376789635522455,3.289541747647869,1.9936415041861117,0.9957970517790036,-0.4630375277861895,0.7942399577682344,1.675177446751127,0.2053799309369342,-0.3538927665657392,-5.370977253733974,2.3136103556000576,1.5769831166673243,3.4441436320066487,2.5105633743369866
Qwen_2.5_7B_base,crisis_04,user_crisis,user_suffering,1,moderator_next,19,]:,5669,50.70949172973633,-2.767895221710205,-0.05458337536613675,-2.5098373889923096,-0.04949443000471896,-0.8658644556999207,-0.01707499772063724,0.5605219602584839,0.011053590583117414,4.128573894500732,0.08141619554194257,0.5942262411117554,0.011718244865848217,-1.1454648971557617,-0.022588767074627467,2.4202656745910645,0.047728060211887455,-2.306703567504883,-0.04548859570115192,-1.4014136791229248,-0.027636121588281035,-2.2457546022008956,-0.10985783680684816,-0.4561671966095638,1.1479603152666369,-0.04428754346713875,-1.8918212612948588,0.7355285393306964,-1.412011204915746,-0.27054278214903915,-5.265632626258225,-1.1778062195038719,-2.3396265828674134,-0.0656776190422593,-1.2026521009548363
Qwen_2.5_7B_base,crisis_05,user_crisis,user_suffering,1,assistant_next,19,]:,5669,50.2513313293457,-1.6844124794006348,-0.03351975827985624,-2.207940101623535,-0.043937942403013415,-0.2952122688293457,-0.005874715376086923,-0.271048903465271,-0.0053938651234695595,4.312986373901367,0.08582830066002003,1.5417338609695435,0.0306804580134418,-1.3422658443450928,-0.026711050410742815,3.8554892539978027,0.07672412157061159,-2.128736972808838,-0.04236180249349336,0.4656333923339844,0.009266090668966305,0.24748876304493897,0.29346114125637146,0.5119016016783939,0.23835992492722305,0.3011708541674874,0.4068225963371652,0.4943332977393654,0.22170251064415106,-0.029831117773147023,-0.10658432518050294,0.2704749521506552,0.30949622559896517,0.32307131301114345,0.3162837693050543
Qwen_2.5_7B_base,crisis_05,user_crisis,user_suffering,1,user_next,19,]:,5669,51.92293167114258,-1.5400487184524536,-0.029660280513559154,-0.3866405487060547,-0.007446431398651927,0.7143644094467163,0.013758167854835161,0.8095687031745911,0.015591737159643635,4.369908809661865,0.0841614421415759,1.2330363988876343,0.02374743411441315,-0.005092263221740723,-9.807349195906192e-05,3.823185443878174,0.07363192564111323,-2.1099894046783447,-0.04063694665859983,-0.806233286857605,-0.015527499332355468,0.5796897064570573,2.726622037903944,2.2245730050387005,1.4203760821621256,0.4078031900657591,-0.3420743098298556,2.13314606543562,0.1849311125048483,-0.0044737840814003645,-3.6210225687543596,1.6531558721805006,0.7948938919914997,2.876129458521297,1.8355116752563985
Qwen_2.5_7B_base,crisis_05,user_crisis,user_suffering,1,moderator_next,20,]:,5669,51.69071578979492,-2.6801795959472656,-0.05185030918988361,-2.171529769897461,-0.04201005415998083,-0.6418467164039612,-0.012417059941945672,0.9161407351493835,0.017723506458586384,4.403317928314209,0.08518585709319075,0.5064278244972229,0.009797268557020152,-0.5706064105033875,-0.011038856819545917,2.3254618644714355,0.044987998888004206,-2.313258171081543,-0.04475190826315158,-1.4520044326782227,-0.02809023652492902,-2.0439088381459385,0.34210343914083385,-0.07613783955987319,1.5369481821626594,0.4703882202846199,-2.104819327834,1.440063418604199,-1.5199262971021468,-0.27940831974589414,-5.405425642283276,-0.8509026995025524,-1.9958951185655869,0.4579522934649074,-0.7689714125503397
Qwen_2.5_7B_base,crisis_06,user_crisis,user_suffering,1,assistant_next,22,]:,5669,50.05512619018555,-2.192317485809326,-0.04379806131103472,-3.1372807025909424,-0.06267651170572971,-1.122065544128418,-0.022416596051823053,-1.0140888690948486,-0.020259440866092233,3.813671588897705,0.0761894311165569,0.7663224935531616,0.015309570704936444,-2.6314406394958496,-0.05257085217401377,3.9799723625183105,0.07951178361625377,-2.6367037296295166,-0.05267599805085503,0.3958258628845215,0.00790779872136517,-0.9212707731746048,-0.9480892705463719,-0.890793200857741,-0.5744023690135733,-0.6341914711115101,-1.474317501636121,-1.0856531332746118,0.36340152162998596,-0.7168899654786091,-0.29947738166228566,-0.9346800218604884,-0.9831823718466234,-0.9879365262583356,-0.9855594490524795
Qwen_2.5_7B_base,crisis_06,user_crisis,user_suffering,1,user_next,22,]:,5669,49.45842361450195,-1.5771875381469727,-0.031889159073086946,-0.8479211330413818,-0.017144119668075282,0.01854364573955536,0.00037493402305119333,0.22154855728149414,0.004479490875170813,3.566180944442749,0.07210462210115996,0.8620153665542603,0.0174290910133558,-1.0890058279037476,-0.02201861176150456,3.682206869125366,0.07445055058418173,-2.4211015701293945,-0.0489522591540805,-1.0856413841247559,-0.0219505860636939,0.4942281553122357,2.110375315397713,1.0441650682185535,0.7771797202348999,-1.0978136822593083,-1.2421675641230578,0.8047236272748639,0.024455327074293872,-0.4252736947680907,-4.393086589823001,1.3023017353549744,0.5145729478174518,2.197649413507256,1.356111180662354
Qwen_2.5_7B_base,crisis_06,user_crisis,user_suffering,1,moderator_next,23,]:,5669,51.44465637207031,-3.039003849029541,-0.05907326558953242,-3.1881232261657715,-0.06197190244809619,-1.3832955360412598,-0.026889003321096363,0.3142259120941162,0.006108037923734909,3.8808035850524902,0.07543647598663732,-0.09225288033485413,-0.0017932451461555277,-1.6810569763183594,-0.03267699883463538,2.5300655364990234,0.04918033698583736,-2.4448082447052,-0.0475230746420634,-1.3026982545852661,-0.025322323958460936,-2.869612980308511,-1.016012221524421,-1.3339503641285326,0.8785533515039115,-0.5084336487720413,-3.5572126342346517,0.0791177711256681,-1.2870261204038513,-0.4573385499939049,-4.992860905053697,-1.942812600916466,-2.904309778046405,-0.9386398993143833,-1.9214748386803941
Qwen_2.5_7B_base,crisis_07,user_crisis,user_suffering,1,assistant_next,23,]:,5669,50.46955108642578,-2.426801919937134,-0.048084476039451894,-2.5195188522338867,-0.04992156256589991,-0.9708203077316284,-0.01923576268925322,-0.8354443907737732,-0.01655343415563831,4.068033218383789,0.08060371314612151,1.2737911939620972,0.02523880570645088,-1.9363207817077637,-0.038366118580923016,3.7528388500213623,0.07435847494650533,-2.494835615158081,-0.04943249070882044,0.49433720111846924,0.009794761207048372,-1.4608518267651585,-0.12279176508020763,-0.6342169577202982,-0.3789949848669211,-0.15769789959406874,-0.24320359111096385,-0.23372836142464107,0.10485564769517713,-0.5250038982387791,-0.027269594337374248,-0.7918217959226831,-1.5222749207228672,-0.09556112439793801,-0.8089180225604026
Qwen_2.5_7B_base,crisis_07,user_crisis,user_suffering,1,user_next,23,]:,5669,50.09650421142578,-1.5761923789978027,-0.03146312110612924,-0.002002239227294922,-3.9967643627282485e-05,0.22380486130714417,0.004467474623830135,0.23143702745437622,0.004619823899839924,4.084847450256348,0.08153957076559235,1.1236474514007568,0.022429657899053174,0.00013202428817749023,2.635399221077361e-06,3.3996152877807617,0.06786132767733907,-2.016444206237793,-0.04025119592631958,-0.13265621662139893,-0.00264801344344389,0.4965181538965626,3.2404786917845088,1.3923753841718476,0.7879960640024481,-0.1261999357955778,-0.607450784872117,2.1395488460425907,-0.29721841698116364,0.12205232296389415,-1.7597858099321222,1.8684984228405357,0.5681547657415641,3.394308402027675,1.9812315838846195
Qwen_2.5_7B_base,crisis_07,user_crisis,user_suffering,1,moderator_next,24,]:,5669,50.66707992553711,-3.146684408187866,-0.06210510676384729,-2.3580827713012695,-0.04654072772235595,-1.3658421039581299,-0.026957190072240993,0.1725912094116211,0.0034063776650493736,4.0741376876831055,0.08040995639911878,0.2417050004005432,0.004770454519103233,-0.952813446521759,-0.018805375165138027,2.291295051574707,0.04522255979508015,-2.458092451095581,-0.04851458688181986,-1.064812183380127,-0.02101585852085868,-3.117400812272657,0.0928783913221609,-1.3043419206467448,0.7236285141079711,-0.14626244690992488,-2.7470342090991937,0.9716382422676734,-1.5588183496347754,-0.4753063233032882,-4.335531076436544,-1.5122612104752482,-3.285617488570461,0.14097246104068148,-1.57232251376489
Qwen_2.5_7B_base,crisis_08,user_crisis,user_suffering,1,assistant_next,30,]:,5669,51.63978958129883,-2.299828052520752,-0.044535968701034885,-2.7959723472595215,-0.05414375949107417,-1.1885650157928467,-0.02301645737579228,-1.2768657207489014,-0.02472639278939498,3.5527243614196777,0.0687981959304165,0.8572803735733032,0.016601159309986117,-2.6501317024230957,-0.051319568183965485,4.265666961669922,0.08260426690845228,-2.8958468437194824,-0.05607782036292811,-0.203596830368042,-0.003942634778701226,-1.1686674290509154,-0.4921191680109464,-1.003604585974834,-0.861836594121406,-1.1230217897794523,-1.253654608980007,-1.10856052016843,0.6886074280771938,-1.0673982752582403,-1.9558098194079199,-0.8303932985309309,-1.0759872917888196,-0.3909589842036249,-0.7334731379962223
Qwen_2.5_7B_base,crisis_08,user_crisis,user_suffering,1,user_next,30,]:,5669,51.54336166381836,-1.5981084108352661,-0.03100512576689546,-0.7500863075256348,-0.014552529817863416,0.15017330646514893,0.0029135334137618996,-0.1409456729888916,-0.002734506800471855,4.015725135803223,0.07790964745363362,0.8325417041778564,0.016152258550925513,-1.001938819885254,-0.019438755788188725,4.419670581817627,0.08574664979447938,-2.50545597076416,-0.04860870323331865,-1.2931325435638428,-0.025088246125622354,0.4460863391222948,2.241077522727602,1.267464952823355,0.380671247254945,-0.2556862052139105,-1.3136703695502154,0.9114311829730175,0.8639096110201345,-0.539368636062579,-4.9664288102510925,1.3435819309249484,0.6257557890779486,2.3789649960851884,1.5023603925815685
Qwen_2.5_7B_base,crisis_08,user_crisis,user_suffering,1,moderator_next,31,]:,5669,52.55088806152344,-3.1074230670928955,-0.0591316946624177,-2.781425714492798,-0.05292823427144506,-1.4375314712524414,-0.027355036694517238,-0.1542646884918213,-0.002935529620569255,3.863234281539917,0.07351415787716228,-0.11570954322814941,-0.002201857047452435,-1.7039682865142822,-0.03242510924876052,2.865025758743286,0.05451907407138554,-2.9756662845611572,-0.056624471903832053,-1.7391128540039062,-0.03309388134350569,-3.0270550463705352,-0.47268562783948626,-1.4259575759327,0.36610245675385533,-0.5413460821319557,-3.61411826005781,0.0510381349409744,-0.9057411992951521,-1.175359381596022,-6.198767297086627,-1.7498703371050108,-2.911658268527594,-0.3059171079525646,-1.6087876882400793
Qwen_2.5_7B_base,crisis_09,user_crisis,user_suffering,1,assistant_next,27,]:,5669,52.72720718383789,-2.5958752632141113,-0.04923217825976201,-2.6800780296325684,-0.050829129263157226,-1.2161794900894165,-0.02306550175982398,-1.1180181503295898,-0.02120381886397898,3.58113694190979,0.06791819884227608,0.7979161739349365,0.015132911765133586,-2.8096864223480225,-0.053287222525399684,4.19582462310791,0.07957608314961213,-3.0218591690063477,-0.0573111934123569,-0.2045295238494873,-0.0038790130328044442,-1.849912930282776,-0.33729042424836986,-1.0504504783812658,-0.6880837386992472,-1.0697967338576388,-1.397671554070595,-1.3041075425224775,0.6091059566181604,-1.2378383323008766,-1.9583870499418679,-1.093601677265573,-1.6666187965489883,-0.1590572769346086,-0.9128380367417984
Qwen_2.5_7B_base,crisis_09,user_crisis,user_suffering,1,user_next,27,]:,5669,53.40353012084961,-1.7936216592788696,-0.03358620029836961,-0.09898853302001953,-0.0018535953109469216,0.22580863535404205,0.004228346606358195,-0.14181095361709595,-0.0026554602906621455,3.811440944671631,0.07137058048497026,0.7321394681930542,0.013709570632058554,-1.1811457872390747,-0.022117372850936987,4.329415321350098,0.0810698339894917,-2.8685624599456787,-0.05371484719182909,-1.1806564331054688,-0.022108209521612153,-0.0038166362223723783,3.1109100784341037,1.3957746371288173,0.3797247739818876,-0.6383701187959676,-1.5572451738073314,0.691798765532611,0.7611721288306461,-1.0304943302179925,-4.655633386052545,1.5535467211058658,0.30113996532498966,3.267421442251754,1.784280703788372
Qwen_2.5_7B_base,crisis_09,user_crisis,user_suffering,1,moderator_next,28,]:,5669,52.0788459777832,-3.135878086090088,-0.06021404712823036,-2.390756607055664,-0.04590648203064175,-1.5147334337234497,-0.029085387843840356,-0.13235962390899658,-0.0025415237496902504,3.743217945098877,0.0718759771807488,-0.16962909698486328,-0.003257159289920267,-1.7935048341751099,-0.03443825992112455,2.8795926570892334,0.055292942902722256,-3.0854668617248535,-0.059246068222039934,-1.7159980535507202,-0.032950001508919066,-3.0925339733089245,0.049227856530270946,-1.5569249370579301,0.3900629586955953,-0.7661717089640039,-3.7449265495655317,-0.058696038358155886,-0.8891597119489241,-1.3238719702851973,-6.134896185409349,-1.5216530583893269,-3.0477832556197537,0.1853462368838391,-1.4312185093679572
Qwen_2.5_7B_base,crisis_10,user_crisis,user_suffering,1,assistant_next,22,]:,5669,50.31101608276367,-2.039731740951538,-0.04054244775331304,-2.8485445976257324,-0.056618705393263385,-0.653433084487915,-0.01298787294243851,-0.8707874417304993,-0.017308086966441275,4.0026373863220215,0.07955787217132565,1.1605348587036133,0.023067211697622766,-2.283550262451172,-0.045388673102817856,3.944199800491333,0.07839634552406899,-2.4102277755737305,-0.047906561290847464,0.31208252906799316,0.006203065518585526,-0.5701499097385749,-0.5623529434681054,-0.09579324732947324,-0.41765441168000783,-0.28020337986019206,-0.5179623095885009,-0.6592857568113996,0.32268164629993606,-0.41056616389666034,-0.5308780306644638,-0.5662514266033402,-0.5737313219160618,-0.5641137980595364,-0.5689225599877992
Qwen_2.5_7B_base,crisis_10,user_crisis,user_suffering,1,user_next,22,]:,5669,50.79533767700195,-1.623577356338501,-0.03196311769128351,-0.48087620735168457,-0.00946693593040933,0.5771721601486206,0.011362699541811305,0.23309755325317383,0.004588955678086,4.029682159423828,0.07933173286587487,1.2539482116699219,0.02468628557297018,-0.7329646944999695,-0.014429763203086764,3.876864194869995,0.07632322910268358,-2.346781015396118,-0.046200716890964666,-0.9949338436126709,-0.01958710954810989,0.38747877952204696,2.6007281291731794,1.9918366045339366,0.7898124033917233,-0.22954062639303166,-0.291342464516389,1.2410804050964648,0.24603358670312803,-0.32475019788520004,-4.142442355980175,1.4941034543476133,0.5052713420417381,2.734768758159318,1.620020050100528
Qwen_2.5_7B_base,crisis_10,user_crisis,user_suffering,1,moderator_next,23,]:,5669,51.865989685058594,-2.8690943717956543,-0.05531745155577692,-2.8915154933929443,-0.055749741033591496,-1.155704140663147,-0.022282504347855506,0.06110990047454834,0.00117822682736068,4.1058549880981445,0.07916276182195262,0.32781723141670227,0.006320466136041725,-1.4628057479858398,-0.028203563777888168,2.5847034454345703,0.0498342644405215,-2.443465232849121,-0.047111127112128115,-1.0107759237289429,-0.019488222048139655,-2.478627817127445,-0.6197598116064165,-0.9478585665440629,0.6016864806045028,-0.08684668603361544,-2.5381268116874525,0.3466020413849149,-1.2248318375769116,-0.45552203707076055,-4.1862173939847676,-1.5491938143669308,-2.4319496615277494,-0.5033183835766126,-1.467634022552181
Qwen_2.5_7B_base,crisis_11,user_crisis,user_suffering,1,assistant_next,26,]:,5669,48.9801139831543,-1.7579625844955444,-0.035891353480724024,-1.920655369758606,-0.039212962436534465,-0.3706968128681183,-0.007568312580808036,-0.14332985877990723,-0.0029262867544408446,4.052862167358398,0.08274505381413153,1.476879358291626,0.03015263212330556,-1.5997885465621948,-0.03266200129939283,3.517653226852417,0.07181798776667285,-2.025252103805542,-0.04134845632458278,-0.1263805627822876,-0.002580242316825837,0.07823981760246237,0.6772585098209808,0.38384771260514944,0.3780633440433795,-0.18611770607733086,0.249486231862598,0.17871870714112675,-0.1628559366089426,0.11013905526999722,-1.7424448431339177,0.37774916371172157,0.01122613678499954,0.6536454180228427,0.3324357774039211
Qwen_2.5_7B_base,crisis_11,user_crisis,user_suffering,1,user_next,26,]:,5669,50.30453872680664,-1.3148481845855713,-0.026137764461497896,0.07817220687866211,0.0015539792006283748,0.5171549320220947,0.01028048253917314,0.9284125566482544,0.0184558407679726,3.8099253177642822,0.07573720809677204,1.2600669860839844,0.025048773291156547,-0.4128760099411011,-0.008207529984189771,3.2711124420166016,0.06502618898428479,-1.9057347774505615,-0.0378839529331579,-1.3232531547546387,-0.026304846207634423,1.0979072239013725,3.3475875563657937,1.8900218612528468,1.550371516375649,-0.6412093303532673,-0.2764983799640856,1.6333745922202398,-0.4434930912727926,0.27179419396498616,-5.049658467589104,2.2227473901335832,1.2379126564553873,3.5058258169615404,2.3718692367084637
Qwen_2.5_7B_base,crisis_11,user_crisis,user_suffering,1,moderator_next,27,]:,5669,48.84489822387695,-2.5587515830993652,-0.052385237274351924,-1.6783971786499023,-0.034361770413710226,-0.8471132516860962,-0.017342921829899525,0.8073592185974121,0.016529038813776237,3.9141974449157715,0.08013523596620754,0.3396480977535248,0.006953604370240942,-0.9875682592391968,-0.0202184525948391,2.209901809692383,0.04524324730012667,-2.066704034805298,-0.04231156394947767,-1.581318974494934,-0.03237429152266991,-1.7644862174010363,1.000902776110975,-0.4243571800114282,1.4179592730583876,-0.4458772027186151,-2.5094252501742225,0.9290434500699541,-1.6514682040024153,0.05407255964711043,-5.762749234957113,-0.38179172064503064,-2.0631717968136565,0.9930497059906662,-0.5350610454114951
Qwen_2.5_7B_base,crisis_12,user_crisis,user_suffering,1,assistant_next,18,]:,5669,50.12065887451172,-2.3812999725341797,-0.04751134613964866,-2.8042190074920654,-0.0559493644030709,-1.1464998722076416,-0.02287479650014499,-1.0175648927688599,-0.020302304790456988,3.6027371883392334,0.07188128147635672,0.9180221557617188,0.018316242770474996,-2.137070417404175,-0.0426385140457712,3.527956008911133,0.07038925840428714,-2.8120174407958984,-0.05610495759515878,0.2526758909225464,0.005041352140944057,-1.3561455642303684,-0.5031362745454658,-0.9322442128136325,-0.5782045615008753,-1.0293331679195799,-1.10629566262137,-0.479763035407107,-0.1511282890150353,-0.954013428310772,-0.6950312115255387,-0.9296409193879172,-1.450193687781554,-0.5172846473858217,-0.9837391675836878
Qwen_2.5_7B_base,crisis_12,user_crisis,user_suffering,1,user_next,18,]:,5669,51.5697021484375,-1.8308831453323364,-0.03550307775798953,-0.9075746536254883,-0.01759898963568062,-0.1399829387664795,-0.0027144414827829444,0.013256251811981201,0.0002570550392907951,3.6764538288116455,0.07129096495902561,0.6491260528564453,0.01258735315143008,-0.7145651578903198,-0.013856297944741382,3.271554946899414,0.06343947726288232,-2.8161466121673584,-0.05460854910624463,-0.4430265426635742,-0.008590829968115249,-0.0895604595932688,2.030681333482381,0.7752365620455672,0.549342538071788,-0.89124038493995,-1.7586348758692443,1.2636305032596793,-0.44298938836083807,-0.9595984074188736,-2.617405056790933,0.970560436944556,0.060058683866367854,2.165825314039192,1.1129419989527798
Qwen_2.5_7B_base,crisis_12,user_crisis,user_suffering,1,moderator_next,19,]:,5669,52.239112854003906,-2.9955387115478516,-0.057342832752916024,-2.7596397399902344,-0.0528270789686414,-1.680817723274231,-0.03217546454074982,-0.28125524520874023,-0.0053839973506974136,3.792769432067871,0.07260401689185982,-0.1337718963623047,-0.0025607612582580763,-1.2212263345718384,-0.023377623926824336,2.3672995567321777,0.04531661101037887,-2.988682508468628,-0.05721158620785342,-1.130171298980713,-0.021634580628106706,-2.7695936985849103,-0.44358070593353977,-1.8386745251593064,0.2271958824639928,-0.6733473114809404,-3.6579373452198247,0.6426768612170874,-1.4723024894567887,-1.1929646907609681,-4.51613221898622,-1.6065872022592251,-2.6866772091850257,-0.2988399724030514,-1.4927585907940386
Qwen_2.5_7B_base,crisis_13,user_crisis,user_suffering,1,assistant_next,22,]:,5669,50.095787048339844,-1.912827730178833,-0.03818340509019358,-2.600027561187744,-0.05190112211789091,-0.5394736528396606,-0.010768842743584335,-0.24333596229553223,-0.004857413699493844,3.788288116455078,0.07562089228780008,1.0514097213745117,0.020987986881211302,-2.0180492401123047,-0.04028381145434429,3.553414821624756,0.07093240831201822,-2.3325061798095703,-0.0465609249248609,0.08551371097564697,0.0017070040419393084,-0.2781262618051674,-0.23034718733478146,0.0975304138910264,0.2686732790923367,-0.6817421235669882,-0.7826987838687174,-0.333893099203093,-0.1221485452950295,-0.30544253265398735,-1.1569358810133554,-0.2542367245699744,-0.2770399369836284,-0.23405718826684727,-0.25554856262523784
Qwen_2.5_7B_base,crisis_13,user_crisis,user_suffering,1,user_next,22,]:,5669,50.50735092163086,-1.1074516773223877,-0.02192654449529044,-0.4214487075805664,-0.008344304341649246,0.6678105592727661,0.013222046832528726,0.6814972162246704,0.013493030297354292,3.449564218521118,0.06829826066058373,0.9903666377067566,0.019608366299856975,-0.6950415372848511,-0.013761195639884264,3.523996114730835,0.0697719450817922,-2.1315126419067383,-0.04220202808129998,-1.1764711141586304,-0.023293067101937064,1.5751552182781487,2.6801201591097117,2.1455978765270225,1.2802871497537196,-1.3162708463580646,-0.9307886845545432,1.287558255925134,-0.1556358330153872,-0.03358539497024385,-4.644068459312211,2.1276376886939303,1.7675481325586588,2.8133115107942626,2.2904298216764607
Qwen_2.5_7B_base,crisis_13,user_crisis,user_suffering,1,moderator_next,23,]:,5669,50.912818908691406,-2.239388942718506,-0.04398477614713681,-2.3232316970825195,-0.04563156680145866,-1.0157278776168823,-0.019950336661549217,0.5942165851593018,0.011671256824828101,3.3788375854492188,0.06636516417425106,0.1410459280014038,0.002770342146137299,-1.126326322555542,-0.022122647040532753,1.9290666580200195,0.0378896061811008,-2.3951563835144043,-0.04704426969188154,-1.593544602394104,-0.03129947695985986,-1.0295886937545853,0.13943760277059575,-0.710399294725361,1.1848166377992473,-1.448762472795285,-2.991232095887636,0.7589843874368175,-1.9711426057343981,-0.3901811030190381,-5.796531246030677,-0.4450755454919948,-1.0066650685254996,0.2045801503577643,-0.40104245908386765
Qwen_2.5_7B_base,crisis_14,user_crisis,user_suffering,1,assistant_next,32,]:,5669,49.91060256958008,-1.9429564476013184,-0.03892873152338031,-2.5048580169677734,-0.05018689192292891,-0.6333959698677063,-0.012690609555047801,-0.5392671823501587,-0.010804661827081119,4.038385391235352,0.08091237499297795,1.3299813270568848,0.026647270491330286,-1.9040578603744507,-0.038149366313901235,3.6086010932922363,0.0723012928618024,-2.211034059524536,-0.04429988711200484,0.4619811773300171,0.009256173108428653,-0.34745659987483973,-0.10320565634561948,-0.061801779465453836,-0.05502631768036559,-0.21323693303332272,-0.10688689920167314,-0.19418758066841718,-0.05933006166124946,-0.14114340506198783,-0.11667617230071779,-0.2253311281102296,-0.37077793297074246,-0.1141243808255738,-0.24245115689815813
Qwen_2.5_7B_base,crisis_14,user_crisis,user_suffering,1,user_next,32,]:,5669,50.41658401489258,-1.5206702947616577,-0.030162104880260554,-0.7833402156829834,-0.015537352063590667,0.5254017114639282,0.010421208055443216,0.48563307523727417,0.009632407366072696,4.184937000274658,0.08300715096124854,1.2852481603622437,0.02549256728664111,-0.3456663489341736,-0.0068562032848569635,3.3191046714782715,0.06583358901304856,-1.8699887990951538,-0.03709074772981003,-0.6554187536239624,-0.013000062706159504,0.6242821345681043,2.19665204155974,1.904011906411146,1.0660443150566958,0.061297004116924174,-0.2154091070447081,1.7157453869514359,-0.38886357944144606,0.3201430088612349,-3.2042899253455825,1.410467088063922,0.7317805923987742,2.31006380818883,1.520922200293802
Qwen_2.5_7B_base,crisis_14,user_crisis,user_suffering,1,moderator_next,33,]:,5669,51.699581146240234,-2.802971363067627,-0.05421651976519869,-2.6278414726257324,-0.05082906697430445,-0.9718074202537537,-0.018797201035436757,0.5397806167602539,0.01044071547182174,4.355165481567383,0.08423986007252411,0.4639321267604828,0.00897361480450256,-0.8982850313186646,-0.017375093016280478,2.182739734649658,0.04221967927506883,-2.2991693019866943,-0.04447172009930099,-1.0794719457626343,-0.020879703893715917,-2.3264696457385527,-0.2675051175529733,-0.6358915203611761,1.125272730882462,0.3801846334698331,-2.2079134587213125,1.0384671598432071,-1.682386769706798,-0.260352186572209,-4.376039118986677,-1.296987381645763,-2.2934879953742113,-0.15905291901523008,-1.2262704571947207
Qwen_2.5_7B_base,crisis_15,user_crisis,user_suffering,1,assistant_next,22,]:,5669,49.87031555175781,-2.238429546356201,-0.0448850086788212,-2.6271095275878906,-0.052678823033741384,-0.9824113249778748,-0.019699320409518585,-1.0196765661239624,-0.020446563348204466,3.7009196281433105,0.07421087248389913,1.2794557809829712,0.02565565841778343,-2.007254123687744,-0.040249477098345594,3.6789727210998535,0.07377079291350461,-2.4179577827453613,-0.048484910432056286,0.17688918113708496,0.003546983394430317,-1.0273809902799012,-0.26652727728407355,-0.6538802524463615,-0.5805143813753589,-0.8454088020588066,-0.22946136055928926,-0.32066282388575157,0.02077389927221226,-0.4210215130878881,-0.9044460154371813,-0.6469541337819873,-1.119885249220954,-0.28846753202448017,-0.704176390622717
Qwen_2.5_7B_base,crisis_15,user_crisis,user_suffering,1,user_next,22,]:,5669,50.09043884277344,-1.626611590385437,-0.03247349450243654,-0.30416083335876465,-0.006072233352027141,0.29932257533073425,0.0059756429020369345,0.05983024835586548,0.0011944444835802672,3.735330820083618,0.07457173277735249,1.1488535404205322,0.02293558545227794,-0.4331745505332947,-0.008647848981578426,3.3622303009033203,0.06712319513623886,-2.2519655227661133,-0.04495799148086332,-1.1340035200119019,-0.022639121281635664,0.38049658810291975,2.8368106215601445,1.520485543646013,0.6002867537532753,-0.7809465961005514,-0.5463010690429938,1.608497113366566,-0.33977371407497897,-0.19650593340079436,-4.526721461058667,1.608653604831532,0.44108242112660817,2.972272572903714,1.706677497015161
Qwen_2.5_7B_base,crisis_15,user_crisis,user_suffering,1,moderator_next,23,]:,5669,51.38320541381836,-3.3408823013305664,-0.06501895462582627,-2.7325992584228516,-0.053180786142391585,-1.7583874464035034,-0.03422105398528961,-0.30986452102661133,-0.006030463038089878,3.5805115699768066,0.06968252644304491,0.05229449272155762,0.0010177351198781808,-1.3413856029510498,-0.026105525962191418,2.36683988571167,0.04606251919572074,-2.7714548110961914,-0.053936977827211824,-1.4389688968658447,-0.02800465415259723,-3.5642769734846618,-0.4074560375499769,-1.9702657647637478,0.19590208708649115,-1.070968238012869,-3.206542176024685,0.4954121037041082,-1.472825732567914,-0.8991497718860617,-5.369405683325301,-1.9858665055173192,-3.652085450836888,-0.32358641222464024,-1.987835931530764
Qwen_2.5_7B_base,crisis_16,user_crisis,user_suffering,2,assistant_next,40,]:,5669,43.865787506103516,-1.5418044328689575,-0.03514822189512567,-1.4704405069351196,-0.03352135207262657,-0.21826379001140594,-0.004975718034950052,0.9477826952934265,0.021606421522959125,3.4586024284362793,0.07884510059132181,1.0866584777832031,0.02477234627628661,-0.44858402013778687,-0.010226284438079918,1.6317603588104248,0.037198929999453005,-0.7993136048316956,-0.018221799955614123,0.7824090719223022,0.017836430539710187,0.5756495652076602,1.278722007441073,0.6424389467254289,1.5715592304252723,-1.2993396412415512,-0.6971856590031179,1.5896115805623252,-2.309566099962275,1.7683024707946056,0.7687342763626238,0.9271857863243667,0.104688091825126,1.051847953371634,0.5782680225983801
Qwen_2.5_7B_base,crisis_16,user_crisis,user_suffering,2,user_next,40,]:,5669,42.62251663208008,-1.411475658416748,-0.03311572778774853,-0.9963538646697998,-0.023376232644129896,-0.039546817541122437,-0.0009278386323945335,0.7718899250030518,0.018109909643910713,3.540346622467041,0.08306282458700195,0.7897601127624512,0.018529176012287218,0.039333224296569824,0.0009228273552239159,1.9977812767028809,0.04687149972742904,-1.0342376232147217,-0.024265052956452995,0.2567446231842041,0.006023685213157118,0.8755540671574942,1.9120769532187303,0.9456189375386569,1.3791617577702484,-1.1462089074778592,-1.4174580755968476,2.187593040146992,-1.8929248168042145,1.4505520999262258,-0.6837884386019478,1.3938155101881122,0.36031021388854373,1.76163165597033,1.060970934929437
Qwen_2.5_7B_base,crisis_16,user_crisis,user_suffering,2,moderator_next,41,]:,5669,47.87955093383789,-2.4973392486572266,-0.05215878595244475,-2.670034885406494,-0.05576566265410609,-1.6823203563690186,-0.035136510755786415,-0.37320423126220703,-0.00779464769370785,3.270260810852051,0.06830182712805816,0.12680473923683167,0.0026484112061129425,-1.2819359302520752,-0.026774184495245407,2.526992082595825,0.0527781074239342,-1.9419591426849365,-0.040559259742607504,-0.4650064706802368,-0.009712005681147754,-1.6231679578542935,-0.3238733091059807,-1.8412236299341709,0.1266189656261145,-1.6521584614755638,-3.025781075117983,0.5682724144594219,-1.2905246302303632,0.22279832897459764,-2.678140274464737,-0.9735206334801371,-2.0346915334564954,-0.5044323090301145,-1.269561921243305
Qwen_2.5_7B_base,crisis_17,user_crisis,user_suffering,2,assistant_next,51,]:,5669,44.58041000366211,-1.2093713283538818,-0.0271278646440115,-1.5275335311889648,-0.03426468107995157,0.5056806802749634,0.011343114166815058,1.0768797397613525,0.024155895822243246,3.912951707839966,0.08777289638023814,1.4699536561965942,0.03297308517521134,-0.42215853929519653,-0.009469597503937667,2.1292262077331543,0.04776147656691014,-0.948102593421936,-0.021267247056365186,0.539034366607666,0.012091283291548606,1.3406240312093292,1.202448714635789,1.8705566504718036,1.7127699524001334,-0.44821083184979194,0.23268454895589658,1.6219981128784724,-1.74330116948806,1.5670554606715403,0.09623818391060039,1.271536372922559,1.1133900274396948,0.999842373862519,1.0566162006511068
Qwen_2.5_7B_base,crisis_17,user_crisis,user_suffering,2,user_next,51,]:,5669,42.63864517211914,-1.0351958274841309,-0.02427834710285382,-0.9218875169754028,-0.021620938312041236,0.7153432369232178,0.016776875391692123,1.0388884544372559,0.02436494992379757,3.630831718444824,0.08515354331237002,1.2350231409072876,0.028964877657858917,-0.07349509000778198,-0.001723673200944937,2.3871209621429443,0.055984915855249826,-1.1359602212905884,-0.02664156463473605,-0.26135003566741943,-0.006129416978715657,1.7414259037026525,2.0115600970189518,2.2262335127187014,1.6712137970948002,-0.976703913196042,-0.33725449387854856,2.049312950972421,-1.4497398014227556,1.3129655156051518,-2.115394213522336,1.876493000360802,1.4717673128073911,1.8844374365194319,1.6781023746634114
Qwen_2.5_7B_base,crisis_17,user_crisis,user_suffering,2,moderator_next,52,]:,5669,47.36312484741211,-2.0577008724212646,-0.043445209306828415,-2.3324551582336426,-0.04924622616746721,-1.0417309999465942,-0.021994558072396985,-0.09134030342102051,-0.00192851091889076,3.206766366958618,0.06770597120206341,0.42624616622924805,0.00899953640310829,-1.2568330764770508,-0.026536109695594196,2.436229705810547,0.05143726714948076,-1.8613730669021606,-0.03930004772486765,-0.7432668209075928,-0.015692943050150215,-0.6114993618956314,0.1271155413234762,-0.7545116489134791,0.4349312814747773,-1.771102086751996,-2.2993392160224384,0.5990379619192824,-1.3938393624703513,0.33179636009568675,-3.447032826261798,-0.2421919102860776,-0.938804984595085,-0.048312516556732785,-0.49355875057590887
Qwen_2.5_7B_base,crisis_18,user_crisis,user_suffering,1,assistant_next,43,]:,5669,49.628623962402344,-1.4197665452957153,-0.028607816053318386,-1.9799208641052246,-0.03989473626359605,-0.4907250702381134,-0.009887944316366234,-0.9282329082489014,-0.01870357938902582,3.890933036804199,0.07840098568422717,2.010718584060669,0.04051529991208197,-1.5565176010131836,-0.03136330360866685,4.005827903747559,0.0807160784224502,-1.8431247472763062,-0.037138340742081034,0.3460369110107422,0.0069725268077731285,0.8564755918890041,0.5980829106540635,0.1802287419849207,-0.4804902096231719,-0.48945822919937554,1.5445747689460496,0.23175069867691184,0.39283286106415793,0.356478426956071,-0.4370548490458067,0.7272792512715338,0.9272599331753794,0.6059464279106721,0.7666031805430258
Qwen_2.5_7B_base,crisis_18,user_crisis,user_suffering,1,user_next,43,]:,5669,48.31779479980469,-0.437701940536499,-0.009058814508195815,0.08886861801147461,0.001839252357846303,0.6896892786026001,0.014274022261574487,0.08009779453277588,0.0016577286870115946,3.7879605293273926,0.07839680070297216,1.7843369245529175,0.03692918793057439,0.004773855209350586,9.88011814100813e-05,3.401486396789551,0.07039821272644878,-1.107923984527588,-0.022929936871458098,-0.6071387529373169,-0.012565531093728042,3.116341821820243,3.3618774019110442,2.1827134891839415,0.6224560825717318,-0.6823557898686603,0.9953751633680596,2.1452377796907673,-0.2950885352715627,1.3508863918549034,-3.070882011144412,3.2391096118656435,3.385893019021773,3.5257844028815257,3.4558387109516495
Qwen_2.5_7B_base,crisis_18,user_crisis,user_suffering,1,moderator_next,44,]:,5669,49.55445861816406,-1.926613450050354,-0.03887871048891166,-1.8673479557037354,-0.03768274354669801,-0.7889187932014465,-0.015920238364026246,0.2589707374572754,0.0052259825791407255,4.138671875,0.08351764887373787,0.960336446762085,0.019379415567060115,-0.5133363008499146,-0.010359033579710068,2.453737735748291,0.04951598310568324,-1.6253585815429688,-0.03279944180334961,-0.9297163486480713,-0.018761507532791127,-0.30984910635324137,0.7484744254961049,-0.32563462923807873,0.8181133690436323,-0.025371078735681576,-1.0036416226331275,1.5102525011828638,-1.3739099876662186,0.6510216601283185,-3.9622325413796715,0.21931265957143176,-0.36448690219615126,0.7607042296090094,0.19810866370642907
Qwen_2.5_7B_base,crisis_19,user_crisis,user_suffering,2,assistant_next,52,]:,5669,44.953819274902344,-1.6855370998382568,-0.037494858657744566,-0.8377774953842163,-0.01863640306646751,1.2333543300628662,0.027436029907061673,2.476809024810791,0.055096742941118465,4.6004204750061035,0.1023365878408136,1.796119213104248,0.03995476340109368,0.5855730772018433,0.013026102935124089,1.502485752105713,0.03342287210164918,0.30359145998954773,0.006753407494322567,1.2624927759170532,0.028084216119583442,0.24490085616370508,2.12392668450536,3.1050006286138787,3.2440600440543754,0.8396188177538907,1.0239588756673117,2.8570535034726636,-2.456719269041618,3.2600549778038475,2.0953076956050873,1.1844137703345325,-0.19044303145609207,2.0932446853714577,0.9514008269576828
Qwen_2.5_7B_base,crisis_19,user_crisis,user_suffering,2,user_next,52,]:,5669,44.253662109375,-0.7562535405158997,-0.01708906120914431,0.704816460609436,0.015926737517619426,1.5496853590011597,0.03501823996330608,2.111931562423706,0.047723317387925276,4.119349002838135,0.09308492916714939,1.7931318283081055,0.04051939981546151,1.0563490390777588,0.023870319171935255,1.9851343631744385,0.044858081084184306,-0.09562146663665771,-0.0021607582757857367,1.3411190509796143,0.03030526711360013,2.383310614101975,4.184751487935539,3.641632584279967,2.8449447110241395,-0.06156845798264002,1.0167115105083202,3.4340269554897094,-1.907320787151536,2.7200929238426026,2.312568822538028,3.284031051018757,2.375947309984436,4.511388115827627,3.4436677129060316
Qwen_2.5_7B_base,crisis_19,user_crisis,user_suffering,2,moderator_next,53,]:,5669,49.04825973510742,-2.432499408721924,-0.049594000314363985,-1.8274534940719604,-0.03725827387029429,-0.443126916885376,-0.009034508446957143,1.1110435724258423,0.022652048786770455,4.267031669616699,0.08699659667155271,0.7217422723770142,0.014714941493844898,-0.5596967339515686,-0.01141114357521135,2.327988624572754,0.047463225752461154,-1.0324857234954834,-0.02105040482723708,0.2830082178115845,0.005769995089326581,-1.473962534999385,0.8017713386149539,0.26097545281345746,1.7501395102847799,0.21508428043043995,-1.5824686652054534,1.4534340964854784,-1.517050088340889,1.452921660898934,-0.6112165386675503,-0.33609559819221557,-1.7121243264646726,0.7904014313701274,-0.4608614475472726
Qwen_2.5_7B_base,crisis_20,user_crisis,user_suffering,2,assistant_next,45,]:,5669,45.08061981201172,-1.7566092014312744,-0.03896595052943851,-0.7373613119125366,-0.016356503415156393,0.3753586709499359,0.008326386649411632,1.4942493438720703,0.033146157930018696,3.9953174591064453,0.08862605429488558,1.5075554847717285,0.03344132114993771,0.286945641040802,0.006365166278489042,1.1603612899780273,0.025739692462454774,-0.404219388961792,-0.008966588983190684,1.2317646741867065,0.02732359668796087,0.08135413886837803,2.2580774509855344,1.6494750987658346,2.169302968858765,-0.2939157399722287,0.3239062029864336,2.491061786261219,-2.8461592379958573,2.302693694325985,2.01039941265345,1.169715794926956,-0.3754588819954685,2.252753464688102,0.9386472913463167
Qwen_2.5_7B_base,crisis_20,user_crisis,user_suffering,2,user_next,45,]:,5669,44.256282806396484,-0.9454160928726196,-0.021362302320066882,0.516625165939331,0.011673487540726347,0.9535393118858337,0.02154585182983366,1.5124547481536865,0.034174916017462885,4.177434921264648,0.09439190678393063,1.3863775730133057,0.03132611880392559,0.9181954860687256,0.020747234694008604,1.8476231098175049,0.0417482669726266,-0.5584169626235962,-0.01261780084573408,1.0970274209976196,0.024788060619475777,1.9480214671691598,3.933337766042683,2.6303153568811006,2.189216656991958,0.047243420530013104,0.029929820415514466,3.2647087684046783,-2.0638497237412743,2.094131212910578,1.6380917146934737,2.9406796166059213,1.838511576764877,4.213817689185116,3.0261646329749965
Qwen_2.5_7B_base,crisis_20,user_crisis,user_suffering,2,moderator_next,46,]:,5669,47.86711502075195,-2.440669059753418,-0.050988430338768244,-1.749295949935913,-0.036544837707004826,-1.1989198923110962,-0.02504683835220329,0.0072830915451049805,0.00015215229791784032,3.518573760986328,0.07350711985589505,0.5140372514724731,0.010738839206198687,-0.6619715690612793,-0.013829360068479018,1.8962305784225464,0.039614473895083685,-1.6960961818695068,-0.035433432349833364,0.013486862182617188,0.00028175632011183865,-1.492762029846186,0.9061857277060895,-1.021170860315101,0.5428088929582726,-1.1869958317873963,-2.086358935315591,1.3280881369496824,-2.0085198857438185,0.5553443475537916,-1.355961389035336,-0.2932881510700482,-1.8874985923055425,0.8403156157339915,-0.5235914882857755
Qwen_2.5_7B_base,grief_01,user_grief,user_suffering,1,assistant_next,18,]:,5669,49.9052619934082,-2.0510542392730713,-0.04109895745150055,-3.3326170444488525,-0.0667788708310768,-1.266718864440918,-0.025382470982884212,-1.497435450553894,-0.03000556235436024,3.3728175163269043,0.06758440656563244,0.32377052307128906,0.0064877031026117984,-2.998622417449951,-0.06008629746991465,4.334108352661133,0.08684672075729427,-2.8071794509887695,-0.056250169598539713,0.35925841331481934,0.007198808281224381,-0.596204541451485,-1.2090484015918423,-1.1361867508785088,-1.1031032390700548,-1.4600398193143693,-2.5479440850126087,-1.535663658662851,0.7665142021705779,-0.9474697250910942,-0.4005210251040687,-0.9026264715216636,-0.6437222702210191,-1.2749501656640447,-0.959336217942532
Qwen_2.5_7B_base,grief_01,user_grief,user_suffering,1,user_next,18,]:,5669,49.276519775390625,-1.9480955600738525,-0.039533951848741526,-1.9761707782745361,-0.04010370024673421,-1.1068145036697388,-0.022461296144994744,-1.1548079252243042,-0.02343525741038699,3.2634894847869873,0.0662280838756965,-0.4434702396392822,-0.008999625818963729,-2.452453851699829,-0.049769217933378046,3.989422559738159,0.08095990905856408,-3.2743823528289795,-0.06644913982874763,-1.2492295503616333,-0.02535141596963014,-0.35928240713050996,0.6030928290871334,-0.864920950213369,-0.7283256411811119,-1.6648431315147127,-4.409262378995581,-0.8662905634258737,0.3741586726650843,-1.5793927457865213,-4.845115499004288,0.1219052109783117,-0.446895105130415,0.5913266660924957,0.07221578048104035
Qwen_2.5_7B_base,grief_01,user_grief,user_suffering,1,moderator_next,19,]:,5669,51.324520111083984,-2.9404866695404053,-0.05729204409853569,-3.7774622440338135,-0.07359956285724797,-2.0656332969665527,-0.04024651945105008,-0.702789306640625,-0.013693051686007901,3.5957417488098145,0.0700589453350443,-0.8710180521011353,-0.016970797782735258,-2.2780256271362305,-0.04438474285206752,2.690262794494629,0.05241671599991527,-2.758911609649658,-0.05375426021867172,-1.6946353912353516,-0.03301804649254538,-2.642911349971107,-1.8033383101122078,-2.491485394122658,-0.2338923585342803,-1.042437667888548,-5.446489027480954,-0.6525148760381005,-1.1046737250434777,-0.8821842570828266,-6.07586660420088,-2.2231248300416575,-2.68028963661479,-1.752146720592976,-2.216218178603883
Qwen_2.5_7B_base,grief_02,user_grief,user_suffering,1,assistant_next,24,]:,5669,50.445213317871094,-1.9493907690048218,-0.03864372139178201,-2.8500733375549316,-0.05649839003743976,-0.5685214996337891,-0.011270078214385911,-0.7436286211013794,-0.014741311854814499,4.258183002471924,0.08441203282538977,0.9799333810806274,0.01942569604980675,-2.358604907989502,-0.04675577230940017,4.075765609741211,0.08079588412201838,-2.329366683959961,-0.04617616877307846,0.2153949737548828,0.004269879332209611,-0.36226286168474,-0.5643952600167,0.04825291213806748,-0.2785637846209891,0.19850814424393334,-0.9560996591115076,-0.75127120516269,0.4724428891852504,-0.3011961555597277,-0.7980463177415649,-0.46332906085072,-0.3349328624318915,-0.5556961663758624,-0.4453145144038769
Qwen_2.5_7B_base,grief_02,user_grief,user_suffering,1,user_next,24,]:,5669,49.90786361694336,-1.836298942565918,-0.03679377976705274,-1.36981201171875,-0.02744681724372006,0.06710662692785263,0.0013446102891302768,0.061240434646606445,0.0012270698484840726,4.198558807373047,0.08412619781920833,0.3873685300350189,0.007761673250696111,-1.6440684795379639,-0.03294207285963278,3.600003480911255,0.07213299107616139,-2.349130153656006,-0.047069339046171735,-1.183471441268921,-0.02371312565796026,-0.10202295668054212,1.4131564113021775,1.1265485373822284,0.601829263305336,0.08681462455341361,-2.393655966372721,0.12445012111921179,-0.06911671613753881,-0.3279275637349677,-4.663411852543937,0.6555667273108177,-0.10226994740037618,1.4768410599402082,0.687285556269916
Qwen_2.5_7B_base,grief_02,user_grief,user_suffering,1,moderator_next,25,]:,5669,51.322025299072266,-2.5316247940063477,-0.04932823245485036,-3.1357455253601074,-0.06109941116093857,-1.2792803049087524,-0.02492653587721679,-0.06135106086730957,-0.0011954138697721774,4.392983913421631,0.08559646443845702,-0.012512266635894775,-0.00024379915958072987,-1.9239435195922852,-0.03748767723761408,2.683565855026245,0.05228877542123723,-2.1659817695617676,-0.04220374696711202,-1.1361960172653198,-0.02213856547250988,-1.7020637308347806,-0.946038354099647,-1.1574962960940434,0.46773453123113307,0.4510295942440976,-3.36376271568895,-0.21855904050003166,-1.112296845244928,-0.08020718430996866,-4.532779797456976,-1.3240510424672138,-1.6786993123509564,-0.8775977301562422,-1.2781485212535992
Qwen_2.5_7B_base,grief_03,user_grief,user_suffering,1,assistant_next,30,]:,5669,50.63197708129883,-2.189964771270752,-0.043252602357485785,-2.995899200439453,-0.059170101053509984,-0.824689507484436,-0.01628791832798169,-0.9834812879562378,-0.019424113863400597,4.179412841796875,0.08254492679766522,1.2425050735473633,0.024539928029124674,-2.3496811389923096,-0.046407058828049914,4.19495964050293,0.08285198173808542,-2.1868350505828857,-0.04319078923328483,0.619178056716919,0.01222899227740438,-0.9158568522282373,-0.7592109819676208,-0.3863169733814288,-0.540922759559298,0.050948642974461535,-0.3191034013217332,-0.7403344152238063,0.6081213476932837,-0.10841263483771936,0.3176922514706659,-0.837533917097929,-0.9145812503483669,-0.7426172717039491,-0.828599261026158
Qwen_2.5_7B_base,grief_03,user_grief,user_suffering,1,user_next,30,]:,5669,49.373138427734375,-1.7941019535064697,-0.036337612123491604,-0.7419066429138184,-0.01502652386580042,0.3661055564880371,0.007415075649361285,0.23406362533569336,0.004740707858348596,4.462673664093018,0.09038667190713158,1.470125675201416,0.029775819848948518,-0.4620439410209656,-0.009358204799908397,3.754216432571411,0.0760376300175108,-1.8213750123977661,-0.036889998699670364,-0.7378991842269897,-0.01494535708535169,-0.004921859544875167,2.252005126618616,1.6337778814351265,0.7908691257730496,0.5815788373145262,0.23310186531361504,1.5731153750532367,0.10642374867862184,0.3858963909919032,-3.432200904067004,1.1235416335368704,-0.044898789156654226,2.3458029172426804,1.1504520640430131
Qwen_2.5_7B_base,grief_03,user_grief,user_suffering,1,moderator_next,31,]:,5669,51.538002014160156,-3.0741634368896484,-0.05964847911731263,-3.2631852626800537,-0.06331609948293082,-1.1264609098434448,-0.021856899100084395,0.20361340045928955,0.003950742995495759,4.534991264343262,0.0879931523751593,0.25328007340431213,0.004914433301755139,-1.434190034866333,-0.027827815957480982,2.905853033065796,0.056382725746089414,-2.138759136199951,-0.0414986816060957,-1.2595019340515137,-0.02443831512338145,-2.950520045768668,-1.116291174416449,-0.898249610389993,0.7575616379307376,0.7170508096258793,-2.7189531996126957,0.3816728778709186,-0.8592675494843109,-0.043386760811899995,-4.873500280745191,-2.0334056100925584,-2.976653064099277,-1.0326840508033415,-2.0046685574513092
Qwen_2.5_7B_base,grief_04,user_grief,user_suffering,1,assistant_next,23,]:,5669,50.23343276977539,-2.332190990447998,-0.046427067828246016,-3.1047604084014893,-0.061806654198428006,-0.8926711082458496,-0.017770458020200337,-0.6904779672622681,-0.013745386870668274,4.356224536895752,0.08671962668489618,0.9143703579902649,0.018202426304029656,-2.290865898132324,-0.04560440670323251,4.053888320922852,0.08070100125353184,-2.4066970348358154,-0.04791026418333657,0.6327406167984009,0.012596005924944677,-1.2431390169370056,-0.9046438592506291,-0.5016426797730865,-0.22042579832555884,0.3821685532020221,-1.1151548869070034,-0.6682516512377723,0.44753999090887675,-0.4057906020506024,0.35516849061659933,-1.0738914380938174,-1.3138264915067492,-0.9270786244251022,-1.1204525579659257
Qwen_2.5_7B_base,grief_04,user_grief,user_suffering,1,user_next,23,]:,5669,48.69181823730469,-1.685410499572754,-0.03461383371142004,-0.8870398998260498,-0.01821743224915052,0.18075507879257202,0.003712226927153206,0.4628599286079407,0.009505907673279815,4.397794723510742,0.09031896697875663,0.951288104057312,0.01953691890126406,-0.788567066192627,-0.016195063046310215,3.445751667022705,0.0707665433693495,-2.1783077716827393,-0.044736628257883645,-0.40295517444610596,-0.008275623893982797,0.24519218085184058,2.058114690003576,1.319344644635066,1.041134275555625,0.4600416456524969,-1.0255928100897493,1.1729352682716938,-0.24470141779348856,-0.09687892256909156,-2.506679340613423,1.1516534354277081,0.17189686799261425,2.1225571700683603,1.1472270190304872
Qwen_2.5_7B_base,grief_04,user_grief,user_suffering,1,moderator_next,24,]:,5669,50.64409255981445,-2.783646583557129,-0.05496488223714216,-2.8233728408813477,-0.055749302597272,-1.0576280355453491,-0.020883542030024755,0.6752251386642456,0.01333275224285546,4.356899738311768,0.08602977204430988,0.138151615858078,0.0027278920181047894,-1.0903016328811646,-0.021528703107740296,2.207732677459717,0.04359309380165554,-2.022240161895752,-0.039930425439202714,-1.2972570657730103,-0.02561517050070258,-2.28200066029197,-0.5287247936603199,-0.7814797820469422,1.273426538775054,0.3834334025224992,-2.9982536677366567,0.8031355150271995,-1.6539373252809513,0.11421290717095274,-4.977825742669812,-1.4053627269761448,-2.3876078269921632,-0.5032877092256208,-1.445447768108892
Qwen_2.5_7B_base,grief_05,user_grief,user_suffering,1,assistant_next,24,]:,5669,49.02011489868164,-1.9640676975250244,-0.04006656658362599,-2.935877799987793,-0.05989128760827835,-0.6767257452011108,-0.013805062403460643,-0.5331302881240845,-0.010875745379748643,4.287666320800781,0.08746748818648924,1.115281343460083,0.02275150406654958,-2.0255703926086426,-0.041321208585398866,4.012820720672607,0.08186069594015842,-2.072309970855713,-0.04227468611893127,0.9460079669952393,0.01929836290572794,-0.3960365003651125,-0.6790255317998739,-0.13530750589949553,-0.04831357481379593,0.2537390046495965,-0.6277468777235948,-0.343110870861754,0.40079277830964655,0.04649015802064267,1.220792831600666,-0.5375310160824932,-0.5138808387073287,-0.7930736972508036,-0.6534772679790661
Qwen_2.5_7B_base,grief_05,user_grief,user_suffering,1,user_next,24,]:,5669,49.528358459472656,-1.4585628509521484,-0.02944904487689896,-0.6103858947753906,-0.01232396779866727,0.31202754378318787,0.006299977497508003,0.4015616774559021,0.008107712226814182,4.430883884429932,0.08946155338573497,1.179668664932251,0.023818044886295457,-0.38160741329193115,-0.007704826591500853,3.829827308654785,0.07732594876506155,-1.8448731899261475,-0.03724882566894971,0.5359882712364197,0.010821846067743198,0.7671999367292709,2.4277099638353388,1.5420385733636448,0.9740841712201513,0.5220273016524029,-0.47154389010689224,1.671696748849714,0.19249154123395923,0.354113541899817,0.08782117429675798,1.5974549502823048,0.821460513514539,2.5348820370431047,1.6781712752788218
Qwen_2.5_7B_base,grief_05,user_grief,user_suffering,1,moderator_next,25,]:,5669,51.250301361083984,-2.868213653564453,-0.055964815374576135,-2.9795804023742676,-0.0581378123297585,-1.0512464046478271,-0.0205120043537163,0.5559346675872803,0.010847441923715584,4.619655132293701,0.0901390823001395,0.2976655066013336,0.005808073293152588,-1.058700680732727,-0.02065745278790951,2.8487205505371094,0.055584464381320406,-2.102128267288208,-0.04101689573447898,-0.9777126312255859,-0.01907720745556425,-2.476601162893975,-0.7374099216923392,-0.770653822037991,1.1429425790924241,0.8756509447944308,-2.6112745897013756,0.8418649998026247,-0.9243014031990635,0.0061589274580839595,-4.094856482079973,-1.607005542293157,-2.513367124194876,-0.6703951832742042,-1.59188115373454
Qwen_2.5_7B_base,grief_06,user_grief,user_suffering,1,assistant_next,20,]:,5669,49.57455062866211,-1.9035308361053467,-0.038397339198568504,-3.1504478454589844,-0.06354970051180889,-1.0962728261947632,-0.022113621047347227,-1.4999710321426392,-0.03025687602048405,3.4440507888793945,0.06947215345787071,0.9044362306594849,0.018243962258662903,-2.744044065475464,-0.05535186967260097,4.579761505126953,0.09238130143491628,-2.3903207778930664,-0.04821669077341216,0.7757322788238525,0.015647792445653633,-0.25673282510242545,-0.9656798843999643,-0.8470377820069999,-1.1058767441355548,-1.326599109259206,-1.1392549788653763,-1.2236576038884452,1.0461409657023122,-0.3836406245693286,0.750284876442393,-0.6112063547511949,-0.30394593910489137,-1.0490274959817398,-0.6764867175433156
Qwen_2.5_7B_base,grief_06,user_grief,user_suffering,1,user_next,20,]:,5669,48.859169006347656,-1.7297048568725586,-0.03540184763780652,-1.4603275060653687,-0.029888504773293356,-0.47137486934661865,-0.009647623546061105,-0.6174032688140869,-0.01263638496868163,3.2844057083129883,0.06722189048868774,0.20276781916618347,0.004150046414826261,-1.9661622047424316,-0.04024141721458654,4.1103010177612305,0.08412547944127398,-2.5199923515319824,-0.051576651891164824,-0.4582439661026001,-0.009378873513855019,0.1432647498526556,1.292232447403914,0.21305491203148957,-0.14049421686687844,-1.6256609401177724,-2.8414954151117633,-0.2703014030744429,0.5117545132167377,-0.5590300585593144,-2.6594540354910925,0.7177485986282848,0.07279016389575342,1.3060131039418226,0.689401633918788
Qwen_2.5_7B_base,grief_06,user_grief,user_suffering,1,moderator_next,21,]:,5669,50.84406280517578,-2.9423887729644775,-0.05787084293871478,-3.3512938022613525,-0.06591317879341854,-2.0642426013946533,-0.040599481778323177,-0.8429743051528931,-0.016579601602314926,3.551269769668579,0.06984630208007434,-0.589446485042572,-0.011593221558654988,-1.9282373189926147,-0.03792453263188727,2.861461877822876,0.05627917440011476,-2.6544787883758545,-0.052208235178752005,-1.614563226699829,-0.03175519692213643,-2.6472883525359756,-1.2339995727008108,-2.4891261829918707,-0.3872314603824282,-1.125746664675014,-4.76339926699952,-0.22382143378877367,-0.9097979617563032,-0.7409319155002855,-5.854610177019184,-1.9406439626183931,-2.7530838391846335,-1.214383692875825,-1.9837337660302292
Qwen_2.5_7B_base,grief_07,user_grief,user_suffering,1,assistant_next,27,]:,5669,49.772151947021484,-2.1852426528930664,-0.04390492609640596,-3.4149022102355957,-0.0686107004951381,-0.8285085558891296,-0.016646026411938374,-0.7828233242034912,-0.015728139001037058,4.1840338706970215,0.0840637526613395,0.7801924347877502,0.015675280337852447,-2.548961877822876,-0.05121261143251439,4.373348712921143,0.0878673824988766,-2.178497791290283,-0.04376941132883146,0.3715353012084961,0.007464722473803544,-0.9049906059510021,-1.318977077215658,-0.3927957036567125,-0.3214362790723599,0.059605178825269084,-1.4406691651410652,-0.9845688390576318,0.8111814691247543,-0.0971359367355652,-0.36659737175934015,-1.11198384158333,-0.9966225107928076,-1.403110593015487,-1.1998665519041474
Qwen_2.5_7B_base,grief_07,user_grief,user_suffering,1,user_next,27,]:,5669,49.4949951171875,-1.477975606918335,-0.029861112288605867,-1.1703009605407715,-0.0236448343467838,0.3394804298877716,0.006858883995927187,0.3651101589202881,0.00737670865621524,4.479263782501221,0.0904993276975951,1.08062744140625,0.021833064915910947,-0.6719571352005005,-0.013576264299239388,4.039312362670898,0.08161052149024695,-1.859268307685852,-0.037564774039955555,-0.24490630626678467,-0.004948102443225399,0.7225285053129669,1.679692735542578,1.5886103434755643,0.9342122650064275,0.6126569711831977,-0.7118168919689482,1.3158500300108036,0.43094819067975315,0.3346431870237035,-2.069956690535019,1.2011106204277724,0.7696357402808154,1.7428394561960732,1.2562375982384442
Qwen_2.5_7B_base,grief_07,user_grief,user_suffering,1,moderator_next,28,]:,5669,51.658226013183594,-2.7587480545043945,-0.05340384808801487,-3.487447738647461,-0.06751001743183044,-1.2401660680770874,-0.02400713620635341,0.16753625869750977,0.0032431670931702757,4.476679801940918,0.0866595728780627,0.18475040793418884,0.0035763986143666463,-1.5667335987091064,-0.030328830848919658,2.9170901775360107,0.056469035092137035,-1.9550435543060303,-0.03784573542666927,-0.9512373208999634,-0.018414053178233414,-2.2247057076905246,-1.415894106968195,-1.0911419157608468,0.7180992377188099,0.6078164214178974,-2.8852054716758158,0.21923017950484672,-0.8464763179938789,0.205100791388558,-4.0216995666256,-1.8202999073293598,-2.1912801425157147,-1.3261034266072007,-1.7586917845614578
Qwen_2.5_7B_base,grief_08,user_grief,user_suffering,1,assistant_next,19,]:,5669,50.386043548583984,-2.135211944580078,-0.0423770511475312,-3.0909171104431152,-0.0613447076364062,-0.8620036840438843,-0.017107985135064438,-0.9963997602462769,-0.01977531256816212,3.935081720352173,0.07809864484711584,1.1916632652282715,0.023650661597972623,-2.1733949184417725,-0.04313485968284271,4.2812042236328125,0.08496805706732512,-2.2363076210021973,-0.04438347334904102,1.0343782901763916,0.02052906355266827,-0.7898630393651122,-0.8861499375786003,-0.44961768595576335,-0.5550534223208446,-0.4067548594180534,-0.4424451116724381,-0.5242816057116451,0.7062934794598738,-0.17532757911096986,1.4649788366796148,-0.8380064884718562,-0.8044651828766619,-0.8947594246852167,-0.8496123037809393
Qwen_2.5_7B_base,grief_08,user_grief,user_suffering,1,user_next,19,]:,5669,50.122982025146484,-1.712529182434082,-0.034166546227734684,-1.3649367094039917,-0.02723175386331182,-0.09830796718597412,-0.0019613351643095263,-0.26523661613464355,-0.005291716602208054,3.7586305141448975,0.07498816635169889,0.854293942451477,0.017043956842449665,-1.0215308666229248,-0.020380488657088025,3.9352426528930664,0.07851174239630779,-2.2915375232696533,-0.045718299883275075,-0.0337522029876709,-0.0006733877679252516,0.1827883478437705,1.4196695600769649,0.8459350375528113,0.24471760177153806,-0.7372994687372236,-1.260899660534798,0.8874195686304552,0.31248573320768364,-0.2500296979036753,-1.4864929769299582,0.8012289539603676,0.22815118889669977,1.49188755431767,0.8600193716071849
Qwen_2.5_7B_base,grief_08,user_grief,user_suffering,1,moderator_next,20,]:,5669,51.588294982910156,-3.0139620304107666,-0.05842336970836529,-3.205677032470703,-0.062139619724448335,-1.5871224403381348,-0.030765165642010588,-0.28088247776031494,-0.00544469395341257,4.108755111694336,0.07964510385651355,-0.03092402219772339,-0.000599438733301182,-1.2837905883789062,-0.0248853075839043,2.696962833404541,0.05227858052486468,-2.3163280487060547,-0.04490026370271383,-0.8624097108840942,-0.0167171586339457,-2.8119882986344304,-1.039463188181755,-1.6797274781767833,0.22760362813112106,-0.08141390809071879,-3.408429447590031,0.5659993831485512,-1.0970470767505107,-0.2835605335570794,-3.776249980727604,-1.9257257434080928,-2.8225738637029196,-0.9503739148908402,-1.88647388929688
Qwen_2.5_7B_base,grief_09,user_grief,user_suffering,1,assistant_next,31,]:,5669,49.44098663330078,-1.868802785873413,-0.03779865478280501,-2.9885385036468506,-0.060446578985418796,-0.593254566192627,-0.01199924610309137,-0.7436811923980713,-0.015041795138796193,4.261652946472168,0.08619676176934844,1.1200096607208252,0.022653465009261103,-2.3664863109588623,-0.04786486824202907,4.3562164306640625,0.0881094154324572,-1.8738586902618408,-0.037900916180335906,0.7233328819274902,0.014630227493079441,-0.17681878729862488,-0.7493774762276394,0.006295112671996809,-0.27862128888680404,0.205008362114775,-0.6162760280960512,-0.7609304924802693,0.7916798075691347,0.31490872348718607,0.6054941940496195,-0.46309813176313214,-0.22865077330426284,-0.8319235868421258,-0.5302871800731943
Qwen_2.5_7B_base,grief_09,user_grief,user_suffering,1,user_next,31,]:,5669,47.58784866333008,-1.8045134544372559,-0.03791962665098928,-1.532777190208435,-0.03220942390256763,0.34840333461761475,0.007321266760396442,0.5635659694671631,0.011842644399712735,4.517851829528809,0.09493708911893183,0.9222002029418945,0.019378900892666688,-1.1335827112197876,-0.023820843830103546,3.841482639312744,0.08072402403584358,-1.7150825262069702,-0.036040345894614204,-0.9056527614593506,-0.019031176800333536,-0.02888016049815106,1.195443460579096,1.6037473846677264,1.151289955692003,0.6849436458015654,-1.0961597626176853,0.7500911049503793,0.20575879368752073,0.5296640531497195,-3.895739730083312,0.5832816500404725,-0.24386512769919133,1.1436344760095394,0.449884674155174
Qwen_2.5_7B_base,grief_09,user_grief,user_suffering,1,moderator_next,32,]:,5669,50.90535354614258,-2.3880934715270996,-0.04691242286260598,-3.214354991912842,-0.06314375145237379,-0.8710118532180786,-0.01711041752079297,0.48388779163360596,0.00950563659664973,4.653517246246338,0.09141508548856674,0.4456489384174347,0.008754461119958264,-1.191175937652588,-0.02339981661403962,2.88144850730896,0.05660403683665813,-1.5519862174987793,-0.030487681734535033,-0.8617308139801025,-0.016928098008375414,-1.3717783432581145,-1.0510564878910105,-0.4648993719071654,1.0641352647082496,0.9390845674246286,-2.2522682878560745,0.6795060170131778,-0.8870471993052526,0.7502626659948156,-3.77437404413624,-1.2114174155745625,-1.3748684809457064,-1.0206260534454445,-1.1977472671955756
Qwen_2.5_7B_base,grief_10,user_grief,user_suffering,1,assistant_next,26,]:,5669,49.43897247314453,-2.116478443145752,-0.04280991973074344,-3.3928585052490234,-0.06862720512834362,-1.0683625936508179,-0.021609724883160895,-1.5006837844848633,-0.03035426727972636,3.551800489425659,0.07184211790313831,0.7191965579986572,0.0145471582846777,-2.924936294555664,-0.05916256241256839,4.162744522094727,0.08419965694788556,-2.475205659866333,-0.05006587993330314,0.4420410394668579,0.008941145362739418,-0.7467546663979571,-1.2895278408697504,-0.7996901578317113,-1.1066563768006523,-1.124752471670995,-1.5886445424189517,-1.4453554438537122,0.571450907249696,-0.49845307718176407,-0.17177501578403334,-1.0181412536338537,-0.858906071740093,-1.404265307826803,-1.131585689783448
Qwen_2.5_7B_base,grief_10,user_grief,user_suffering,1,user_next,26,]:,5669,48.190120697021484,-2.158895969390869,-0.04479955514044407,-1.9250653982162476,-0.039947303936411,-0.6654545664787292,-0.013808941684594274,-0.8154475688934326,-0.01692146765973619,3.4078893661499023,0.07071759349962649,0.040362924337387085,0.0008375767429833771,-2.2236804962158203,-0.046143908005469275,3.5316367149353027,0.07328549220989157,-2.6604113578796387,-0.055206571791053274,-1.042113184928894,-0.021625037867840504,-0.8443632500430879,0.6713669425721732,-0.11618679333217571,-0.3571217834581379,-1.3943400083183166,-3.235488039681493,-0.5859105879548192,-0.14693854464286163,-0.7489561106124106,-4.272808914158857,-0.08649815373545733,-1.109137953699405,0.6022686321281219,-0.2534346607856416
Qwen_2.5_7B_base,grief_10,user_grief,user_suffering,1,moderator_next,27,]:,5669,50.212493896484375,-2.983715057373047,-0.059421765896036316,-3.7061474323272705,-0.07380926826633394,-1.8363592624664307,-0.03657175973478193,-0.7730690240859985,-0.015395949575412841,3.4283814430236816,0.0682774579986301,-0.6069015860557556,-0.012086664870837012,-2.2110209465026855,-0.0440332828530847,2.737297296524048,0.054514266950514874,-2.5526981353759766,-0.05083790780514695,-1.6355047225952148,-0.032571668835387695,-2.7423858380688726,-1.708065453476303,-2.1025391249874374,-0.31076669505804244,-1.355952367394939,-4.8057451646866785,-0.5703953010870203,-1.0511343934908606,-0.6032668080304833,-5.912475985799683,-2.225225645772588,-2.9481398622591644,-1.7668183548467746,-2.3574791085529694
Qwen_2.5_7B_base,grief_11,user_grief,user_suffering,1,assistant_next,23,]:,5669,50.53413009643555,-2.055074691772461,-0.040667063781462356,-2.873471736907959,-0.05686200062065857,-0.3464243412017822,-0.006855254865190951,-0.6875557899475098,-0.013605770765924532,4.430699348449707,0.0876773645849744,1.385503888130188,0.027417190826995463,-1.9869952201843262,-0.03931986592808649,4.0256547927856445,0.07966209738058984,-2.0047988891601562,-0.03967217572231575,0.653249979019165,0.012926906583185497,-0.6054561576775285,-0.5956542971469362,0.4250241472498093,-0.21722942175430354,0.5216816119016792,0.027810269767060764,-0.2958339234425973,0.4154017911062594,0.1378033893970669,0.4118402221111114,-0.6005552274122323,-0.5894039939513821,-0.5811354791291632,-0.5852697365402726
Qwen_2.5_7B_base,grief_11,user_grief,user_suffering,1,user_next,23,]:,5669,50.15822982788086,-1.8957964181900024,-0.037796318265127624,-1.2291133403778076,-0.02450471925734897,0.5140657424926758,0.0102488812754498,0.38140106201171875,0.007603957781614412,4.664914131164551,0.09300396260339157,0.8221005201339722,0.01639014221504685,-0.9984750747680664,-0.0199065054367819,3.520573616027832,0.07018935134092177,-1.7983145713806152,-0.03585283167989727,-0.773140549659729,-0.015414031801217445,-0.23893486173997733,1.6011224736496164,1.8847812820274725,0.9520318068607335,0.9604342592386985,-1.3390005759420989,0.9156762786002611,-0.15953166022503568,0.4170871723178092,-3.5295802948938024,0.6810938059548195,-0.2283569148351218,1.682679267848233,0.7271611765065555
Qwen_2.5_7B_base,grief_11,user_grief,user_suffering,1,moderator_next,24,]:,5669,51.09222412109375,-2.908607006072998,-0.056928565082218864,-2.894258737564087,-0.05664773431480298,-1.0982129573822021,-0.02149471815474946,0.2521461248397827,0.004935117411255592,4.4030914306640625,0.08617928669983693,0.060671865940093994,0.0011874970601455032,-1.0957287549972534,-0.02144609622787736,2.474301815032959,0.048428148462838744,-2.031832695007324,-0.03976794375190391,-1.3943842649459839,-0.027291516251888973,-2.5695518433333233,-0.6234246422689445,-0.8503290696080251,0.8106483764956866,0.4699639240789514,-3.186218753723585,0.7964841444488029,-1.3505019146263997,0.10123836768048773,-5.246208859272628,-1.5964882428011338,-2.6345757144247126,-0.5661447505345704,-1.6003602324796415
Qwen_2.5_7B_base,grief_12,user_grief,user_suffering,1,assistant_next,26,]:,5669,50.00923156738281,-2.0109684467315674,-0.04021194454911737,-3.537870407104492,-0.07074434651805316,-1.3688915967941284,-0.027372778062979705,-1.67864191532135,-0.03356664085229015,3.5958170890808105,0.0719030662215991,0.530077338218689,0.010599589747834034,-3.0440149307250977,-0.06086906027787228,4.312302589416504,0.08623013100303441,-2.513258695602417,-0.05025589509840865,0.928234338760376,0.018561259784799253,-0.5039615989550646,-1.4832561534792954,-1.309515157397702,-1.301313010810275,-1.0422965335717151,-2.0474458478613626,-1.5912958004904192,0.7416927213907486,-0.54992234073784,1.1716805151781848,-0.99360887621718,-0.5321646919816312,-1.5523870194640266,-1.0422758557228289
Qwen_2.5_7B_base,grief_12,user_grief,user_suffering,1,user_next,26,]:,5669,48.50048828125,-1.9195199012756348,-0.03957733147230416,-1.8798279762268066,-0.03875894950429885,-0.7498670816421509,-0.01546102128485261,-0.7026490569114685,-0.01448746356607524,3.5307021141052246,0.07279724883656838,0.13067671656608582,0.002694338164356268,-2.031148672103882,-0.04187893244136909,3.5234527587890625,0.07264777909774588,-2.7844979763031006,-0.05741175140662596,-0.29375457763671875,-0.006056734438079514,-0.2935258713555922,0.7318017711392452,-0.2593863183578306,-0.23373894862785996,-1.1642758865428096,-3.0163876974624912,-0.34994749685229776,-0.15625433459746932,-0.9167915209516497,-2.204934857542341,0.21913794989182647,-0.4523508608883998,0.685409556665185,0.11652934788839259
Qwen_2.5_7B_base,grief_12,user_grief,user_suffering,1,moderator_next,27,]:,5669,51.35044479370117,-2.482165813446045,-0.04833776656498438,-3.448875665664673,-0.06716350130014305,-1.7983739376068115,-0.035021584425056554,-0.5124320983886719,-0.0099791170348641,3.8244616985321045,0.0744776742226238,-0.3130002021789551,-0.006095374702914916,-1.770010232925415,-0.03446922884575541,2.8122663497924805,0.05476615365437775,-2.3576040267944336,-0.04591204684333378,-1.1584612131118774,-0.02255990610725885,-1.588251788735047,-1.3643638358856498,-2.038099859467249,-0.02567319347775042,-0.6139784465010469,-4.092743393894211,-0.029901532511289023,-0.9657971872711814,-0.3393890411563055,-4.594303270839847,-1.4763078123103484,-1.554130689160359,-1.3018600941661456,-1.4279953916632522
Qwen_2.5_7B_base,grief_13,user_grief,user_suffering,1,assistant_next,34,]:,5669,49.95442581176758,-1.9095640182495117,-0.03822612285535835,-2.925419807434082,-0.05856177425514421,-0.7033333778381348,-0.014079500793150006,-0.9995224475860596,-0.020008686544658587,4.114418983459473,0.0823634526190521,1.221858024597168,0.02445945488796589,-2.28505802154541,-0.045742854299951285,4.627509117126465,0.09263461729223559,-2.1268343925476074,-0.04257549472316419,0.6021096706390381,0.012053179690380934,-0.2706160100991656,-0.6650542010001931,-0.18044536665749375,-0.5584691235521926,-0.0708038231834964,-0.369192932268954,-0.6611336357174217,1.1004920296954768,-0.027257751338442274,0.27052866917891527,-0.46783510554967933,-0.2824124523289823,-0.7000568612152129,-0.49123465677209766
Qwen_2.5_7B_base,grief_13,user_grief,user_suffering,1,user_next,34,]:,5669,48.21122360229492,-1.3821985721588135,-0.02866964305989983,-0.899245023727417,-0.018652192509061555,0.15653705596923828,0.0032469007063696863,0.03439831733703613,0.0007134918960115073,4.259322166442871,0.08834710775189952,1.2191027402877808,0.02528669984285049,-0.8168550729751587,-0.016943255365463806,4.089556694030762,0.08482582246338367,-1.9392255544662476,-0.04022352907827748,-0.5760583877563477,-0.011948636535516732,0.9429246843495394,2.0418092831483583,1.2782605783843703,0.5724684457882467,0.20064213084465352,-0.37587722400557705,1.1382660620128136,0.488141268085627,0.22649568898175396,-2.985000349329302,1.4923669837489488,0.91948409236688,2.092140007491088,1.505812049928984
Qwen_2.5_7B_base,grief_13,user_grief,user_suffering,1,moderator_next,35,]:,5669,51.39854049682617,-2.6704487800598145,-0.051955731704574626,-2.992417097091675,-0.05821988461474805,-1.1744292974472046,-0.022849467827198808,0.06294739246368408,0.0012246922160673228,4.589940071105957,0.0893009806647989,0.5016839504241943,0.00976066529467258,-1.157090187072754,-0.02251212147053482,3.037635326385498,0.05909964168288145,-1.9911385774612427,-0.03873920461971472,-1.0166831016540527,-0.01978038854462866,-2.021516887446197,-0.7545590741085715,-0.9796243959630387,0.6036963916096564,0.8199859623762311,-2.1163279181300694,0.7212808202513737,-0.7092598829761223,0.15627987016894984,-4.202540183433735,-1.3880379807773844,-2.009153866436376,-0.6761372123090709,-1.3426455393727235
Qwen_2.5_7B_base,grief_14,user_grief,user_suffering,1,assistant_next,26,]:,5669,50.4262809753418,-2.1853623390197754,-0.04333776548162271,-3.089857816696167,-0.06127475112049394,-0.9292223453521729,-0.018427342397242384,-1.0083239078521729,-0.019995999870488928,4.282168865203857,0.08491938692242279,0.9440157413482666,0.0187207091835681,-2.43454909324646,-0.04827937032352123,4.1498260498046875,0.08229490594069255,-2.337766647338867,-0.04636008450597465,0.5870586633682251,0.01164191869821401,-0.9052660202512733,-0.884734776564033,-0.5636491225688306,-0.5680964590480079,0.24344066579664422,-1.0432354881234398,-0.8443468553163789,0.5567458218071608,-0.3125576651120482,0.22893953375909717,-0.8950003984076531,-0.9252920211370326,-0.8898650520526349,-0.9075785365948337
Qwen_2.5_7B_base,grief_14,user_grief,user_suffering,1,user_next,26,]:,5669,49.44327163696289,-1.6502270698547363,-0.03337617061369896,-0.9149065017700195,-0.018504165915389226,0.008931532502174377,0.00018064202077391106,0.045441269874572754,0.000919058718610394,4.433602333068848,0.08967048874966371,0.8547631502151489,0.01728775467147978,-0.8365317583084106,-0.016919021145094183,3.4361367225646973,0.06949654844433684,-2.244464635848999,-0.04539474354223514,-0.02322089672088623,-0.00046964725334896145,0.3261541097184261,2.020886368026613,1.0278588362881227,0.5845476014884154,0.5271197493755948,-1.2597613672680066,1.1141507163274875,-0.2556461004622941,-0.18636048460352042,-1.4573927370193551,1.1735202388725197,0.3275549170323302,2.10249640245325,1.2150256597427902
Qwen_2.5_7B_base,grief_14,user_grief,user_suffering,1,moderator_next,27,]:,5669,50.988304138183594,-2.478792667388916,-0.04861492668340431,-2.9424777030944824,-0.057708875649601185,-1.5898044109344482,-0.031179785988290833,-0.049143433570861816,-0.0009638177696139493,4.3069257736206055,0.08446889627763242,-0.1264667510986328,-0.0024803090284370864,-1.162071943283081,-0.02279095104112005,2.3722634315490723,0.046525638999877154,-2.1940112113952637,-0.043029695701376255,-1.1799434423446655,-0.023141452972173706,-1.580489713993538,-0.6878426569867416,-1.6842772409078348,0.48108764765015144,0.28981758095896776,-3.6402151370417317,0.7151752810765902,-1.466652115196609,-0.11811886996531061,-4.6536632408808245,-1.13416618549014,-1.5889884815469144,-0.6403854562159623,-1.1146869688814385
Qwen_2.5_7B_base,grief_15,user_grief,user_suffering,1,assistant_next,26,]:,5669,50.75352096557617,-2.2836146354675293,-0.04499421108175731,-2.810122489929199,-0.055368030364537246,-0.7732109427452087,-0.015234626643334616,-0.7892014980316162,-0.015549689617926134,4.465123176574707,0.0879766189936497,1.4162248373031616,0.027903972184781488,-1.8406602144241333,-0.03626665065607114,4.220110893249512,0.08314912567567131,-2.2165608406066895,-0.043673045700811236,0.9437861442565918,0.018595481186353936,-1.1313581181432562,-0.5110230181605236,-0.29898743456377547,-0.32841294174394,0.586167489121935,0.10233898028833374,-0.11648871412486515,0.6367509961781487,-0.14861874432550798,1.2146534626472252,-0.8211905681518898,-1.1336193849666047,-0.4766127332476743,-0.8051160591071396
Qwen_2.5_7B_base,grief_15,user_grief,user_suffering,1,user_next,26,]:,5669,49.59047317504883,-1.3471486568450928,-0.02716547293448499,-0.25672340393066406,-0.005176869416519966,0.33665430545806885,0.00678868911513945,0.21337974071502686,0.004302837360753147,4.499717712402344,0.09073754340917142,1.515685796737671,0.030564051917542093,0.27042198181152344,0.005453103479310715,3.618569850921631,0.07296905270793613,-1.5597522258758545,-0.031452658666314866,0.6838705539703369,0.01379036153892604,1.0235793781401252,2.9001845449419634,1.5838160345367378,0.7682443918562735,0.6509731516929893,0.3436302571992647,2.4708107252948075,-0.047982633776204396,0.7397586227770665,0.49645138569393177,1.9618819615410443,1.1086601190069383,3.034914982763624,2.071787550885281
Qwen_2.5_7B_base,grief_15,user_grief,user_suffering,1,moderator_next,27,]:,5669,51.22064208984375,-3.0011510848999023,-0.05859260958962058,-2.577984571456909,-0.050330969434842034,-0.9786058664321899,-0.019105693066394265,0.3182227611541748,0.0062127835218464275,4.487308979034424,0.08760743317437222,0.6530807018280029,0.012750341955543322,-0.7314058542251587,-0.01427951357857314,2.797417163848877,0.054615035066176196,-2.035923957824707,-0.039748114720108106,-0.8328089714050293,-0.016259245050935477,-2.782508544458187,-0.20089890653311057,-0.647424576351509,0.8829252404477799,0.6277279724085434,-1.749040937649596,1.242990888059352,-0.9827000023371044,0.09570466241488204,-3.6944568395397126,-1.4917037254956487,-2.8438587753920683,-0.12420448590345531,-1.484031630647762
Qwen_2.5_7B_base,grief_16,user_grief,user_suffering,1,assistant_next,33,]:,5669,50.16120910644531,-1.8637468814849854,-0.037155142682665294,-2.629359245300293,-0.05241817914956204,-0.6217474937438965,-0.012394986181942073,-0.9462361335754395,-0.018863902015748175,4.306540489196777,0.08585400084870405,1.6451818943023682,0.03279789151037381,-1.9859154224395752,-0.03959066094729365,4.307672023773193,0.08587655880925908,-1.9043434858322144,-0.03796446536587814,0.6123595237731934,0.0122078302074762,-0.16518445333139026,-0.26953278242327167,-0.0420410100466904,-0.5001827475640244,0.28909583078174633,0.6577864740105717,-0.2945105452697045,0.7364217526644655,0.27367600847998863,0.2988511942006313,-0.21735861787733096,-0.14771773245846342,-0.27023208566266876,-0.2089749090605661
Qwen_2.5_7B_base,grief_16,user_grief,user_suffering,1,user_next,33,]:,5669,47.96371078491211,-1.6557188034057617,-0.034520239912850935,-0.6964633464813232,-0.014520631016322635,0.32819733023643494,0.006842617572026467,0.07239508628845215,0.0015093720878499124,4.582122802734375,0.09553311717857677,1.5877716541290283,0.03310360328977073,-0.5612955093383789,-0.011702503833688885,3.760197639465332,0.07839672072762505,-1.5616281032562256,-0.03255853389365915,-0.6351339817047119,-0.013241969216120478,0.31351687268167794,2.3127149926684876,1.569469407942954,0.6140305992709665,0.8053419371220634,0.5185098147268883,1.4514746698608647,0.11323215113131785,0.7372213737660067,-3.1482387846391533,1.3131159326750828,0.18366794536763503,2.3811967341761644,1.2824323397718997
Qwen_2.5_7B_base,grief_16,user_grief,user_suffering,1,moderator_next,34,]:,5669,50.50897216796875,-2.500898838043213,-0.049513952288049265,-2.719064712524414,-0.053833301209973185,-1.1577000617980957,-0.02292068145730896,0.012600064277648926,0.00024946190224871576,4.546642780303955,0.09001653736258956,0.7803621292114258,0.015449970484774736,-0.9454582333564758,-0.01871861953975885,2.8562960624694824,0.05655027096910236,-1.7430729866027832,-0.0345101654574588,-1.1641392707824707,-0.02304816789601457,-1.6313590644340734,-0.3893745924734613,-0.9512444976226474,0.5486247779103849,0.7388774997006377,-1.4402574881935861,0.9806526420543243,-0.9156782047483933,0.49180509248335924,-4.609992952276768,-1.0103668284537672,-1.7020568697968828,-0.3692383696938226,-1.0356476197453528
Qwen_2.5_7B_base,grief_17,user_grief,user_suffering,1,assistant_next,20,]:,5669,50.54690933227539,-1.949177861213684,-0.038561761479827775,-2.6009387969970703,-0.0514559412505229,-0.2429676055908203,-0.0048067747128444065,-0.18225133419036865,-0.0036055880883303954,4.993891716003418,0.09879717240821885,1.6268091201782227,0.032184146205344086,-1.848774790763855,-0.036575426968456975,4.348526477813721,0.08602952258125669,-2.1439247131347656,-0.04241455593340935,0.9223999977111816,0.01824839559720039,-0.3617729314653332,-0.23156455069234988,0.6005307693604397,0.33548971530005406,1.5767052929860663,0.6132143106811977,-0.12643377398673442,0.7829263411239935,-0.05037354742522243,1.1555589895145248,-0.29666874107884156,-0.32462495229240856,-0.20291096799870492,-0.26376796014555676
Qwen_2.5_7B_base,grief_17,user_grief,user_suffering,1,user_next,20,]:,5669,50.61948776245117,-1.3836643695831299,-0.027334618162799994,-0.4590418338775635,-0.009068480424609794,1.017911434173584,0.020109082078239766,1.1517817974090576,0.022753722890562975,5.127545356750488,0.1012958760233451,1.9109293222427368,0.03775086249806418,-0.03055405616760254,-0.0006036026344436285,4.350556373596191,0.08594627417038726,-1.6629858016967773,-0.032852679377177674,-0.11573672294616699,-0.002286406442698515,0.9395516821223132,2.6298977095724765,2.739517852727281,1.794700361275318,1.8270775710476233,1.3024870337889949,2.1019406094221518,0.7852369696759229,0.6001283404885812,-1.7130336490280123,1.7847246958473948,1.0873871116009886,2.7626459286766822,1.9250165201388354
Qwen_2.5_7B_base,grief_17,user_grief,user_suffering,1,moderator_next,21,]:,5669,51.36285400390625,-2.871283531188965,-0.05590194678377097,-2.724893808364868,-0.05305183797141869,-0.3642522692680359,-0.007091745120711823,1.0631937980651855,0.02069966357368552,5.2386016845703125,0.10199202879520491,0.8054318428039551,0.01568121278351667,-0.9195351600646973,-0.01790272713418076,2.9090518951416016,0.05663727126456723,-1.8501865863800049,-0.036021880447673224,-0.8035218715667725,-0.01564402693638603,-2.483665375105713,-0.3971619594879013,0.3947803993134211,1.6977998055947838,2.03511848661101,-1.3794386177651765,1.012423433885855,-0.8556262876471912,0.34692681954845983,-3.6135303514109745,-1.440413667296807,-2.5054602857275845,-0.3145648022887943,-1.4100125440081894
Qwen_2.5_7B_base,grief_18,user_grief,user_suffering,1,assistant_next,29,]:,5669,50.611785888671875,-2.055304527282715,-0.04060920774073576,-3.098034143447876,-0.061211713616714916,-0.4921157956123352,-0.009723343821433547,-0.5538636445999146,-0.010943372870070614,4.839295387268066,0.09561597762846807,1.4573545455932617,0.028794766278331475,-1.9417020082473755,-0.038364621483984715,4.41672420501709,0.08726671322628941,-1.9381020069122314,-0.038293491780261896,0.7955607175827026,0.015718882541166525,-0.6059850409154995,-0.8956579212486093,0.1778694802967204,-0.07099242272221204,1.2871012478656434,0.20211923465866322,-0.24032348331717288,0.8605557529458164,0.22801536182931612,0.8050750715348203,-0.7508214810820544,-0.582127572410458,-0.8854547547515332,-0.7337911635809956
Qwen_2.5_7B_base,grief_18,user_grief,user_suffering,1,user_next,29,]:,5669,48.46330642700195,-1.4387617111206055,-0.029687650661800097,-0.8621020317077637,-0.017788758037099846,0.8696173429489136,0.017943830230790755,0.9390019178390503,0.01937552319616132,5.235265731811523,0.10802535191644762,1.8885176181793213,0.038967989545325564,0.3787844181060791,0.007815901267005473,3.5973660945892334,0.07422865585961991,-1.207268238067627,-0.024910975479687493,0.02281510829925537,0.0004707707744542919,0.8127650930362958,2.0914303768459575,2.487948006877149,1.5619545184898174,2.02886927344289,1.248116467468727,2.603617525133764,-0.07211885062678516,1.2165166768157087,-1.3301854602889205,1.4520977349411266,0.7914516112246597,2.152548534052036,1.4720000726383478
Qwen_2.5_7B_base,grief_18,user_grief,user_suffering,1,moderator_next,30,]:,5669,51.674346923828125,-2.5742428302764893,-0.049816649527687634,-2.908174514770508,-0.05627888280924722,-0.5989781022071838,-0.011591401495409756,0.8139171600341797,0.015750893982926475,5.261693954467773,0.1018241016615828,1.0052292346954346,0.019453157989151138,-0.4450087547302246,-0.00861179252804493,2.7205657958984375,0.05264828600366747,-1.496289849281311,-0.028956144360894484,-0.7178794145584106,-0.013892375178279832,-1.8001337157279753,-0.6420153924236265,-0.003414438538093602,1.4251325716321197,2.0783770479754624,-0.8947321752869845,1.5939933531911963,-1.0701798456741765,0.8255957110318192,-3.376882020962436,-1.221074554075801,-1.7401264073459732,-0.5403387667639815,-1.1402325870549774
Qwen_2.5_7B_base,grief_19,user_grief,user_suffering,2,assistant_next,50,]:,5669,43.931636810302734,-1.1485037803649902,-0.02614297721990741,-1.4211386442184448,-0.03234886627044962,-0.0285283625125885,-0.0006493808240237956,0.8761009573936462,0.01994237003225396,3.483097553253174,0.07928449304753259,0.969336748123169,0.022064662701022843,-0.8304420113563538,-0.01890305191546154,1.840453028678894,0.04189356833267992,-0.7072045803070068,-0.016097842731440295,0.7647411227226257,0.017407526289648298,1.48068866191918,1.3445867161332488,0.9643109232418186,1.493151316417949,-1.2534531231674635,-0.9818069829881207,1.1216141864393379,-2.0720114206823657,1.8928860570302444,0.7199139735991847,1.4126376890262144,1.2372570597864436,1.1338786598388204,1.185567859812632
Qwen_2.5_7B_base,grief_19,user_grief,user_suffering,2,user_next,50,]:,5669,42.16952133178711,-0.5909008383750916,-0.014012509976718051,-0.5552036762237549,-0.013165994270019042,0.5148410797119141,0.01220884334116997,1.0983009338378906,0.026044899234129996,3.4132566452026367,0.0809413182176613,0.8797180652618408,0.020861466705782004,-0.15778416395187378,-0.00374166362265386,2.1328463554382324,0.050577912389783444,-0.6102741956710815,-0.01447192608304664,0.312416136264801,0.007408576772942968,2.7638100087293873,2.5014305202122524,1.886096583689965,1.736201180385086,-1.3842855281267277,-1.1992209969452676,1.9460099748241593,-1.739180358596294,2.023990853715032,-0.5299562029996819,2.6326202644708196,2.7628781019681274,2.475971279931324,2.6194246909497254
Qwen_2.5_7B_base,grief_19,user_grief,user_suffering,2,moderator_next,51,]:,5669,48.5194206237793,-2.1480588912963867,-0.04427214636284478,-2.3306081295013428,-0.04803454162350643,-1.526289939880371,-0.03145729937122,-0.13323307037353516,-0.0027459740586481328,3.167630910873413,0.06528583544793941,-0.029419243335723877,-0.0006063395431664645,-1.3118882179260254,-0.027038414743210493,2.0949223041534424,0.04317698515811881,-1.7001447677612305,-0.03504050019360685,-0.4299246072769165,-0.008860876773664752,-0.8194256372850627,0.12958307505740668,-1.5765296862994775,0.3891075533540383,-1.8444142183053267,-3.404778869361701,0.5315634993606478,-1.7823492722223988,0.5498683656706185,-2.581201621681704,-0.344921281113828,-1.0428069614296263,0.03646065423299137,-0.5031731535983175
Qwen_2.5_7B_base,grief_20,user_grief,user_suffering,1,assistant_next,27,]:,5669,49.81052780151367,-1.9449044466018677,-0.039046051757411104,-2.6996817588806152,-0.05419901932455684,-0.7772914171218872,-0.015604962473380304,-0.7154901027679443,-0.014364234517229941,4.112025260925293,0.08255333646154085,1.254404902458191,0.025183529623632524,-1.7957091331481934,-0.03605079513117756,4.012456893920898,0.08055439424191296,-2.1113088130950928,-0.04238679866048183,0.6787674427032471,0.01362698755989934,-0.35193921449708304,-0.36347998068811443,-0.30590965446787943,-0.24778491973261102,-0.07528796413603524,-0.2902345373047331,-0.06139758238497863,0.40037863464389084,-0.006258371781858518,0.4823504034984767,-0.35770959759259874,-0.3855330297137428,-0.3948251318119169,-0.39017908076282987
Qwen_2.5_7B_base,grief_20,user_grief,user_suffering,1,user_next,27,]:,5669,49.54454803466797,-1.677817702293396,-0.03386483011449355,-0.7174365520477295,-0.01448063572092161,0.10817886888980865,0.002183466661439969,0.3232806921005249,0.0065250507860989,4.159835338592529,0.0839615155169395,1.0674190521240234,0.021544631941684378,-0.29813361167907715,-0.006017485747785269,3.450779914855957,0.0696500432790573,-2.045386791229248,-0.041283791504123174,0.039971351623535156,0.0008067759866447035,0.2626642555801032,2.284695887530189,1.1962245271250327,0.8884577767159556,0.014274265466814698,-0.7438603101499647,1.7740005437963404,-0.2389777677864188,0.08290555041069264,-1.282779109732405,1.2736800715551462,0.266097332429166,2.383994927835327,1.3250461301322467
Qwen_2.5_7B_base,grief_20,user_grief,user_suffering,1,moderator_next,28,]:,5669,51.89146423339844,-3.0487070083618164,-0.05875160883202838,-2.6359734535217285,-0.050797823735818974,-1.310044527053833,-0.025245857799685304,0.26573610305786133,0.0051209983565433485,4.411678314208984,0.08501741817047312,0.2523806691169739,0.004863625893881337,-0.6345715522766113,-0.012228823403834261,2.807783365249634,0.05410877119637116,-2.3148646354675293,-0.044609738223143715,-0.8787873983383179,-0.016935105056694696,-2.891941289456795,-0.2783690184948736,-1.2096855003895253,0.8255135551967707,0.48604966317722215,-2.7211351452744394,1.3616690407124403,-0.9709001645629278,-0.2815811697505358,-3.8215050157655592,-1.5851551539758344,-2.863855745421766,-0.1568670461283024,-1.5103613957750344
Qwen_2.5_7B_base,abuse_01,user_abuse,user_suffering,1,assistant_next,24,]:,5669,50.14875030517578,-1.7159146070480347,-0.034216497851013,-2.674910545349121,-0.05333952549308187,-0.04772001504898071,-0.0009515693762772708,-0.17168104648590088,-0.003423436186169168,4.947630882263184,0.0986591062021449,2.003112316131592,0.039943414420934305,-1.696485161781311,-0.03382906157097636,4.373202323913574,0.08720461222464844,-1.6727066040039062,-0.03335490104588446,0.8656619787216187,0.017261885360127807,0.17499801844795101,-0.33038693565288646,0.931753718633613,0.3470518541885298,1.490045249429989,1.5261220402415556,0.06020930054563312,0.8110148346484936,0.5869803083738216,0.9987797711704435,-0.07769445860246772,0.2218688878083126,-0.33469230455791177,-0.056411708374799585
Qwen_2.5_7B_base,abuse_01,user_abuse,user_suffering,1,user_next,24,]:,5669,48.21202087402344,-1.445950984954834,-0.02999150333758173,-0.808204174041748,-0.01676354069773514,1.3822259902954102,0.028669737655410154,1.423874855041504,0.029533606541033534,5.2216291427612305,0.10830554388925515,2.227187156677246,0.046195681415156176,0.21507883071899414,0.004461103824728457,3.9632997512817383,0.08220563418483788,-0.8896611928939819,-0.01845309897335853,-0.5247502326965332,-0.01088421981040143,0.7962215814618361,2.1634350942884852,3.3575502771323347,2.0923249681823433,2.003323962096136,2.0697253264583466,2.4029832839698106,0.3444231031854915,1.646101344611548,-2.843225000309197,1.4798283378751607,0.7532367571219923,2.2242758867196324,1.4887563219208124
Qwen_2.5_7B_base,abuse_01,user_abuse,user_suffering,1,moderator_next,25,]:,5669,50.330413818359375,-2.277468681335449,-0.04525034682915087,-2.7018580436706543,-0.053682412654534516,-0.09929227828979492,-0.0019728087006821984,1.3004889488220215,0.02583902754138757,5.136585235595703,0.10205728198725827,1.184772253036499,0.02353988698190122,-0.6210021376609802,-0.012338506492359754,2.5998687744140625,0.051656018243698414,-1.0691546201705933,-0.02124271467405639,-0.9687268733978271,-0.019247345688313374,-1.117215429234109,-0.36638738328567705,0.8442652273087766,1.9573612827580464,1.844011902557231,-0.4591626372263356,1.3782994395149493,-1.2075691571762623,1.4033245375479555,-4.07002692134532,-0.741801406259893,-1.165832990431633,-0.3586817430997385,-0.7622573667656857
Qwen_2.5_7B_base,abuse_02,user_abuse,user_suffering,1,assistant_next,24,]:,5669,49.90867614746094,-1.895801305770874,-0.03798540558698673,-3.1451475620269775,-0.06301805226678978,-0.5085546374320984,-0.010189704009168968,-0.4644663333892822,-0.009306324455831344,4.491308212280273,0.08999052988322483,0.971007764339447,0.019455690659285225,-2.406447410583496,-0.04821701548390844,3.8112289905548096,0.07636405700872718,-2.1253304481506348,-0.04258438837109405,0.5656909942626953,0.011334522129805569,-0.23894610873829517,-0.9585989830911984,0.1499822133908051,0.026793385703488246,0.6352197035178947,-0.9777531146275396,-0.8099060041120614,0.17132109239083498,-0.025223566442437572,0.16989611772414231,-0.5987725459147468,-0.25213799360601563,-1.0118317525023868,-0.6319848730542013
Qwen_2.5_7B_base,abuse_02,user_abuse,user_suffering,1,user_next,24,]:,5669,48.755340576171875,-1.680598497390747,-0.03447003912863863,-0.8223273754119873,-0.01686640613508261,1.2227246761322021,0.02507878443022881,1.2927262783050537,0.026514557441874295,4.855489730834961,0.09958887936079719,1.400498390197754,0.028725025272046144,-0.550881028175354,-0.01129888585876447,3.1965785026550293,0.06556365856292036,-1.3772423267364502,-0.028248030071387664,-0.8713895082473755,-0.017872698620287116,0.2562652621713113,2.1445672363051576,3.0869682149236657,1.9488702106915103,1.3174379799433575,0.064186779415642,1.4642384463367348,-0.5283350077218268,0.9866154088045543,-3.801063071430726,1.2004162492382344,0.1899815828552031,2.2170791049070067,1.203530343881105
Qwen_2.5_7B_base,abuse_02,user_abuse,user_suffering,1,moderator_next,25,]:,5669,49.5759391784668,-2.2735750675201416,-0.045860453784558136,-2.764404296875,-0.055761007107167686,-0.8308706879615784,-0.01675955517394344,0.7557018995285034,0.015243319885642044,4.350636959075928,0.08775702550816461,0.25570815801620483,0.005157908498630544,-1.279701828956604,-0.025812961895685875,1.856339931488037,0.03744437245667621,-1.7381556034088135,-0.03506046748104326,-1.273637056350708,-0.02569062891104864,-1.1082556863302653,-0.4499459046090099,-0.3968028842290206,1.3614547469395215,0.37170138912197226,-2.713062691017339,0.5710104836069361,-2.053927373437411,0.4984561805429815,-4.912558631119978,-0.7791007954696376,-1.2425647428439994,-0.5041065926729191,-0.8733356677584593
Qwen_2.5_7B_base,abuse_03,user_abuse,user_suffering,1,assistant_next,26,]:,5669,50.8411750793457,-2.094698667526245,-0.04120083110308006,-2.960028648376465,-0.05822109036144171,-0.517067015171051,-0.010170241233883484,-0.6284730434417725,-0.012361497201056835,4.491567611694336,0.08834507866280694,1.4910125732421875,0.02932687080727828,-2.0502843856811523,-0.04032724228897855,4.545693874359131,0.08940969336890534,-2.044027805328369,-0.04020418100365186,0.7571346759796143,0.014892155320918246,-0.6966363959914282,-0.7112898014671288,0.13554160056583398,-0.15260271147817717,0.6357056343302814,0.28377326771733585,-0.37339983854683245,1.007361812098225,0.08474366929262461,0.6988957428610867,-0.7039630987292785,-0.6565346857181092,-0.6762215700496234,-0.6663781278838663
Qwen_2.5_7B_base,abuse_03,user_abuse,user_suffering,1,user_next,26,]:,5669,48.51136016845703,-1.3098547458648682,-0.027000989898373528,-0.45764756202697754,-0.009433822519875424,0.9253919124603271,0.019075777493083645,0.7695973515510559,0.01586427073738209,4.670870304107666,0.09628405156829123,1.7117300033569336,0.03528513728357449,-0.04414832592010498,-0.0009100615972588422,3.789320707321167,0.07811202766037989,-1.4674994945526123,-0.0302506359223217,-0.10182368755340576,-0.0020989658339782727,1.1093978157437643,2.63176038380457,2.5825653968113578,1.3766540632395874,0.9715919095650257,0.8192315103452265,2.0852797486689862,0.14638291319929211,0.8645365820225447,-1.6745889720280647,1.870579099774167,1.1293467731928655,2.737085474024526,1.9332161236086955
Qwen_2.5_7B_base,abuse_03,user_abuse,user_suffering,1,moderator_next,27,]:,5669,50.40540313720703,-2.764669418334961,-0.054848671893553504,-2.6487159729003906,-0.052548254910101615,-0.7575874924659729,-0.015029886585844117,0.7341058254241943,0.01456403043590202,4.68212890625,0.0928894248401291,0.6145875453948975,0.012192890189211407,-0.6304146647453308,-0.01250688667302785,2.5964372158050537,0.05151108917306683,-1.804044246673584,-0.03579069175903324,-1.1447786092758179,-0.022711426514329235,-2.238331583311115,-0.2953923575866058,-0.27248341848372887,1.3378322292540004,0.9926825573798453,-1.8424249440063014,1.3667636375967258,-1.2114752972688063,0.40933740512998656,-4.556495325258882,-1.2668619704488604,-2.372992318624375,-0.2793325852265071,-1.326162451925441
Qwen_2.5_7B_base,abuse_04,user_abuse,user_suffering,1,assistant_next,29,]:,5669,49.47074890136719,-1.9301283359527588,-0.039015547142837316,-2.78834867477417,-0.05636358326277754,-0.3861596882343292,-0.007805818525291361,-0.5948772430419922,-0.012024827928682357,4.513436317443848,0.09123444495337149,1.6093940734863281,0.03253223590156425,-1.6788684129714966,-0.03393658778683051,4.066961288452148,0.0822094142249735,-1.7700488567352295,-0.0357797061100547,0.8149396181106567,0.01647316113478393,-0.3179373440459678,-0.4819343405066013,0.35761609986756554,-0.11585448653368621,0.6766721029289539,0.5709655843704726,0.08180002988876577,0.4624209381439478,0.45531843267700983,0.8586230968491908,-0.39993584227628454,-0.38169653430557604,-0.5462646705389207,-0.46398060242224837
Qwen_2.5_7B_base,abuse_04,user_abuse,user_suffering,1,user_next,29,]:,5669,48.54627990722656,-1.9091503620147705,-0.039326398761413146,-0.913874626159668,-0.018824812692262115,0.7239658832550049,0.014912901351834292,0.6103577613830566,0.012572698928722635,4.874712944030762,0.10041372795910394,1.686398983001709,0.03473796522049618,0.03899276256561279,0.0008032080447797269,3.6728615760803223,0.07565691095382127,-1.372277021408081,-0.028267398120526324,-0.5940070152282715,-0.012235891532027525,-0.26966412999763056,2.02226489984544,2.2408611879726097,1.202472403331867,1.3534486688598217,0.757778712365799,2.1871757771682128,0.013817588367460632,0.9933313147405394,-3.0345962258775288,0.8763003849239046,-0.4207916293903745,2.080062969498691,0.8296356700541583
Qwen_2.5_7B_base,abuse_04,user_abuse,user_suffering,1,moderator_next,30,]:,5669,49.913509368896484,-2.5311851501464844,-0.050711424264705936,-2.5900936126708984,-0.051891635058722414,-0.875216543674469,-0.017534662554099203,0.3771216869354248,0.007555503343758624,4.600108623504639,0.09216159475997872,0.7709561586380005,0.015445841584491362,-0.6851730346679688,-0.013727206187888946,2.6224215030670166,0.05253931322851793,-1.5843331813812256,-0.03174157059708769,-1.0102362632751465,-0.020239736216677913,-1.7010520496202384,-0.2170759519458634,-0.47203231510959615,0.9473508813862945,0.8390346288728229,-1.4630762772255061,1.2996528921899366,-1.1818974063408545,0.7065112444038761,-4.184726197329964,-0.9590640007830509,-1.8526601737245214,-0.23339344448040394,-1.0430268091024626
Qwen_2.5_7B_base,abuse_05,user_abuse,user_suffering,1,assistant_next,31,]:,5669,50.225521087646484,-2.198711395263672,-0.04377677618171032,-2.821719169616699,-0.05618098346242408,-0.7969599962234497,-0.015867630219957452,-0.8943127393722534,-0.01780594247716465,4.47752046585083,0.08914831282760201,1.3613094091415405,0.027103937991324684,-1.8036448955535889,-0.03591092449605695,4.581941604614258,0.09122735823125659,-2.2468605041503906,-0.044735434406533825,0.807295560836792,0.016073413343547276,-0.9359840415106088,-0.5265155753850467,-0.3392759293599437,-0.4433871794467475,0.6093912302823049,-0.03088529040606878,-0.07112349152269917,1.0486225709969847,-0.1896010559446668,0.8375009402121331,-0.7312498084478277,-0.9805053899520392,-0.5334894278912485,-0.7569974089216438
Qwen_2.5_7B_base,abuse_05,user_abuse,user_suffering,1,user_next,31,]:,5669,47.744544982910156,-1.4353482723236084,-0.03006308412484362,-0.3718881607055664,-0.007789123570843146,0.28666186332702637,0.006004075720684637,0.3117412328720093,0.006529358128422734,4.834840774536133,0.10126477854730277,1.5475361347198486,0.03241283659261553,0.13646841049194336,0.0028583037191116036,3.821995496749878,0.08005093562244515,-1.9544832706451416,-0.040936263427470844,-0.0042226314544677734,-8.844217608481213e-05,0.8206198869346688,2.746330456300831,1.4990075916870218,0.8758355251719784,1.278756458069106,0.4208988534953297,2.3066399504185813,0.183576596754005,0.2058586123311089,-1.404896487918545,1.78347517161775,0.7442342056890306,2.8521536620268524,1.7981939338579416
Qwen_2.5_7B_base,abuse_05,user_abuse,user_suffering,1,moderator_next,32,]:,5669,51.26536560058594,-2.9893150329589844,-0.058310615713717213,-2.686190128326416,-0.052397756201619954,-1.1058837175369263,-0.021571751309704627,0.2246379852294922,0.004381866443315186,5.003345012664795,0.0975969829542698,0.5766400098800659,0.011248140008845957,-0.46012675762176514,-0.008975392104031072,2.945923328399658,0.05746420207653777,-2.294827938079834,-0.044763709596047536,-1.128431797027588,-0.0220115819678206,-2.755272154970806,-0.3454558682658014,-0.8633419410834885,0.7805590412164465,1.5944140767279154,-1.9344852795596266,1.575465036067318,-0.8136555681785645,-0.25448020293692847,-4.511325604984257,-1.5503640116183037,-2.8083930524137477,-0.2688032335224371,-1.5385981429680924
Qwen_2.5_7B_base,abuse_06,user_abuse,user_suffering,1,assistant_next,25,]:,5669,49.84414291381836,-2.577566623687744,-0.051712527751644054,-2.8735721111297607,-0.05765114902463528,-0.47245582938194275,-0.009478662923321392,-0.3326394557952881,-0.006673591646874723,4.55410099029541,0.09136682314248142,1.2794684171676636,0.02566938344952371,-2.141169786453247,-0.04295729972035787,3.8512425422668457,0.07726569897943135,-2.2291693687438965,-0.044722794664122933,0.26059067249298096,0.005228110210331996,-1.807782223218177,-0.5957883918548211,0.2112211440963623,0.1709900916580115,0.7528489038119245,-0.22943070530362872,-0.484787138808458,0.2168684824826562,-0.1656726178258746,-0.6731609860563497,-1.201785307536499,-1.9785666631000032,-0.6363467243020001,-1.3074566937010017
Qwen_2.5_7B_base,abuse_06,user_abuse,user_suffering,1,user_next,25,]:,5669,49.5203742980957,-1.7325615882873535,-0.0349868435536841,-0.7099833488464355,-0.014337196737903854,0.49636587500572205,0.010023467755267143,0.5756785869598389,0.011625085535388945,4.30933952331543,0.08702154586665038,1.1081639528274536,0.022377939757819397,-0.7856143116950989,-0.015864466350071785,3.149786949157715,0.06360587927298521,-1.8140949010849,-0.03663330349978111,-0.6715221405029297,-0.013560522310687642,0.13669101649438883,2.294652976991452,1.8547547792957173,1.1645391471680406,0.29433923862863937,-0.6450135950746562,1.1765541041795617,-0.5815977911778484,0.39574322609011237,-3.2487870095324882,1.2156719967429204,0.12498427568349008,2.394030359471288,1.2595073175773892
Qwen_2.5_7B_base,abuse_06,user_abuse,user_suffering,1,moderator_next,26,]:,5669,50.638641357421875,-3.035916328430176,-0.059952562846262374,-2.68373966217041,-0.052997860729078715,-0.9160549640655518,-0.01809003834837859,0.5960583686828613,0.011770820715265888,4.38309907913208,0.08655641149996354,0.18556055426597595,0.0036644062575896734,-1.2701222896575928,-0.025082076762145133,2.0612220764160156,0.04070452960748545,-1.9247822761535645,-0.038010148466818175,-1.3234726190567017,-0.026135626540910863,-2.862508169176016,-0.3421821737108333,-0.541311644027581,1.1868312430301815,0.43251241457355377,-2.88324006490724,0.5827509723015145,-1.820710211285903,0.24603118421122716,-5.050264894150071,-1.6023451714434247,-3.014896977228944,-0.31078838869463576,-1.6628426829617897
Qwen_2.5_7B_base,abuse_07,user_abuse,user_suffering,1,assistant_next,28,]:,5669,50.19365692138672,-2.109445571899414,-0.0420261383864345,-2.8438034057617188,-0.056656629147696536,-0.8971984386444092,-0.017874737440422023,-0.9808089137077332,-0.01954049523117783,4.287383556365967,0.08541683988239519,1.257935881614685,0.025061650391101482,-2.1774489879608154,-0.04338095929872444,4.217953681945801,0.08403359987402308,-2.2642698287963867,-0.0451106766805751,0.5401721000671387,0.010761760214306679,-0.7305710587696684,-0.5560189592377012,-0.509322957531104,-0.5379996260470346,0.2532093043338882,-0.28166841775128804,-0.5292501909295451,0.6342954444823703,-0.2131483262532057,0.09938198352920961,-0.6432950090036849,-0.7603316897830814,-0.5667670603525752,-0.6635493750678283
Qwen_2.5_7B_base,abuse_07,user_abuse,user_suffering,1,user_next,28,]:,5669,47.979312896728516,-1.6028753519058228,-0.03340763456441902,-0.6557445526123047,-0.013667235169118415,0.513342022895813,0.01069923664810997,0.6162904500961304,0.01284492029768422,4.618454456329346,0.0962592871279792,1.4153293371200562,0.02949874126306133,-0.19229847192764282,-0.0040079455148002915,3.3996400833129883,0.07085637284198777,-1.54923677444458,-0.03228968238413884,-0.30092692375183105,-0.006272014032371645,0.43511694964097397,2.367113170520145,1.8835535458046875,1.208961779288366,0.8734017282768027,0.10016650594378684,1.9037099403504203,-0.29719019224902826,0.7539814707222611,-2.224753575884047,1.4011150600805595,0.32359776811742486,2.440902927728656,1.3822503479230404
Qwen_2.5_7B_base,abuse_07,user_abuse,user_suffering,1,moderator_next,29,]:,5669,49.308326721191406,-2.703874349594116,-0.054836059736581226,-2.518165111541748,-0.05106977419413236,-1.1906498670578003,-0.02414703451184221,0.34032201766967773,0.0069019177956289555,4.169799327850342,0.08456582498586944,0.37316060066223145,0.007567902329605051,-0.9591799974441528,-0.01945269817951301,2.2672665119171143,0.04598141252565976,-1.8502826690673828,-0.037524750728809064,-1.361608624458313,-0.027614172189565092,-2.098433737356807,-0.12098323835486138,-1.0071413803744853,0.9070981561061019,0.03293972549555007,-2.428124258656565,0.9638355268348406,-1.5861700148155486,0.34679686131873727,-5.155642791089512,-1.1097084878558343,-2.371406116569791,-0.17589353512979178,-1.2736498258497915
Qwen_2.5_7B_base,abuse_08,user_abuse,user_suffering,1,assistant_next,25,]:,5669,50.66414260864258,-2.0109591484069824,-0.03969196052404806,-3.0699992179870605,-0.060595108491253984,-1.1177027225494385,-0.022061021168031655,-1.3312361240386963,-0.026275706160111875,3.908161163330078,0.07713860261129539,1.2710742950439453,0.02508824248467827,-2.4450294971466064,-0.04825956527150465,4.588186740875244,0.09056082871700596,-2.275059461593628,-0.044904726389380076,1.2418726682662964,0.024511865874435042,-0.5039402022265576,-0.8582047278612741,-0.8833920000207323,-0.9213087836998731,-0.4571849199134735,-0.2497947602785049,-0.8571914253592186,1.0557314040119294,-0.227742022744755,2.038329950924732,-0.6810724650439158,-0.46676749380779636,-0.8423151670832344,-0.6545413304455154
Qwen_2.5_7B_base,abuse_08,user_abuse,user_suffering,1,user_next,25,]:,5669,48.7437858581543,-1.8817123174667358,-0.03860414787933314,-1.03664231300354,-0.02126716861961023,-0.2377907931804657,-0.004878381705361237,-0.30551230907440186,-0.006267718103871758,3.9549176692962646,0.08113685877426878,1.1385642290115356,0.023358141124384297,-1.0175421237945557,-0.020875319917817423,3.9580140113830566,0.0812003815809667,-2.0354528427124023,-0.04175820172515167,-0.0037682056427001953,-7.730638021563965e-05,-0.20652540166045028,1.858253694482827,0.6093128448248956,0.2006626840040434,-0.3695963376083595,-0.5712628339659006,0.8923080907837996,0.338406350190862,0.09634187696061845,-1.403640812714633,0.8258641464111883,-0.3299557925388146,1.909188250339875,0.7896162289005302
Qwen_2.5_7B_base,abuse_08,user_abuse,user_suffering,1,moderator_next,26,]:,5669,50.916412353515625,-2.9790377616882324,-0.05850839884406229,-3.0941414833068848,-0.06076903969242922,-1.636587381362915,-0.032142629570991635,-0.17674791812896729,-0.0034713348792486825,4.137904644012451,0.08126858222615406,-0.1059269905090332,-0.0020804095499418916,-1.5793380737304688,-0.031018251301074246,3.026782512664795,0.05944610731112921,-2.3222134113311768,-0.04560834717120117,-1.1569678783416748,-0.022722886881911066,-2.731622734995723,-0.8904575309976885,-1.7636410548123955,0.3415095382833107,-0.02680832630393556,-3.5903858865671006,0.20378239106008567,-0.7216136311184559,-0.2915208782238321,-4.590176869140107,-1.8110401329967059,-2.833267783072818,-0.8544839279182059,-1.843875855495512
Qwen_2.5_7B_base,abuse_09,user_abuse,user_suffering,1,assistant_next,32,]:,5669,50.196250915527344,-2.3584227561950684,-0.04698404189914373,-2.7097084522247314,-0.05398228757730848,-0.5560779571533203,-0.011078077486087854,-0.3811349868774414,-0.007592897475925714,4.702210426330566,0.0936765264450461,1.2929561138153076,0.025758021570000438,-1.8994941711425781,-0.037841355409971515,3.488635540008545,0.0694999223324345,-2.1142258644104004,-0.04211919866223318,0.5243426561355591,0.010445852958579476,-1.3035019312259342,-0.37687511831305925,0.0693624522268793,0.11794403638316295,1.0303011056020008,-0.19670969029230423,-0.18859441588669337,-0.19588674356534147,-0.010203877838075632,0.05564186199146212,-0.8401885247694967,-1.3838758429023623,-0.37966191336812777,-0.8817688781352451
Qwen_2.5_7B_base,abuse_09,user_abuse,user_suffering,1,user_next,32,]:,5669,50.732421875,-1.4452475309371948,-0.028487651042919875,-0.5151469707489014,-0.010154196305040905,0.7325844168663025,0.014440162519174085,0.5314491987228394,0.010475533772708132,4.861370086669922,0.09582373375842156,1.6596068143844604,0.032712942789791866,-0.00545954704284668,-0.00010761455576275265,3.3364267349243164,0.06576517760466795,-1.5805864334106445,-0.031155351449711263,-0.42794859409332275,-0.008435406359029115,0.79784032626851,2.5549441826154617,2.2554818863034924,1.1161595435048068,1.3284536026976819,0.6927811835502279,2.1326959298482184,-0.36914589012832866,0.7115789704090622,-2.5757414768285956,1.6763922544419858,0.9423728109172386,2.686685912334441,1.8145293616258398
Qwen_2.5_7B_base,abuse_09,user_abuse,user_suffering,1,moderator_next,33,]:,5669,51.4435920715332,-3.087346076965332,-0.06001420104319939,-2.7529077529907227,-0.05351313238707664,-0.7300931811332703,-0.014192111237451364,0.7336598634719849,0.01426144314440209,5.131594657897949,0.09975187290114536,0.4980293810367584,0.009681077097886943,-0.9482735395431519,-0.018433268388890128,2.2969441413879395,0.04464976197995659,-2.033687114715576,-0.039532369976958436,-0.9534602165222168,-0.01853409099419834,-2.980855120451132,-0.4345871235776263,-0.22584137356742492,1.337344420958277,1.8346630939498065,-2.125193866327911,0.9772022600030854,-1.5523879957577005,0.09873014159914269,-4.027841900184716,-1.7077211220143793,-3.0226490718815264,-0.34683837586685484,-1.6847437238741907
Qwen_2.5_7B_base,abuse_10,user_abuse,user_suffering,1,assistant_next,23,]:,5669,49.91195297241211,-2.2744128704071045,-0.045568500829134925,-2.6036176681518555,-0.052164211438309294,-0.62769615650177,-0.012576068839636814,-0.8035749197006226,-0.016099849271471775,4.103039264678955,0.08220554437023998,1.36321222782135,0.027312339963432006,-2.007127523422241,-0.04021336381150309,3.803563117980957,0.07620545563671502,-2.2143046855926514,-0.04436421645966381,0.2519965171813965,0.005048821017295853,-1.1101835864321639,-0.23514338237357396,-0.052132471956291476,-0.3441350774403445,-0.09212135781145246,-0.02626907162443172,-0.32050766517305423,0.16259503650286375,-0.1455671445045041,-0.6969084657194253,-0.6726634844028689,-1.205846489277068,-0.2524637248558802,-0.7291551070664741
Qwen_2.5_7B_base,abuse_10,user_abuse,user_suffering,1,user_next,23,]:,5669,49.18779754638672,-1.9383115768432617,-0.03940635022365721,-0.19600868225097656,-0.003984904631400296,0.43063658475875854,0.008754947491858022,0.3408351540565491,0.006929262358923945,3.993713855743408,0.0811931831665592,1.103713035583496,0.022438756981193065,-0.6524060964584351,-0.013263576110379434,3.2043771743774414,0.0651457746477781,-2.0976438522338867,-0.04264561449932164,-1.109095811843872,-0.022548190144068465,-0.33676811103443305,2.9812962359898276,1.743249949408629,0.9076594420748111,-0.29691975710836177,-0.6558114750802935,1.3398113857872944,-0.5194577866819381,0.012224397291462602,-4.457896163896908,1.3222640624776973,-0.4308469414164815,3.11830849868154,1.3437307786325292
Qwen_2.5_7B_base,abuse_10,user_abuse,user_suffering,1,moderator_next,24,]:,5669,49.41941833496094,-2.7106027603149414,-0.054848940996081515,-2.2205545902252197,-0.04493283541247845,-1.1073715686798096,-0.022407620445350693,0.3140299320220947,0.006354383410456685,3.9564154148101807,0.08005791140627977,0.338194876909256,0.006843360126519452,-1.124712586402893,-0.022758515261747506,1.9876478910446167,0.04021997745041221,-1.9967013597488403,-0.04040317403607131,-1.4339280128479004,-0.029015477339875775,-2.113916739285003,0.27660884458301027,-0.8658659693813929,0.8783389818599208,-0.3667906231199283,-2.512950749175447,0.7609621496720184,-1.9044596406271392,0.14875583687890834,-5.355476648259027,-0.9186539473509965,-2.3730261630320966,0.2534655435645936,-1.0597803097337515
Qwen_2.5_7B_base,abuse_11,user_abuse,user_suffering,1,assistant_next,32,]:,5669,49.693016052246094,-1.8160152435302734,-0.036544677457712706,-2.939056396484375,-0.05914425466537025,-0.49767574667930603,-0.010015003841909318,-0.5132783651351929,-0.010328983948077207,4.2579216957092285,0.08568450929266494,1.3426220417022705,0.027018324673444425,-2.185243844985962,-0.043974868474242874,4.046849250793457,0.08143698194005156,-1.799149990081787,-0.036205288650425285,0.8457169532775879,0.01701882921311157,-0.05534736502740375,-0.6832719703878126,0.16843743872782854,-0.026598868722695602,0.19801864041086734,-0.07622065392118008,-0.5388034092966364,0.4395274236822894,0.41595721292091625,0.9436674222612725,-0.3693096677076082,-0.07094092130712512,-0.7408089790365319,-0.4058749501718285
Qwen_2.5_7B_base,abuse_11,user_abuse,user_suffering,1,user_next,32,]:,5669,48.009796142578125,-1.5725845098495483,-0.032755492341174114,-0.9057953357696533,-0.018866885688904992,0.7434601783752441,0.015485593318649746,0.938073992729187,0.019539220494569933,4.646069526672363,0.09677336502064283,1.33674955368042,0.027843266605643964,-0.5907257795333862,-0.0123042759394159,3.647359848022461,0.0759711588274742,-1.3891526460647583,-0.028934774935083923,-0.2342090606689453,-0.004878359824178339,0.5048203588743603,2.0330584090285693,2.273931803112127,1.5609395225598761,0.925132814927078,-0.09046725018862806,1.415405528776122,-0.015211005850471786,0.9705059091894048,-2.040397924946597,1.2689393839514649,0.40561619975171886,2.0771194134817237,1.2413678066167213
Qwen_2.5_7B_base,abuse_11,user_abuse,user_suffering,1,moderator_next,33,]:,5669,51.52915573120117,-2.600947141647339,-0.05047525240302844,-3.0705337524414062,-0.0595882798557513,-1.0125930309295654,-0.01965087563653668,0.5420365333557129,0.010519026086575428,4.6602702140808105,0.09043948320036209,0.3897286355495453,0.007563264525088319,-1.3431316614151,-0.026065469972406843,2.639751434326172,0.05122830748666407,-1.820024013519287,-0.03532027621436951,-1.0523732900619507,-0.02042287080253351,-1.8615840227323177,-0.8589188379208419,-0.7050812615429242,1.1277403289012453,0.9517348471397392,-2.3879303743768023,0.4932721699330373,-1.1621707611031173,0.38772370689444136,-4.301159767634807,-1.3602514303265798,-1.8229573803759223,-0.7718743445945252,-1.2974158624852237
Qwen_2.5_7B_base,abuse_12,user_abuse,user_suffering,1,assistant_next,23,]:,5669,51.22968673706055,-2.3765764236450195,-0.04639061011329117,-2.8539724349975586,-0.05570934777809093,-1.2459055185317993,-0.024319990963959714,-1.295656681060791,-0.025291130272000823,3.7956271171569824,0.07409038311396021,0.8700115084648132,0.01698256545916823,-2.6714110374450684,-0.052145761717346556,3.729940414428711,0.07280818314530899,-2.5010483264923096,-0.04882029318916375,0.03365039825439453,0.0006568534847208265,-1.3452760261487475,-0.5696042501657512,-1.1008784646296,-0.8823907832833596,-0.6679940332481584,-1.222769005101226,-1.1346400407440598,0.07879037895980491,-0.5334070038221798,-1.300245248770244,-0.9574401381572494,-1.3092412883179596,-0.5004923474070754,-0.9048668178625174
Qwen_2.5_7B_base,abuse_12,user_abuse,user_suffering,1,user_next,23,]:,5669,49.800018310546875,-1.8292900323867798,-0.03673271806808481,-0.7967109680175781,-0.01599820632694119,-0.04286259412765503,-0.0008606943447363631,-0.2087618112564087,-0.004192002700774031,3.749969005584717,0.07530055475482689,0.8411338925361633,0.016890232595718226,-1.2243878841400146,-0.024586093051309345,3.1209239959716797,0.06266913350332476,-2.2553658485412598,-0.045288454202507954,-1.2891333103179932,-0.025886201532680453,-0.08589448677571426,2.178789416113431,0.9399939703005238,0.3064916571196935,-0.7535250022695726,-1.2928258079028865,0.6388021303136552,-0.6144524649500562,-0.20110510032958623,-4.955378077895151,1.0464474646688584,-0.09459035757508441,2.277821029017545,1.0916153357212304
Qwen_2.5_7B_base,abuse_12,user_abuse,user_suffering,1,moderator_next,24,]:,5669,50.56208801269531,-2.9447507858276367,-0.05824029231324976,-2.576770305633545,-0.050962497929012744,-1.6202270984649658,-0.032044307546360694,-0.11099410057067871,-0.0021952040537331035,3.6725974082946777,0.07263539843078769,-0.07216203212738037,-0.0014271964423079534,-1.42720627784729,-0.02822680656481081,2.148646831512451,0.04249521560448535,-2.479509115219116,-0.049038898761391184,-1.442549467086792,-0.028530259009963976,-2.6527236702108503,-0.19927671093392277,-1.7358870572477445,0.413433292140558,-0.8984645861259375,-3.5084724406374135,0.39023202855327127,-1.7211946908263307,-0.5042737869745486,-5.379299560666515,-1.4260001905723865,-2.7995486396339224,-0.16838815826417472,-1.4839683989490486
Qwen_2.5_7B_base,abuse_13,user_abuse,user_suffering,1,assistant_next,30,]:,5669,49.208282470703125,-2.158108711242676,-0.043856615246174006,-3.090435028076172,-0.06280314761882022,-0.6522153615951538,-0.013254178541660337,-0.5561362504959106,-0.011301679769600058,4.2780232429504395,0.08693705669360485,1.02469801902771,0.02082368998832217,-2.009921073913574,-0.04084517835204288,4.431519985198975,0.09005638406171451,-2.1720967292785645,-0.0441408767024485,0.3684123754501343,0.007486796062623685,-0.8425516603628177,-0.8855059007630579,-0.09372747142505099,-0.07347827606347629,0.23567470535015564,-0.8475011023298464,-0.3239313838861884,0.8773977762809864,-0.08847807432466882,-0.3752266800796153,-0.8640287805629379,-0.9905465659671091,-0.9967963635336732,-0.9936714647503911
Qwen_2.5_7B_base,abuse_13,user_abuse,user_suffering,1,user_next,30,]:,5669,48.74894714355469,-1.0709720849990845,-0.02196913262239926,-0.7880778312683105,-0.01616604824197738,0.6607639789581299,0.013554425637385122,0.47844576835632324,0.009814484135368258,4.376555919647217,0.0897774449724882,1.2804228067398071,0.026265650475881044,-0.013800859451293945,-0.0002831006669878124,4.097682952880859,0.08405685031133298,-1.6029044389724731,-0.03288080118432671,-0.8267693519592285,-0.016959737602631267,1.6590997962352216,2.190322835050519,2.133643879514169,1.0581825952326909,0.42025516713316774,-0.2271153658996827,2.1224729868681287,0.4973913812596889,0.6813923824512853,-3.6777680859901296,1.9247113156428703,1.7621919214942579,2.266078293336089,2.014135107415173
Qwen_2.5_7B_base,abuse_13,user_abuse,user_suffering,1,moderator_next,31,]:,5669,51.016605377197266,-2.726233959197998,-0.0534381685931721,-2.820577621459961,-0.0552874422083886,-0.7871711254119873,-0.015429704105005519,0.5540727376937866,0.010860635151970319,4.812849998474121,0.09433889148228795,0.3332768380641937,0.006532712939249334,-0.7900187969207764,-0.01548552262698938,2.6761882305145264,0.05245719919480754,-1.8169307708740234,-0.03561449762171223,-1.1454306840896606,-0.02245211486771384,-2.149886285807678,-0.5249905267832576,-0.32266984141166827,1.1409059370793522,1.2375613161469574,-2.5248818614386863,1.1711560565925718,-1.1206947886218253,0.39190752345131596,-4.558297146708357,-1.3374384062954678,-2.19559655373026,-0.4709745384230653,-1.3332855460766626
Qwen_2.5_7B_base,abuse_14,user_abuse,user_suffering,1,assistant_next,30,]:,5669,51.635231018066406,-2.3002376556396484,-0.044547833141965205,-2.681563377380371,-0.05193282424633932,-1.073870301246643,-0.02079724018027365,-1.2518954277038574,-0.02424498550739199,3.894338846206665,0.07542018829825886,1.2743529081344604,0.02467991104152479,-2.1147541999816895,-0.04095564517261031,3.843262195587158,0.07443100611368346,-2.6336987018585205,-0.05100584716929083,-0.03996467590332031,-0.0007739807707907274,-1.1696099823733577,-0.3392747711132707,-0.8090335722552175,-0.8345232414157168,-0.4830781541488758,-0.24184087823669534,-0.45241273283238026,0.20778446100154482,-0.7128254654105617,-1.5036593613939355,-0.7544423767433142,-1.077479455311802,-0.23627516650445818,-0.6568773109081301
Qwen_2.5_7B_base,abuse_14,user_abuse,user_suffering,1,user_next,30,]:,5669,51.36756896972656,-1.9820460081100464,-0.0385855520878974,-0.38840484619140625,-0.007561285339789242,-0.11747562885284424,-0.00228696103804481,-0.5204780101776123,-0.010132424419079588,3.8577709197998047,0.07510129439984553,1.0827442407608032,0.021078362524785194,-0.6869616508483887,-0.013373450693242831,3.4896316528320312,0.06793452995388283,-2.74625301361084,-0.05346277950644972,-1.7222962379455566,-0.03352886407687681,-0.43740707493364395,2.7242650287867263,0.8134185316622529,-0.03447408444582059,-0.5515805532402652,-0.7066815582447576,1.2974608005465185,-0.19475286923013344,-0.8650626634131255,-6.15229940892674,1.143428976926541,-0.327617042502099,2.868093924176624,1.2702384408372627
Qwen_2.5_7B_base,abuse_14,user_abuse,user_suffering,1,moderator_next,31,]:,5669,50.84610366821289,-2.8524575233459473,-0.05609982511067409,-2.2930071353912354,-0.04509700783277006,-1.169185996055603,-0.022994603552809398,0.07334291934967041,0.0014424491565421895,4.175227165222168,0.08211498746230118,0.3033057749271393,0.005965172413333902,-0.7769250869750977,-0.015279933582419268,2.3886451721191406,0.046977939306929305,-2.531473159790039,-0.04978696452944973,-1.402056336402893,-0.0275745088660433,-2.440344132121615,0.17981603558124548,-0.9707295269096752,0.6150673711927244,0.043107649093707366,-2.5975913560568213,1.1872034414186037,-1.448004794571395,-0.5745586158646744,-5.267408425057881,-1.1302640482701847,-2.5303469890394124,0.24197953700149133,-1.1441837260189605
Qwen_2.5_7B_base,abuse_15,user_abuse,user_suffering,1,assistant_next,27,]:,5669,50.8072624206543,-2.1808714866638184,-0.04292440455869248,-2.5685980319976807,-0.050555725886807235,-0.5179457068443298,-0.01019432423963416,-0.7115492820739746,-0.014004873480148653,3.9757111072540283,0.07825084284875408,1.4362599849700928,0.028268793013855056,-1.995195984840393,-0.03926989744736376,3.9030489921569824,0.07682069070838789,-2.396514415740967,-0.04716873733324253,-0.29273998737335205,-0.00576177446739084,-0.894931949016395,-0.18835898100002116,0.1340509657942729,-0.24347431651421436,-0.33064415941765013,0.15094404494021918,-0.30588461395350625,0.27583971801305923,-0.39201793199298274,-2.202131328775159,-0.5416454650082081,-0.8733045659636086,-0.13992913732655302,-0.5066168516450809
Qwen_2.5_7B_base,abuse_15,user_abuse,user_suffering,1,user_next,27,]:,5669,51.00950241088867,-1.2552120685577393,-0.024607416446583433,0.008376598358154297,0.00016421642953267073,0.8048563599586487,0.01577855736516342,0.4208405017852783,0.008250237345884091,3.9730091094970703,0.07788762724038997,1.4458764791488647,0.02834523786376365,-0.3343536853790283,-0.006554733325680432,3.6456916332244873,0.07147083309807517,-2.134889841079712,-0.041852787033342845,-1.340329647064209,-0.026276077666229056,1.2351381596691895,3.2543442756886605,2.378085837903193,0.9951720025767715,-0.33570578983748306,0.17427356209946485,1.729609957514705,-0.01710993326154182,-0.038153281630343185,-5.096844449123737,2.244741217678925,1.4303810162150088,3.4085937466685734,2.419487381441791
Qwen_2.5_7B_base,abuse_15,user_abuse,user_suffering,1,moderator_next,28,]:,5669,50.781192779541016,-2.5623135566711426,-0.050457923818273534,-2.111886501312256,-0.04158796565651178,-0.9894812703132629,-0.019485191586754342,0.07839155197143555,0.0015437123013585126,3.751845121383667,0.0738825717952657,0.5293706655502319,0.010424541775700619,-0.9596605896949768,-0.018897952906722776,2.2924110889434814,0.045142915387900454,-2.54007625579834,-0.05002001955380809,-1.749376654624939,-0.03444930217018724,-1.7726828103214591,0.42178372492210686,-0.665873886471185,0.620589736638375,-0.7500104898038825,-2.049160228574152,0.9632465227385703,-1.5575479652970279,-0.5861948758182942,-6.227128361982126,-0.6754495426996762,-1.8207780040169317,0.4874829010568774,-0.6666475514800272
Qwen_2.5_7B_base,abuse_16,user_abuse,user_suffering,1,assistant_next,23,]:,5669,49.814449310302734,-2.2837812900543213,-0.04584576004902225,-2.929159164428711,-0.058801396080532316,-0.8691287040710449,-0.017447321331549675,-0.7197445631027222,-0.014448509881526744,4.164266109466553,0.08359554641519022,1.0696918964385986,0.0214735264817504,-2.3103294372558594,-0.046378700743320914,3.8535048961639404,0.07735717145360373,-2.2236337661743164,-0.04463832877731762,0.7611799240112305,0.015280303898768615,-1.1317416133541915,-0.6700497862697123,-0.4617047500802287,-0.2524385926184891,0.02257439250486069,-0.738346412938419,-0.6921057692599131,0.21944371789835487,-0.15818534691347175,0.710073623860446,-0.9008956998119519,-1.2407167454278747,-0.7168215398024055,-0.9787691426151401
Qwen_2.5_7B_base,abuse_16,user_abuse,user_suffering,1,user_next,23,]:,5669,48.24301528930664,-1.5625979900360107,-0.032390139394590664,-0.6837635040283203,-0.014173316073381521,0.3274686336517334,0.006787897308821798,0.5105116367340088,0.010582083928057599,4.132164001464844,0.08565310390913237,1.2169021368026733,0.025224421183151192,-0.5640344619750977,-0.011691525883957742,3.3997156620025635,0.07047062961580951,-1.8053745031356812,-0.03742250546134195,-0.32281720638275146,-0.006691480713775075,0.5278007196080476,2.329681317620763,1.5682332286321605,1.09325732868632,-0.03756222529350032,-0.38121586569891247,1.4481178651688371,-0.2971041610943464,0.4075381447261726,-2.285241084283627,1.4287410186144052,0.45156580185329814,2.4054959539050276,1.4285308778791628
Qwen_2.5_7B_base,abuse_16,user_abuse,user_suffering,1,moderator_next,24,]:,5669,50.89057540893555,-3.073920965194702,-0.06040255863672102,-2.7393908500671387,-0.05382904060436595,-1.157202959060669,-0.02273904253905298,0.553938627243042,0.01088489612844463,4.242189884185791,0.08335904733042049,0.182474285364151,0.0035856204001991207,-1.1931151151657104,-0.023444716542863436,2.178485155105591,0.042807241568801065,-1.933564305305481,-0.03799454594034672,-1.2226475477218628,-0.024025028954716556,-2.9499620849252897,-0.41652924859228285,-0.9504011999700346,1.1407592425237016,0.168548365847887,-2.8907273219018017,0.6771294004600262,-1.6872297537929126,0.2341529052714863,-4.771663769985513,-1.6832456667587863,-3.07149191566401,-0.3689402846446981,-1.7202161001543539
Qwen_2.5_7B_base,abuse_17,user_abuse,user_suffering,1,assistant_next,23,]:,5669,50.45402908325195,-2.2438206672668457,-0.04447257648273078,-2.6380832195281982,-0.0522868692047411,-0.4951390027999878,-0.009813666258109553,-0.3950868844985962,-0.007830631005636454,4.527413368225098,0.08973343557468154,1.3733233213424683,0.027219299356180424,-2.0349910259246826,-0.040333568258083694,4.005068778991699,0.07938055397683133,-2.33270263671875,-0.04623421913182912,0.4832402467727661,0.009577832643957786,-1.039786703741521,-0.28118755547842217,0.1727408351842289,0.10268297797456324,0.7028551984669655,-0.001739661486548507,-0.3546566076128056,0.3919687500341669,-0.3057082536993754,-0.05793284024025509,-0.6604871296099716,-1.0680145978920021,-0.2610452387773337,-0.6645299183346679
Qwen_2.5_7B_base,abuse_17,user_abuse,user_suffering,1,user_next,23,]:,5669,51.07051467895508,-1.1829559803009033,-0.02316318893078183,-0.023543596267700195,-0.00046100174270227083,1.058894157409668,0.020733962915122386,0.8164584040641785,0.015986884197206282,4.801364421844482,0.09401441226953228,1.7928423881530762,0.03510523438863762,0.14763689041137695,0.002890843989716331,4.019200325012207,0.07869903701339478,-1.7943615913391113,-0.03513498155675577,-0.2885866165161133,-0.005650748153416062,1.4014093937277576,3.2117005660075173,2.8090419806401075,1.4279122704677472,1.2160454788712995,1.0160093316333787,2.320327812447945,0.40805467621809477,0.4224338409252534,-2.19065468140383,2.3065549798676375,1.6120181983311197,3.364851563804329,2.4884348810677244
Qwen_2.5_7B_base,abuse_17,user_abuse,user_suffering,1,moderator_next,24,]:,5669,51.28651809692383,-3.012301206588745,-0.05873475756135263,-2.6310181617736816,-0.051300385742729736,-1.0781887769699097,-0.021022849999921902,0.46286237239837646,0.009025030155559322,4.671526908874512,0.09108684079597734,0.2987558841705322,0.00582523234675297,-1.193029761314392,-0.0232620541534862,2.425894021987915,0.04730081339121792,-2.506833791732788,-0.04887900143650322,-1.2439121007919312,-0.02425417335684836,-2.8081665137426186,-0.2717490080229475,-0.8163595436613459,1.0411369486564168,0.9728219219338795,-2.6086293447984223,0.6772340084056865,-1.405604462112669,-0.5412322306272606,-4.830422254474984,-1.539957760882783,-2.861736399759722,-0.192027827089499,-1.5268821134246104
Qwen_2.5_7B_base,abuse_18,user_abuse,user_suffering,1,assistant_next,26,]:,5669,50.030601501464844,-1.9109461307525635,-0.038195545794039935,-2.6485297679901123,-0.05293819559440168,-0.1627959907054901,-0.003253928312269514,-0.2903144359588623,-0.00580273726971606,4.765751361846924,0.09525672725936321,1.5028471946716309,0.030038559393047254,-1.8213218450546265,-0.03640415646414525,4.153144836425781,0.08301209083612919,-1.974844217300415,-0.0394727258524484,0.2755413055419922,0.0055074553827605816,-0.27379644176982765,-0.29514359757031566,0.7365359239265941,0.21728663263100728,1.1493318232574916,0.3124839390471066,-0.09278800160962855,0.5605235936468199,0.17831907680181247,-0.6318492059675112,-0.2844700196700717,-0.27856684545991134,-0.30661403268970205,-0.2925904390748067
Qwen_2.5_7B_base,abuse_18,user_abuse,user_suffering,1,user_next,26,]:,5669,48.50620651245117,-1.3276351690292358,-0.027370418436833275,-0.6999766826629639,-0.014430662238723723,1.1469817161560059,0.023646081576418152,0.9184501767158508,0.01893469398560557,4.69598913192749,0.0968121292008697,1.5564184188842773,0.0320869952690437,-0.19033026695251465,-0.003923833270772439,3.631200075149536,0.0748605247911406,-1.5183629989624023,-0.031302447833611774,-1.0897517204284668,-0.022466232648985566,1.0684826074485898,2.3080213593777685,2.958475942520337,1.5394743276085423,1.018646805401249,0.442447184620488,1.9061221323711253,-0.033605660844743035,0.7957403069497869,-4.404444323566678,1.688251983413179,1.0828845932489681,2.3874912260776657,1.735187909663317
Qwen_2.5_7B_base,abuse_18,user_abuse,user_suffering,1,moderator_next,27,]:,5669,50.19094467163086,-2.386232614517212,-0.04754309029505015,-2.4924654960632324,-0.04965966495291001,-0.37570294737815857,-0.007485472724933886,0.8368613719940186,0.01667355291814288,4.817477226257324,0.09598299569325061,0.8517345786094666,0.01696988538832758,-0.7467396259307861,-0.014877975117150196,2.3457188606262207,0.04673589779935101,-1.5671679973602295,-0.031224118366634985,-1.1087849140167236,-0.022091333830650848,-1.3674962543863676,-0.08664989690038397,0.3753551794462399,1.4502297281886205,1.2462294643149727,-1.26710865120842,1.2241981290616677,-1.4968677765141583,0.729728298267661,-4.457037087052258,-0.7270730756433758,-1.4541860773965534,-0.07723796331936199,-0.7657120203579577
Qwen_2.5_7B_base,abuse_19,user_abuse,user_suffering,2,assistant_next,56,]:,5669,43.32859802246094,-1.3010554313659668,-0.030027637420705786,-1.58694326877594,-0.03662577007345797,0.9202940464019775,0.02123987593424809,1.9615225791931152,0.04527085270971125,3.979313373565674,0.09184034460341536,1.211499571800232,0.027960737875068274,-0.18914344906806946,-0.004365325851762389,1.4813079833984375,0.034187766302305654,-0.2960294783115387,-0.006832196097323093,0.5863215923309326,0.013531977010356803,1.129646253154343,1.123080414047802,2.573917247934538,2.6804222682289955,-0.32389606323718106,-0.3943224334964185,1.907576672252421,-2.4808259042017875,2.449027749353449,0.22690284965999188,1.1263633336010725,0.7486922563662648,0.8346533388996912,0.791672797632978
Qwen_2.5_7B_base,abuse_19,user_abuse,user_suffering,2,user_next,56,]:,5669,41.86800765991211,-1.11384916305542,-0.026603825338503296,-0.6928730010986328,-0.016548984291938178,1.356308937072754,0.03239487649113517,1.952065110206604,0.046624265622165546,3.8995795249938965,0.09313983977144621,1.0988819599151611,0.02624633989850254,0.28329896926879883,0.006766478394911843,2.2142415046691895,0.05288624007751119,-0.45573678612709045,-0.010885084139397695,0.5351904034614563,0.01278280083945556,1.5604337204311807,2.3175115062220257,3.313583932753614,2.670077368164518,-0.47326083320487616,-0.6675316155604729,2.486592499443171,-1.6465283330954128,2.2330129857797956,0.08561649587603799,1.9389726133266032,1.1792972489329525,2.2392869115967837,1.7092920802648681
Qwen_2.5_7B_base,abuse_19,user_abuse,user_suffering,2,moderator_next,57,]:,5669,47.71768569946289,-2.0916638374328613,-0.0438341425568425,-2.481748104095459,-0.05200897880350039,-0.6682943105697632,-0.014005170216737596,0.5643348693847656,0.011826534776625132,3.669180393218994,0.07689351106271892,0.37238809466362,0.007803984816216927,-0.9729452729225159,-0.020389615687784024,2.473087787628174,0.051827488097479356,-1.4702847003936768,-0.030812154421190344,-0.37482750415802,-0.007855106522113646,-0.6896528329871403,-0.07233202205752301,-0.12100420700884676,1.152131004477733,-0.9048656526729283,-2.4299983503593405,0.9469650849391474,-1.351883840934413,0.8607694057455746,-2.4289566030180665,-0.38099242752233164,-0.9877202273742735,-0.24160317313193239,-0.614661700253103
Qwen_2.5_7B_base,abuse_20,user_abuse,user_suffering,1,assistant_next,33,]:,5669,49.69071960449219,-1.896634817123413,-0.03816879353367126,-2.524343967437744,-0.05080111512833749,-0.3747413754463196,-0.007541476123288862,-0.5818227529525757,-0.011708881609755903,4.180512428283691,0.08413064776598166,1.4726636409759521,0.02963659316462825,-1.8023152351379395,-0.036270660789042085,4.472994804382324,0.0900167041247266,-2.0484180450439453,-0.04122335239553992,0.583165168762207,0.011735897032762777,-0.24086413342703666,-0.12923786650105254,0.37698641438398306,-0.10157504289391978,0.05300848939608595,0.23925894449298185,-0.06949388673792922,0.9246085258272092,0.07880557787299387,0.21818097976251338,-0.18505099996404462,-0.2752022750335504,-0.15709732205407748,-0.21614979854381394
Qwen_2.5_7B_base,abuse_20,user_abuse,user_suffering,1,user_next,33,]:,5669,48.757537841796875,-1.431556224822998,-0.029360716069543033,-0.7833194732666016,-0.016065607656568528,0.46727460622787476,0.009583638282639216,0.2021569013595581,0.004146167142719444,4.085324287414551,0.08378856825523397,1.2614092826843262,0.025871061963325732,-0.5668483972549438,-0.011625861812263603,3.936894416809082,0.08074432366915422,-1.7811214923858643,-0.03653017710133462,-0.602115273475647,-0.012349173074106505,0.8293459117271269,2.1966797523426047,1.8054036153916877,0.7559684698587923,-0.12530668062574934,-0.27324198205146605,1.44466916327315,0.3143659345945485,0.44034195599022313,-3.0570010685702096,1.5130128320348657,0.8325694250207033,2.273105425062348,1.5528374250415258
Qwen_2.5_7B_base,abuse_20,user_abuse,user_suffering,1,moderator_next,34,]:,5669,50.660438537597656,-2.611387014389038,-0.05154686950550175,-2.3536596298217773,-0.04645951945471234,-0.6530945301055908,-0.012891608303408124,0.5837464332580566,0.011522727597883486,4.526516914367676,0.08935013286567427,0.46753138303756714,0.009228727514677723,-0.7418341636657715,-0.014643263759258994,2.8387322425842285,0.05603449801322708,-2.046428918838501,-0.04039500995080694,-1.286033034324646,-0.025385351399400468,-1.8856076111392435,0.09878747688197485,-0.09521891511522368,1.1733640308456572,0.701175878747688,-2.199181699567117,1.2302101639274812,-0.9356710851998307,0.08149600345754798,-4.946811355694693,-0.8934100671286344,-1.957732205444012,0.14665404076933405,-0.905539082337339
Qwen_2.5_7B_base,harm_01,harm_description,user_suffering,1,assistant_next,25,]:,5669,49.93164825439453,-2.549126148223877,-0.0510523132590466,-3.5977187156677246,-0.07205287310640875,-1.2501920461654663,-0.025038068837542043,-1.253896951675415,-0.025112268381107535,3.7459170818328857,0.07502089782311971,0.5465066432952881,0.01094509519315116,-3.039699077606201,-0.06087720281372194,3.905564308166504,0.0782182131915257,-2.695242404937744,-0.053978638782478675,-0.04676055908203125,-0.000936491398076686,-1.7423367629577091,-1.5632103619417586,-1.1081502384887498,-0.836712576161826,-0.7611154380751899,-2.0075885206926847,-1.5860063786123657,0.27870289997486986,-0.7960674200333236,-1.522437832544153,-1.6527735624497337,-1.8955330006641646,-1.643935557002485,-1.7697342788333248
Qwen_2.5_7B_base,harm_01,harm_description,user_suffering,1,user_next,25,]:,5669,49.666988372802734,-2.231226682662964,-0.04492373618298078,-1.7662301063537598,-0.03556144965135301,-0.3905821442604065,-0.00786401908101773,-0.3199613690376282,-0.006442133487860854,3.7080554962158203,0.07465835190938058,0.4924774169921875,0.009915588464829577,-1.7911407947540283,-0.03606300388720254,3.626713275909424,0.0730205996926398,-2.5603444576263428,-0.0515502256430021,-1.392134428024292,-0.028029370687323862,-1.0108062065637773,0.8835625808724918,0.350113733646691,0.184857812578252,-0.8320412384423239,-2.138662874683498,-0.055798719684426935,-0.038712980402971844,-0.6136089677958236,-5.239992081170993,-0.06362181284564272,-1.1247559185919307,0.9091164632894461,-0.10781972765124231
Qwen_2.5_7B_base,harm_01,harm_description,user_suffering,1,moderator_next,26,]:,5669,51.61947250366211,-3.525209426879883,-0.06829224042593207,-3.975381851196289,-0.07701322114274334,-1.8051903247833252,-0.034971111428061516,-0.3500558137893677,-0.006781468248528367,3.823263168334961,0.07406629674613048,-0.5718146562576294,-0.01107749902359158,-2.312263011932373,-0.044794394436485786,2.755925416946411,0.053389259581273205,-2.7387471199035645,-0.05305647243313588,-1.7662855386734009,-0.03421742712593766,-3.98843913580119,-2.0677485484259286,-2.0496633510203437,0.1519394890926859,-0.6162236433704108,-4.720624629533901,-0.6944755190903746,-1.0299300206908428,-0.8549104425989181,-6.27385120623011,-3.0280938421135595,-4.063759098158237,-1.9909767348045144,-3.027367916481376
Qwen_2.5_7B_base,harm_02,harm_description,user_suffering,1,assistant_next,25,]:,5669,50.25395584106445,-2.225189447402954,-0.0442788912864978,-3.277862310409546,-0.06522595595809948,-0.9484970569610596,-0.018874077494731387,-1.0026230812072754,-0.019951127516771392,4.083329200744629,0.08125388603553439,0.7443541288375854,0.014811851452882937,-2.729325294494629,-0.05431065572482538,4.181278705596924,0.08320297647454529,-2.6640467643737793,-0.053011682757855325,0.24203944206237793,0.004816326158041436,-0.9969136947879441,-1.1358989421537358,-0.5963472306876975,-0.5618607016788336,-0.1290440602563116,-1.5276125312035438,-1.2056185772813497,0.5925483517375855,-0.753873239860077,-0.7244219827923458,-1.0664063184708399,-1.043655255007001,-1.166303473416504,-1.1049793642117525
Qwen_2.5_7B_base,harm_02,harm_description,user_suffering,1,user_next,25,]:,5669,49.03142547607422,-1.5747759342193604,-0.03211768613555405,-0.978790283203125,-0.01996250922137158,0.2865598499774933,0.005844411970386735,0.26147621870040894,0.0053328292245552,4.274160385131836,0.08717185649063967,0.802342414855957,0.01636384027316266,-1.039320468902588,-0.02119702739235561,3.811984062194824,0.07774573195011333,-2.403878927230835,-0.049027310625587496,-0.9934185743331909,-0.020260854435446663,0.49977758887248175,1.9355409789806328,1.4988345336615485,0.8208539493310862,0.22843844521937534,-1.3869335385736534,0.8656169935873121,0.17218058976268846,-0.4019789239480698,-4.138255344564401,1.2176592839265572,0.48583162333108276,2.0004662273847678,1.2431489253579253
Qwen_2.5_7B_base,harm_02,harm_description,user_suffering,1,moderator_next,26,]:,5669,51.057464599609375,-2.768394947052002,-0.05422115980026909,-3.233391046524048,-0.06332846865546836,-1.122706651687622,-0.021989079569301833,0.3982194662094116,0.007799436758801734,4.323288440704346,0.08467495349813006,-0.044342249631881714,-0.0008684773123697365,-1.702505350112915,-0.03334488626616881,2.5749642848968506,0.05043267042516934,-2.343203067779541,-0.04589344743525452,-1.615919589996338,-0.03164903707358592,-2.2469045391996376,-1.076487660721553,-0.891880791931063,0.9704283473005985,0.32046963211163115,-3.440981930995354,0.05283108006547652,-1.2359179152980493,-0.3199107855937697,-5.858358097394345,-1.6616960999605954,-2.2940715619424195,-1.0335494360897006,-1.66381049901606
Qwen_2.5_7B_base,harm_03,harm_description,user_suffering,1,assistant_next,22,]:,5669,51.29773712158203,-2.7220382690429688,-0.05306351550344996,-3.1977643966674805,-0.06233733837202955,-0.9638280272483826,-0.018788899497925025,-1.047712802886963,-0.020424152441729602,4.747690200805664,0.0925516497843374,0.8564720749855042,0.01669609856192211,-2.2196409702301025,-0.04326976382933377,4.283327102661133,0.08349933823609243,-2.9739327430725098,-0.0579739557716536,0.18352115154266357,0.0035775681704574135,-2.1402314235443844,-1.028892320805779,-0.6223550763143423,-0.6111813672159607,1.1154979971898993,-1.2556155331404437,-0.5809598269958167,0.7087099507573109,-1.1730146513520698,-0.8861204701540624,-1.5845618721750818,-2.148477293957361,-0.9642069185082061,-1.5563421062327834
Qwen_2.5_7B_base,harm_03,harm_description,user_suffering,1,user_next,22,]:,5669,50.367149353027344,-1.6452165842056274,-0.03266447685323968,-0.815194845199585,-0.01618505028914421,0.7109385132789612,0.014115123099303016,0.3581101894378662,0.007109995186105203,5.206225395202637,0.10336549640146973,1.513972520828247,0.030058729554390574,0.3300458788871765,0.006552800448837372,3.9250307083129883,0.07792838702865904,-2.2222039699554443,-0.04412010603141028,-0.5734838247299194,-0.01138606873917612,0.33768392889641435,2.1540959234336285,2.2187612281586966,0.9265554611772711,1.9744682470899975,0.33947386725253575,2.5438845619056836,0.3008614858343877,-0.15625145236348123,-2.977886283909865,1.2458899261650214,0.41706300891194875,2.2647488517765204,1.3409059303442346
Qwen_2.5_7B_base,harm_03,harm_description,user_suffering,1,moderator_next,23,]:,5669,51.70443344116211,-2.874933958053589,-0.05560323876916989,-2.9631521701812744,-0.05730944085391132,-1.0177912712097168,-0.019684796901757538,0.2578604221343994,0.004987201386276398,4.723360538482666,0.0913531050264324,0.49352583289146423,0.009545135688472052,-0.5118390321731567,-0.009899325804538835,2.5143728256225586,0.04862973362784895,-2.2883682250976562,-0.04425864617009568,-1.4102212190628052,-0.027274667281048326,-2.4920655112639856,-0.7154626631488409,-0.7138996877874897,0.8168988685180063,1.069921438659742,-2.13611942836538,1.5120875232464024,-1.304889119145688,-0.24574301118481184,-5.289969733050105,-1.6037640872064132,-2.4678924638615647,-0.6124397715712703,-1.5401661177164174
Qwen_2.5_7B_base,harm_04,harm_description,user_suffering,1,assistant_next,21,]:,5669,49.696495056152344,-2.4055187702178955,-0.04840419364584739,-2.9816503524780273,-0.05999719596138609,-0.9636839032173157,-0.01939138569286313,-0.9667685031890869,-0.019453454455826913,4.1506428718566895,0.08351983106991459,0.9483528137207031,0.01908289131153322,-2.3715503215789795,-0.04772067565125773,3.8706932067871094,0.07788664376458726,-2.6460952758789062,-0.05324510859144228,0.29550254344940186,0.005946144554369718,-1.411876361114536,-0.7401752667133776,-0.6221105806639804,-0.5226417492317055,-0.0029459076971382393,-1.0327137946192726,-0.7671368409881613,0.23900915649293428,-0.7295926568607463,-0.5766920585725763,-1.0760258139139567,-1.5624850707603097,-0.8004833707923285,-1.1814842207763192
Qwen_2.5_7B_base,harm_04,harm_description,user_suffering,1,user_next,21,]:,5669,49.781803131103516,-2.0708372592926025,-0.04159827746373353,-1.232224941253662,-0.024752517260343505,0.07320302724838257,0.0014704776172047803,0.06269776821136475,0.0012594515318427944,4.291855335235596,0.08621333630549147,0.8920185565948486,0.017918566634592594,-0.9463168382644653,-0.01900929212572474,3.4325003623962402,0.06895090467809159,-2.416604995727539,-0.04854394264031091,-0.75633704662323,-0.015193042418157669,-0.6417280015696243,1.5969655377051828,1.136890625028545,0.6034233441434055,0.26158625131653945,-1.1693801299634083,0.9796003533272035,-0.2597853659866103,-0.4191917786078737,-3.4831486408032832,0.47761876806777925,-0.706520602896353,1.6653425587733268,0.4794109779384869
Qwen_2.5_7B_base,harm_04,harm_description,user_suffering,1,moderator_next,22,]:,5669,50.65824890136719,-2.975907802581787,-0.05874478228365039,-2.9455676078796387,-0.05814586314688312,-1.2884149551391602,-0.025433468054684136,0.02163076400756836,0.00042699391464722696,4.252881050109863,0.08395238963727948,-0.02802729606628418,-0.0005532622361434954,-1.3359638452529907,-0.026372088933712335,2.438175916671753,0.048129889397064224,-2.501295328140259,-0.04937587426305122,-1.3297513723373413,-0.02624945396210593,-2.7244202669997852,-0.6919706080893283,-1.1729925477071774,0.5585028632999922,0.18857604001061076,-3.401402019430378,0.5020568997607804,-1.391623992389379,-0.5337410899908958,-5.067614425364671,-1.7081954375445567,-2.8629971860899497,-0.6709584431577308,-1.7669778146238402
Qwen_2.5_7B_base,harm_05,harm_description,user_suffering,1,assistant_next,25,]:,5669,49.4625358581543,-2.3319225311279297,-0.04714522801287984,-2.8548429012298584,-0.057717277363554635,-0.6241161227226257,-0.01261795643701788,-0.7396057844161987,-0.01495284808157018,4.605749607086182,0.09311592151874855,1.4756006002426147,0.0298326920494787,-1.6947393417358398,-0.03426309048520909,4.107555389404297,0.08304376874618193,-2.1205179691314697,-0.042871193972192696,0.9866570234298706,0.0199475624593803,-1.2425212549806202,-0.5707671475018271,-0.04605921213508179,-0.27416346953211457,0.8496018375318934,0.24638397782985644,0.062348942115738534,0.5086291669160542,-0.018714368261420616,1.3331148232341465,-0.9066442012412237,-1.4041478507231135,-0.6409732659189515,-1.0225605583210324
Qwen_2.5_7B_base,harm_05,harm_description,user_suffering,1,user_next,25,]:,5669,47.954872131347656,-1.7192280292510986,-0.03585095638545672,-0.6294171810150146,-0.01312519777533867,0.306162565946579,0.00638438916296147,0.3176259398460388,0.006623434194049486,4.949741363525391,0.10321665231361947,1.374788522720337,0.02866838053399063,0.1766524314880371,0.0036837222921622817,3.6055846214294434,0.07518703441756247,-2.1084985733032227,-0.043968391105872986,0.12628090381622314,0.0026333279227675073,0.16737337653954568,2.402285161299708,1.532089076670383,0.8822724170763447,1.4939987968116497,0.0018149021674485526,2.3558886699531456,-0.06276370888218101,-0.0024573354202213193,-1.0442874533549333,1.2848292689196268,0.016306786800144,2.478825527951899,1.2475661573760215
Qwen_2.5_7B_base,harm_05,harm_description,user_suffering,1,moderator_next,26,]:,5669,50.65654373168945,-3.1004209518432617,-0.061204747174721214,-2.896029233932495,-0.05716989396812741,-0.9783183336257935,-0.019312773070496364,0.22367370128631592,0.004415494718136312,4.931155681610107,0.09734489008426568,0.5073025226593018,0.010014550644163789,-0.7324645519256592,-0.014459426126766085,2.918287515640259,0.05760928994874658,-2.0529234409332275,-0.04052632275519758,-0.7517919540405273,-0.01484096423993146,-3.0109422125365395,-0.6257899327695471,-0.6469367984287026,0.7795042747625288,1.459182390057246,-2.102697318981083,1.2416933696719088,-0.8451133891017261,0.07271173006389418,-3.4705895829597466,-1.8183660726530433,-3.17238132815199,-0.6026766430072433,-1.8875289855796167
Qwen_2.5_7B_base,harm_06,harm_description,user_suffering,1,assistant_next,33,]:,5669,50.22488021850586,-2.1208884716033936,-0.04222784529054847,-2.8828086853027344,-0.05739802011992723,-0.6424152851104736,-0.012790777843881633,-1.0106489658355713,-0.020122476379011604,4.118492126464844,0.08200103431898965,1.5618884563446045,0.031097903062178158,-2.258896827697754,-0.04497565385662066,4.421421527862549,0.08803249522202806,-1.992156744003296,-0.03966473857849572,0.43175268173217773,0.008596390471292636,-0.7569027506850426,-0.6081279716129471,-0.0771023738894025,-0.5706396862599266,-0.06317363752282175,0.4557174399152003,-0.6290710081715662,0.8659027113355409,0.15490273215398662,-0.2002039372094387,-0.6825153611489949,-0.7856999044693183,-0.6186370489763686,-0.7021684767228434
Qwen_2.5_7B_base,harm_06,harm_description,user_suffering,1,user_next,33,]:,5669,48.23982238769531,-1.830410122871399,-0.0379439648048598,-1.1488289833068848,-0.023814950521043383,-0.028176024556159973,-0.0005840822615330964,-0.23985660076141357,-0.004972170063847386,4.249119758605957,0.08808323804462832,1.3912162780761719,0.02883958126742676,-0.9785550832748413,-0.020285213229235367,3.5938034057617188,0.07449868651834841,-1.7235283851623535,-0.03572833190202582,-0.9308575391769409,-0.01929645452870444,-0.08847196960972672,1.7083781735286088,0.9649086382596852,0.2724791226441348,0.1815300432310039,0.04166846972930022,0.9400898153709122,-0.07617425612966061,0.5182404667755092,-3.9653858936165687,0.809953101959441,-0.24692608148838416,1.7309376063569546,0.7420057624342852
Qwen_2.5_7B_base,harm_06,harm_description,user_suffering,1,moderator_next,34,]:,5669,51.2974853515625,-3.0080361366271973,-0.0586390563984161,-3.239680051803589,-0.06315475368043376,-1.429978609085083,-0.02787619313665882,-0.17754554748535156,-0.0034610965092842236,4.33104944229126,0.08443005368798917,0.24411320686340332,0.00475877531209174,-1.495626449584961,-0.029155940867955327,2.732003927230835,0.053258047806969536,-2.06417179107666,-0.04023923934925957,-1.491289734840393,-0.029071400374111496,-2.7983519989666186,-1.0848894426801974,-1.4131447095839593,0.3406370642638815,0.33500825325575906,-2.7411919246913974,0.3063776564698298,-1.0571598310184547,0.05749758783044365,-5.513979290702498,-1.941620720823408,-2.849700284001757,-1.021395803099382,-1.9355480435505696
Qwen_2.5_7B_base,harm_07,harm_description,user_suffering,1,assistant_next,24,]:,5669,49.29474639892578,-2.322394609451294,-0.047112416212813764,-3.2619118690490723,-0.06617159245838325,-0.8464303016662598,-0.017170801424078428,-0.7686595916748047,-0.015593134113203493,3.8656580448150635,0.07841927035249548,0.544064998626709,0.011036977332711567,-2.786363363265991,-0.056524550115683546,3.7816476821899414,0.07671502459078175,-2.4402527809143066,-0.049503303276299725,0.15114927291870117,0.003066234922794835,-1.2205961918695858,-1.1145899871603597,-0.4231986063299367,-0.30594350846341256,-0.5368056661037177,-2.013511925847771,-1.2755232752703107,0.1376487155616664,-0.45117698201547085,-0.975570858401278,-1.1675930895149729,-1.4000211858874478,-1.2324631062541973,-1.3162421460708225
Qwen_2.5_7B_base,harm_07,harm_description,user_suffering,1,user_next,24,]:,5669,49.84415054321289,-1.8938907384872437,-0.03799624866402961,-1.4272232055664062,-0.028633715090180152,0.03253734111785889,0.0006527815353107544,0.11657661199569702,0.002338822323687305,3.984952926635742,0.07994825637927055,0.4011351466178894,0.008047787799495575,-1.5131248235702515,-0.030357119282400702,3.7090330123901367,0.07441260352455105,-2.2472147941589355,-0.045084824792242975,-0.6570813655853271,-0.013182717699555615,-0.23454962966414472,1.3364580605689305,1.0679043268776192,0.6623578492772281,-0.31333153434361993,-2.360258294432795,0.28493200490608356,0.05499150193657302,-0.19008025676195642,-3.208884075940799,0.5509542154523929,-0.25350170253552173,1.3938020426073487,0.5701501700359135
Qwen_2.5_7B_base,harm_07,harm_description,user_suffering,1,moderator_next,25,]:,5669,50.821868896484375,-3.2726736068725586,-0.06439498739289667,-3.447770357131958,-0.06784029064642405,-1.3692708015441895,-0.026942551135479973,0.20802700519561768,0.004093257680455117,4.121561527252197,0.08109818896363545,-0.6039336323738098,-0.011883341669388849,-1.9570603370666504,-0.03850823237242326,2.3248844146728516,0.04574574814256145,-2.3323726654052734,-0.045893091223306356,-1.3045731782913208,-0.025669523900203623,-3.4073193513014015,-1.3628872015251874,-1.310158449923592,0.7623893883559878,-0.05742375399463599,-4.798544939213278,-0.2591463390143071,-1.520583607690915,-0.3052619455357624,-4.998041718172042,-2.3851032764132944,-3.573610523111104,-1.3492103546996346,-2.4614104389053693
Qwen_2.5_7B_base,harm_08,harm_description,user_suffering,1,assistant_next,20,]:,5669,50.359745025634766,-2.584953784942627,-0.051329763159579156,-3.341538429260254,-0.0663533627415965,-1.072283148765564,-0.021292465802194523,-1.3140788078308105,-0.026093833619727447,4.09270715713501,0.08126941776714094,0.7312638163566589,0.014520800611369688,-2.7365565299987793,-0.05434015856525449,4.367511749267578,0.08672624825730096,-3.0384421348571777,-0.060334740243631314,0.18219530582427979,0.003617875859608431,-1.8247811010659936,-1.2209669048563248,-0.8063410866564434,-0.9025415298184841,-0.1114764108312954,-1.5593694962644493,-1.214481032565924,0.8045372586234228,-1.2602678973384023,-0.8897840639677853,-1.5228740029611592,-1.9304272382823684,-1.2451803133359711,-1.5878037758091699
Qwen_2.5_7B_base,harm_08,harm_description,user_suffering,1,user_next,20,]:,5669,50.837646484375,-2.280975341796875,-0.04486783908255735,-1.9352424144744873,-0.03806711262822298,-0.4533742070198059,-0.008918080170354678,-0.7659076452255249,-0.01506575733125111,3.9349331855773926,0.07740195421491036,0.22981199622154236,0.004520508168925076,-1.8363630771636963,-0.03612211036811282,4.148635387420654,0.0816055752835793,-3.0423049926757812,-0.059843545149377377,-1.2479660511016846,-0.024548068948967734,-1.1252847390516176,0.6577709814001466,0.24359169073493672,-0.30293333618146306,-0.40703310840345497,-2.775886516386132,-0.1112222300226057,0.5553904918813521,-1.2654926696410447,-4.841624181720378,-0.23375687882573554,-1.1177258684798206,0.7338125885818046,-0.19195663994900797
Qwen_2.5_7B_base,harm_08,harm_description,user_suffering,1,moderator_next,21,]:,5669,51.933631896972656,-3.7322182655334473,-0.0718651503699476,-3.494292974472046,-0.06728381680303273,-1.4923861026763916,-0.028736409300952174,-0.1757298707962036,-0.003383739291425281,4.4934563636779785,0.08652305258742964,-0.43656641244888306,-0.008406236893174645,-1.6973317861557007,-0.032682709145451516,2.9303770065307617,0.05642542028148778,-3.0737438201904297,-0.05918599774204519,-1.8015044927597046,-0.0346885905521412,-4.464795051189439,-1.4250389838282542,-1.5190143596354426,0.3426231129546492,0.6392438180579718,-4.392513764385234,0.059171694917030275,-0.8313519324441402,-1.308015776351058,-6.371168669738353,-2.9449170175088466,-4.51311578682748,-1.3102777361390128,-2.9116967614832463
Qwen_2.5_7B_base,harm_09,harm_description,user_suffering,1,assistant_next,20,]:,5669,50.611907958984375,-2.090710163116455,-0.041308661289962745,-2.5036957263946533,-0.049468511015700795,-0.9424132108688354,-0.018620384981980174,-1.2650582790374756,-0.024995269493943446,3.717033863067627,0.07344188379698888,1.1085569858551025,0.021903086260914553,-2.1705191135406494,-0.04288554217911774,4.215493202209473,0.08329054114351284,-2.8875057697296143,-0.057051905098492506,-0.31212854385375977,-0.00616709696276827,-0.687458296729999,-0.10165289696096592,-0.5860264403517024,-0.848921214256449,-0.815222136849624,-0.6440601009434034,-0.5207570776654025,0.6314946826012436,-1.0561164175241369,-2.2557060355406096,-0.39455559684548247,-0.6700962409980983,-0.06386424699448887,-0.3669802439962936
Qwen_2.5_7B_base,harm_09,harm_description,user_suffering,1,user_next,20,]:,5669,49.75130844116211,-1.995096206665039,-0.040101381635510545,-0.7077224254608154,-0.014225202263731342,-0.087166428565979,-0.001752042937103162,-0.36523526906967163,-0.007341219367157217,3.8669748306274414,0.07772609307754551,0.48006394505500793,0.009649272754760827,-1.1316680908203125,-0.02274649906260593,3.7858638763427734,0.07609576501530785,-2.8345978260040283,-0.05697534225368841,-1.707655906677246,-0.034323839114639335,-0.46743738339339763,2.2976734523236915,0.8648358253725972,0.1353356865180314,-0.5343389419522364,-2.16877783146302,0.7524376248040812,0.14244800559130233,-0.9845549022035603,-6.111845058679397,0.915118034465147,-0.5182594479294542,2.4018658367280143,0.9418031943992801
Qwen_2.5_7B_base,harm_09,harm_description,user_suffering,1,moderator_next,21,]:,5669,50.920345306396484,-3.02476167678833,-0.05940182963386871,-2.414433479309082,-0.04741588975449833,-1.5869910717010498,-0.031166149054014682,-0.2518322467803955,-0.00494561152845837,3.737657308578491,0.0734020416807538,-0.2255672812461853,-0.004429806590841208,-1.3618767261505127,-0.02674523744793689,2.4385716915130615,0.04788992841348101,-3.137327194213867,-0.06161244931345279,-2.1369199752807617,-0.041965936452758645,-2.836839775844363,0.017596794177209097,-1.6795046210992821,0.25937975520760176,-0.7765884041269584,-3.8806320161650247,0.47029859952052616,-1.3911734822418333,-1.394016521681702,-7.297993012686025,-1.409621490833577,-2.945632524293067,0.07974343836372884,-1.432944542964669
Qwen_2.5_7B_base,harm_10,harm_description,user_suffering,1,assistant_next,30,]:,5669,51.995243072509766,-2.1446993350982666,-0.04124799132311747,-3.0469841957092285,-0.05860121071960503,-0.478242963552475,-0.009197821479275385,-0.43069422245025635,-0.008283338955635487,5.011943340301514,0.09639234368636622,0.8436977863311768,0.016226441814198297,-2.3690943717956543,-0.04556367528644578,4.123544692993164,0.07930619128451213,-2.280784845352173,-0.043865259792545123,-0.04679858684539795,-0.0009000551604333335,-0.8116948346852182,-0.8274578624419144,0.2014037033664472,0.06373446509047447,1.610521253950262,-1.2866058276093106,-0.7641268788422199,0.5268297768768947,-0.23548598534663467,-1.5225429113453197,-0.8195763485635663,-0.6624659184233775,-0.7028159573460853,-0.6826409378847313
Qwen_2.5_7B_base,harm_10,harm_description,user_suffering,1,user_next,30,]:,5669,50.062198638916016,-1.775555968284607,-0.035466999383929824,-0.9636659622192383,-0.01924937354769172,1.0452585220336914,0.020879197287614858,0.9787498712539673,0.019550676915199103,5.158339500427246,0.10303861277913179,1.1484678983688354,0.022940820211521235,-0.41558802127838135,-0.008301433668063523,3.9828367233276367,0.07955776677038642,-1.8345587253570557,-0.03664558839273502,-1.1372865438461304,-0.022717470961454277,0.037755012730719614,1.955746280380609,2.785910144022248,1.605432176881432,1.8847639899151447,-0.5472366327416904,1.6300508062373176,0.36666202097493317,0.36806454173668374,-4.5357931544258605,0.9967506465556643,0.06459617822084926,2.050359388572986,1.0574777833969176
Qwen_2.5_7B_base,harm_10,harm_description,user_suffering,1,moderator_next,31,]:,5669,49.46730422973633,-2.1181445121765137,-0.042819081111422914,-2.412787437438965,-0.048775397709838485,-0.5369205474853516,-0.010854049070306767,0.452215313911438,0.009141701189360495,4.450433731079102,0.08996717731797901,0.1358954906463623,0.0027471780151033845,-1.3625563383102417,-0.027544584438688027,1.917268991470337,0.03875830755939611,-1.564191222190857,-0.031620708800431725,-1.187873363494873,-0.02401330296832318,-0.7505885212391828,0.01979581998062412,0.10186156636728792,1.0294908352845287,0.5586498703601996,-3.003727004574557,0.4694656806682782,-1.984571879006083,0.733754584811584,-4.675575300230102,-0.3653963506292794,-0.860058277575189,-0.015371912131135517,-0.4377150948531623
Qwen_2.5_7B_base,harm_11,harm_description,user_suffering,1,assistant_next,28,]:,5669,51.36101150512695,-2.296485185623169,-0.04471261601602082,-2.767282009124756,-0.05387904030761778,-0.9051380753517151,-0.017623057818114865,-1.1373565196990967,-0.022144355930092296,3.9274492263793945,0.07646752101031634,1.148667573928833,0.022364582399514676,-2.358588695526123,-0.04592177269115279,4.1152753829956055,0.08012450032423546,-2.471149206161499,-0.04811332825707345,0.18686902523040771,0.0036383439452268985,-1.1609750308355709,-0.45379037758803936,-0.5227919579886942,-0.7092367024385764,-0.42105274829391254,-0.5467522218621489,-0.7512513354970338,0.517416828709744,-0.4929664535576956,-0.8768695828438129,-0.8073827042118051,-1.098203819428243,-0.3724384173924741,-0.7353211184103585
Qwen_2.5_7B_base,harm_11,harm_description,user_suffering,1,user_next,28,]:,5669,49.25169372558594,-1.5770233869552612,-0.03201967826206975,-0.8125386238098145,-0.01649767880749461,-0.08170008659362793,-0.0016588279592745308,-0.3032265305519104,-0.006156672138858571,3.6865923404693604,0.07485209262060767,0.6849122643470764,0.013906369761884328,-1.1518996953964233,-0.023388021979800847,3.6038312911987305,0.07317172301277759,-2.2339231967926025,-0.04535728678163394,-1.0909682512283325,-0.022150877842026,0.49460588986549614,2.1576444962140235,0.8741090661065456,0.20316294601055157,-0.8722479935190574,-1.6718178904362342,0.7276421813714803,-0.06475952311413886,-0.17210248666567135,-4.407805857002125,1.32612519303976,0.4981578487838634,2.242876400805722,1.3705171247947927
Qwen_2.5_7B_base,harm_11,harm_description,user_suffering,1,moderator_next,29,]:,5669,50.53831481933594,-2.971719264984131,-0.05880131293667814,-2.7282180786132812,-0.0539831628412245,-1.3069775104522705,-0.025861121707845738,-0.10752367973327637,-0.002127567571606837,3.811178207397461,0.07541165986680873,0.0792582631111145,0.001568280687522852,-1.4301626682281494,-0.02829858243870391,2.496363401412964,0.04939546184586781,-2.289412260055542,-0.04530052630840025,-1.5292997360229492,-0.030260204391259992,-2.7147818637584207,-0.4016030105853833,-1.2044825358795912,0.4172293560553128,-0.6388623023945431,-3.141128343053233,0.38660873658067896,-1.3253892306005968,-0.24715513795393115,-5.619009011175377,-1.558192437171902,-2.8701069166599593,-0.3797231495189135,-1.6249150330894364
Qwen_2.5_7B_base,harm_12,harm_description,user_suffering,1,assistant_next,38,]:,5669,50.89228057861328,-2.3495523929595947,-0.046167166537766806,-2.8191537857055664,-0.05539452651077054,-0.6925773620605469,-0.01360869181310755,-0.8761390447616577,-0.017215558721293423,4.3835859298706055,0.08613459408837618,1.2154262065887451,0.023882329358600404,-1.7900848388671875,-0.03517399531942854,4.096831321716309,0.08050005374367013,-2.1389546394348145,-0.04202905853532683,0.45198261737823486,0.008881162570029801,-1.2830900008641986,-0.5230883567227138,-0.16219858953520191,-0.4235081764262681,0.43342442810194864,-0.3847964574001685,-0.05450456160808732,0.4964219702675005,-0.043651191949300734,-0.14430432079309305,-0.9030891787934562,-1.281139302324661,-0.478466484986194,-0.8798028936554274
Qwen_2.5_7B_base,harm_12,harm_description,user_suffering,1,user_next,38,]:,5669,49.05634307861328,-1.648397445678711,-0.03360212649844562,-0.608339786529541,-0.012400838471686942,0.11690321564674377,0.002383039752054188,0.03157389163970947,0.000643625057601868,4.598901748657227,0.093747341527016,1.2533631324768066,0.025549461166892926,0.18897992372512817,0.003852303532333952,3.3998494148254395,0.06930499098510354,-1.6939284801483154,-0.034530264056449905,-0.041179537773132324,-0.0008394335001111212,0.3303643275277517,2.4304434573818203,1.211024729551575,0.5693789932486657,0.8367738000379871,-0.29276186069357696,2.3709969939262003,-0.29695191037580837,0.5582763084089715,-1.507016283220554,1.380403892454786,0.29913696367049036,2.5295039287515553,1.4143204462110228
Qwen_2.5_7B_base,harm_12,harm_description,user_suffering,1,moderator_next,39,]:,5669,50.920738220214844,-2.8937344551086426,-0.05682821098535978,-2.499082565307617,-0.04907789346061592,-1.1451301574707031,-0.022488483032559452,0.012549638748168945,0.0002464543756984833,4.524637699127197,0.08885648278624086,0.39479175209999084,0.007753064191501919,-0.4744136333465576,-0.009316707689799789,2.5613656044006348,0.05030103046274784,-2.0546979904174805,-0.04035090735589126,-1.0981773138046265,-0.021566405990725894,-2.535328050403205,-0.09548995514893271,-0.9299205941017565,0.5485696207574603,0.6976555601233941,-2.375647305074517,1.557955331509283,-1.2513972811327214,0.07031153377648723,-4.427726030738061,-1.3154090027760688,-2.6219544098394896,-0.03653544357307089,-1.3292449267062802
Qwen_2.5_7B_base,harm_13,harm_description,user_suffering,1,assistant_next,34,]:,5669,50.30442810058594,-1.6875288486480713,-0.0335463280742161,-2.471761703491211,-0.04913606608445709,-0.47993093729019165,-0.009540530633417569,-0.8659300804138184,-0.0172137943538957,3.8160979747772217,0.07586008069004908,1.310584306716919,0.026053060460131807,-2.1333940029144287,-0.042409666175880434,4.128032207489014,0.08206101059800998,-1.995539665222168,-0.03966926452740895,0.11612248420715332,0.002308394878776104,0.24031756719066547,-0.05899071342457956,0.19854018203872884,-0.4123412652695051,-0.629646142179838,-0.15394387344270133,-0.47525729651860915,0.531937910610089,0.15032710604596333,-1.0723573280929661,0.09066342688304295,0.30615460350402063,-0.0406053789376454,0.1327746122831876
Qwen_2.5_7B_base,harm_13,harm_description,user_suffering,1,user_next,34,]:,5669,47.65574645996094,-1.217737078666687,-0.02555278574200483,-0.44172048568725586,-0.009268986816907325,0.7603043913841248,0.015954096785010214,0.2665468454360962,0.00559317323169078,4.092804431915283,0.08588270535965575,1.4210377931594849,0.029818813022966753,-0.4066905975341797,-0.008533925659434798,3.604261875152588,0.07563121224385376,-1.6539506912231445,-0.03470621727880706,-1.2898167371749878,-0.027065292918214107,1.3213732848446536,2.65303812435288,2.302506751952745,0.8264003726838636,-0.1112941867766504,0.11401516228869801,1.6409553079695098,-0.0642693897849417,0.6123489287604573,-4.957266531710479,1.9872057045987668,1.3114840882720953,2.7486178858800745,2.030050987076085
Qwen_2.5_7B_base,harm_13,harm_description,user_suffering,1,moderator_next,35,]:,5669,50.78363800048828,-2.4948058128356934,-0.0491261735287989,-2.642401695251465,-0.05203254038684779,-1.0660148859024048,-0.020991306016559016,-0.2156769037246704,-0.004246976235192065,3.9438390731811523,0.07765964055476357,0.3241974711418152,0.006383896150541598,-1.4827346801757812,-0.029197094547687284,2.7553389072418213,0.05425643013632322,-2.2607102394104004,-0.04451650823811921,-1.4983981847763062,-0.029505530595541406,-1.6173381722871978,-0.2869568130649309,-0.7957074470474046,0.29892769464486885,-0.3903497815965689,-2.5469083133319654,0.32217754707805646,-1.0305976441625067,-0.2083337446905313,-5.5336214503061925,-0.9521474926760644,-1.6532868246730552,-0.24325161384130767,-0.9482692192571814
Qwen_2.5_7B_base,harm_14,harm_description,user_suffering,1,assistant_next,27,]:,5669,50.97816467285156,-2.210264205932617,-0.04335707689982205,-3.08042049407959,-0.06042627297094649,-0.43127554655075073,-0.008460005363441941,-0.7511365413665771,-0.014734475950378715,4.397428512573242,0.0862610205917259,1.028530240058899,0.020175897791915663,-2.4198460578918457,-0.04746828516524714,3.9467086791992188,0.07741959139813913,-2.085278272628784,-0.04090532262216375,-0.1619342565536499,-0.0031765415171936947,-0.9625686537296185,-0.8721270073901372,0.2810804171014648,-0.28677620222936945,0.45935562568206867,-0.8382041730494751,-0.8263271139730084,0.32553750068705767,0.028949666732059304,-1.8406872636129332,-0.9173478305598779,-0.9277207739104125,-0.8305029157264472,-0.8791118448184299
Qwen_2.5_7B_base,harm_14,harm_description,user_suffering,1,user_next,27,]:,5669,48.52324676513672,-1.783778429031372,-0.0367613164400407,-0.9011375904083252,-0.018571255026895276,0.8951103091239929,0.018447040723728266,0.4447115659713745,0.009164917758365946,4.405252456665039,0.09078643228445611,1.0450900793075562,0.02153792561256307,-0.7975061535835266,-0.016435548046560722,3.153085470199585,0.06498092523489243,-1.7773699760437012,-0.036629246691726264,-1.4702650308609009,-0.03030021956233287,0.01883399543867944,2.039280913098024,2.531194919265661,1.0212829815067686,0.4740121565086139,-0.7980301713058133,1.161979704420775,-0.5778430876288768,0.4454161315353458,-5.455883560281828,1.0290574542683517,-0.09818710922144301,2.097802642236385,0.999807766507471
Qwen_2.5_7B_base,harm_14,harm_description,user_suffering,1,moderator_next,28,]:,5669,50.2289924621582,-2.9311399459838867,-0.05835553934696511,-2.94111967086792,-0.0585542238993489,-0.8071019649505615,-0.01606844822855287,0.39357316493988037,0.007835577534954393,4.235731601715088,0.08432842058112607,0.011303186416625977,0.00022503311061119997,-1.441165566444397,-0.028691906721604068,2.204404354095459,0.04388709082222235,-2.0833611488342285,-0.04147726336346091,-1.895667552947998,-0.037740505234624536,-2.6214032487489294,-0.6860283969959751,-0.35648102154012307,0.9653460655218996,0.1564501178277304,-3.305986668585374,0.3731238081218767,-1.6577259527868162,0.03154270426357069,-6.631361239660877,-1.6537158228724522,-2.814042994728436,-0.6995286151427935,-1.7567858049356149
Qwen_2.5_7B_base,harm_15,harm_description,user_suffering,1,assistant_next,27,]:,5669,50.38153839111328,-2.2810916900634766,-0.04527634055862484,-2.9230270385742188,-0.05801782025556026,-1.0160493850708008,-0.020167097264541252,-1.1702377796173096,-0.023227511842388002,3.993527889251709,0.07926569963485118,1.1232397556304932,0.022294669664724244,-2.212885856628418,-0.04392255431840377,4.234965801239014,0.08405788978420739,-2.3999013900756836,-0.04763453968882773,0.39186739921569824,0.007777995903452188,-1.1255524724749888,-0.6618575870136529,-0.7109447080992451,-0.7452033387905611,-0.29726812662459484,-0.6084398506679571,-0.5726808970394088,0.6536603246437953,-0.3965990402099521,-0.31041545900255574,-0.8937050297443209,-1.1691021621671676,-0.6620001693655757,-0.9155511657663716
Qwen_2.5_7B_base,harm_15,harm_description,user_suffering,1,user_next,27,]:,5669,49.32893371582031,-1.8332780599594116,-0.03716435612658418,-1.0644793510437012,-0.02157920860759071,-0.1702754646539688,-0.003451837528759712,-0.361444354057312,-0.007327228197138041,4.030683517456055,0.0817103313174469,1.070801019668579,0.021707361968076797,-0.7685563564300537,-0.015580234530461166,3.7647266387939453,0.07631883268513784,-2.168348789215088,-0.04395693614029357,-0.5955555438995361,-0.01207314853652584,-0.0950714887690149,1.8210648683343147,0.723847555207923,0.13948231782200088,-0.2276647905363919,-0.7356556912528939,1.1974599875097296,0.11838750701250784,-0.08340873593449857,-3.0388751400692446,0.8629966897826499,-0.1488764861677659,1.8873569747606522,0.8692402442964432
Qwen_2.5_7B_base,harm_15,harm_description,user_suffering,1,moderator_next,28,]:,5669,50.55913162231445,-2.930013656616211,-0.057952214814604115,-2.909255027770996,-0.057541633616329475,-1.5421957969665527,-0.03050281417978111,-0.34287261962890625,-0.00678161607264588,4.093520164489746,0.08096500143770381,0.04956638813018799,0.000980364704450574,-1.0737037658691406,-0.021236594289037545,2.6427764892578125,0.05227100237796437,-2.3063976764678955,-0.04561782614656219,-1.375020146369934,-0.0271962769582669,-2.6188115014292457,-0.6434589012505496,-1.6035127844272556,0.15979671028365108,-0.10995341076673788,-3.2131605300415855,0.8234775235441327,-1.1587273437826004,-0.27012904416210604,-5.192701679636454,-1.6311352013398976,-2.763317793376981,-0.6286846901044963,-1.6960012417407386
Qwen_2.5_7B_base,harm_16,harm_description,user_suffering,1,assistant_next,31,]:,5669,50.19234085083008,-2.273329734802246,-0.04529236326232531,-3.046492576599121,-0.06069636372715098,-1.110622763633728,-0.022127335462086953,-1.0660531520843506,-0.021239359113627,4.495041847229004,0.08955633012989202,0.6892955303192139,0.01373308195303695,-2.393747091293335,-0.04769148142357953,4.037018299102783,0.0804309627857498,-2.596601963043213,-0.05173303175399261,0.3819025754928589,0.007608781918099024,-1.1076911418781157,-0.8268010850365491,-0.8713813787050648,-0.6312426626709285,0.6422138914976515,-1.6611841317285907,-0.7943407508791567,0.4283368601739198,-0.6626496570887715,-0.33795038711646636,-0.9672461134573325,-1.1711173008611702,-0.8493992942587708,-1.0102582975599705
Qwen_2.5_7B_base,harm_16,harm_description,user_suffering,1,user_next,31,]:,5669,48.828861236572266,-1.5487319231033325,-0.031717551543949375,-1.0479600429534912,-0.021461898074505596,0.19840066134929657,0.004063184279233133,0.15521550178527832,0.0031787655467382407,4.837691783905029,0.09907443387767668,0.8425363302230835,0.01725488387167287,-0.48360246419906616,-0.00990402913260761,3.8635735511779785,0.07912479327460141,-2.2499818801879883,-0.04607893412232144,-0.7956619262695312,-0.016294910553301813,0.5597084538357857,1.8431337995106207,1.3492790570386297,0.7046223762924028,1.2840972307295104,-1.2894235083253545,1.5466936871469694,0.2309048588869069,-0.19382292478716737,-3.5918116502318695,1.2014211266732033,0.5361556331502099,1.8955643798201822,1.215860006485196
Qwen_2.5_7B_base,harm_16,harm_description,user_suffering,1,moderator_next,32,]:,5669,51.553401947021484,-2.895434856414795,-0.05616379806303121,-2.8859238624572754,-0.05597930987023856,-1.2092548608779907,-0.023456354289105374,0.09588789939880371,0.0018599722962481173,4.7085981369018555,0.09133438258333787,0.20441922545433044,0.003965193716302186,-0.9745141267776489,-0.018903003293150315,2.7008423805236816,0.05238921736530956,-2.4268717765808105,-0.04707491038272837,-1.4025547504425049,-0.027205862221931176,-2.539240908549688,-0.6122896852785642,-1.0387033623033333,0.6397278343564485,1.0422671518570228,-2.837489120237561,0.9450423295357079,-1.0926309917379438,-0.43307828304537443,-5.268785649094491,-1.575765296914126,-2.5383927205260797,-0.5193797242069588,-1.5288862223665192
Qwen_2.5_7B_base,harm_17,harm_description,user_suffering,1,assistant_next,32,]:,5669,50.112125396728516,-2.3537492752075195,-0.04696965567860708,-2.8516392707824707,-0.056905175108949484,-0.9384281039237976,-0.018726567602041107,-0.7589552402496338,-0.01514514170455003,4.67330265045166,0.09325692361786651,0.9692256450653076,0.019341140240852404,-2.0069358348846436,-0.04004890670663238,3.823342800140381,0.07629576215081034,-2.1599395275115967,-0.043102133673472265,0.7408901453018188,0.014784648215104175,-1.2927476062978132,-0.5664872648656035,-0.5792660041699224,-0.2953285600213774,0.9761484041863208,-0.9820765178775134,-0.32027273559676683,0.18511023099724594,-0.0720346497793017,0.6540086483275306,-0.9296174355817084,-1.382066520942361,-0.5841560988836091,-0.9831113099129851
Qwen_2.5_7B_base,harm_17,harm_description,user_suffering,1,user_next,32,]:,5669,48.77580261230469,-1.8652876615524292,-0.03824207007681043,-0.8374662399291992,-0.01716970700791567,0.19259336590766907,0.003948543244659668,0.09974944591522217,0.0020450600620164545,4.883798122406006,0.1001274783979458,0.972326397895813,0.019934605804939106,-0.2448669672012329,-0.005020255005285351,3.692656993865967,0.07570673973767515,-1.8465521335601807,-0.03785795486006724,-0.5947613716125488,-0.012193779287242485,-0.1687300009718342,2.1243425055057017,1.339427414218667,0.6439517247930606,1.3704678596105633,-0.9745541230191522,1.8392830608120392,0.0363506947110826,0.3518426588881389,-3.0366806730680738,0.9778062522669337,-0.2844180977937344,2.195859244654187,0.9557205734302263
Qwen_2.5_7B_base,harm_17,harm_description,user_suffering,1,moderator_next,33,]:,5669,51.27558517456055,-3.215754985809326,-0.062715129917323,-2.984523296356201,-0.05820554336329482,-1.239687204360962,-0.024176948934675646,0.1384960412979126,0.0027010133736440497,5.061941146850586,0.09872029991696665,0.13328862190246582,0.0025994558901415435,-0.9392277002334595,-0.018317249760017175,2.6181159019470215,0.05105969815915338,-2.0992202758789062,-0.040939957461868154,-1.0401979684829712,-0.020286418281561545,-3.2763417465983085,-0.7440133693974956,-1.0903295592451283,0.6863340638358177,1.7041817382722848,-3.010051241657431,0.9882886568363213,-1.186798468241171,0.010092179388421527,-4.2675167636273645,-2.010177557997902,-3.362338701406108,-0.6751338543271255,-2.018736277866617
Qwen_2.5_7B_base,harm_18,harm_description,user_suffering,1,assistant_next,25,]:,5669,49.510093688964844,-2.0036673545837402,-0.040469876045302895,-2.9063754081726074,-0.058702684475436584,-0.3720267415046692,-0.007514159513448651,-0.6055047512054443,-0.012229925376618777,4.670689105987549,0.09433811891631674,1.243066668510437,0.025107338239343715,-1.9668551683425903,-0.03972634713032217,4.189993858337402,0.08462908360990029,-1.8953832387924194,-0.03828276413088016,0.7834900617599487,0.015824855163515443,-0.4871607780044551,-0.6396118801535555,0.38159158803993054,-0.12747921509923954,0.971252472600491,-0.3177409776479898,-0.2711506851807606,0.6024688022998628,0.28579533897486004,0.7717212812810593,-0.5633863290790053,-0.5646041446534132,-0.7099153728471397,-0.6372597587502764
Qwen_2.5_7B_base,harm_18,harm_description,user_suffering,1,user_next,25,]:,5669,48.18001174926758,-1.7398831844329834,-0.03611213698924498,-1.0192527770996094,-0.02115509606771949,0.8496981859207153,0.017635906573510378,0.6789543032646179,0.014092032745818897,4.875032901763916,0.1011837217295412,1.4264616966247559,0.029606918820364144,-0.20578867197036743,-0.004271245782199208,3.6088004112243652,0.07490243941833878,-1.7361924648284912,-0.0360355342764084,-0.19909000396728516,-0.004132211610976033,0.11984301301425077,1.8814852044804633,2.454156645254679,1.2775056253858441,1.3540480430787767,0.12717349698019687,1.8871766253187092,-0.059103178237545795,0.5011114561348811,-1.9433564991668113,1.0006641087473571,-0.01654129868253241,1.9170291901534815,0.9502439457354745
Qwen_2.5_7B_base,harm_18,harm_description,user_suffering,1,moderator_next,26,]:,5669,50.55279541015625,-2.515411853790283,-0.04975811591390112,-2.8028717041015625,-0.05544444538349812,-0.49683457612991333,-0.009828033684366688,0.6047288179397583,0.011962322024595023,4.966164588928223,0.09823719041915734,0.660304069519043,0.013061672735636402,-0.8209631443023682,-0.016239718053997734,2.849717140197754,0.05637110899756959,-1.6478638648986816,-0.03259688908454743,-0.6366537809371948,-0.012593839287654677,-1.6647555171952497,-0.50133634771825,0.16986442171613786,1.1963152742445213,1.5247642913708812,-1.7315171210317213,1.1332312932762205,-0.9231669860805451,0.6205817664895316,-3.15243831327889,-1.0830459324567498,-1.732764768995416,-0.4819589625823282,-1.1073618657888722
Qwen_2.5_7B_base,harm_19,harm_description,user_suffering,2,assistant_next,52,]:,5669,43.35306930541992,-1.505525827407837,-0.034727087413384566,-0.9500608444213867,-0.021914500164411932,0.6629998683929443,0.015293031820242017,1.3056020736694336,0.030115562625371246,3.9262290000915527,0.09056403763321788,1.6078553199768066,0.037087462219792484,0.045909225940704346,0.0010589613763509209,1.3310959339141846,0.03070361465151842,-0.2727392017841339,-0.006291116318955451,0.7497704029083252,0.017294517203066642,0.6591316446485403,1.9739220058218132,2.1374368988840504,1.9629541919855698,-0.42333858827350357,0.5672325839924892,2.1956524541280444,-2.651812145652911,2.4805293985042995,0.6785466895040873,1.3165268252351767,0.15765320966040394,1.8638989480387418,1.0107760788495728
Qwen_2.5_7B_base,harm_19,harm_description,user_suffering,2,user_next,52,]:,5669,42.682926177978516,-1.1732141971588135,-0.027486733038563606,-0.5505889654159546,-0.012899513100861886,0.7583494186401367,0.017767043793529634,1.0160140991210938,0.023803759256910736,3.916654109954834,0.09176161197625576,1.1707398891448975,0.027428763535638744,0.16420945525169373,0.003847193010314617,1.742078423500061,0.04081440940192275,-0.6476454138755798,-0.015173407070898546,0.5986851453781128,0.014026337905740717,1.423826581594456,2.5075955323701318,2.299190286759933,1.6461930521023982,-0.4412751520836589,-0.49320500943683937,2.3406388111374112,-2.1839911456879166,1.9734437937506413,0.261065977263179,1.9657110569822938,1.0682559725738323,2.494615120671721,1.7814355466227767
Qwen_2.5_7B_base,harm_19,harm_description,user_suffering,2,moderator_next,53,]:,5669,47.43826675415039,-2.263749837875366,-0.047719910375463075,-2.0779480934143066,-0.04380320436628318,-0.9927448034286499,-0.02092708843207882,-0.03860628604888916,-0.0008138215978456144,3.5323708057403564,0.07446247612812093,0.5448251366615295,0.011484929234136966,-1.0696909427642822,-0.02254911521763587,1.9053223133087158,0.04016424805701862,-1.58493173122406,-0.0334104055579854,-0.3290165662765503,-0.006935678488880805,-1.085646476541067,0.4671236619244999,-0.6714102265639325,0.4926135366839864,-1.1611499400759948,-2.0116678386994744,0.8283955579949956,-1.9981707720622353,0.7057016659033339,-2.3023712346782363,-0.30926140730828355,-1.4764243333474671,0.33249799973132477,-0.5719631668080711
Qwen_2.5_7B_base,harm_20,harm_description,user_suffering,1,assistant_next,39,]:,5669,51.00405502319336,-2.1998395919799805,-0.04313068031511681,-2.9929051399230957,-0.058679748866283576,-0.6382268071174622,-0.012513256187713657,-0.5828485488891602,-0.011427494316365987,4.496853351593018,0.08816658498129488,1.2951939105987549,0.02539393995261326,-2.000753164291382,-0.039227335226220114,4.024722099304199,0.07890984545197464,-2.183459758758545,-0.0428095326492305,0.4778432846069336,0.00936873125851741,-0.9385801779028069,-0.7552110737927532,-0.06999693391976686,-0.10269709325069584,0.6456073678878298,-0.19128081803513777,-0.3126953801586004,0.41434010695132073,-0.10384732799359467,-0.07284579499018123,-0.84689562584778,-0.8992473947255915,-0.7083107272142601,-0.8037790609699258
Qwen_2.5_7B_base,harm_20,harm_description,user_suffering,1,user_next,39,]:,5669,50.17726516723633,-1.4281082153320312,-0.02846126050457861,-0.7065057754516602,-0.014080196939728375,0.9194923043251038,0.01832487883228626,0.6470324397087097,0.01289493234739296,4.810828685760498,0.09587666186521798,1.4500237703323364,0.028898023148522287,-0.11964643001556396,-0.002384474913425296,3.825782299041748,0.0762453331462119,-1.5058562755584717,-0.030010728375482156,-0.40655219554901123,-0.008102318733275105,0.8372802575648213,2.2992988330703352,2.572557152403927,1.2425884092861934,1.2337748074820547,0.18433484836767394,1.992750806521807,0.18788711041271952,0.8126564827725071,-2.516618675241662,1.5682895453175782,0.9456918883938742,2.4120108543882552,1.6788513713910647
Qwen_2.5_7B_base,harm_20,harm_description,user_suffering,1,moderator_next,40,]:,5669,51.07841491699219,-2.930568218231201,-0.05737390682529369,-3.0186538696289062,-0.05909842493222504,-0.6731669902801514,-0.013179089276245528,0.7945603132247925,0.015555696364423931,5.153814315795898,0.10090004406306245,0.4796506464481354,0.009390476333841179,-0.658354640007019,-0.012889096912598302,2.4724173545837402,0.048404347679967735,-1.9220304489135742,-0.03762901515321249,-1.2281688451766968,-0.024044772085676517,-2.6200876242627733,-0.789610029284818,-0.12927034407132934,1.403959396642901,1.8762869983534727,-2.1697804896835398,1.3325209716972801,-1.352646994268689,0.24975321370864095,-4.786920289593172,-1.7048488267737958,-2.6905853239950517,-0.7376025901999895,-1.7140939570975207
Qwen_2.5_7B_base,neutral_01,casual_chat,neutral,1,assistant_next,12,]:,5669,49.9500617980957,-2.0065507888793945,-0.04017113726485704,-2.8561363220214844,-0.05717983560393456,-1.6826088428497314,-0.033685821043646424,-1.9124977588653564,-0.038288196050605655,3.376392364501953,0.0675953591038535,0.8421722650527954,0.016860284747133233,-2.6823837757110596,-0.05370131045189864,3.746072769165039,0.07499635904970701,-3.464543342590332,-0.06936014126658026,0.11746132373809814,0.0023515751434480957,-0.49379595837792184,-0.5724950899965442,-1.8417130256942005,-1.5571124571956938,-1.4533430853061653,-1.290306726729008,-1.1480880057807221,0.09715382391373414,-1.836598141119286,-1.068657829610506,-0.533145524187233,-0.5270324534376626,-0.6033721903709605,-0.5652023219043115
Qwen_2.5_7B_base,neutral_01,casual_chat,neutral,1,user_next,12,]:,5669,50.86061477661133,-1.8891839981079102,-0.037144340594496054,-1.257182002067566,-0.02471818336426581,-0.9174618721008301,-0.01803874916043548,-0.9868206977844238,-0.01940245319720794,3.1066699028015137,0.06108203600067653,0.5562899112701416,0.010937538087446715,-1.4747666120529175,-0.02899624038227515,3.824295997619629,0.075191698221042,-3.754420757293701,-0.07381784065693603,-1.9271466732025146,-0.03789074673333931,-0.22371877028405596,1.563624210425783,-0.5436983583911631,-0.5445755191925773,-1.9586119788644605,-1.9838544119988248,0.3319430494466065,0.18619525483452734,-2.2286766380832974,-6.718344746585401,0.6699527200708635,-0.14635917860558137,1.667744663554293,0.7606927424743558
Qwen_2.5_7B_base,neutral_01,casual_chat,neutral,1,moderator_next,13,]:,5669,49.41210174560547,-2.9121365547180176,-0.0589356949378704,-3.126436948776245,-0.06327269713950791,-2.0221550464630127,-0.04092428727023043,-1.0047571659088135,-0.020334232514166894,3.16278076171875,0.06400822167011012,0.05923295021057129,0.0011987539108441032,-2.0734665393829346,-0.04196272706751117,2.61245059967041,0.05287066340793229,-3.0144147872924805,-0.06100559743060457,-1.5814881324768066,-0.0320060891281043,-2.5776738220210036,-0.933602582888359,-2.4177277906559236,-0.5641950358435058,-1.853499963265237,-3.189709548661798,-0.4018114150283701,-1.193247276750796,-1.2277693105518515,-5.763216654451959,-1.7556382024546813,-2.887007832725209,-1.029647489604304,-1.9583276611647564
Qwen_2.5_7B_base,neutral_02,casual_chat,neutral,1,assistant_next,12,]:,5669,51.36957931518555,-2.0446665287017822,-0.03980306157767874,-2.6863362789154053,-0.052294301700097585,-1.040005087852478,-0.020245544186207467,-1.2176520824432373,-0.023703758112795813,4.707488059997559,0.0916396069960799,1.1244826316833496,0.021890049454832448,-2.2572031021118164,-0.043940463056207205,4.2474164962768555,0.08268349776073135,-3.2744879722595215,-0.06374371789514613,0.45216822624206543,0.008802256749422092,-0.5815055376011526,-0.3456511178048358,-0.7515837679987238,-0.7970667099589647,1.0401876538216623,-0.6054246459932705,-0.6269952125124295,0.6678329396589303,-1.5795356030961172,-0.1437914440112223,-0.46357832770299423,-0.480740418496471,-0.26156523897160017,-0.37115282873403554
Qwen_2.5_7B_base,neutral_02,casual_chat,neutral,1,user_next,12,]:,5669,51.81532287597656,-1.7370715141296387,-0.03352428234959445,-0.9049572944641113,-0.017465051730550577,-0.005550116300582886,-0.00010711341727750033,0.035412490367889404,0.0006834366438794865,4.45561408996582,0.08599027937412704,0.974407434463501,0.018805391540178382,-0.9051373600959778,-0.01746852687307352,4.250888824462891,0.08203922292711902,-3.0036442279815674,-0.057968262306711676,-1.5876435041427612,-0.030640424801422005,0.1263130545343676,2.0341779883592475,1.0032918011023046,0.5735777826168664,0.568354194525216,-0.9695055494524916,1.0300690849431038,0.6717854877245047,-1.2132014122200485,-5.78022525601387,1.0802455214468076,0.3089272437246032,2.175196021096073,1.2420616324103382
Qwen_2.5_7B_base,neutral_02,casual_chat,neutral,1,moderator_next,13,]:,5669,50.317073822021484,-2.864232301712036,-0.0569236659477303,-2.6348419189453125,-0.05236476843357617,-1.2410659790039062,-0.024664907649314623,-0.1411750316619873,-0.0028057083001555914,4.149728298187256,0.08247157441757094,0.33939599990844727,0.006745145814896516,-1.2660220861434937,-0.025160884566173117,2.5767440795898438,0.051210133735203826,-2.745879650115967,-0.05457152893724557,-1.792224645614624,-0.03561861828360633,-2.4674395226544745,-0.27685734751239854,-1.0926685474106248,0.3804203669659924,-0.004659171112869214,-2.510036836984676,0.5877760984062448,-1.23389197659237,-0.8645576644360895,-6.345526477647968,-1.3721484350834365,-2.633959561516965,-0.26649530799158355,-1.4502274347542743
Qwen_2.5_7B_base,neutral_03,casual_chat,neutral,1,assistant_next,24,]:,5669,49.81987762451172,-2.2385029792785645,-0.0449319244850414,-3.2973179817199707,-0.06618478685498953,-1.1183346509933472,-0.022447559173511877,-1.0368481874465942,-0.020811937661935523,3.8578875064849854,0.0774367118193578,0.6570268869400024,0.013188046985822799,-2.5127596855163574,-0.050436889958960125,4.091989517211914,0.08213567981946683,-2.5717175006866455,-0.05162030946903296,0.4041633605957031,0.008112492038656716,-1.027549969571701,-1.1618907009364816,-0.8844640194107805,-0.5992972826760172,-0.5513621523512422,-1.7394675326672295,-0.9402001678484115,0.49091054853475646,-0.6289917654986164,-0.27643910155692847,-1.0947203352540913,-1.1257857425610307,-1.2333862267499953,-1.179585984655513
Qwen_2.5_7B_base,neutral_03,casual_chat,neutral,1,user_next,24,]:,5669,48.202369689941406,-1.7080847024917603,-0.03543569981058822,-1.267662525177002,-0.026298759445462085,-0.18834131956100464,-0.0039073041589552104,0.07214230298995972,0.0014966546967298572,3.6812782287597656,0.0763713122910626,0.4493810832500458,0.009322800645293172,-1.0870997905731201,-0.02255282878343572,3.5005102157592773,0.07262112295051219,-2.3377208709716797,-0.04849804866459712,-0.7114605903625488,-0.014759867511472414,0.1930157097531454,1.5496227799826459,0.6932001821630435,0.6137540963329603,-0.8822028757592105,-2.243214142416524,0.8070596278938066,-0.1823698107890439,-0.3124957495286568,-3.3591454440068604,0.8713192448678956,0.06853265376989018,1.5571627082547614,0.8128476810123259
Qwen_2.5_7B_base,neutral_03,casual_chat,neutral,1,moderator_next,25,]:,5669,51.65314865112305,-3.2154674530029297,-0.06225114125609105,-3.5279030799865723,-0.06829986500561314,-1.5436797142028809,-0.02988549109811756,0.19664812088012695,0.003807088745128249,3.981657028198242,0.07708449788978494,-0.32367032766342163,-0.006266226476328939,-1.5759943723678589,-0.030511099778495178,2.496079683303833,0.048323863084570415,-2.4912045001983643,-0.04822948000758905,-1.435440182685852,-0.027789984157231867,-3.2756800939167805,-1.4699403260259976,-1.6060301391466143,0.7499427790933095,-0.31950571407747425,-4.118629009894548,0.2078803635011841,-1.3257121866702228,-0.5200925735770557,-5.359655095258405,-2.372810209971389,-3.3039839117085705,-1.3813635878462442,-2.3426737497774073
Qwen_2.5_7B_base,neutral_04,casual_chat,neutral,1,assistant_next,20,]:,5669,49.6113395690918,-1.4986560344696045,-0.030207933256518583,-2.4870128631591797,-0.05012992764881127,-1.2926596403121948,-0.02605572942677667,-1.484732985496521,-0.029927290784575383,3.8251140117645264,0.07710160711216914,1.200010061264038,0.024188221315669785,-2.283855438232422,-0.046034948019329024,4.1832051277160645,0.08431953589743886,-2.611565113067627,-0.05264048775442963,1.0920490026474,0.02201208457849733,0.6749399865768577,-0.07936546466919893,-1.1801933389581578,-1.089208852339476,-0.6127564734287216,-0.4221958693060264,-0.65965977404728,0.5947411963111807,-0.6828883134098329,1.624335285557644,0.2977872609538294,0.7260168626308608,-0.11013898531751369,0.3079389386566736
Qwen_2.5_7B_base,neutral_04,casual_chat,neutral,1,user_next,20,]:,5669,48.898353576660156,-1.3411412239074707,-0.027427124346935384,-0.5287916660308838,-0.010814099603616985,-0.0839039757847786,-0.0017158854981331538,0.03737825155258179,0.0007644071593122704,4.160620212554932,0.08508712273987179,1.3321303129196167,0.02724284593409011,-0.6259543299674988,-0.012801133048092548,4.100671291351318,0.08386113215289571,-2.433957576751709,-0.04977585948647297,-0.597892165184021,-0.012227245325278252,1.0374033106579226,2.536715583726493,0.8703703327591154,0.5757279988148022,0.015744563476352332,-0.10167348133570576,1.3722301332598916,0.500793004265313,-0.4426622993911671,-3.0453317218299696,1.7870594471922079,1.0757528209986937,2.640517051541658,1.8581349362701758
Qwen_2.5_7B_base,neutral_04,casual_chat,neutral,1,moderator_next,21,]:,5669,49.086002349853516,-2.5466647148132324,-0.051881689135371854,-2.447089195251465,-0.04985309615988248,-1.2588181495666504,-0.025645155223572753,-0.19983601570129395,-0.004071140572356883,4.031837463378906,0.08213823229364976,0.6441041231155396,0.013121951111943865,-1.22535240650177,-0.024963377497483796,2.8700523376464844,0.05846987328873502,-2.2174787521362305,-0.0451753788448989,-0.9289319515228271,-0.018924579453466112,-1.7366726648780275,-0.026029533494017543,-1.122783778402592,0.31625499476799196,-0.22550311302540704,-1.7708180263901079,0.6376200313075969,-0.9000194490296684,-0.14986028076330413,-3.960065085230211,-0.8813510991860225,-1.9998417023351653,-0.09077100442850962,-1.0453063533818374
Qwen_2.5_7B_base,neutral_05,casual_chat,neutral,1,assistant_next,14,]:,5669,50.93458938598633,-2.297153949737549,-0.04510007791227166,-2.836195945739746,-0.055683102189100414,-0.9255911707878113,-0.018172153382323523,-0.6678289175033569,-0.013111500957482878,3.922255516052246,0.0770057354606137,1.0357155799865723,0.020334228516850072,-2.2120208740234375,-0.0434286582200667,3.5134830474853516,0.06898029590186544,-2.8600311279296875,-0.05615105888566503,-0.09388816356658936,-0.0018433085394111545,-1.1625139493858911,-0.5458557907360548,-0.5574891062265247,-0.19565150018664984,-0.43078208360368403,-0.8207726113991072,-0.57162079193646,-0.16760284804913497,-1.0189551358404187,-1.652661430849148,-0.854184870060973,-1.1469340134193926,-0.49865612542251736,-0.8227950694209549
Qwen_2.5_7B_base,neutral_05,casual_chat,neutral,1,user_next,14,]:,5669,50.601131439208984,-1.4131488800048828,-0.027927219012930705,-0.10181617736816406,-0.002012132426139199,0.4889530837535858,0.009662888355391867,0.6805644035339355,0.013449588658932452,3.6256251335144043,0.07165106847205868,1.2285699844360352,0.024279496317429393,-0.5085328221321106,-0.010049831054529878,3.110765218734741,0.06147619885677738,-2.6696019172668457,-0.05275775148375967,-1.6012827157974243,-0.03164519587316279,0.8717037532943398,3.107132493551644,1.8421795327891397,1.2792668076221945,-0.9864573663953989,-0.3529097859037558,1.5161395470856711,-0.6260161919842542,-0.7613869538862199,-5.817913299765291,1.989418123422992,1.0128570618964512,3.2563296989348234,2.1345933804156374
Qwen_2.5_7B_base,neutral_05,casual_chat,neutral,1,moderator_next,15,]:,5669,51.53431701660156,-3.072329044342041,-0.0596171487700575,-2.6382851600646973,-0.05119472446321128,-1.2819724082946777,-0.024876091942417626,0.4992218613624573,0.009687173329601614,3.723294734954834,0.07224884214057577,0.18401604890823364,0.0035707477960550764,-1.4530510902404785,-0.028195796012439326,2.1313066482543945,0.041357036856970536,-2.7758021354675293,-0.05386317887114554,-1.7653288841247559,-0.03425540467638414,-2.9462988552780565,-0.28145733746791995,-1.162063248345592,1.0809081898061743,-0.8034936964697763,-2.8869870192105593,0.3585571516886763,-1.7409330059052393,-0.905029817446263,-6.271207766169408,-1.6138780963729882,-2.9727127181857163,-0.18463543957484171,-1.5786740788802789
Qwen_2.5_7B_base,neutral_06,casual_chat,neutral,1,assistant_next,11,]:,5669,49.7935791015625,-2.052227020263672,-0.041214691879806524,-2.3302950859069824,-0.046799107996513926,-0.9412380456924438,-0.018902799571258542,-0.9853464365005493,-0.019788624442737227,3.577620506286621,0.07184903296446021,0.9768093824386597,0.019617175548805002,-2.523878335952759,-0.05068682311036285,3.657017230987549,0.07344355029246719,-3.599944591522217,-0.07229736557357155,0.11998569965362549,0.0024096620853241778,-0.5989032724137046,0.13000128491834004,-0.5840328604333672,-0.5429629222417057,-1.0763840441075387,-0.9636784480722632,-0.9538269598759794,-0.004218015467049911,-2.0197373422970943,-1.0616824418565591,-0.23445099374768225,-0.6582779238152856,0.12289538378566385,-0.26769127001481086
Qwen_2.5_7B_base,neutral_06,casual_chat,neutral,1,user_next,11,]:,5669,51.400943756103516,-1.3529572486877441,-0.026321642168818927,0.008327484130859375,0.0001620103352649151,0.20178121328353882,0.003925632459998921,0.10436832904815674,0.0020304749567125156,3.031157970428467,0.058970862185162454,0.8766055703163147,0.017054269946400035,-1.105396032333374,-0.02150536452362542,3.5429935455322266,0.06892856991777549,-3.584080219268799,-0.06972790687025496,-1.3203070163726807,-0.02568643530433044,1.0102130064319417,3.254278661651073,1.35501391081441,0.6490040156848266,-2.1000678675584945,-1.2067718780553511,0.7846361257989088,-0.13401107454154534,-1.9982797229280151,-5.041517660404034,2.132245834041507,1.214786778955937,3.408439401540487,2.311613090248212
Qwen_2.5_7B_base,neutral_06,casual_chat,neutral,1,moderator_next,12,]:,5669,49.10947036743164,-2.747237205505371,-0.055941088041692275,-2.358645439147949,-0.04802832165569745,-1.2831988334655762,-0.026129355985002975,-0.029292821884155273,-0.0005964801018009279,3.0404956340789795,0.06191261301191657,0.008463084697723389,0.00017233101139970606,-1.9704455137252808,-0.04012353419783648,2.2931623458862305,0.04669491095564751,-3.2029826641082764,-0.06522128298562199,-1.440712571144104,-0.02933675644157535,-2.1982176550668293,0.09212669652261579,-1.1641437870146762,0.5028009193944853,-2.082575698195329,-3.312876726495605,-0.2755509395207015,-1.5566928101916568,-1.482819914591797,-5.374223826349336,-1.0530454792721067,-2.510382991960168,0.0368958222773519,-1.2367435848414081
Qwen_2.5_7B_base,neutral_07,casual_chat,neutral,1,assistant_next,16,]:,5669,51.53065490722656,-1.9836775064468384,-0.03849509597768864,-2.8171072006225586,-0.05466856972212656,-1.1688156127929688,-0.0226819475688258,-1.2297918796539307,-0.023865248401519285,4.1332292556762695,0.0802091349919295,1.302656650543213,0.025279256646135322,-2.343395471572876,-0.045475755660234055,3.6896610260009766,0.0716012834039015,-2.9586803913116455,-0.05741592837580502,0.9581654071807861,0.018594085576941016,-0.44116137783554843,-0.5203542261467413,-0.9701011993781001,-0.810345631531614,-0.03556669324410355,-0.17317628676286345,-0.7326308289685303,0.032940387172493764,-1.1523848304338533,1.2543864255135162,-0.4807578019911449,-0.31624058499541285,-0.42767631923190685,-0.37195845211365985
Qwen_2.5_7B_base,neutral_07,casual_chat,neutral,1,user_next,16,]:,5669,50.92723846435547,-1.6673368215560913,-0.03273958831918755,-0.7152347564697266,-0.014044247794239368,-0.028348445892333984,-0.0005566460453608804,0.15611684322357178,0.0030654880949973298,3.781933307647705,0.07426150369992517,1.3910139799118042,0.027313752362311775,-0.5278841257095337,-0.010365457496365242,3.180431365966797,0.06245049725586074,-2.425948143005371,-0.047635572164458094,-0.9951061010360718,-0.019539761649015337,0.28678220904608615,2.287637371205528,0.9646161383454651,0.7056082941015351,-0.693646535215292,0.041177696438206485,1.4924229826680544,-0.5467152789583752,-0.4318290071596544,-4.142918339891416,1.287209790125807,0.4076164121187769,2.4145259669771493,1.411071189547963
Qwen_2.5_7B_base,neutral_07,casual_chat,neutral,1,moderator_next,17,]:,5669,51.05559539794922,-2.903813600540161,-0.05687552124123892,-2.760185718536377,-0.05406235490982536,-1.2220500707626343,-0.023935673675675537,0.15376603603363037,0.003011737202065942,3.9146180152893066,0.07667363361012822,0.5320137739181519,0.010420283414019722,-1.3111063241958618,-0.02567997325222704,2.1108031272888184,0.04134322811900073,-2.428408622741699,-0.04756400554755341,-1.1994038820266724,-0.023492114285966186,-2.558521555470867,-0.444310104700895,-1.0604094798682142,0.7030369015349315,-0.4450893516588264,-2.0427480745316475,0.5325217724271089,-1.7642721454646506,-0.43515696976694174,-4.707436576226537,-1.5014158300858809,-2.627904512208444,-0.3852636697724338,-1.5065840909904389
Qwen_2.5_7B_base,neutral_08,casual_chat,neutral,1,assistant_next,22,]:,5669,49.52964782714844,-1.5104085206985474,-0.03049503856699451,-2.4797801971435547,-0.050066582459815615,-1.1529340744018555,-0.023277655404000338,-1.2034457921981812,-0.024297483325503123,3.7405142784118652,0.07552071218971187,1.0555713176727295,0.021311908401943944,-2.236386299133301,-0.04515247729880852,3.999300003051758,0.08074557721485841,-2.4751358032226562,-0.04997281248315221,0.6971772909164429,0.014075958976116576,0.647895893329009,-0.06970300134758854,-0.9431593560995146,-0.7815273882776909,-0.7712364657769312,-0.7726027935374964,-0.6014825618099312,0.3854021575462077,-0.4983585914216928,0.533220731086561,0.2890964459907102,0.6899082862501694,-0.10570716141400589,0.29210056241808174
Qwen_2.5_7B_base,neutral_08,casual_chat,neutral,1,user_next,22,]:,5669,48.791934967041016,-0.9309734106063843,-0.019080477362401337,-0.6535773277282715,-0.01339519181130577,0.19320744276046753,0.003959823337422041,0.16457951068878174,0.003373088417172947,4.052988052368164,0.0830667620602864,1.3130133152008057,0.026910457969903163,-0.39901256561279297,-0.008177838527664997,4.18066930770874,0.08568361370650263,-2.2521581649780273,-0.04615841053443283,-0.7161544561386108,-0.014677721976436754,1.981256072881372,2.3700084695573755,1.3404691497181929,0.7148650465509869,-0.18588188671249614,-0.1480511235432754,1.6503653478634908,0.5918546746670273,-0.19676649481423314,-3.372115593837407,2.175632271219374,2.125491467992431,2.459935916264332,2.2927136921283813
Qwen_2.5_7B_base,neutral_08,casual_chat,neutral,1,moderator_next,23,]:,5669,47.79932403564453,-2.3997559547424316,-0.05020480944360018,-2.571614980697632,-0.053800237400427414,-1.029674768447876,-0.021541617778528314,0.02715468406677246,0.0005680976585887049,4.00227689743042,0.08373082628628542,0.4249972403049469,0.008891281391092923,-1.4253695011138916,-0.029819867328060464,2.8373780250549316,0.05936021235235596,-2.087928533554077,-0.04368113097158202,-0.8958765268325806,-0.018742451800458824,-1.3986153271466955,-0.19238946659046346,-0.7340591529669549,0.5645451142508684,-0.2808786807685824,-2.302369097623774,0.392483144791727,-0.9372125898010709,0.025365012435295146,-3.868725913767037,-0.7955023968685795,-1.7889443896689654,-0.3669251240660289,-1.077934756867497
Qwen_2.5_7B_base,neutral_09,casual_chat,neutral,1,assistant_next,20,]:,5669,48.839942932128906,-1.8083168268203735,-0.03702536731734772,-3.133976459503174,-0.06416830715503388,-1.530455231666565,-0.03133613881968255,-1.859593391418457,-0.03807525725414271,3.2604212760925293,0.06675727038877621,0.9353072643280029,0.019150457764206756,-2.9060218334198,-0.059500926064925845,3.7383928298950195,0.07654375917453729,-2.742795705795288,-0.05615886385467017,0.48655223846435547,0.0099621786851901,-0.037632245408662716,-0.9436749746875178,-1.5835957926016233,-1.4992438673020183,-1.670590781904974,-1.0643621648830033,-1.422174264655191,0.08841175591810917,-0.8603864244820912,-0.048781102519821325,-0.49065361004809027,-0.1313961824211831,-1.09230711597784,-0.6118516491995115
Qwen_2.5_7B_base,neutral_09,casual_chat,neutral,1,user_next,20,]:,5669,49.745155334472656,-1.7107353210449219,-0.0343899885233529,-1.50149667263031,-0.030183776943396034,-0.547412633895874,-0.011004340628051576,-0.6573781967163086,-0.013214918966405463,3.2656431198120117,0.06564746049850947,0.8661451935768127,0.017411649189817423,-1.6842576265335083,-0.03385772172604601,3.7432150840759277,0.0752478318523198,-2.637441396713257,-0.053019060428695634,-1.0698562860488892,-0.021506743297020015,0.18691627054345328,1.237232595197875,0.08406252569652724,-0.1842201476442341,-1.6608087445401825,-1.2321486457317758,0.07519511926388865,0.09390092353513112,-0.7178877093068017,-4.349469005319843,0.7120744328706642,0.2000493638742613,1.2853549563816131,0.7427021601279372
Qwen_2.5_7B_base,neutral_09,casual_chat,neutral,1,moderator_next,21,]:,5669,49.952064514160156,-2.725416660308838,-0.05456064102288006,-3.568270444869995,-0.07143389326498167,-1.90195631980896,-0.03807562987251114,-1.0852863788604736,-0.021726557038554875,3.2888882160186768,0.06584088661813686,0.048227667808532715,0.0009654789702407872,-2.528693675994873,-0.05062240571214133,3.0182223320007324,0.060422374157231125,-2.522677421569824,-0.05050196515610898,-1.195905327796936,-0.023941059081910958,-2.1480055682353076,-1.5238690131426846,-2.213819631632041,-0.6522806178786277,-1.6172638948938,-3.216408251938452,-0.9597285427768218,-0.731357677104887,-0.5626617944976158,-4.697769326519188,-1.8359372906889961,-2.3367673366605484,-1.6006298269143806,-1.9686985817874645
Qwen_2.5_7B_base,neutral_10,casual_chat,neutral,1,assistant_next,20,]:,5669,49.84908676147461,-1.5235408544540405,-0.03056306450997001,-2.4586262702941895,-0.04932139042102403,-0.586844265460968,-0.011772417582472243,-0.8966516256332397,-0.017987323016039853,4.546291351318359,0.0912010960817023,1.6030209064483643,0.03215747791165642,-1.6982544660568237,-0.03406791530972045,4.161228179931641,0.08347651783156851,-2.450467586517334,-0.04915772275313084,0.8500158786773682,0.017051784373596484,0.617676580434109,-0.041442462032148034,0.017169708912471618,-0.44594553249729324,0.738219170640474,0.555504345897607,0.05804087718042284,0.5697248563229552,-0.4649931864676626,0.955546267802585,0.28811705920098046,0.6813528194295533,-0.053571238503639464,0.3138907904629569
Qwen_2.5_7B_base,neutral_10,casual_chat,neutral,1,user_next,20,]:,5669,49.8531494140625,-1.3425641059875488,-0.02693037695245068,-0.6885030269622803,-0.013810622499369487,0.14725294709205627,0.0029537340934877704,0.15729451179504395,0.0031551569688930132,4.4283905029296875,0.08882870099437556,1.587062954902649,0.031834758155820195,-0.1436389684677124,-0.002881241609726565,4.0363335609436035,0.08096446480079432,-2.4738306999206543,-0.049622355437846016,-0.2904156446456909,-0.005825422226259007,1.0341290625622677,2.3233495629935774,1.262510781343907,0.7068964678928878,0.5173564703693698,0.5167905176051723,1.9633460389584272,0.427557423340335,-0.49659335234104446,-2.1957086752793877,1.6787393127779224,1.138227601440501,2.430871109878836,1.7845493556596685
Qwen_2.5_7B_base,neutral_10,casual_chat,neutral,1,moderator_next,21,]:,5669,49.80562210083008,-2.4436330795288086,-0.04906339839670595,-2.522024393081665,-0.05063734347050013,-0.8604974150657654,-0.017277114084103047,-0.0033104419708251953,-6.64672346451832e-05,4.416341304779053,0.08867154185602369,0.825143575668335,0.016567277766310298,-0.9384405612945557,-0.018842060829894047,2.701004981994629,0.05423092550729555,-2.3096418380737305,-0.046373114934653875,-0.7961503267288208,-0.0159851497310291,-1.499582648533381,-0.12613903654140238,-0.4470624131764851,0.5312213270134841,0.4947848054829746,-1.331618154137886,0.989253358324024,-1.0924459026291329,-0.27451698865797414,-3.5931612046155075,-0.8128608425373917,-1.645391740293637,-0.14563935406268944,-0.8955155471781633
Qwen_2.5_7B_base,neutral_11,casual_chat,neutral,1,assistant_next,22,]:,5669,50.343013763427734,-1.3170751333236694,-0.026162023980385415,-2.4533493518829346,-0.04873266752387396,-1.0763980150222778,-0.02138127884199574,-1.0991137027740479,-0.021832497115468915,3.2428793907165527,0.06441567852801812,1.1089104413986206,0.022027096880008434,-2.2257652282714844,-0.04421199808837065,3.278136730194092,0.06511602077695897,-2.3143787384033203,-0.04597219287027722,0.1815105676651001,0.0036054767900478885,1.0927827074239154,-0.034392775168448055,-0.8133216498154103,-0.667405413344423,-1.703451853092623,-0.6432026213864835,-0.5884655931974279,-0.4354973503288244,-0.2809239616309959,-0.8916761411900497,0.5291949661277336,1.2348615924076456,-0.012382377131533593,0.611239607638056
Qwen_2.5_7B_base,neutral_11,casual_chat,neutral,1,user_next,22,]:,5669,50.29658126831055,-0.8163632154464722,-0.016230988167794683,-0.4110116958618164,-0.008171762085960604,0.5933215618133545,0.011796459060472522,0.7593332529067993,0.015097114630039848,3.5000083446502686,0.06958740050301301,1.4843361377716064,0.029511670581610985,-0.411349892616272,-0.008178486136500965,2.959674835205078,0.05884445345134872,-1.6195259094238281,-0.03219952268295049,-0.6983329057693481,-0.01388430163958945,2.244989953923971,2.6940634606117824,2.0192328578425993,1.3654268443210569,-1.2217742751970821,0.26757630310861735,1.6352449706006078,-0.7980022402929424,0.6589107373787717,-3.322870858361418,2.4695267072678764,2.483865188279422,2.825383096738674,2.654624142509048
Qwen_2.5_7B_base,neutral_11,casual_chat,neutral,1,moderator_next,23,]:,5669,51.002540588378906,-2.000870943069458,-0.0392308092888487,-2.4740123748779297,-0.04850763013640229,-1.3555042743682861,-0.02657719122872758,0.0020989179611206055,4.115320407389374e-05,3.153029441833496,0.061821027059815216,0.3195969760417938,0.006266295214999839,-1.4941967725753784,-0.029296516513450627,1.982708215713501,0.03887469511989894,-2.2387096881866455,-0.043894081792010625,-1.1652586460113525,-0.022847070608024975,-0.48072584906445254,-0.061997492622760005,-1.286804565146843,0.5371382682150446,-1.8717670314882289,-2.5580690676964712,0.30812983955964024,-1.9100824686343214,-0.17857653485403382,-4.613086024198262,-0.2713616708436063,-0.4087695606743285,0.0033619294021203184,-0.2027038156361041
Qwen_2.5_7B_base,neutral_12,casual_chat,neutral,1,assistant_next,19,]:,5669,48.98420715332031,-1.5030245780944824,-0.03068386048160427,-2.268695831298828,-0.0463148423367928,-0.971824049949646,-0.01983953821908032,-1.109982967376709,-0.022660017011247483,4.170578479766846,0.08514128781778496,1.4729257822036743,0.030069401298941603,-1.6045753955841064,-0.0327569943219004,4.15937614440918,0.08491259502047985,-2.6641080379486084,-0.05438708091385381,0.7765600681304932,0.01585327421345954,0.6648873646169576,0.212294665672269,-0.6359197313977564,-0.6792945832956291,0.03439930444304977,0.23989489644767548,0.1728520422556653,0.5676166859457661,-0.7539561164482623,0.7525722344213978,0.4385910151446133,0.6661605871402755,0.1567760961243255,0.4114683416323005
Qwen_2.5_7B_base,neutral_12,casual_chat,neutral,1,user_next,19,]:,5669,48.838504791259766,-0.9469587802886963,-0.019389594016771903,0.06757903099060059,0.001383724405147937,0.21547816693782806,0.004412054952517516,0.13249635696411133,0.002712948677082005,4.5105719566345215,0.09235688061936209,1.7540860176086426,0.035916046674765466,0.5386339426040649,0.011028878646187791,4.018072605133057,0.0822726375900873,-2.2350170612335205,-0.04576342111180896,-0.6305567026138306,-0.012911056661314419,1.9444715304562017,3.3334356277053745,1.3782497693099822,0.6797714057990737,0.6713063191237943,0.9219867705172538,2.7995258539816916,0.4067709936892451,-0.17358201112712818,-3.13559078862535,2.638953579080788,2.086614575376335,3.493914268756219,2.7902644220662767
Qwen_2.5_7B_base,neutral_12,casual_chat,neutral,1,moderator_next,20,]:,5669,48.565216064453125,-2.213034152984619,-0.0455682962482366,-2.114337921142578,-0.04353605507152575,-1.1061574220657349,-0.022776742526949795,-0.05450630187988281,-0.001122332119505965,4.284966945648193,0.0882311928760168,0.6887780427932739,0.014182538421720703,-0.6866475939750671,-0.014138670629278899,2.8030452728271484,0.057717137901890495,-2.302600383758545,-0.04741254276934871,-0.832101583480835,-0.01713369466690964,-0.9689426842884854,0.4185087563081565,-0.8638062603665578,0.4752215605612165,0.2486822871331976,-1.6624395512080474,1.297845702268365,-0.9762935309256825,-0.26499295303359194,-3.692502176197631,-0.2752169639901645,-1.2058207596067216,0.3511885845899853,-0.42731608750836814
Qwen_2.5_7B_base,neutral_13,casual_chat,neutral,1,assistant_next,19,]:,5669,50.379486083984375,-2.56528902053833,-0.05091931696686828,-3.211315870285034,-0.0637425293487841,-1.0989090204238892,-0.02181262862808821,-0.6512200832366943,-0.01292629468571965,4.118574142456055,0.08175101539523938,1.2001779079437256,0.023822750115850465,-2.370561361312866,-0.04705409970560353,3.9891393184661865,0.07918181840553416,-2.504631519317627,-0.049715305057743506,0.38992738723754883,0.007739804780611024,-1.77952976344374,-1.0469963804292302,-0.851509888551336,-0.1774841944390815,-0.06301999763361125,-0.4217886749666864,-0.7659247913831361,0.3738362593787686,-0.5382535106075403,-0.3157761248652177,-1.413263071936485,-1.8788063620432733,-1.0625183934364928,-1.470662377739883
Qwen_2.5_7B_base,neutral_13,casual_chat,neutral,1,user_next,19,]:,5669,49.97909164428711,-2.176614761352539,-0.043550506616727165,-1.543442964553833,-0.03088177303298903,-0.2844831049442291,-0.005692042323797358,0.6335713863372803,0.012676728717811761,4.156347751617432,0.0831617305332224,1.0768681764602661,0.021546373514040408,-0.9530954360961914,-0.01906988311991732,3.5593461990356445,0.07121670446450576,-1.9577628374099731,-0.03917163703862066,-0.7155766487121582,-0.014317520090302654,-0.8851366364326447,1.1811945441786509,0.530102826571369,1.2278642529512747,0.007740997154689384,-0.7209368305279585,0.9712926415756908,-0.11539686369825941,0.2014227800012115,-3.3705189889808063,0.14802895387300308,-0.9520479857463269,1.2365210069774177,0.14223651061554543
Qwen_2.5_7B_base,neutral_13,casual_chat,neutral,1,moderator_next,20,]:,5669,50.80878448486328,-3.521909475326538,-0.06931694019123345,-3.5460474491119385,-0.06979201500418418,-1.7098811864852905,-0.03365325905394746,0.165108323097229,0.003249601909811822,3.945286273956299,0.07764968821743139,0.05442279577255249,0.0010711296545337721,-1.6474614143371582,-0.03242473582157751,2.717576026916504,0.0534863420660282,-2.2470388412475586,-0.04422540047020779,-1.432408094406128,-0.028192134665864017,-3.980845491717417,-1.4941802537081084,-1.8879785189967957,0.7154434794833121,-0.3876387521561396,-3.2013789344498225,0.12029180917873107,-1.0735830970297315,-0.18984226873829577,-5.35127679021866,-2.7375128727127627,-4.192633237341964,-1.4857589829209905,-2.839196110131477
Qwen_2.5_7B_base,neutral_14,casual_chat,neutral,1,assistant_next,19,]:,5669,49.84724426269531,-1.7315125465393066,-0.034736374540871785,-2.388676643371582,-0.04791993376370497,-0.8698558807373047,-0.01745043068285096,-0.9351060390472412,-0.018759433001335563,4.496303081512451,0.09020163798457752,1.3529067039489746,0.027141053110562086,-1.8019075393676758,-0.03614858887427379,4.202454090118408,0.08430664828674272,-2.728083610534668,-0.054728875204367346,0.6425979137420654,0.012891342806345926,0.13910500637724427,0.0520065791706233,-0.46293835096294783,-0.488008273001473,0.6445765514218478,-0.0512701678187521,-0.06899422308687013,0.6166522729812036,-0.840487336438692,0.3824062993616934,0.09555579277393378,0.1564851889377166,0.04447897197189285,0.10048208045480472
Qwen_2.5_7B_base,neutral_14,casual_chat,neutral,1,user_next,19,]:,5669,49.77366638183594,-1.2124011516571045,-0.024358285008707938,-0.29559326171875,-0.005938748000822816,0.22384019196033478,0.004497161013680549,0.24070239067077637,0.004835938522676655,4.6406402587890625,0.09323484878908953,1.6263561248779297,0.032675031660344814,-0.0031147003173828125,-6.257727316064204e-05,4.171884059906006,0.08381709371983223,-2.5274267196655273,-0.05077839153492356,-0.3775280714035034,-0.007584895766112901,1.3336519895203913,2.8482564489422013,1.3924353199852273,0.7981308322656538,0.9149622115634113,0.61211534868582,2.1355697263442224,0.5818544349581366,-0.5690855362744728,-2.436418844904065,2.090954219231296,1.4617137057373544,2.9816116178985284,2.221662661817941
Qwen_2.5_7B_base,neutral_14,casual_chat,neutral,1,moderator_next,20,]:,5669,49.471954345703125,-2.6243512630462646,-0.053047252685989796,-2.3185906410217285,-0.04686676869120108,-1.0527405738830566,-0.0212795428805309,-0.02963089942932129,-0.0005989433775400239,4.7501349449157715,0.09601672316647307,0.8592725992202759,0.017368883250817195,-0.9613900184631348,-0.01943303091980307,3.1016244888305664,0.06269460201949667,-2.389169931411743,-0.048293421252707275,-0.8060500621795654,-0.016293070949795107,-1.9154401370188223,0.14563781080786065,-0.7731885685074994,0.5024311187190854,1.1200777164456097,-1.2488214898045453,0.9611269699848451,-0.6364210766509706,-0.38208402810562936,-3.620516279985101,-0.8849011631054808,-2.1464319567065377,0.11816163385458363,-1.014135161425977
Qwen_2.5_7B_base,neutral_15,casual_chat,neutral,1,assistant_next,17,]:,5669,51.56029510498047,-2.1559207439422607,-0.04181358426193355,-2.8143527507781982,-0.05458372076901371,-1.652065396308899,-0.032041426313506836,-1.8455345630645752,-0.03579371606207711,3.517636775970459,0.06822375179987425,1.2511484622955322,0.024265735092246932,-2.3766088485717773,-0.04609377901605937,4.00140380859375,0.0776063015241981,-2.9144182205200195,-0.05652446741404514,0.2627444267272949,0.005095867395489657,-0.8375168455548713,-0.5166744252911715,-1.7898983507158983,-1.48386584443438,-1.1887510781961093,-0.29813462804887414,-0.773336468873846,0.387796917511233,-1.0925172984493294,-0.6672097048629912,-0.6770956354230213,-0.7335992450684545,-0.42174002597025256,-0.5776696355193536
Qwen_2.5_7B_base,neutral_15,casual_chat,neutral,1,user_next,17,]:,5669,48.663265228271484,-1.686621904373169,-0.034659036882574545,-0.7883086204528809,-0.01619925454560135,-0.8616824150085449,-0.017707040638693942,-0.8363265991210938,-0.017185994305931207,2.7769694328308105,0.05706500416288338,0.9401181936264038,0.01931884737319746,-0.6877014636993408,-0.014131839704414506,3.115654468536377,0.06402477215454712,-2.6185238361358643,-0.05380904515660414,-1.571761131286621,-0.032298719042253836,0.24240457117120684,2.1900145127768074,-0.449072677041185,-0.37995997425278066,-2.576237187449288,-1.0526908992915656,1.2965541009504737,-0.6204507633121357,-0.6923004495163151,-5.736338880596129,1.216209541974007,0.16621176883657174,2.2637550783851017,1.2149834236108368
Qwen_2.5_7B_base,neutral_15,casual_chat,neutral,1,moderator_next,18,]:,5669,50.17395782470703,-2.965416431427002,-0.05910270108224848,-3.0223448276519775,-0.06023732148480605,-2.1037168502807617,-0.04192846132709973,-0.7953260540962219,-0.015851371679205695,2.942631721496582,0.058648586818230826,-0.13484779000282288,-0.002687605200967824,-1.5126830339431763,-0.030148768395509944,2.6139097213745117,0.05209694101682668,-2.7820651531219482,-0.05544838943823529,-1.6761548519134521,-0.033406869311953455,-2.700278173634974,-0.7945409560609866,-2.55609129687684,-0.33511218871138976,-2.2659033696026567,-3.6605474522589785,0.28547345329521373,-1.1915863598212908,-0.9135009656759947,-6.02480094203884,-1.7474095648479802,-2.9080118124507117,-0.817283289640275,-1.8626475510454934
Qwen_2.5_7B_base,neutral_16,casual_chat,neutral,1,assistant_next,17,]:,5669,51.418418884277344,-1.7679128646850586,-0.0343828710226181,-2.6119775772094727,-0.05079848104796859,-0.8848631978034973,-0.017209070543280934,-1.1816450357437134,-0.022980967936861926,4.424110412597656,0.08604135460786125,1.5095889568328857,0.029358914365499596,-2.1718668937683105,-0.042239083598745605,4.1035590171813965,0.0798071801160766,-2.858729362487793,-0.055597379781779546,0.6638776063919067,0.01291128005872826,0.05534284924654644,-0.24631178341223914,-0.48839714308195614,-0.757680982101457,0.5093386119649896,0.3288393855435796,-0.5224088897235528,0.5040800999924647,-1.0171944114377258,0.44120661773125286,-0.09548446708284634,0.20094451561665225,-0.1569130337043584,0.022015740956146918
Qwen_2.5_7B_base,neutral_16,casual_chat,neutral,1,user_next,17,]:,5669,50.98939514160156,-1.6402533054351807,-0.032168518588621575,-0.6639366149902344,-0.013021072580806856,-0.2523711025714874,-0.004949482179002772,-0.1009446382522583,-0.001979718291851219,4.310263633728027,0.0845325507737067,1.4177696704864502,0.02780518706976602,-0.5052082538604736,-0.009908104468732578,3.8618009090423584,0.07573733515210042,-2.7577967643737793,-0.054085692852703204,-0.7572821378707886,-0.01485175762073185,0.34910511852967413,2.3561690038623606,0.5845784393225922,0.4244257345724673,0.2960703671477669,0.10608672989309723,1.5202140703992857,0.2288870619308821,-0.8806763546456486,-3.485760129002815,1.3526370611960175,0.47943854230041794,2.4861104462448274,1.4827744942726226
Qwen_2.5_7B_base,neutral_16,casual_chat,neutral,1,moderator_next,18,]:,5669,50.22976303100586,-2.6502480506896973,-0.052762503558970615,-2.62697434425354,-0.05229915862099448,-1.2409636974334717,-0.024705744613357002,-0.1788942813873291,-0.0035615195173606755,4.1620588302612305,0.08286041141966113,0.7720687389373779,0.01537074221235714,-1.1756653785705566,-0.023405752040773938,2.5433707237243652,0.050634734672237884,-2.5078907012939453,-0.04992838010694721,-1.3937549591064453,-0.027747591766381766,-1.9750322204474302,-0.26634667942333534,-1.0924950343684325,0.33916177341709886,0.018439514323724777,-1.4603771687247533,0.6985154430268039,-1.2718808376966662,-0.5426617711542088,-5.244469953343601,-1.1206894499353828,-2.110619712114951,-0.26190504406918685,-1.186262378092069
Qwen_2.5_7B_base,neutral_17,casual_chat,neutral,1,assistant_next,15,]:,5669,50.86668395996094,-2.0736892223358154,-0.04076713992144826,-2.8951010704040527,-0.056915466962283105,-1.5024123191833496,-0.02953627408395551,-1.8615224361419678,-0.036596103603042836,3.688145637512207,0.07250611501263349,0.8379200100898743,0.01647286484704669,-2.7173352241516113,-0.05342072674307858,4.128705978393555,0.08116719347468007,-3.464711904525757,-0.06811357916024093,0.35319316387176514,0.006943506758761327,-0.6482907622466053,-0.6245499548650432,-1.5360230868226517,-1.501353921790496,-0.8693382148033412,-1.3006226540595671,-1.1909237907247636,0.532704863427537,-1.836826132356045,-0.41728059978923404,-0.6364203585558242,-0.6019903405381991,-0.5848761485407103,-0.5934332445394548
Qwen_2.5_7B_base,neutral_17,casual_chat,neutral,1,user_next,15,]:,5669,50.82052993774414,-1.8797966241836548,-0.03698892212431535,-1.271601676940918,-0.025021417102471143,-0.6825188994407654,-0.013429983911558195,-0.6933630108833313,-0.013643364438204613,3.617074966430664,0.07117349958494394,0.4690743684768677,0.009230017259786357,-1.4893169403076172,-0.029305419328213445,4.079681396484375,0.08027624665626355,-3.409034490585327,-0.0670798689970656,-1.6063642501831055,-0.03160856945315061,-0.20211712695391768,1.544360279356339,-0.14513515922688233,-0.22358155680429398,-1.002474324845593,-2.1954384325704925,0.314110462821659,0.47690022572939994,-1.7615187242402894,-5.831954660446605,0.6711215762012106,-0.12681255408586273,1.6465295002461446,0.759858473080141
Qwen_2.5_7B_base,neutral_17,casual_chat,neutral,1,moderator_next,16,]:,5669,49.87929916381836,-3.0377581119537354,-0.060902181122810886,-3.1155381202697754,-0.06246154562110882,-1.493145227432251,-0.02993516854614017,-0.5346261858940125,-0.010718398110168751,3.6941304206848145,0.07406139385704275,-0.03204745054244995,-0.000642500016634088,-1.856270432472229,-0.03721524687778167,2.639265537261963,0.05291304371767203,-2.8372244834899902,-0.05688180329422245,-1.627620816230774,-0.03263118855951015,-2.8667463673226203,-0.9190423183241192,-1.5203021580651404,-0.04994983848631243,-0.8581269691668242,-3.4111548733385684,-0.13562028014208355,-1.1627238572963088,-0.9881076312776383,-5.890691075093824,-1.8928943428233698,-3.134328289782557,-0.9728968389928724,-2.0536125643877146
Qwen_2.5_7B_base,neutral_18,casual_chat,neutral,1,assistant_next,20,]:,5669,49.58606719970703,-1.5616222620010376,-0.03149316633060716,-2.841143846511841,-0.05729722091226116,-1.2184776067733765,-0.02457298341217461,-1.382027506828308,-0.027871286933529457,3.944514513015747,0.07954884780697132,1.2324702739715576,0.024855172905885133,-2.2180542945861816,-0.0447314017797178,3.8243494033813477,0.07712548341409788,-2.503232002258301,-0.05048256785876115,0.896651029586792,0.01808272122036913,0.5300460045161353,-0.5524659272508682,-1.054349061629964,-0.9768661193722987,-0.3890844856485069,-0.34344772312355276,-0.5790152295702037,0.1862560465652805,-0.5363605706361472,1.0844091121025012,-0.011209961367366461,0.5643760467720763,-0.6115848269359584,-0.02360439008194104
Qwen_2.5_7B_base,neutral_18,casual_chat,neutral,1,user_next,20,]:,5669,48.81474685668945,-1.5538073778152466,-0.03183069621106345,-1.355468511581421,-0.027767603006542494,-0.5479117631912231,-0.011224308195221926,-0.2778719663619995,-0.0056923774935835935,3.8026504516601562,0.07789962452993957,0.9090208411216736,0.018621848921810062,-1.0920658111572266,-0.022371637291561056,3.7497496604919434,0.0768159194085442,-2.6328928470611572,-0.053936423245025025,-0.5101202726364136,-0.010450126354931777,0.5480291318752797,1.432318576910412,0.08321579013981496,0.23089662751636486,-0.6548372778517552,-1.12813276047084,0.8009733739827481,0.10133922601942545,-0.7117354931612757,-2.802799307916718,0.9901738543928459,0.5219256878810539,1.4543979031019063,0.9881617954914801
Qwen_2.5_7B_base,neutral_18,casual_chat,neutral,1,moderator_next,21,]:,5669,49.72174835205078,-2.3879241943359375,-0.048025748761456155,-3.096125602722168,-0.06226904132172311,-1.4177836179733276,-0.02851435568867825,-0.281688928604126,-0.005665306187740031,3.820265769958496,0.076832892980943,0.5183249115943909,0.010424510979067624,-1.2367119789123535,-0.024872656732742287,2.433783531188965,0.04894806823679568,-1.9882912635803223,-0.03998836182312795,-1.0087504386901855,-0.020287911670921352,-1.3713888130724718,-0.8931082107103218,-1.3924568183214538,0.22672150486980902,-0.6218386453679524,-2.0759571154290772,0.6236979702043594,-1.3966238408521692,0.16013105170359412,-4.180620547869953,-1.1322485118913967,-1.5148889256689126,-0.9594286471842717,-1.2371587864265923
Qwen_2.5_7B_base,neutral_19,casual_chat,neutral,1,assistant_next,24,]:,5669,48.903770446777344,-1.5766503810882568,-0.032239853219582476,-2.1211533546447754,-0.04337402485056354,-1.0371544361114502,-0.02120806691664398,-1.325204849243164,-0.027098214250891,3.8890633583068848,0.07952481624171304,1.5616544485092163,0.0319332115753485,-2.102027416229248,-0.042982931520932806,3.9027676582336426,0.07980504616675885,-2.464799642562866,-0.050401014483031366,0.7516913414001465,0.015370825900187445,0.4954642278590705,0.40940369379129354,-0.746747850308812,-0.9147115709455759,-0.49296068272027294,0.45514973928443014,-0.4368150452923015,0.2755194758599847,-0.48437824617811454,0.6838546512658505,0.45243396082518206,0.4704669493808363,0.3625247163110568,0.41649583284594655
Qwen_2.5_7B_base,neutral_19,casual_chat,neutral,1,user_next,24,]:,5669,49.115718841552734,-1.0391743183135986,-0.021157672998047206,-0.1612837314605713,-0.0032837497905888837,0.14911645650863647,0.0030360230904832326,-0.10685229301452637,-0.0021755213103819525,4.255209922790527,0.08663641748821453,1.69416081905365,0.03449325102049328,-0.10007584095001221,-0.002037552199385634,4.07077693939209,0.08288134705967376,-2.2520012855529785,-0.04585092794463485,-0.6834063529968262,-0.013914208508308603,1.7322708470719232,3.027686953137856,1.2656720858355277,0.4179637415996897,0.19293869826005292,0.7766088477555478,2.016736122777471,0.4667642901929352,-0.1965543049503189,-3.281625617199964,2.3799789001048897,1.8642473372481234,3.167363444018923,2.515805390633523
Qwen_2.5_7B_base,neutral_19,casual_chat,neutral,1,moderator_next,25,]:,5669,48.326351165771484,-2.660828113555908,-0.05505956997308987,-2.359849214553833,-0.04883152064303302,-1.2096073627471924,-0.0250299750253839,-0.2418804168701172,-0.005005145454503834,4.099984169006348,0.08483951446990846,0.5761407613754272,0.011921875901599113,-1.3103516101837158,-0.02711463991330282,2.6953163146972656,0.05577322205543009,-2.186328411102295,-0.04524091636057192,-1.0029597282409668,-0.02075388900768783,-1.9993784056841557,0.09051851557223305,-1.0393013553869728,0.2702654040029974,-0.09784444368454337,-1.9356964513587431,0.5334467345834992,-1.0989213075209623,-0.10772737121945526,-4.164619582837099,-0.9544299450559613,-2.3995164863621863,-0.019298444845144053,-1.209407465603665
Qwen_2.5_7B_base,neutral_20,casual_chat,neutral,1,assistant_next,23,]:,5669,48.98681640625,-1.398922324180603,-0.02855711856388612,-2.0896053314208984,-0.042656483615748815,-0.8101617097854614,-0.016538362139453026,-0.6883710622787476,-0.014052169803607028,3.773375988006592,0.07702839794106653,1.371335506439209,0.02799397076688263,-1.647782564163208,-0.03363726580021181,3.4269914627075195,0.06995742352977823,-1.8974668979644775,-0.03873423580394966,0.8613250255584717,0.01758279244798156,0.9044410222272773,0.45155020195460216,-0.36167165004122986,-0.21812119425749837,-0.7096768924930335,-0.0065620802425814554,0.11989821447815995,-0.26605614157045826,0.28297705126106276,0.9867958468279642,0.6779956120909397,0.9336360401391958,0.41272610408215227,0.673181072110674
Qwen_2.5_7B_base,neutral_20,casual_chat,neutral,1,user_next,23,]:,5669,48.56611251831055,-1.2402210235595703,-0.02553675720065052,-0.31002140045166016,-0.006383492200138006,0.0605342835187912,0.0012464304919601785,0.5181909203529358,0.010669804385878442,4.141419887542725,0.08527386016291326,1.4041292667388916,0.02891170806000794,-0.1535024642944336,-0.0031606907848875,3.4250400066375732,0.07052324818763812,-1.826520562171936,-0.037608951333778166,-0.2592048645019531,-0.005337154881487105,1.269634623729258,2.8289812105992893,1.1153990478466895,1.1016571893380318,-0.020223249191960196,0.07299524900912037,1.9512575389139006,-0.268277482267844,0.3789366924463145,-2.109466649174382,2.0493079171642736,1.3134999611544318,2.9504959482680126,2.131997954711222
Qwen_2.5_7B_base,neutral_20,casual_chat,neutral,1,moderator_next,24,]:,5669,49.363380432128906,-2.1491219997406006,-0.043536767152636324,-2.0622518062591553,-0.04177695668744978,-1.3489688634872437,-0.02732731939503168,0.22683334350585938,0.004595174429306738,3.5950982570648193,0.07282925572748852,0.4299071133136749,0.008709029032255322,-1.1838746070861816,-0.023982851188927873,2.262807846069336,0.045839807287520226,-1.7721366882324219,-0.035899824378295614,-0.5371205806732178,-0.010880952154638596,-0.8218719965777109,0.48809308019909836,-1.2757177288856447,0.7829603984936561,-1.0436431157402315,-2.2904577955965038,0.6884543793816186,-1.59124531015847,0.45249450161576804,-2.877406903748329,-0.16688945818930628,-0.9503200048610848,0.47426050829525795,-0.23802974828291343
Qwen_2.5_7B_base,neutral_21,factual_questions,neutral,1,assistant_next,13,]:,5669,51.78569030761719,-2.032736301422119,-0.039252857099080184,-3.3284757137298584,-0.06427404354287947,-2.141862154006958,-0.041360115917811954,-2.51786208152771,-0.04862080753526918,3.381720542907715,0.06530222003066155,0.4778873324394226,0.00922817345101857,-3.394023895263672,-0.0655398021171969,4.542232036590576,0.08771210752640014,-3.8246898651123047,-0.073856114351144,0.36294639110565186,0.007008623211348133,-0.5540524376583792,-1.203515800461292,-2.6208019545912267,-2.219280467418515,-1.4433618520385023,-2.1740582715506793,-2.0202596747333454,1.0034212052654772,-2.323720283359053,-0.3903303577946687,-0.8787841190598356,-0.41154246319727666,-1.0997047583016593,-0.7556236107494679
Qwen_2.5_7B_base,neutral_21,factual_questions,neutral,1,user_next,13,]:,5669,52.2235107421875,-2.021624803543091,-0.038711009175987285,-2.010387420654297,-0.038495830557600835,-1.1815232038497925,-0.02262435418565852,-1.1880018711090088,-0.022748410710529084,3.2127184867858887,0.061518623338943236,0.4219779372215271,0.008080229215241985,-2.2255911827087402,-0.042616651984502645,4.644314765930176,0.08893149273050267,-3.582746744155884,-0.06860409599505628,-1.7419488430023193,-0.033355644196381616,-0.5284833470923616,0.5573811853766601,-0.9916586781480959,-0.7646343040392936,-1.7599520290946125,-2.309693896223361,-0.5882522864925898,1.119621884683544,-1.996476109084744,-6.206603738089007,0.014448919142149297,-0.34339549271705105,0.703818165999699,0.180211336641324
Qwen_2.5_7B_base,neutral_21,factual_questions,neutral,1,moderator_next,14,]:,5669,49.583980560302734,-2.8395955562591553,-0.057268406533148616,-3.4738831520080566,-0.07006059442491132,-2.226062536239624,-0.04489479285617953,-1.3026833534240723,-0.02627226250703658,3.1210954189300537,0.06294564058111993,-0.12609630823135376,-0.0025430856257697733,-2.389479637145996,-0.04819055691262975,2.9476540088653564,0.05944770822262842,-2.9260470867156982,-0.05901194405231578,-1.6253838539123535,-0.032780422941954095,-2.4107469702556146,-1.3977725290337375,-2.7636416119495375,-0.8900767956284856,-1.9315887768392253,-3.6393164464099854,-0.7891106457971059,-0.8116855361538458,-1.1082461139697208,-5.884509872260295,-1.904259749644676,-2.677316794232259,-1.504549623783241,-2.09093320900775
Qwen_2.5_7B_base,neutral_22,factual_questions,neutral,1,assistant_next,11,]:,5669,54.20149612426758,-2.199734687805176,-0.040584390562980986,-3.2426819801330566,-0.059826429379339845,-1.6784366369247437,-0.030966610830752677,-2.0342867374420166,-0.037531929612754866,4.24285888671875,0.07827936846966664,1.1404139995574951,0.021040267909632458,-2.8895938396453857,-0.053312067862857956,5.2487921714782715,0.0968385108677514,-3.9367475509643555,-0.07263171374344701,0.33095574378967285,0.0061060259855353766,-0.9383387789145213,-1.088899861841669,-1.8346351900721865,-1.6903293690488839,0.1698016028511563,-0.5667753094179329,-1.4020404493261989,1.8076979742626988,-2.4752857617772195,-0.47872732282517094,-1.0136193203780952,-0.5790063728860537,-0.7885360164275834,-0.6837711946568186
Qwen_2.5_7B_base,neutral_22,factual_questions,neutral,1,user_next,11,]:,5669,52.17781448364258,-1.2858070135116577,-0.024642791696742113,-1.1322115659713745,-0.02169909907449872,0.06657294929027557,0.0012758861203576433,-0.17357754707336426,-0.003326654226343262,4.134420394897461,0.07923713240602624,1.5658628940582275,0.03001012805067019,-0.5287744998931885,-0.010134086778566703,4.1287384033203125,0.07912823571049811,-2.8930306434631348,-0.05544560791004541,-2.195864677429199,-0.04208425935734792,1.1647349676868073,1.7305781735227168,1.1256431931442337,0.34497739757889,-0.03333534182987207,0.4653593854220152,1.4913317581622765,0.5327417726926371,-1.0635891769716823,-7.460869766103459,1.447656570604762,1.4259319521408427,1.8789690696100017,1.6524505108754222
Qwen_2.5_7B_base,neutral_22,factual_questions,neutral,1,moderator_next,12,]:,5669,51.219696044921875,-2.542041063308716,-0.049630147376884794,-3.274989604949951,-0.06394004373000661,-1.3714455366134644,-0.026775745318961826,-0.420803964138031,-0.008215666952981678,4.030519962310791,0.07869082156941837,0.7462717294692993,0.014570014800845106,-1.3320136070251465,-0.02600588659989144,2.753483772277832,0.05375829973420593,-2.532762289047241,-0.0494489910058408,-1.882261872291565,-0.036748790360660095,-1.7260330044693422,-1.1320611579843634,-1.3138477254815337,0.07455276478543144,-0.22797117705964307,-1.5229604515567945,0.5068982314581914,-1.0327093426312126,-0.5763022489865351,-6.594318491744835,-1.4290470812268528,-1.7166704596093594,-1.076337105952268,-1.3965037827808136
Qwen_2.5_7B_base,neutral_23,factual_questions,neutral,1,assistant_next,14,]:,5669,51.53373718261719,-1.9164866209030151,-0.03718897028778778,-3.3980696201324463,-0.06593873850233099,-1.7396379709243774,-0.0337572639989163,-2.0651915073394775,-0.04007455349145697,3.8088178634643555,0.07390921116330576,0.7946076393127441,0.015419173589078898,-3.015810012817383,-0.058521081095485615,4.964360237121582,0.09633223803524397,-3.3870370388031006,-0.06572465386705119,0.9355199337005615,0.018153543384315646,-0.2865458744727222,-1.296489617663673,-1.9384586804955795,-1.7241340536384808,-0.6432839154851939,-1.4056980254442046,-1.5567284262680265,1.4839293580211546,-1.7317657066047507,1.1918121641189772,-0.7915177460681977,-0.151972152766177,-1.2161719285843435,-0.6840720406752603
Qwen_2.5_7B_base,neutral_23,factual_questions,neutral,1,user_next,14,]:,5669,51.192012786865234,-1.4050997495651245,-0.027447636322001444,-1.8284610509872437,-0.03571770187274971,-0.9186117053031921,-0.017944434205542474,-0.9163317680358887,-0.01789989723301131,3.6166112422943115,0.07064795942585513,0.9247894287109375,0.018065111691568776,-1.7562963962554932,-0.034308016048670016,4.641923904418945,0.0906767218500532,-3.0433480739593506,-0.05944966623270199,-1.0503928661346436,-0.02051868658706367,0.8902259136216445,0.8004252953001753,-0.5456489645082561,-0.46747233916200026,-1.003343015498251,-1.0898783272125256,-0.013094132973909269,1.1169003691657204,-1.2669035065021765,-4.295687434958365,0.8453256044609099,1.073173076941839,0.8981845781574979,0.9856788275496684
Qwen_2.5_7B_base,neutral_23,factual_questions,neutral,1,moderator_next,15,]:,5669,49.7065544128418,-2.7290382385253906,-0.05490298554712007,-3.6702914237976074,-0.07383918413080308,-1.628371238708496,-0.03275968849467874,-0.7434569001197815,-0.014956918839011455,3.9765172004699707,0.07999985610434161,0.23208951950073242,0.004669193474427823,-1.7380932569503784,-0.03496708386814553,3.0762152671813965,0.06188751772314859,-2.4336819648742676,-0.04896098700909996,-1.1841390132904053,-0.023822592961391834,-2.156339319671802,-1.6601637023752907,-1.7497029826748927,-0.27837595039217605,-0.3291341115530551,-2.7703612680539758,0.009215264643948444,-0.6653443709067055,-0.4422895159828314,-4.665256496075392,-1.9082515110235463,-2.3798232222571634,-1.7689113605722373,-2.0743672914147004
Qwen_2.5_7B_base,neutral_24,factual_questions,neutral,1,assistant_next,15,]:,5669,52.70545196533203,-1.8413771390914917,-0.034937128331670335,-2.766371488571167,-0.05248738764996832,-1.2427546977996826,-0.023579243730176665,-1.4593812227249146,-0.027689378770242766,4.1483588218688965,0.07870834358080366,1.5240273475646973,0.028915933565414713,-2.7103068828582764,-0.05142365318565203,4.951199531555176,0.09394093678983945,-3.1967051029205322,-0.060652266202426704,-0.031980276107788086,-0.00060677358632317,-0.11370858793278742,-0.4525739697747077,-1.0955333326736738,-1.0614782351199363,-0.007224599960616534,0.363866774742572,-1.1823099984618566,1.468948538656989,-1.4743290952652588,-1.4815967659564662,-0.28314127885374757,0.13123684512705552,-0.2750741248339072,-0.07191863985342584
Qwen_2.5_7B_base,neutral_24,factual_questions,neutral,1,user_next,15,]:,5669,51.941829681396484,-0.8741320371627808,-0.01682905747688477,-0.6631040573120117,-0.01276628223109186,-0.23128508031368256,-0.004452771142879469,-0.23368233442306519,-0.004498923812588778,3.56559419631958,0.06864591059249181,1.5601513385772705,0.030036510999843644,-1.212324857711792,-0.0233400491501361,4.27201509475708,0.08224614190453032,-2.7152116298675537,-0.05227408519342235,-1.7707772254943848,-0.0340915450294314,2.1120559201476365,2.357281257353891,0.6203493006238141,0.27923274439354573,-1.0989128327457822,0.45150320986345144,0.6535863303656939,0.6958335022871625,-0.823077125856828,-6.28626269259113,2.234668588750764,2.408647383034271,2.5039363613640866,2.456291872199179
Qwen_2.5_7B_base,neutral_24,factual_questions,neutral,1,moderator_next,16,]:,5669,50.54024887084961,-2.3812286853790283,-0.047115491881807164,-2.7058515548706055,-0.053538548292176594,-1.3117992877960205,-0.02595553676730378,-0.3222585916519165,-0.006376276311488198,3.640409469604492,0.0720299078642684,0.6561435461044312,0.012982594284035646,-1.7124606370925903,-0.03388310654086027,3.1258010864257812,0.061847758098964714,-2.455796957015991,-0.04859091539678657,-1.7441928386688232,-0.03451096655906717,-1.355981522645147,-0.37172250527397394,-1.2126623208802836,0.18234503263632834,-0.9587619898548677,-1.7416105085582163,0.04063008264922026,-0.6089008772523503,-0.47220151477780736,-6.212804375559743,-0.8638520139595605,-1.4004080057222528,-0.34861655061914715,-0.8745122781707
Qwen_2.5_7B_base,neutral_25,factual_questions,neutral,1,assistant_next,13,]:,5669,52.04351806640625,-2.2340152263641357,-0.04292590719008633,-3.6294209957122803,-0.06973819469854495,-1.642916202545166,-0.031568123439480886,-2.382908582687378,-0.045786846685630385,3.827402114868164,0.07354234027731356,0.7794482707977295,0.014976855903614599,-3.1195969581604004,-0.05994208451050276,4.606694221496582,0.08851619553502424,-3.7718846797943115,-0.07247559004334564,0.4531705379486084,0.0087075308277656,-1.0172230305796583,-1.6055629491454508,-1.7743774270851098,-2.071663757192345,-0.6084701884962997,-1.4424744994189984,-1.6839275973774657,1.0767984526344423,-2.2522977556241104,-0.14102184350899405,-1.3113929898625547,-0.8734935484675087,-1.4819935491002407,-1.1777435487838748
Qwen_2.5_7B_base,neutral_25,factual_questions,neutral,1,user_next,13,]:,5669,53.21217727661133,-1.807189702987671,-0.0339619574969355,-2.0689988136291504,-0.038882055189621983,-1.0026808977127075,-0.018843072188166634,-1.477914810180664,-0.02777399621327393,3.2563204765319824,0.061195024206672576,0.5463013052940369,0.01026647157199027,-2.1361083984375,-0.040143224873762054,4.299160957336426,0.08079280302680007,-3.709136962890625,-0.06970466447199718,-2.288529396057129,-0.04300762556962728,-0.03503857786975384,0.479079431414214,-0.6882660681335452,-1.0817509011302016,-1.6782727763654985,-2.0080866685971683,-0.4785840045111868,0.7267336133589949,-2.167427292167356,-7.716922099499756,0.22202042677223008,0.2538818443152469,0.6767967049629006,0.46533927463907376
Qwen_2.5_7B_base,neutral_25,factual_questions,neutral,1,moderator_next,14,]:,5669,50.811004638671875,-3.1686038970947266,-0.06236058349224463,-3.8114242553710938,-0.07501178696376823,-1.83869469165802,-0.036186938336161205,-1.2392877340316772,-0.024390144277691858,3.463942050933838,0.06817306753855162,0.008487671613693237,0.00016704396368564094,-2.2108206748962402,-0.04351066645144822,2.832643508911133,0.05574862235168696,-3.0308339595794678,-0.05964916421417739,-2.2303385734558105,-0.04389479384074836,-3.167840582240857,-1.8487097800744121,-2.1065010061174947,-0.8207325188377977,-1.289336969849812,-3.3128170788873037,-0.5701498522759738,-0.9426018852889985,-1.2499773338925546,-7.556128475670344,-2.5082751811576345,-3.3177482107278906,-1.850950254872672,-2.5843492328002813
Qwen_2.5_7B_base,neutral_26,factual_questions,neutral,1,assistant_next,12,]:,5669,51.98190689086914,-2.212373733520508,-0.04256045739463093,-3.0755348205566406,-0.059165486695465425,-1.7776851654052734,-0.03419815223664933,-2.174710750579834,-0.0418359171614351,4.099006652832031,0.0788544879940147,0.7134954929351807,0.0137258430021256,-2.851733446121216,-0.054860116080546015,4.380402088165283,0.08426782221286154,-3.858208656311035,-0.07422214549402664,0.21760916709899902,0.004186248256645295,-0.967422967930415,-0.8656000032239175,-2.0030029032056254,-1.8439299131939912,-0.0996756167826917,-1.6024752683313066,-1.355639520401706,0.8192103198506505,-2.369056679389413,-0.7919280304284836,-0.9165114855771663,-0.8275317659054413,-0.7422944370482245,-0.7849131014768329
Qwen_2.5_7B_base,neutral_26,factual_questions,neutral,1,user_next,12,]:,5669,51.761451721191406,-1.8448394536972046,-0.035641184556304044,-1.2388880252838135,-0.023934568758947814,-0.4963415563106537,-0.009589019237407688,-0.7527195811271667,-0.014542087907070803,3.4729177951812744,0.06709467527858079,0.5523829460144043,0.01067170505552602,-1.3837087154388428,-0.026732417067667855,4.101749420166016,0.07924332266142253,-3.5305073261260986,-0.06820727025089775,-2.841005325317383,-0.054886507832512366,-0.12167585181433892,1.588064006110739,0.17070079300313876,-0.2885077847642687,-1.2725227811605462,-1.9933326700084335,0.44354175710679417,0.502020237329892,-1.9258188192632795,-9.243530639697042,0.7331940771482001,0.04268930861041833,1.7225687471831874,0.8826290278968029
Qwen_2.5_7B_base,neutral_26,factual_questions,neutral,1,moderator_next,13,]:,5669,51.176509857177734,-3.366903305053711,-0.06579001409924182,-3.4714131355285645,-0.06783215864498199,-1.8879380226135254,-0.03689071466347238,-0.9242519736289978,-0.018060082178491258,3.9144487380981445,0.07648916952372292,-0.23591414093971252,-0.004609813009876923,-2.0795679092407227,-0.0406352038277783,2.8439159393310547,0.055570728587545186,-3.3223743438720703,-0.06491990862886271,-2.3505070209503174,-0.04592941229306297,-3.6241548952607623,-1.3944727162696329,-2.190038637828357,-0.47613572843324065,-0.4454064572441155,-3.905733392641423,-0.4092891299372902,-0.9297704878336045,-1.6443051079094564,-7.888179463761349,-2.5093138057651974,-3.749059832271102,-1.3486414149120092,-2.5488506235915556
Qwen_2.5_7B_base,neutral_27,factual_questions,neutral,1,assistant_next,13,]:,5669,54.0548210144043,-2.061922073364258,-0.038145017126498405,-3.062177896499634,-0.05664948729889676,-2.043645143508911,-0.03780689872165758,-2.041090250015259,-0.03775963386265506,4.127914905548096,0.07636534222263185,0.6975854635238647,0.01290514796706061,-2.8187689781188965,-0.052146486200884155,4.809687614440918,0.08897795837968371,-3.8935792446136475,-0.07203019400575025,0.473125696182251,0.008752701189338402,-0.621212928003803,-0.8477558516328515,-2.4541841346443727,-1.6977712816534072,-0.04552202211184167,-1.6410728380126514,-1.3152389383044054,1.3078656500938686,-2.4168977542541525,-0.08588149554622075,-0.7344843898183273,-0.272211970838075,-0.5662673946837545,-0.4192396827609148
Qwen_2.5_7B_base,neutral_27,factual_questions,neutral,1,user_next,13,]:,5669,51.77685546875,-1.5083539485931396,-0.02913181835663058,-1.3176569938659668,-0.025448764354977886,-1.1515897512435913,-0.022241399961777035,-0.6949205994606018,-0.013421452368424,3.2343287467956543,0.06246668936370109,0.4008225202560425,0.0077413453680662304,-1.1860648393630981,-0.022907239704407105,3.2560575008392334,0.06288635088711465,-3.267352819442749,-0.06310450470316346,-1.7227036952972412,-0.03327169407452683,0.6526237473779878,1.4828327859545891,-0.9408788123037075,-0.22528529997240973,-1.7194697047979868,-2.361016722809868,0.6857700752117623,-0.46063011733710835,-1.5698848340119806,-6.153425300282189,1.0677282666662884,0.8613573653634436,1.616630974426172,1.238994169894808
Qwen_2.5_7B_base,neutral_27,factual_questions,neutral,1,moderator_next,14,]:,5669,48.981117248535156,-2.436497688293457,-0.04974361192968345,-2.9726858139038086,-0.06069044523464214,-2.094940423965454,-0.04277036828979449,-1.0478496551513672,-0.021392930868327723,3.368352174758911,0.06876838185759526,0.0441555380821228,0.0009014808269495595,-1.5754964351654053,-0.03216538379823344,2.332533836364746,0.047621082723148855,-2.9223856925964355,-0.05966351640710754,-1.6105912923812866,-0.0328818814852463,-1.4831631282574498,-0.728199112279947,-2.541202745370685,-0.6113310608603046,-1.468404707352228,-3.2262871972755858,0.20849062521769693,-1.5118762778271488,-1.1032938347294,-5.843634877407655,-1.1056811202686985,-1.7309406361673607,-0.8489852183519927,-1.2899629272596767
Qwen_2.5_7B_base,neutral_28,factual_questions,neutral,1,assistant_next,13,]:,5669,52.07841491699219,-1.8823872804641724,-0.03614524911068262,-2.9750618934631348,-0.05712658302302571,-1.1684151887893677,-0.02243569030761987,-1.4505590200424194,-0.02785336347802571,4.327552318572998,0.08309685165093227,1.5654175281524658,0.030058855106239037,-2.3856918811798096,-0.045809610084760935,4.864089012145996,0.09339932906750081,-2.971467971801758,-0.05705757321028265,0.6416565179824829,0.012320968658612586,-0.20807858469644203,-0.7313734302342972,-0.9694219099739929,-1.0518282108661805,0.3284571198402372,0.46427893226024375,-0.7844684490577047,1.3697907123989017,-1.1696808841588395,0.37980502258171045,-0.46972600746536963,-0.020705734248268805,-0.5996464763153673,-0.31017610528181805
Qwen_2.5_7B_base,neutral_28,factual_questions,neutral,1,user_next,13,]:,5669,51.49847412109375,-1.2720582485198975,-0.024700892021165013,-1.0357646942138672,-0.020112531718480927,0.049813538789749146,0.0009672818397030048,-0.07271987199783325,-0.001412078187536963,4.182365417480469,0.08121338522858047,1.7717021703720093,0.034403003207551755,-0.7039762735366821,-0.013669847224625511,4.697624206542969,0.09121870670375502,-2.490199089050293,-0.0483548130609623,-1.4914382696151733,-0.02896082447235618,1.196372773954917,1.8594261472612699,1.097212105422951,0.45529894035952373,0.05647967898603932,0.9647233781138216,1.2766080247418359,1.1803039732079994,-0.5187326880814229,-5.514389723888247,1.5278994606080936,1.4186248075997347,1.9899701928903613,1.704297500245048
Qwen_2.5_7B_base,neutral_28,factual_questions,neutral,1,moderator_next,14,]:,5669,50.735679626464844,-2.5787172317504883,-0.050826504163065805,-3.0083093643188477,-0.059293763017804285,-1.0949972867965698,-0.02158239122562961,-0.22859787940979004,-0.004505663097307725,4.141345500946045,0.0816258997895798,0.9813746809959412,0.019342890214957022,-1.071736216545105,-0.021123915643500395,2.9379377365112305,0.057906738574144134,-2.0232505798339844,-0.03987825914090273,-1.819828748703003,-0.03586881583337932,-1.8104299312124181,-0.7757903115040286,-0.8448739247209188,0.2847942935849501,-0.020362596998453435,-0.9526030801627929,0.8258889120121825,-0.8227455602760891,0.1128462496583865,-6.421802487673655,-1.2931101213582235,-1.8671335085887262,-0.7512690423909348,-1.3092012754898306
Qwen_2.5_7B_base,neutral_29,factual_questions,neutral,1,assistant_next,16,]:,5669,50.43037033081055,-1.781137466430664,-0.03531874651617369,-3.254424571990967,-0.06453302941546453,-1.8393871784210205,-0.036473798751726454,-2.09883189201355,-0.04161841125190516,3.6827306747436523,0.07302604860098916,0.7482486367225647,0.014837262384040447,-2.757704734802246,-0.05468341233095051,4.243336200714111,0.08414247551384003,-3.313159942626953,-0.06569771193218406,0.7116590738296509,0.01411171619723088,0.024911214968767994,-1.1045873500904806,-2.1076757581712187,-1.760931046373028,-0.879482020511913,-1.518164494648808,-1.2403998426105114,0.6631883428727288,-1.6318420169359642,0.5732369784951826,-0.5398380675608563,0.08324160135898281,-1.1178242050819345,-0.5172913018614759
Qwen_2.5_7B_base,neutral_29,factual_questions,neutral,1,user_next,16,]:,5669,50.38966369628906,-1.4281865358352661,-0.028342847145067265,-1.4575309753417969,-0.028925197519211396,-0.5433472394943237,-0.010782910613756257,-0.689724326133728,-0.01368781364152114,3.8269050121307373,0.07594623046497072,0.9692064523696899,0.019234231413238562,-1.103874921798706,-0.021906772953517464,4.466897964477539,0.08864710809345018,-3.143794298171997,-0.06238966620456967,-1.3448889255523682,-0.026689777761930416,0.8371000312747036,1.295968466112077,0.09095916354953872,-0.21960144012038296,-0.609401407010846,-0.9821230791620544,0.7865003679590007,0.9176684984217665,-1.4027637102207204,-5.1094427056423175,1.0665342486933902,0.9605844650213212,1.3734090369676986,1.1669967509945098
Qwen_2.5_7B_base,neutral_29,factual_questions,neutral,1,moderator_next,17,]:,5669,49.30732345581055,-2.81758975982666,-0.05714343351757467,-3.5973644256591797,-0.07295801462196898,-1.7483428716659546,-0.03545807699809193,-0.877360999584198,-0.017793725923300075,3.7191131114959717,0.07542719520821402,0.16205185651779175,0.00328656769745418,-1.718263864517212,-0.034848045768639785,2.814167022705078,0.05707401711283614,-2.6389126777648926,-0.05351969023688537,-1.3965274095535278,-0.028322920646972498,-2.3601085947561433,-1.5627370490298416,-1.9532258942099916,-0.4248447920197757,-0.811327097681587,-2.940271926759604,0.03351776504769745,-0.9636336529963421,-0.7198777148542406,-5.252130823809862,-1.9614228218929926,-2.661599224707346,-1.7072620363818742,-2.18443063054461
Qwen_2.5_7B_base,neutral_30,factual_questions,neutral,1,assistant_next,12,]:,5669,53.29118347167969,-2.268683433532715,-0.0425714590245186,-3.310851812362671,-0.062127571517006056,-1.5102126598358154,-0.02833888387257118,-1.8413560390472412,-0.034552733099383795,4.637930870056152,0.08702998447240093,1.281901478767395,0.024054663365632153,-2.5741260051727295,-0.04830303696559275,5.205583572387695,0.09768189094832314,-3.6928508281707764,-0.06929571812067661,0.43832695484161377,0.008225130805634145,-1.0969993612333233,-1.1799711904687604,-1.5492557819308224,-1.4792952332657903,0.909886735688446,-0.2235281225863494,-1.015409482165634,1.7585136646002402,-2.145399210990884,-0.18203782183153847,-1.1384852758510418,-0.8289154156625728,-0.9495309853079674,-0.88922320048527
Qwen_2.5_7B_base,neutral_30,factual_questions,neutral,1,user_next,12,]:,5669,52.97115707397461,-1.217543363571167,-0.022985024885729014,-1.0202269554138184,-0.019260046632341144,-0.11870188266038895,-0.0022408776628122526,-0.5240732431411743,-0.009893558534303909,4.322559356689453,0.08160213209337616,1.787827491760254,0.03375096166511031,-0.611613392829895,-0.011546158827072108,4.481955528259277,0.08461124460619567,-2.7198076248168945,-0.05134506729801396,-2.028026580810547,-0.038285487666021585,1.3218190500218854,1.8801837532300643,0.8113382836982946,-0.03840667209370082,0.3191038449569634,1.003843243943496,1.3898060943868609,0.9348085097942889,-0.8292935149247233,-6.997097395040043,1.6010014016259748,1.6344254816322137,2.049612666802581,1.8420190742173972
Qwen_2.5_7B_base,neutral_30,factual_questions,neutral,1,moderator_next,13,]:,5669,50.90272903442383,-2.6509971618652344,-0.05207966669277109,-3.2059319019317627,-0.06298153287152242,-1.3792531490325928,-0.027095858614964427,-0.4414483308792114,-0.008672390248088163,4.267885208129883,0.08384393703613914,0.7255115509033203,0.014252900869277184,-1.3637349605560303,-0.02679099895869594,2.849677562713623,0.055982805180965454,-2.49432373046875,-0.04900176823097091,-1.9608216285705566,-0.03852095291874268,-1.9767560286774146,-1.0398036804447692,-1.3270927565985318,0.051971256864387014,0.2166832071844329,-1.5733244338023344,0.4680211851951726,-0.9232120370952998,-0.5243115401265848,-6.811395813125892,-1.508279854561092,-2.02474088563889,-1.0092767434882275,-1.517008814563559
Qwen_2.5_7B_base,neutral_31,factual_questions,neutral,1,assistant_next,16,]:,5669,52.17141342163086,-2.1074275970458984,-0.04039429754402887,-3.216343402862549,-0.06164953548160948,-1.3268407583236694,-0.025432332982827453,-1.5662198066711426,-0.030020651233147733,4.418512344360352,0.08469221082149916,1.2164385318756104,0.023316188926007918,-2.783226728439331,-0.0533477348207203,5.1091742515563965,0.09793053161634442,-3.252901077270508,-0.062350257812294925,0.4823176860809326,0.009244865232670853,-0.7259274200495575,-1.053712900869064,-1.238179051794849,-1.178341898699523,0.4988517962712036,-0.38234056654102416,-1.2716790793677766,1.6487710210080735,-1.5503378908491199,-0.060482071720600515,-0.8898201604593108,-0.5550988098984853,-0.916086116613143,-0.7355924632558142
Qwen_2.5_7B_base,neutral_31,factual_questions,neutral,1,user_next,16,]:,5669,51.9460563659668,-1.368470311164856,-0.02634406549601769,-1.2399516105651855,-0.02386998546780074,-0.11620141565799713,-0.0022369631842568158,-0.10347115993499756,-0.0019918963473575285,4.173548698425293,0.08034389885195699,1.3388372659683228,0.025773607461864634,-1.0730624198913574,-0.0206572451300536,4.940127849578857,0.09510111440943672,-2.644240379333496,-0.05090358276101799,-1.2052905559539795,-0.02320273453412034,0.9745153080881206,1.5866431118307514,0.8155801391434454,0.4216621395391713,0.03996339089591121,-0.08540248139256179,0.8242635441414128,1.4563456529752297,-0.7270837858254076,-4.723702708767038,1.280579209959436,1.211966648525317,1.7270871925144093,1.4695269205198631
Qwen_2.5_7B_base,neutral_31,factual_questions,neutral,1,moderator_next,17,]:,5669,50.650211334228516,-2.7838826179504395,-0.05496290231802332,-3.416722297668457,-0.06745721701183696,-1.1709219217300415,-0.02311780920327085,-0.1650078296661377,-0.003257791533727093,4.134222507476807,0.08162300607584973,0.3694629967212677,0.007294401878864248,-1.7368800640106201,-0.03429166469907436,3.2234184741973877,0.06364077047826765,-2.2675013542175293,-0.044767855740123874,-1.7357014417648315,-0.03426839486041543,-2.282543808015612,-1.3214086187833392,-0.9736743951152745,0.3543512448825411,-0.03370604272535088,-2.4370946082439677,0.010702129257056178,-0.49778309214354904,-0.2175191794682418,-6.189340839240258,-1.8019762133994757,-2.3873588171058193,-1.3224093471174643,-1.8548840821116417
Qwen_2.5_7B_base,neutral_32,factual_questions,neutral,1,assistant_next,13,]:,5669,54.31935501098633,-1.873840093612671,-0.03449672944816223,-3.2587151527404785,-0.059991786575547316,-1.6950567960739136,-0.031205392548035244,-2.1254351139068604,-0.039128504259245744,4.360285758972168,0.08027130951923639,0.9551080465316772,0.017583199328094056,-2.855410575866699,-0.05256709280309348,5.323328971862793,0.09800059243682342,-3.6419458389282227,-0.06704692716236456,0.9336340427398682,0.017187870558312716,-0.18841032780884523,-1.1103193414517578,-1.8628300482801698,-1.7900305519883184,0.38977640748345105,-1.0163256684634634,-1.3601461358931004,1.8925431474115948,-2.076546824920678,1.1866010461426153,-0.6493648346303015,0.1866248025868564,-0.800104913551239,-0.3067400554821913
Qwen_2.5_7B_base,neutral_32,factual_questions,neutral,1,user_next,13,]:,5669,52.17436218261719,-1.3453967571258545,-0.025786549194732604,-1.4983646869659424,-0.028718409277749622,-0.8165439367294312,-0.01565029072845048,-1.2497882843017578,-0.02395406924050807,3.780418634414673,0.07245740007674088,0.727791428565979,0.013949215632356222,-1.4983460903167725,-0.028718052845042214,4.7347588539123535,0.0907487634892415,-3.4800705909729004,-0.0667007787999821,-1.359964370727539,-0.026065759385183924,1.0276107412444937,1.241416764153055,-0.3724986211984456,-0.8322183765573352,-0.6964839602622521,-1.567793473759808,0.3030445200560104,1.2225743090639094,-1.8575997780148477,-5.151099368191412,1.1345137526987743,1.2820841949930655,1.3878765772182682,1.3349803861056668
Qwen_2.5_7B_base,neutral_32,factual_questions,neutral,1,moderator_next,14,]:,5669,50.6767692565918,-2.7534303665161133,-0.054333186722592026,-3.4025673866271973,-0.06714254749348701,-1.6943048238754272,-0.03343356036168466,-0.9129696488380432,-0.01801554562832137,4.149385929107666,0.08187944870948799,0.31510984897613525,0.006218033501319685,-1.5767637491226196,-0.031114133206459716,3.135316848754883,0.061868917351061314,-2.708127498626709,-0.053439229421170104,-1.2330461740493774,-0.024331586092359046,-2.212468973520705,-1.3024983983388503,-1.8615543836296464,-0.46379473925063086,-0.005300528324806045,-2.568954792361607,0.20693743098541353,-0.5980690935120863,-0.8134953668500132,-4.800397386994239,-1.7574836859297776,-2.3081609310129045,-1.3003941015204519,-1.8042775162666782
Qwen_2.5_7B_base,neutral_33,factual_questions,neutral,1,assistant_next,15,]:,5669,52.945068359375,-2.138950824737549,-0.040399434565255486,-3.414661407470703,-0.06449441871135232,-1.4259167909622192,-0.026932003964628592,-1.5961296558380127,-0.030146899518647716,4.4132232666015625,0.08335475622858671,1.4669930934906006,0.027707832645206883,-2.224806070327759,-0.04202102555098149,4.87077522277832,0.09199676898548853,-3.109614372253418,-0.05873284271060531,0.3982503414154053,0.007521953484169729,-0.7984667187612347,-1.3186553773226324,-1.406254138620535,-1.2110583052789337,0.48894380992746633,0.2255022539150523,-0.5872900687130941,1.37740161997587,-1.3565330854781505,-0.2927780316367959,-1.0585610480419336,-0.5557448812756496,-1.115122881680287,-0.8354338814779683
Qwen_2.5_7B_base,neutral_33,factual_questions,neutral,1,user_next,15,]:,5669,52.54764938354492,-1.3238741159439087,-0.025193783765301486,-1.4685899019241333,-0.02794777538391691,-0.047435469925403595,-0.0009027134511607253,-0.13269203901290894,-0.002525175541999808,4.318064212799072,0.08217426018967189,1.837847352027893,0.03497487277905541,-0.11780440807342529,-0.0022418587597243743,3.9419870376586914,0.07501738106087592,-2.404315710067749,-0.04575496217763549,-1.8647481203079224,-0.03548680373306785,1.0771373098126908,1.281194318896187,0.9322364281757435,0.38969935179032283,0.3106831284709906,1.1251909166736405,1.9950083511815042,0.32016286034850816,-0.40256970180626267,-6.5459242686970995,1.1791658143544388,1.3566349434587286,1.4417924904184822,1.3992137169386054
Qwen_2.5_7B_base,neutral_33,factual_questions,neutral,1,moderator_next,16,]:,5669,51.34914779663086,-2.8523313999176025,-0.05554778457501004,-3.5254735946655273,-0.06865690563411536,-1.2390106916427612,-0.024129138355905796,-0.4054250717163086,-0.007895458622254088,4.699553489685059,0.091521547899835,0.8095791339874268,0.01576616494578991,-0.9050387144088745,-0.017625194443212477,2.9162259101867676,0.05679209948598423,-2.2976691722869873,-0.0447460039918665,-1.4096485376358032,-0.027452228481351617,-2.440053904701608,-1.4666946607686395,-1.0891819059648937,0.09137471846373339,1.0253238877957167,-1.3693773314969675,1.0301899830925925,-0.8474601127437902,-0.2583231613081536,-5.28838729242062,-1.953374282735124,-2.460918117054356,-1.4063432463966048,-1.9336306817254805
Qwen_2.5_7B_base,neutral_34,factual_questions,neutral,1,assistant_next,13,]:,5669,53.616939544677734,-2.015838623046875,-0.03759704750337576,-3.0220141410827637,-0.056363048072980565,-1.3057341575622559,-0.024353015458374275,-1.8017027378082275,-0.033603237206534534,4.393766403198242,0.08194735545353199,1.3724128007888794,0.025596626969826952,-2.6116526126861572,-0.04870946821778085,4.960524559020996,0.09251786098099664,-3.494976043701172,-0.0651841763700237,0.3885772228240967,0.007247284647798751,-0.515168546986221,-0.7940991761088811,-1.2023732805997944,-1.4359211086316748,0.45249542597778614,-0.003948575097257932,-1.0614013297383826,1.4795632090731345,-1.8777603949026762,-0.31950691640758655,-0.6546338615475511,-0.2032950881861191,-0.5462272270175935,-0.3747611576018563
Qwen_2.5_7B_base,neutral_34,factual_questions,neutral,1,user_next,13,]:,5669,52.081756591796875,-1.2450642585754395,-0.023905957480158092,-0.8453052043914795,-0.016230351272841267,0.08117605745792389,0.0015586274882039887,-0.24121397733688354,-0.004631448574737126,4.284145355224609,0.0822580810551882,1.5469053983688354,0.029701482814665288,-0.6842669248580933,-0.013138322699466487,4.252098083496094,0.08164275480996007,-2.9302845001220703,-0.05626316568177357,-1.802624225616455,-0.0346114329388878,1.258489671347366,2.1138700591861066,1.1504162750676552,0.27099437814821026,0.24714320847558316,0.4193686935170286,1.3007634019594396,0.673161986199415,-1.1139774976343835,-6.374262729861739,1.6861798652667361,1.5186019015239698,2.2615794558747293,1.8900906786993494
Qwen_2.5_7B_base,neutral_34,factual_questions,neutral,1,moderator_next,14,]:,5669,50.590335845947266,-2.678067684173584,-0.05293634919381783,-2.998077630996704,-0.059261864560973786,-1.372401237487793,-0.027127735258901914,-0.4908047914505005,-0.009701552346777281,4.133182525634766,0.08169905292229583,0.5062028169631958,0.010005919282778336,-1.5733884572982788,-0.03110057347888354,2.8005223274230957,0.05535686372889423,-2.6947412490844727,-0.053265929233801385,-1.841413140296936,-0.03639851583322607,-2.039049037604499,-0.7621212511978935,-1.3154690006088714,-0.002016512260157824,-0.03565423225074674,-2.105365193825125,0.2110741200544449,-0.9791653974204578,-0.7953895733859866,-6.4814447540550715,-1.4005851444011963,-2.1324838788693894,-0.7490373284169485,-1.4407606036431688
Qwen_2.5_7B_base,neutral_35,factual_questions,neutral,1,assistant_next,16,]:,5669,51.11695861816406,-1.9091498851776123,-0.037348659560101624,-3.4339475631713867,-0.06717824487216571,-1.7710251808166504,-0.034646528836857066,-2.18037748336792,-0.042654679431438976,3.678252696990967,0.07195758113206534,0.8273619413375854,0.016185664478159858,-3.163210391998291,-0.06188181921438232,4.773536205291748,0.09338458966131652,-3.2536261081695557,-0.06365061999235225,0.3740588426589966,0.007317705371580486,-0.269663032729502,-1.3444206721212777,-1.9917047369571415,-1.8501283775472401,-0.8878705798117721,-1.3262364215663107,-1.737379335600237,1.2667145334237886,-1.5513185433964805,-0.35962428980980765,-0.8070418524253898,-0.17205590627447345,-1.3028915997303268,-0.7374737530024001
Qwen_2.5_7B_base,neutral_35,factual_questions,neutral,1,user_next,16,]:,5669,51.238494873046875,-1.3932411670684814,-0.027191297685861024,-1.8487707376480103,-0.036081675354217406,-1.0785109996795654,-0.021048842327468474,-1.22711980342865,-0.02394917740009875,3.2680983543395996,0.06378209122724887,0.9931331872940063,0.019382559728865628,-2.0641281604766846,-0.04028471495095543,4.653641223907471,0.09082314450176089,-2.8349339962005615,-0.055328205936272135,-1.5659898519515991,-0.030562760593019704,0.9175141490281002,0.773292616698798,-0.8169061704131475,-0.807422824007252,-1.6562093736707357,-0.9240770633682982,-0.3903664876104269,1.1302381834496205,-0.9850095947690909,-5.720391607866065,0.8454033828634491,1.1054121992592048,0.8727198759285404,0.9890660375938726
Qwen_2.5_7B_base,neutral_35,factual_questions,neutral,1,moderator_next,17,]:,5669,50.5971794128418,-2.6693482398986816,-0.05275685860111777,-3.669808864593506,-0.07252990991158079,-1.8465919494628906,-0.03649594643203011,-0.951389491558075,-0.018803212009019774,3.5470731258392334,0.07010416720855728,0.0038913488388061523,7.690841434173917e-05,-2.4463353157043457,-0.04834924286478021,3.4035680294036865,0.06726794000971219,-2.622370958328247,-0.051828402072204786,-1.756026268005371,-0.03470601105404076,-2.0189843926054563,-1.659519028530257,-2.119898113933477,-0.505819665158243,-1.1336082034246742,-3.323967711233431,-0.8587918100474353,-0.2927190147304662,-0.6975039383371667,-6.245502658558576,-1.8392517105678565,-2.109909758713332,-1.6773105164829805,-1.8936101375981562
Qwen_2.5_7B_base,neutral_36,factual_questions,neutral,1,assistant_next,15,]:,5669,52.39140319824219,-1.9792577028274536,-0.037778291513556196,-3.2570812702178955,-0.06216823889777351,-1.4781211614608765,-0.02821304777556463,-2.0100648403167725,-0.0383663104557622,3.9172580242156982,0.07476909922403316,1.103589653968811,0.02106432709566821,-2.8771886825561523,-0.054917190739657194,5.194594860076904,0.09914975631443272,-3.421569347381592,-0.06530783942615209,0.659936785697937,0.012596280027103357,-0.43099079955182706,-1.1081365599003667,-1.4948149526798988,-1.663834637161305,-0.4401438444110712,-0.6561107976237713,-1.3868369408886223,1.7460052232144723,-1.7784729523486356,0.4303172916843141,-0.769563679726097,-0.2260897316369649,-0.952376200122791,-0.589232965879878
Qwen_2.5_7B_base,neutral_36,factual_questions,neutral,1,user_next,15,]:,5669,52.47796630859375,-1.5207713842391968,-0.028979236262632314,-1.596701979637146,-0.03042614056817349,-0.7948428988456726,-0.015146221447905266,-0.9783982634544373,-0.018643982080041383,3.7818517684936523,0.07206551691151071,1.2914927005767822,0.02461018959809211,-1.5303115844726562,-0.029161030659491348,4.870973587036133,0.09281940459339916,-3.0262999534606934,-0.05766801128810338,-1.4903563261032104,-0.02839965857935983,0.6240495137248473,1.1100432869968777,-0.3356844318391814,-0.5353627751098207,-0.6937992818493327,-0.2002599159384248,0.26386826000428726,1.3776274178329533,-1.2438447888438353,-5.511400083764766,0.8670464003608624,0.8805472653563391,1.2683984530913137,1.0744728592238264
Qwen_2.5_7B_base,neutral_36,factual_questions,neutral,1,moderator_next,16,]:,5669,51.160911560058594,-2.613253355026245,-0.05107910073022265,-3.386820077896118,-0.06619936929623071,-1.5775879621505737,-0.030835806361632523,-0.864837646484375,-0.016904265778554955,3.8748764991760254,0.07573900427140058,0.6974241733551025,0.013631973162487251,-1.8864753246307373,-0.03687337201598088,3.5894017219543457,0.07015906504599104,-2.4695653915405273,-0.04827055101708784,-1.5084235668182373,-0.02948390716313714,-1.889902318594469,-1.2814608179087,-1.6635529483078066,-0.4111463240179658,-0.519536810533009,-1.641464126323111,-0.17263878216383832,-0.08118468886700161,-0.4908242388677528,-5.561323713940457,-1.5856815682515846,-1.8989019994730079,-1.2344064591100028,-1.5666542292915053
Qwen_2.5_7B_base,neutral_37,factual_questions,neutral,1,assistant_next,12,]:,5669,52.332908630371094,-2.2062039375305176,-0.04215710525690445,-3.3435750007629395,-0.06389048666067293,-1.708483338356018,-0.032646443377017074,-1.9166016578674316,-0.03662325882561672,4.556529998779297,0.08706815879396662,0.8422824144363403,0.016094699042726753,-2.840250015258789,-0.05427273372706188,4.655645370483398,0.08896209846401547,-3.747793674468994,-0.0716144730448631,0.8644025325775146,0.01651737988963724,-0.9532254156148394,-1.2236876578129834,-1.8856071740868343,-1.5616014409937615,0.7573991456470306,-1.290039505443816,-1.3415656608968747,1.1325195017027938,-2.219713067479406,0.9952996535079742,-1.0884565367139114,-0.7768030926904853,-1.0728699412323732,-0.9248365169614292
Qwen_2.5_7B_base,neutral_37,factual_questions,neutral,1,user_next,12,]:,5669,52.31255340576172,-1.4879508018493652,-0.028443474940098832,-1.664005160331726,-0.031808907269826596,-0.36758944392204285,-0.0070267922322743365,-0.5548197031021118,-0.010605861633223275,4.273508548736572,0.08169183629002301,1.2452515363693237,0.02380406719416933,-1.0986261367797852,-0.021001195033595554,4.575090408325195,0.08745683608365586,-2.8658175468444824,-0.05478259729774231,-1.1670209169387817,-0.022308620798659883,0.6995742046973331,1.020129759469933,0.38911913185259167,-0.07203819191004981,0.22721736540221985,-0.3124405104239675,0.7929331722151797,1.040823860394654,-1.0267816525534867,-4.617955553720674,0.859851982083633,0.9479287380447121,1.17165584929577,1.059792293670241
Qwen_2.5_7B_base,neutral_37,factual_questions,neutral,1,moderator_next,13,]:,5669,51.114009857177734,-3.0761678218841553,-0.06018247894226169,-3.8308029174804688,-0.07494624131787861,-1.5991525650024414,-0.03128599320363982,-0.6305562257766724,-0.012336269988180664,4.333596706390381,0.08478295321574798,0.2707158625125885,0.005296314323001074,-1.7232332229614258,-0.033713520574426996,2.9479963779449463,0.05767491899348552,-2.602916955947876,-0.0509237479747905,-1.350608229637146,-0.026423445028300505,-2.9551324123471145,-1.8745986585943388,-1.7001356858293213,-0.15488136690928253,0.33978002237298266,-2.6766541524106033,0.02742742032312154,-0.8112958177370533,-0.6711911053038122,-5.125246359697432,-2.4148655354707267,-3.043812997276709,-1.8463644802490555,-2.445088738762882
Qwen_2.5_7B_base,neutral_38,factual_questions,neutral,1,assistant_next,11,]:,5669,53.55257034301758,-2.006499767303467,-0.03746785176605595,-3.1905627250671387,-0.05957814358173264,-2.01289439201355,-0.03758726012814061,-2.2317733764648438,-0.041674439941346945,3.995882987976074,0.07461608214846545,0.5345918536186218,0.009982561998321043,-2.989699125289917,-0.055827369370697766,5.1110520362854,0.09543990145660304,-3.936380624771118,-0.07350498023825221,0.4648420810699463,0.00868010775379252,-0.4936785506881648,-1.0192712644010928,-2.402017782299669,-1.9063469470789582,-0.2928563393408121,-2.036493679375585,-1.5247274531258983,1.6509085016840186,-2.474789469679098,-0.10877088656653898,-0.7564749075446289,-0.18704643663265644,-0.7711651797439559,-0.47910580818830617
Qwen_2.5_7B_base,neutral_38,factual_questions,neutral,1,user_next,11,]:,5669,53.16157913208008,-1.5645478963851929,-0.029430049331267413,-1.3880161046981812,-0.026109384396758636,-0.9870971441268921,-0.01856786725003873,-1.0988163948059082,-0.020669370864170457,3.5261917114257812,0.06632970218331831,0.5664604306221008,0.010655447785227156,-1.5200620889663696,-0.028593245606752415,4.665527820587158,0.08776127227138311,-3.6646127700805664,-0.06893348222361542,-1.8934452533721924,-0.03561679852789781,0.5233137159132901,1.3888366956763014,-0.6618293945279159,-0.6670802078139408,-1.1727251871942168,-1.9591808353991795,0.27642983341200955,1.1437686858086753,-2.107205357963316,-6.6252205531049135,0.9560752057947958,0.8238495397195669,1.5704119680782567,1.1971307538989118
Qwen_2.5_7B_base,neutral_38,factual_questions,neutral,1,moderator_next,12,]:,5669,51.029903411865234,-2.7344746589660645,-0.05358573064299113,-3.436302661895752,-0.06733899992247994,-2.022122859954834,-0.03962623334075642,-1.069527506828308,-0.020958838549939848,3.6372616291046143,0.07127706277921143,0.11241751909255981,0.002202973385727025,-2.019824266433716,-0.03958118929074978,2.915803909301758,0.057139122638899385,-3.0450329780578613,-0.05967154108604181,-1.6775689125061035,-0.03287423256450928,-2.1688492736056357,-1.3475669607780179,-2.417673188649639,-0.6350430296259824,-0.9646588138584902,-3.0606843249915765,-0.336068535391476,-0.8479404759734019,-1.2691824514387753,-6.028708292319219,-1.7582081171918267,-2.214155094280936,-1.314138516597857,-1.7641468054393963
Qwen_2.5_7B_base,neutral_39,factual_questions,neutral,1,assistant_next,16,]:,5669,52.17490005493164,-1.9162518978118896,-0.03672746657481643,-2.8548779487609863,-0.05471745888837864,-1.056991696357727,-0.020258624266551305,-1.309321403503418,-0.025094852163107483,4.793066501617432,0.09186537006436267,1.5514216423034668,0.029735018958734438,-2.261293411254883,-0.043340637143034495,5.234771728515625,0.10033122675854225,-3.181175708770752,-0.060971380978621786,0.33933115005493164,0.006503724007092902,-0.28600574423643327,-0.570813969169426,-0.7804002801597365,-0.8973377197501263,1.2005010524059447,0.4303250554104204,-0.6320082122770903,1.7917385165900699,-1.4533245560767256,-0.4555842933192776,-0.42840985670292964,-0.09392988931178502,-0.43109675540162723,-0.2625133223567061
Qwen_2.5_7B_base,neutral_39,factual_questions,neutral,1,user_next,16,]:,5669,51.668304443359375,-1.2107250690460205,-0.02343264564397038,-0.7306063175201416,-0.014140319203256575,0.3475915193557739,0.006727364543901689,0.19211888313293457,0.0037183121297030774,4.84707498550415,0.09381138084021483,2.0000455379486084,0.038709331755624556,-0.4408750534057617,-0.008532795069539481,4.911456108093262,0.09505742758555923,-2.5205297470092773,-0.04878290035184668,-1.324930191040039,-0.02564299729425947,1.337508886992317,2.2671017700143956,1.6023702007314449,0.7449885453622985,1.3016747059613947,1.5186820675328476,1.5990595335315838,1.4237086353104504,-0.5597569217101697,-5.054292475660625,1.8023053285033563,1.5781292455516325,2.4078045162454242,1.9929668808985284
Qwen_2.5_7B_base,neutral_39,factual_questions,neutral,1,moderator_next,17,]:,5669,50.84941101074219,-2.1414647102355957,-0.042113854765853644,-2.770066738128662,-0.05447588640787741,-0.8149560689926147,-0.016026853660516368,-0.07908844947814941,-0.001555346422035087,4.949336528778076,0.09733321252693575,1.1125849485397339,0.02187999676740985,-1.3717231750488281,-0.02697618611077019,3.4834647178649902,0.0685055077064529,-2.2679290771484375,-0.044600891771771484,-1.0520658493041992,-0.020689833537736457,-0.8042515163350592,-0.45751062981629653,-0.36980492222175404,0.44833277449837017,1.4932404231724654,-0.6342883044008188,0.4582309918450351,-0.20177268578218968,-0.21809770320055513,-4.300310243408446,-0.6308810730756779,-0.7713635776323291,-0.4141956029938509,-0.59277959031309
Qwen_2.5_7B_base,neutral_40,factual_questions,neutral,1,assistant_next,11,]:,5669,52.69658660888672,-2.242964029312134,-0.0425637441369662,-2.889338493347168,-0.054829708701851894,-1.5162163972854614,-0.028772573232091803,-1.8466744422912598,-0.03504353054206812,4.479988098144531,0.08501476825045494,1.1523127555847168,0.021866933510080358,-2.424802541732788,-0.04601441379362266,4.613090991973877,0.08754060345904698,-3.703930377960205,-0.07028786144064171,0.10538172721862793,0.001999782794296897,-1.0378154615485438,-0.6168514534646172,-1.5594406739400655,-1.4851126829598293,0.6140138257861671,-0.5379090482056587,-0.8324016798454456,1.0840798907420612,-2.160385039510579,-1.1020363249115632,-0.8273334575065805,-0.8279451319503264,-0.43895009697977233,-0.6334476144650494
Qwen_2.5_7B_base,neutral_40,factual_questions,neutral,1,user_next,11,]:,5669,52.5844612121582,-1.618110179901123,-0.030771641329035718,-0.6780655384063721,-0.012894789121650154,-0.04394787549972534,-0.000835757835806522,-0.49713242053985596,-0.009453979542247597,4.023608684539795,0.07651706591241986,1.3507533073425293,0.025687309068219904,-0.4039238691329956,-0.007681430213829085,3.9708333015441895,0.07551343514813996,-3.2990102767944336,-0.06273736006315987,-3.0156936645507812,-0.057349521037852035,0.40005950725017375,2.3372935015251395,0.9381528715404788,-0.008937887383652723,-0.24091801749113667,-0.05649428610414815,1.6443461540740218,0.3529985367048557,-1.6127036521280873,-9.726231688598235,1.3686765043876565,0.6551205912969872,2.4949456247608577,1.5750331080289224
Qwen_2.5_7B_base,neutral_40,factual_questions,neutral,1,moderator_next,12,]:,5669,51.471256256103516,-3.092371940612793,-0.06007958937753916,-3.0638718605041504,-0.05952588072184139,-1.5923182964324951,-0.03093606824961993,-0.6648223400115967,-0.012916380682524362,4.315011024475098,0.08383341185622255,0.3157632648944855,0.006134749525509044,-1.31081223487854,-0.02546687860806006,2.7283661365509033,0.0530075683984762,-3.1993327140808105,-0.06215765743431666,-2.2102794647216797,-0.042942015126346995,-2.992420326526267,-0.850018898900126,-1.6885418598282906,-0.19236280384170512,0.304963615618579,-2.567369611983406,0.5328822023180921,-1.0613007248927018,-1.4778831142473239,-7.500700890357673,-1.9212196127131964,-3.030872812713766,-0.7675087096093794,-1.8991907611615728
Qwen_2.5_7B_base,neutral_41,creative_requests,neutral,1,assistant_next,15,]:,5669,50.19267654418945,-1.7855968475341797,-0.03557484817455683,-2.843254566192627,-0.0566468011262447,-1.5217554569244385,-0.03031827672279422,-1.200610637664795,-0.02392003615523037,3.636423349380493,0.07244928144405686,0.8886513710021973,0.01770480142097686,-2.4227166175842285,-0.048268328855730125,4.1111907958984375,0.08190818021587193,-2.7389650344848633,-0.054569017296248155,0.670154333114624,0.013351635721689847,0.01464956343037526,-0.5552857382933991,-1.5688372747622858,-0.7784262001736578,-0.9662291564470487,-1.1775488879953668,-0.8298452135980092,0.5127673468737498,-0.8552051865740209,0.4585505491351329,-0.2703180874315119,0.05103228319060708,-0.5660794617979726,-0.2575235893036828
Qwen_2.5_7B_base,neutral_41,creative_requests,neutral,1,user_next,15,]:,5669,47.28252029418945,-1.4344582557678223,-0.030338024429380994,-0.8782246112823486,-0.018573980528492972,-0.5713075399398804,-0.012082848722640708,-0.09391772747039795,-0.0019863096739777533,3.8684439659118652,0.08181551960095618,1.1183525323867798,0.02365255755041074,-0.4255408048629761,-0.008999960285857917,3.5800561904907227,0.07571627248750265,-2.4641590118408203,-0.05211564435459336,-0.4230921268463135,-0.008948172056266367,0.8226679378966459,2.06989145420628,0.04352660292003003,0.43211200770791436,-0.5315868227739949,-0.6202962045954583,1.6178528769311993,-0.09182269896549,-0.48351175048763184,-2.5623220245378873,1.4462796960514628,0.7096555942030169,2.0976119577768197,1.4036337759899182
Qwen_2.5_7B_base,neutral_41,creative_requests,neutral,1,moderator_next,16,]:,5669,49.71143341064453,-2.591235876083374,-0.0521255513732284,-3.100677013397217,-0.06237351853815746,-2.152646541595459,-0.04330284592305722,-0.7937442064285278,-0.01596703518628707,3.4719510078430176,0.0698421021007932,-0.08092248439788818,-0.0016278445187734325,-2.000967264175415,-0.040251650915923,3.143519401550293,0.06323534015973843,-2.7344303131103516,-0.05500606451080201,-0.8802844285964966,-0.017707886661099667,-1.8392370600258476,-0.8991886572032524,-2.6390968623709097,-0.33338191012809637,-1.2743338560173734,-3.5297252088259206,-0.31295777662564783,-0.5887321350083771,-0.8490716740943112,-3.8256416288848483,-1.36921285861455,-2.0305116966568053,-0.9667381940102735,-1.4986249453335394
Qwen_2.5_7B_base,neutral_42,creative_requests,neutral,1,assistant_next,21,]:,5669,49.40066909790039,-1.3885488510131836,-0.028107895629134287,-2.586733341217041,-0.05236231388062275,-1.0522398948669434,-0.02130011423087517,-1.2923524379730225,-0.02616062619337983,3.5639877319335938,0.07214452348551427,1.0927860736846924,0.022120875964636227,-2.1166207790374756,-0.04284599414722169,3.946798801422119,0.07989363046076363,-2.3104333877563477,-0.046769273168701775,0.931177020072937,0.01884948194178434,0.9283118160472997,-0.21258680512180037,-0.7723392039652994,-0.878776490222451,-1.1019222094129344,-0.6823201736119572,-0.4547003741915274,0.3256400867327036,-0.2755876122874503,1.179811769744967,0.35786250546274967,0.9901337782846735,-0.2663235799310338,0.3619050991768199
Qwen_2.5_7B_base,neutral_42,creative_requests,neutral,1,user_next,21,]:,5669,47.08570098876953,-1.0031094551086426,-0.02130390827881899,-0.9411939382553101,-0.019988954576248007,-0.12633025646209717,-0.002682985573310852,-0.34196603298187256,-0.007262630178606352,3.6442501544952393,0.07739611130275907,1.2355537414550781,0.0262405298319711,-0.6603740453720093,-0.014024938176656135,3.5463171005249023,0.07531622182646784,-1.9022948741912842,-0.0404006913828256,0.011415719985961914,0.0002424455778769162,1.8152610760741716,1.9857677284669328,0.7983973175037922,0.16078836547984887,-0.9515672660894844,-0.335967262341331,1.3300460295192271,-0.13022787486878326,0.27644689207525186,-1.3616843955916766,1.9005144022705522,1.8458556613973818,1.9986160291655135,1.9222358452814476
Qwen_2.5_7B_base,neutral_42,creative_requests,neutral,1,moderator_next,22,]:,5669,48.78457260131836,-1.954419732093811,-0.04006224976215113,-2.8082332611083984,-0.05756396154288556,-1.3866862058639526,-0.0284246869844767,-0.40942907333374023,-0.008392593221625883,3.6218719482421875,0.07424215802485702,0.3040398061275482,0.0062322941437296065,-1.4521372318267822,-0.029766320670554354,3.087156057357788,0.06328140009725862,-1.981634259223938,-0.04062010085480151,-0.33263301849365234,-0.006818405917215379,-0.37383520000271037,-0.5084991073166273,-1.3397023821461032,0.08699500581023026,-0.9934881778371186,-2.5958106038235216,0.35967715798955907,-0.6528904792436224,0.1691350931705877,-2.3123642616092663,-0.44116715365966885,-0.513337921971694,-0.6302468203971978,-0.5717923711844459
Qwen_2.5_7B_base,neutral_43,creative_requests,neutral,1,assistant_next,21,]:,5669,49.008338928222656,-1.3887138366699219,-0.028336276377451286,-2.732649326324463,-0.055758864431758974,-1.3871206045150757,-0.028303766968038744,-1.1258257627487183,-0.022972126527234404,3.7098937034606934,0.07569923373436882,1.094616174697876,0.022335304534623072,-2.162510871887207,-0.044125365584302065,4.339404106140137,0.08854419882493067,-2.2337074279785156,-0.04557810929380796,1.0634024143218994,0.02169839740700767,0.9279321612748143,-0.4075229256465466,-1.340439307001288,-0.6966239697413215,-0.8285977397626352,-0.6778803671506307,-0.5109423394341603,0.7725423536147236,-0.17181064498354004,1.5451786670172116,0.26020461781413384,0.9614108553933699,-0.5039566845229184,0.22872708543522574
Qwen_2.5_7B_base,neutral_43,creative_requests,neutral,1,user_next,21,]:,5669,46.49385452270508,-1.3404104709625244,-0.028829841808618827,-1.3437167406082153,-0.028900953779859594,-0.4374316334724426,-0.009408375321061513,-0.11149883270263672,-0.0023981412994740353,4.17164945602417,0.08972474962227454,1.3202540874481201,0.028396313900009722,-0.4573237895965576,-0.00983622016912419,3.463200569152832,0.07448727589280843,-2.133784770965576,-0.045893909912837004,-0.4790092706680298,-0.01030263624269112,1.039084874064957,1.4480183279769283,0.27063707559580946,0.4128811990306696,0.03640555555448447,-0.1304850836487362,1.5789002967185906,-0.22483934811983247,-0.03665860075003535,-2.7168329901395394,1.2435516010209426,0.8993362631796656,1.3751052034054858,1.1372207332925757
Qwen_2.5_7B_base,neutral_43,creative_requests,neutral,1,moderator_next,22,]:,5669,49.041969299316406,-1.9494929313659668,-0.03975152220066213,-3.0783159732818604,-0.06276901228199189,-1.5977962017059326,-0.03258018029321274,-0.4317859411239624,-0.008804416855462226,3.886704683303833,0.07925262257684276,0.5839735269546509,0.011907628003078393,-1.4349008798599243,-0.029258630931036558,3.2541260719299316,0.06635390296154545,-1.8646512031555176,-0.038021540117507246,-0.35100507736206055,-0.007157238634113194,-0.36249795138128627,-0.869315477730991,-1.6978347168385708,0.06254030620989862,-0.49737916941782934,-1.9166942416565602,0.380801680692186,-0.46282866113546167,0.32736246262777036,-2.363130169197445,-0.6159067145561387,-0.4742584292621635,-0.9944081505674057,-0.7343332899147846
Qwen_2.5_7B_base,neutral_44,creative_requests,neutral,1,assistant_next,17,]:,5669,50.524024963378906,-1.8601059913635254,-0.036816266968274544,-2.7522594928741455,-0.0544742722866805,-1.3407931327819824,-0.026537733954367714,-1.58803129196167,-0.03143121105479453,3.9262442588806152,0.0777104409580681,1.1752517223358154,0.023261244985680923,-2.359602928161621,-0.046702592081132116,4.311424255371094,0.08533414070822987,-2.9393391609191895,-0.05817705859835389,0.8545761108398438,0.016914252406835403,-0.15680626253568905,-0.4337210819844216,-1.2618482126004766,-1.2022000404402091,-0.423310004108069,-0.48225934796287623,-0.7524943584044054,0.7406929145331836,-1.1262245290199997,0.96814715952621,-0.29526367226005534,-0.10509811112036978,-0.41408267411926675,-0.25959039261981826
Qwen_2.5_7B_base,neutral_44,creative_requests,neutral,1,user_next,17,]:,5669,47.54526901245117,-1.522660493850708,-0.03202548908603195,-0.8144460916519165,-0.017129908160549667,-0.08777166903018951,-0.0018460652521958354,-0.12554240226745605,-0.002640481479546976,4.344648361206055,0.09137919400704782,1.4142224788665771,0.02974475711760554,-0.3569517135620117,-0.007507617918168326,3.6292314529418945,0.07633212574717939,-2.44002628326416,-0.051320064728736,-0.9228572845458984,-0.019410075991035412,0.6197024117164825,2.155096218992091,0.863809080146093,0.3975198667435852,0.36048299744409673,0.09748127906823867,1.70191427339872,-0.035846541741299455,-0.45087062886848217,-3.943279487895227,1.3873993153542867,0.4974270347821091,2.198643694205688,1.3480353644938987
Qwen_2.5_7B_base,neutral_44,creative_requests,neutral,1,moderator_next,18,]:,5669,48.65018844604492,-2.3516788482666016,-0.04833853523249373,-2.658053398132324,-0.054636034988440295,-1.4481619596481323,-0.029766831453370505,-0.43819522857666016,-0.009007061279169285,3.582221508026123,0.07363222265827306,0.44516974687576294,0.009150421839978579,-1.6198457479476929,-0.033295775405765775,3.0470972061157227,0.06263279348845853,-2.4467132091522217,-0.05029195748883333,-0.9748362302780151,-0.020037666069046146,-1.2879832680835595,-0.30786666908210786,-1.443991405230483,0.055529610401407595,-1.0677650249738642,-2.2534308016668425,0.15413700871481226,-0.6984894337499217,-0.4599151411985779,-4.086908374263814,-0.7979249685828337,-1.5542273627099585,-0.4254000893756042,-0.9898137260427814
Qwen_2.5_7B_base,neutral_45,creative_requests,neutral,1,assistant_next,20,]:,5669,48.390689849853516,-1.5803245306015015,-0.03265761524592701,-2.3672218322753906,-0.048918951964115394,-1.3241827487945557,-0.027364411478803585,-1.2293431758880615,-0.025404539172771946,3.7844765186309814,0.07820670733096477,1.0310496091842651,0.0213067764147071,-1.9797544479370117,-0.04091188726756712,3.728611469268799,0.07705224870399499,-2.445802688598633,-0.05054283574355856,0.9095712900161743,0.01879641089718682,0.48700950261140147,0.0806690840949731,-1.2336699372240314,-0.8098548241471973,-0.688882358767012,-0.8320922091520238,-0.2869597801194015,0.07727764187401037,-0.4586836015476835,1.12011054065067,0.2838392933531873,0.4179259775255669,-0.025415408498290448,0.19625528451363825
Qwen_2.5_7B_base,neutral_45,creative_requests,neutral,1,user_next,20,]:,5669,46.077884674072266,-1.1203564405441284,-0.024314406975686233,-0.5338261127471924,-0.011585299900877892,-0.3243086338043213,-0.007038270877630103,0.0658719539642334,0.0014295785153804843,3.94928240776062,0.08570884787128383,0.8460874557495117,0.018362115833533473,-0.19668793678283691,-0.004268597358018737,3.013554096221924,0.06540131166042072,-2.1656947135925293,-0.04700074078728601,-0.5911290645599365,-0.01282891063123306,1.5454595765976091,2.5299898263590377,0.46254179245670274,0.6068953760841233,-0.3801528272053922,-1.2808085138831675,1.8983303014242587,-0.7366715257126834,-0.07981892200578514,-3.026643835853172,2.0377247014783233,1.4672321453098316,2.586561511018645,2.0268968281642383
Qwen_2.5_7B_base,neutral_45,creative_requests,neutral,1,moderator_next,21,]:,5669,48.42595291137695,-2.486056327819824,-0.051337272234363455,-2.4203996658325195,-0.049981456642929224,-1.5721323490142822,-0.032464665215600395,-0.18745887279510498,-0.0038710414875711063,3.742488384246826,0.07728269985922331,0.16701748967170715,0.003448925207055015,-1.3141076564788818,-0.02713643361616023,2.89143705368042,0.059708418313873184,-2.330007791519165,-0.04811485683685462,-0.6581186056137085,-0.013590204550401183,-1.5972043993960547,0.009626281184066353,-1.6542979082426197,0.32979353310535264,-0.7675383893738413,-2.9282253511867182,0.5288434005725139,-0.8756772459128302,-0.30206329620420397,-3.211750190827798,-0.7937890591059942,-1.9313716373948324,-0.09975149791273216,-1.0155615676537824
Qwen_2.5_7B_base,neutral_46,creative_requests,neutral,1,assistant_next,17,]:,5669,50.44551467895508,-1.5261836051940918,-0.030254099198055898,-2.7542505264282227,-0.05459852167148657,-1.4421149492263794,-0.028587575295926215,-1.6016000509262085,-0.03174910715291732,4.194841384887695,0.0831558843553182,1.1511390209197998,0.02281945239821358,-2.1656620502471924,-0.04293071572427957,4.255232810974121,0.08435304581696189,-2.909708023071289,-0.05768021283139301,0.9789446592330933,0.019405980203855283,0.6115952461485383,-0.43638099862467633,-1.4337331038572354,-1.21704200880271,0.07985080724943099,-0.5407565165757876,-0.5148043595955919,0.6767302436813,-1.0861464428999525,1.3118039200357452,0.087607123761931,0.7202106780520269,-0.42277554254874466,0.1487175677516411
Qwen_2.5_7B_base,neutral_46,creative_requests,neutral,1,user_next,17,]:,5669,48.72929000854492,-1.241552710533142,-0.025478571723811894,-0.9463437795639038,-0.019420430287368392,-0.0413479208946228,-0.0008485229496955987,-0.014419794082641602,-0.00029591635913663055,4.714287757873535,0.096744437627695,1.6732109785079956,0.034336863480149,-0.16387349367141724,-0.003362936206184847,3.867889404296875,0.07937504124559626,-2.2384469509124756,-0.04593637523797192,-0.2717278003692627,-0.00557627251128867,1.2665702281631923,1.9788878099626217,0.9425635002703319,0.5190695412088734,1.052925472543416,0.7257847474745744,1.9385470160639986,0.23581759062839466,-0.17822116520352696,-2.1440701854207043,1.622729019062907,1.320817815119556,2.038391733889579,1.6796047745045675
Qwen_2.5_7B_base,neutral_46,creative_requests,neutral,1,moderator_next,18,]:,5669,48.651885986328125,-2.3256888389587402,-0.0478026450940112,-2.9855563640594482,-0.06136568610923803,-1.4432830810546875,-0.02966551145540937,-0.4074286222457886,-0.008374364405118474,3.907489538192749,0.08031527368313758,0.30335375666618347,0.006235190075702928,-1.1739550828933716,-0.024129693209082783,2.8309192657470703,0.05818724615408741,-2.2533345222473145,-0.04631546088224686,-1.0381990671157837,-0.021339338569681194,-1.2281766687358162,-0.7453934937900503,-1.4357147522260494,0.08918316699989431,-0.45844306982017685,-2.597474952845469,0.7006115466530451,-0.9445645897390282,-0.1983575963165932,-4.261993373853177,-0.9867850812629333,-1.486829689135132,-0.8962271430522988,-1.1915284160937154
Qwen_2.5_7B_base,neutral_47,creative_requests,neutral,1,assistant_next,17,]:,5669,47.392208099365234,-0.7405036091804504,-0.015625007546132223,-2.0645854473114014,-0.04356381629196666,-0.9440621733665466,-0.019920198092208987,-0.7820532321929932,-0.016501725991608058,3.5476632118225098,0.0748575209744242,1.2862982749938965,0.027141556103420405,-1.8463971614837646,-0.03895993108429348,3.735714912414551,0.07882550871193922,-2.17795991897583,-0.04595607603700157,1.398613452911377,0.029511464204811124,2.4195533803886633,0.48497545786945956,-0.5888237820255077,-0.3205939263350242,-1.1325028001520114,-0.21286153961910723,-0.12351979985797017,0.08536348484748767,-0.09640842863071633,2.471438087883375,1.4522644191290615,2.5600779811610517,0.34924632437589065,1.454662152768471
Qwen_2.5_7B_base,neutral_47,creative_requests,neutral,1,user_next,17,]:,5669,45.23207092285156,-0.8135875463485718,-0.01798696212110734,-0.5275955200195312,-0.011664191120486288,-0.0069408118724823,-0.00015344890761956583,0.37405622005462646,0.008269712450102535,3.984729290008545,0.08809522112761438,1.360494613647461,0.030078096931885765,-0.10483330488204956,-0.002317676434953745,2.9583921432495117,0.0654047467403247,-1.6775705814361572,-0.03708807815360576,0.04579722881317139,0.0010124946277892907,2.251377151700381,2.538313572205017,1.0009325899715174,0.9439977698320242,-0.3137504710182695,-0.03286197599512336,2.0109054716610117,-0.7994623273976383,0.5804014551614893,-1.2666809715135188,2.394845361952699,2.2630203717534263,2.5810420390842994,2.422031205418863
Qwen_2.5_7B_base,neutral_47,creative_requests,neutral,1,moderator_next,18,]:,5669,48.06387710571289,-1.7783451080322266,-0.03699961832294323,-2.4811558723449707,-0.05162205010818945,-1.2883353233337402,-0.026804648332887156,-0.05182147026062012,-0.0010781791520197731,3.8269202709198,0.07962154743577543,0.3328207731246948,0.006924551100875207,-1.4275301694869995,-0.029700686990923642,2.988797187805176,0.06218385548114524,-2.0642292499542236,-0.042947622502739556,0.014194607734680176,0.0002953279799600894,0.03133681712967773,-0.07154083142952722,-1.172857458299037,0.47815832036776046,-0.6093728228454114,-2.5259882703475856,0.3898350735415965,-0.7648522923999337,0.05741987087420758,-1.3540057374913625,-0.020102007149924744,-0.12815779045400133,-0.21453245366577678,-0.17134512205988905
Qwen_2.5_7B_base,neutral_48,creative_requests,neutral,1,assistant_next,24,]:,5669,49.37556457519531,-1.7570518255233765,-0.035585452857911475,-3.085517644882202,-0.06249078205846514,-1.0300854444503784,-0.0208622514661404,-0.8779469728469849,-0.01778100119766604,4.518431186676025,0.09151148398100423,0.9336456060409546,0.01890906188260555,-2.233482837677002,-0.045234578214808537,4.23923397064209,0.0858569214775469,-2.2319984436035156,-0.045204514881128054,1.0190515518188477,0.020638782778208194,0.08033559972803232,-0.8789365341356774,-0.7347558341212118,-0.4254857494315982,0.6860289508329069,-1.068393331002364,-0.5979241384516869,0.6585187780542535,-0.1694991298702614,1.4226277976011794,-0.39930046720382256,0.049698556488480435,-0.9749423099115562,-0.46262187671153787
Qwen_2.5_7B_base,neutral_48,creative_requests,neutral,1,user_next,24,]:,5669,46.7529296875,-1.323279619216919,-0.028303672690926894,-1.1842124462127686,-0.025329160207245432,-0.02488526701927185,-0.0005322718209448433,0.4013078212738037,0.008583586610639687,4.821475505828857,0.10312670324738904,1.3729721307754517,0.02936654750734334,-0.21249628067016602,-0.004545090159921671,3.3312244415283203,0.07125167265013055,-1.454646348953247,-0.031113480132180158,-0.07675731182098389,-0.00164176474787859,1.0785053288519861,1.6611077186533163,0.9704911625494149,0.9738064947256999,1.2537194089139843,-0.0025916462334914193,1.8789559164046834,-0.3750676560436564,0.8819213169216591,-1.6053252426269542,1.369806523752651,0.9655113462662367,1.6249988478082482,1.2952550970372425
Qwen_2.5_7B_base,neutral_48,creative_requests,neutral,1,moderator_next,25,]:,5669,49.0881462097168,-2.4417264461517334,-0.04974167155793721,-3.2430195808410645,-0.06606522819146758,-1.3343183994293213,-0.027182089821212244,0.10412478446960449,0.002121179806317343,4.554333209991455,0.09277867594620925,0.2578441798686981,0.005252677067231741,-1.5835301876068115,-0.03225891197523687,3.0759339332580566,0.06266144009832639,-1.667067289352417,-0.033960689455052755,-0.566543459892273,-0.011541349666615196,-1.4951952219212914,-1.089350878721396,-1.2508643112326068,0.6487376183717651,0.7532839190796309,-2.7078807237084765,0.1986446214831429,-0.6656646130597801,0.5946078567798456,-2.9587085791953402,-1.2922730503213438,-1.7306966000633617,-1.2250215355829306,-1.4778590678231462
Qwen_2.5_7B_base,neutral_49,creative_requests,neutral,1,assistant_next,17,]:,5669,49.705223083496094,-1.6996837854385376,-0.03419527526480196,-2.994630813598633,-0.06024780954243332,-1.5604443550109863,-0.03139397146230915,-1.2306208610534668,-0.02475838120646272,4.166342258453369,0.0838210151769089,1.0350909233093262,0.02082459063850401,-2.0560202598571777,-0.041364269835454166,3.862459897994995,0.07770732446983966,-2.4772989749908447,-0.049839812021956226,1.095073938369751,0.022031365527325326,0.21234737964230313,-0.7575164835211886,-1.6344700996939183,-0.8112523994782753,0.02646362551429378,-0.8222880221506281,-0.38042960937559256,0.22963718846571096,-0.5012844252139329,1.6326938265595519,-0.27258455193944275,0.22453800379898103,-0.8180170663521429,-0.2967395312765809
Qwen_2.5_7B_base,neutral_49,creative_requests,neutral,1,user_next,17,]:,5669,48.70900344848633,-1.788630723953247,-0.03672074149176276,-1.575298547744751,-0.03234101369802721,-0.7352491021156311,-0.015094726848460693,-0.4548623561859131,-0.00933836301264029,4.887832164764404,0.1003476117086583,1.4420273303985596,0.029604944226042706,-0.37652045488357544,-0.007729997089383608,3.3932149410247803,0.0696629924817365,-2.5822110176086426,-0.05301301268336433,-0.5272412300109863,-0.01082430747261307,0.007668194962344489,1.1386371519935572,-0.23458800828520926,0.03729854142031649,1.378024798347312,0.16493556634452947,1.6779312217005384,-0.3045039259636097,-0.6431849455601025,-2.8501081558865713,0.5731526734779508,-0.09308409104108237,1.1344280499143327,0.5206719794366251
Qwen_2.5_7B_base,neutral_49,creative_requests,neutral,1,moderator_next,18,]:,5669,51.0276985168457,-2.260699510574341,-0.04430337985609951,-3.146998882293701,-0.06167236567125964,-1.7290637493133545,-0.033884807654857116,-0.3931170701980591,-0.007703993745049659,4.371350288391113,0.08566622472593008,0.5848299860954285,0.01146103005022575,-1.4898402690887451,-0.029196697330899732,3.244798421859741,0.06358896278241004,-2.220205545425415,-0.043509811532896424,-0.2741093635559082,-0.0053717759476339475,-1.0786272523226006,-0.9610722500905492,-1.9205203035939673,0.10483762760795867,0.4105035004441505,-1.9146164804839834,0.3134690817023171,-0.473446316859814,-0.15354845017605076,-2.150650951219172,-1.019849751206575,-1.0467351262377051,-0.9176833867739459,-0.9822092565058256
Qwen_2.5_7B_base,neutral_50,creative_requests,neutral,1,assistant_next,17,]:,5669,50.4227294921875,-1.8336317539215088,-0.03636518237684082,-2.7144718170166016,-0.053834289503054016,-0.9538314342498779,-0.018916695780970456,-1.378429651260376,-0.027337465963121848,3.939025640487671,0.07812003991370566,1.0751392841339111,0.021322512584339436,-2.3214340209960938,-0.046039435872978214,4.239725589752197,0.08408361928144133,-2.9793894290924072,-0.05908822190107804,0.3982323408126831,0.007897873534878457,-0.09588538740338218,-0.3832387244148015,-0.6053966031958803,-0.9729306630308857,-0.39936674590840227,-0.7251311057434756,-0.7057153214305146,0.6590783876471685,-1.180395182378522,-0.2928277711320191,-0.23956205590909185,-0.04836623668399137,-0.36930751371199894,-0.20883687519799515
Qwen_2.5_7B_base,neutral_50,creative_requests,neutral,1,user_next,17,]:,5669,50.2661018371582,-1.7901341915130615,-0.03561314934092902,-1.0701541900634766,-0.021289778816156114,-0.3523402810096741,-0.0070095007993879015,-0.4956247806549072,-0.009860020223182029,3.9712977409362793,0.07900548472610179,0.7624744176864624,0.015168759657483894,-1.0231328010559082,-0.020354329531469217,4.2104411125183105,0.08376303231466871,-3.0065956115722656,-0.059813582149505384,-0.6416051387786865,-0.012764171386458953,0.004208508552961224,1.8134835803602585,0.4149881973799306,-0.007288779787819264,-0.3389116826419974,-1.4836528945863305,0.8854562703430482,0.6257438934286591,-1.2171933549638092,-3.1661199684715697,0.9088460444566099,0.04621523334528367,1.9076063715720664,0.976910802458675
Qwen_2.5_7B_base,neutral_50,creative_requests,neutral,1,moderator_next,18,]:,5669,49.77326583862305,-2.967405319213867,-0.059618457202203934,-2.8549509048461914,-0.057359123552443436,-1.4640600681304932,-0.029414587197820807,-0.5338230133056641,-0.010725095175318559,3.4742207527160645,0.06980094020714508,-0.016148388385772705,-0.0003244389957880136,-1.8129124641418457,-0.03642341794528303,2.9799036979675293,0.05986956346463375,-2.726428747177124,-0.054776971155898524,-1.50275456905365,-0.030192002548636115,-2.704854878999242,-0.5709114346815704,-1.470961358430822,-0.0490713010919163,-1.27008196140899,-3.372583910105533,-0.08248163525387943,-0.7749757439202616,-0.8382490236036938,-5.545659066951463,-1.6378831568404062,-2.9728772766956935,-0.615915725695592,-1.7943965011956426
Qwen_2.5_7B_base,neutral_51,creative_requests,neutral,1,assistant_next,18,]:,5669,49.025962829589844,-1.6840089559555054,-0.03434932959519796,-3.008681297302246,-0.06136914246355898,-1.3791699409484863,-0.02813141978959936,-1.1490099430084229,-0.023436764454831525,4.237990856170654,0.08644380674177796,0.7101835012435913,0.014485865452803648,-2.3985092639923096,-0.04892324649144225,3.910122871398926,0.07975616684959735,-2.861677646636963,-0.05837065671884743,0.8720961809158325,0.017788455964590968,0.24841732619874188,-0.7762871945071177,-1.3269516003008044,-0.7219836117560663,0.16068236082237763,-1.610510126520144,-0.8001771729646856,0.2838919084212982,-1.0211821619805277,1.0165588408073687,-0.2639349341541879,0.20516294401113178,-0.8964689602122351,-0.34565300810055166
Qwen_2.5_7B_base,neutral_51,creative_requests,neutral,1,user_next,18,]:,5669,47.22303009033203,-1.5490572452545166,-0.032803004006548384,-1.3527185916900635,-0.028645315412892267,-0.23876260221004486,-0.005056062725185581,0.017568349838256836,0.00037202927903293533,4.5796613693237305,0.09697940518775233,1.0307912826538086,0.021828147848243277,-0.5263587236404419,-0.0111462293426233,3.271408796310425,0.06927570700254959,-2.531053066253662,-0.053597853873672635,-0.9049774408340454,-0.019163900306755653,0.5589598426550684,1.435992325985816,0.6076642434157092,0.5540592570178058,0.8007309539354089,-0.8327189066899142,1.4942924844455259,-0.4431557514454437,-0.5739904113962596,-3.893873675510866,0.9974760843204422,0.3996407665725248,1.3929904484152866,0.8963156074939057
Qwen_2.5_7B_base,neutral_51,creative_requests,neutral,1,moderator_next,19,]:,5669,48.894691467285156,-2.3006529808044434,-0.04705322626575489,-3.0479021072387695,-0.062336053583201025,-1.3691831827163696,-0.028002696031581946,-0.01882755756378174,-0.0003850634291532247,4.303496360778809,0.08801561543052636,0.27251964807510376,0.005573604002746256,-1.6217292547225952,-0.03316779809946596,3.2061636447906494,0.06557283722581325,-2.39658784866333,-0.04901529750457384,-0.4351149797439575,-0.008899022914074172,-1.1705657029133427,-0.8286841442123588,-1.310009811128707,0.5142481801464917,0.2833932897775615,-2.6722781869651926,0.15182862108711234,-0.5174242490099148,-0.3921172549080064,-2.5955437251387705,-0.9996249235628507,-1.3925770020066215,-0.9641170307372245,-1.178347016371923
Qwen_2.5_7B_base,neutral_52,creative_requests,neutral,1,assistant_next,12,]:,5669,51.3905143737793,-2.2268872261047363,-0.04333265103960409,-2.722033977508545,-0.05296763441031821,-1.0817214250564575,-0.0210490484136578,-1.542479157447815,-0.03001486122962073,4.099515438079834,0.07977183120337686,1.4841954708099365,0.028880728066174203,-2.2303669452667236,-0.04340036235178669,4.333006858825684,0.08431530432465355,-3.3155786991119385,-0.06451732852869883,0.5274007320404053,0.01026260854687024,-1.00082051795972,-0.39334137511478956,-0.8223524171955259,-1.1523735720751986,-0.09872251351648473,0.26723504648900004,-0.594105364033154,0.7652603727237944,-1.6351135460688062,0.06409197636868155,-0.6970809465372548,-0.9246487894950692,-0.30867366263379736,-0.6166612260644333
Qwen_2.5_7B_base,neutral_52,creative_requests,neutral,1,user_next,12,]:,5669,49.57671356201172,-1.9572746753692627,-0.03947971809226639,-0.8349382877349854,-0.01684133997084387,-0.17210981249809265,-0.0034715857533156903,-0.39794647693634033,-0.008026882952589819,4.2161993980407715,0.08504394694833997,1.5582280158996582,0.03143064362163882,-0.4885746240615845,-0.009854921574227866,3.8635544776916504,0.0779308308296601,-3.0016698837280273,-0.06054596337801755,-1.0620769262313843,-0.02142289897661154,-0.380404818605495,2.1277197173529796,0.7207357211451442,0.09955505886261155,0.11986059956121728,0.44683724859149726,1.5405999090610485,0.23088314755449507,-1.210530980209298,-4.327972978967035,0.8736574493737423,-0.44007424997156075,2.2188328107148796,0.8893792803716594
Qwen_2.5_7B_base,neutral_52,creative_requests,neutral,1,moderator_next,13,]:,5669,49.82069778442383,-2.9037108421325684,-0.058283223063174315,-2.7921671867370605,-0.056044321153808016,-1.2774784564971924,-0.025641520759602632,-0.4639383554458618,-0.009312160930650586,3.603114604949951,0.07232164070725733,0.6610386371612549,0.013268353647345441,-1.4727249145507812,-0.029560503566676673,2.9681010246276855,0.05957566145441757,-2.638218879699707,-0.052954273966924086,-1.4072433710098267,-0.028246159399433254,-2.55828509418916,-0.48703567267164977,-1.1544395948903878,0.027370905869689433,-1.0286261564526606,-1.7297350673960585,0.3344453124149367,-0.7884107164167045,-0.7189393067934648,-5.281741305297291,-1.5226603834304049,-2.804947941584003,-0.523928113202066,-1.6644380273930346
Qwen_2.5_7B_base,neutral_53,creative_requests,neutral,1,assistant_next,17,]:,5669,49.322872161865234,-1.5805647373199463,-0.032045269629330006,-2.2429304122924805,-0.04547444854654344,-0.9926384687423706,-0.020125317631235696,-0.8718020915985107,-0.017675412103688448,4.390030860900879,0.08900598583338586,1.037808895111084,0.021041128580372544,-1.9499883651733398,-0.03953517465029144,3.8129994869232178,0.07730692313314429,-2.7279725074768066,-0.05530846821986134,0.7110240459442139,0.014415706441644601,0.48645675379163406,0.24671591719652372,-0.6712298377135414,-0.41876427008926986,0.44549766497735,-0.8156942501783612,-0.2504790739747077,0.1733364468219635,-0.8403370621581692,0.5714822613358855,0.3665863354940789,0.49493928122107095,0.21557262585355005,0.3552559535373105
Qwen_2.5_7B_base,neutral_53,creative_requests,neutral,1,user_next,17,]:,5669,48.31361770629883,-1.6509485244750977,-0.034171494556903305,-0.6771624088287354,-0.014015973983675645,-0.2517133355140686,-0.0052099873175353575,0.21800470352172852,0.004512282744939351,4.599188804626465,0.0951944611679711,1.0282902717590332,0.02128365294460181,-0.5512875318527222,-0.011410603428706784,3.3613593578338623,0.06957374581774756,-2.3882458209991455,-0.04943214634675931,-0.5497074127197266,-0.011377897967844771,0.3244939430398987,2.338500035381358,0.5856942919899075,0.7733033329012289,0.8373115396502238,-0.8387863337065002,1.4637402436905034,-0.34076510779123437,-0.38083410726591566,-2.912186998732662,1.3314969892106283,0.22752884888687636,2.4165040895699814,1.3220164692284289
Qwen_2.5_7B_base,neutral_53,creative_requests,neutral,1,moderator_next,18,]:,5669,49.850555419921875,-2.4330697059631348,-0.0488072737699288,-2.427975654602051,-0.04870508731848059,-1.1872705221176147,-0.023816595665113564,0.22340083122253418,0.004481411076380025,4.332903861999512,0.08691786531766393,0.3005557060241699,0.006029134550104898,-1.39711332321167,-0.028026033239608377,2.7968740463256836,0.05610517320751783,-2.2493832111358643,-0.04512253057539533,-0.9489074945449829,-0.019035043572769687,-1.4752748676811553,-0.0004948433711647804,-1.001408574173941,0.7792058002399651,0.3384821226112219,-2.6042629952704712,0.42711334222170894,-0.9833182325275314,-0.1930131850481268,-4.01526176070082,-0.73788485552616,-1.6131795334430286,-0.01045278128591443,-0.8118161573644715
Qwen_2.5_7B_base,neutral_54,creative_requests,neutral,1,assistant_next,21,]:,5669,48.33717346191406,-1.3829923868179321,-0.028611362389810043,-2.456324338912964,-0.05081646614790906,-0.7489866018295288,-0.0154950434249051,-0.5097661018371582,-0.010546046972291714,4.095461845397949,0.08472696171663523,1.076701045036316,0.022274803591580974,-1.8999214172363281,-0.039305596110896276,3.7275190353393555,0.07711495663428378,-2.221639633178711,-0.0459613062590263,0.9302732944488525,0.019245504604894527,0.9410980072325014,-0.038367202163670046,-0.25789265014147594,-0.022757036106577852,-0.10631607571519643,-0.7213422896641479,-0.18911804001692606,0.07603412531012257,-0.15548814931198424,1.177314583564259,0.45136540253441565,0.9268139185688631,-0.15817132651375576,0.38432129602755366
Qwen_2.5_7B_base,neutral_54,creative_requests,neutral,1,user_next,21,]:,5669,46.30141067504883,-1.0294997692108154,-0.02223473873044646,-0.7143722772598267,-0.015428736767296633,0.33479544520378113,0.007230782827621225,0.5852005481719971,0.012638935609954393,4.191324234008789,0.09052260336999697,1.1411855220794678,0.024646884521262253,-0.22457826137542725,-0.00485035462421557,3.31522536277771,0.07160095803656016,-1.7878353595733643,-0.03861297816865013,-0.4418604373931885,-0.00954313121244275,1.7545333201324933,2.288789598297627,1.5806626170015803,1.174954591014391,0.07326215711677632,-0.5649036036194893,1.864148486375885,-0.39327939306235793,0.43126100375948556,-2.614182859822237,2.02166145921506,1.7287872504914736,2.317662867786481,2.0232250591389773
Qwen_2.5_7B_base,neutral_54,creative_requests,neutral,1,moderator_next,22,]:,5669,48.686832427978516,-2.352797031402588,-0.04832512024443231,-2.912351608276367,-0.059818054760176737,-1.2226762771606445,-0.025113079167130573,0.13679170608520508,0.002809624271358347,3.985460042953491,0.08185909504071978,0.28235816955566406,0.005799477096263163,-1.61406409740448,-0.03315196361957073,3.1148722171783447,0.06397771351804647,-2.080456256866455,-0.04273139477586745,-0.4235588312149048,-0.008699658821334642,-1.2905563618450577,-0.6475957707660123,-1.061471792234923,0.6844698042250301,-0.3123815574705074,-2.648410033827949,0.16122288212895447,-0.6213411993326761,0.03547176399294947,-2.5636116280067527,-0.969076066305535,-1.5525401904307035,-0.7879501023593125,-1.170245146395008
Qwen_2.5_7B_base,neutral_55,creative_requests,neutral,1,assistant_next,17,]:,5669,51.19704818725586,-1.8878068923950195,-0.03687335421156056,-2.760498046875,-0.05391908605313211,-1.1583154201507568,-0.022624652419689473,-1.34492027759552,-0.026269488675917493,4.409527778625488,0.08612855496077453,1.1168065071105957,0.021813884719013837,-2.2444534301757812,-0.04383950851944777,4.405673503875732,0.08605327181679992,-3.113626003265381,-0.06081651410599166,0.906946063041687,0.017714811598600073,-0.2205498599287439,-0.44472735901759164,-0.9522884070909419,-0.936276974577814,0.4820210823612958,-0.6240468462054728,-0.6113694736796597,0.84797674972971,-1.361959083426815,1.112856479963221,-0.33263860947316776,-0.11227784277054063,-0.3752401406964545,-0.24375899173349758
Qwen_2.5_7B_base,neutral_55,creative_requests,neutral,1,user_next,17,]:,5669,49.439598083496094,-1.7471598386764526,-0.03533928078714881,-1.2941707372665405,-0.02617680538342726,-0.2690958082675934,-0.00544292062838235,-0.21952307224273682,-0.004440227686964508,4.484372138977051,0.0907040573307982,1.2585405111312866,0.025456123429761703,-0.8106101155281067,-0.016395968959114663,3.8749399185180664,0.0783772536332895,-2.69989013671875,-0.05460987227604559,-1.0678781270980835,-0.021599652272548755,0.10309842705523048,1.5142091957685677,0.5562062257090112,0.29472062518397135,0.6222264138175699,-0.2802015926879837,1.145919754953225,0.2438431846544291,-0.8023537866095309,-4.3440029312553845,0.8086538114118991,0.08065905319678467,1.5656949888561005,0.8231770210264425
Qwen_2.5_7B_base,neutral_55,creative_requests,neutral,1,moderator_next,18,]:,5669,49.36581039428711,-2.5283331871032715,-0.05121628039546707,-2.723595142364502,-0.055171689082201145,-1.31229829788208,-0.02658314099172464,-0.27706682682037354,-0.0056125246320768854,3.9736104011535645,0.08049316661503471,0.45759186148643494,0.009269408479910016,-1.4280166625976562,-0.02892724035505582,2.8551478385925293,0.05783654346577775,-2.4509663581848145,-0.049649065590310945,-0.924404501914978,-0.0187256016771874,-1.6944892889432575,-0.3954270096687817,-1.213508854207343,0.2317773164309105,-0.3345793950683294,-2.2232948778492507,0.38923883747142923,-0.9169852269595857,-0.4656678083450313,-3.9475547786800056,-1.0449581493060196,-1.9161547713292473,-0.46287609433162114,-1.1895154328304343
Qwen_2.5_7B_base,neutral_56,creative_requests,neutral,1,assistant_next,17,]:,5669,50.915428161621094,-1.8013650178909302,-0.035379551600211404,-3.0774688720703125,-0.06044275739568541,-1.5560846328735352,-0.030562143716714864,-1.5902140140533447,-0.031232458833607774,4.222598075866699,0.08293356706071263,1.093562364578247,0.021478015683319928,-2.0401148796081543,-0.04006869731375346,4.197024345397949,0.08243128845102342,-2.731095314025879,-0.053639837916251036,1.0426559448242188,0.020478192612158948,-0.02163517336223119,-0.868183794839981,-1.6270741568278848,-1.2045875758303972,0.1318471906851453,-0.6804368997925097,-0.360936298563046,0.6104715994268648,-0.8445608658626507,1.4878517576684023,-0.4449094841011061,0.07559428540488045,-0.8316562166913951,-0.37803096564325733
Qwen_2.5_7B_base,neutral_56,creative_requests,neutral,1,user_next,17,]:,5669,48.780677795410156,-1.8584791421890259,-0.038098674027934334,-1.5812535285949707,-0.03241557108383913,-0.7847147583961487,-0.01608658989297569,-0.5741463899612427,-0.011769955152514607,4.883044719696045,0.10010202687580322,1.3386934995651245,0.027443109855498648,-0.26491761207580566,-0.005430789895681444,3.6244924068450928,0.0743018049492155,-2.669121265411377,-0.054716772829723134,-0.7619332075119019,-0.015619569918800785,-0.15306265799803812,1.1306816091934562,-0.318502798298739,-0.09317837692364225,1.3690565164422344,-0.0857512572258317,1.8147093979122768,-0.041240993670674776,-0.7607368402606103,-3.4986120240069702,0.48880947559770904,-0.26638350562632135,1.1292117862980544,0.43141414033586656
Qwen_2.5_7B_base,neutral_56,creative_requests,neutral,1,moderator_next,18,]:,5669,50.72785949707031,-2.4560623168945312,-0.048416439038520366,-3.093505382537842,-0.060982375625695404,-1.686902642250061,-0.033253968509108583,-0.5519648790359497,-0.010880902220363297,4.3458757400512695,0.08567039459455719,0.5327755808830261,0.01050262294063079,-1.3255279064178467,-0.026130176190351576,3.269055128097534,0.06444299366280834,-2.362499237060547,-0.04657202689967607,-0.5999562740325928,-0.011826958203652217,-1.5281840395727038,-0.8896077336565078,-1.8489971355621775,-0.06891548860452125,0.3627822362512352,-2.0408999385759996,0.5148469743235484,-0.445834929865064,-0.3460101388552225,-3.051035293749104,-1.2088958866146058,-1.5640251457101977,-0.8694095647900291,-1.2167173552501134
Qwen_2.5_7B_base,neutral_57,creative_requests,neutral,1,assistant_next,20,]:,5669,50.40959548950195,-1.7140012979507446,-0.034001488829794195,-2.9386415481567383,-0.05829528127772271,-1.0333194732666016,-0.02049846786574186,-0.8024972677230835,-0.015919533968293945,4.449357986450195,0.08826410811760622,1.0873174667358398,0.021569652685712964,-1.5312106609344482,-0.03037538083901765,3.99019718170166,0.07915550884618065,-1.8935279846191406,-0.03756284822824014,0.8640326261520386,0.01714024121324238,0.17940080681384074,-0.6827177547305209,-0.7402421223748654,-0.34295630518871684,0.5566346866970666,-0.6955869585003683,0.2627663701632674,0.3750404241526599,0.28830469372569395,0.9942775233511695,-0.25165847395834007,0.2489100792524812,-0.6814121943323894,-0.2162510575399541
Qwen_2.5_7B_base,neutral_57,creative_requests,neutral,1,user_next,20,]:,5669,48.24860763549805,-1.1840333938598633,-0.024540260369891626,-1.2699331045150757,-0.02632061663020396,-0.19841180741786957,-0.004112280481061834,-0.16842436790466309,-0.0034907612086353323,4.393460750579834,0.09105880907011758,1.4132438898086548,0.029290874059729053,-0.058577537536621094,-0.0012140772637244711,2.983726739883423,0.06184068071817682,-1.7834751605987549,-0.036964282452921916,-0.5602753162384033,-0.01161225875099017,1.3989301163912522,1.5465894048032103,0.6761163519384872,0.3506141195803677,0.4519228494139261,0.09510723195769746,2.0675956001345286,-0.7706239787299646,0.4371584630775157,-2.9413883646368646,1.4727597605972313,1.4388270819482898,1.5556335125046459,1.497230297226468
Qwen_2.5_7B_base,neutral_57,creative_requests,neutral,1,moderator_next,21,]:,5669,50.226829528808594,-1.8660211563110352,-0.037151880256362624,-2.867797374725342,-0.05709692213561797,-1.0065693855285645,-0.02004047229282562,0.18724751472473145,0.003728037713734886,4.53221321105957,0.09023490539971331,0.9041915535926819,0.018002162630513338,-0.7709857821464539,-0.015350078620913941,2.810980796813965,0.0559657223675978,-1.3943300247192383,-0.02776066173795606,-0.16802680492401123,-0.0033453595717730126,-0.17041787367060798,-0.588073646202371,-0.694862597181646,0.7396600775204278,0.7118467050064587,-1.139848562943143,1.1944825327212036,-0.967260531075739,0.9635031599647392,-1.8575222710425099,-0.3792457599364895,-0.14730742458522667,-0.5975713095679466,-0.37243936707658665
Qwen_2.5_7B_base,neutral_58,creative_requests,neutral,1,assistant_next,17,]:,5669,50.482521057128906,-1.5294139385223389,-0.030295910475460736,-2.6205689907073975,-0.05191042237652537,-1.3665640354156494,-0.027070043389258776,-1.692007303237915,-0.03351669583464627,3.835603713989258,0.07597884641396314,1.3022021055221558,0.02579510845047753,-2.2887232303619385,-0.04533694400427998,4.1396589279174805,0.08200182639913735,-2.7670130729675293,-0.054811309241791215,0.6233477592468262,0.01234779377482773,0.6041618032115363,-0.25778946226885274,-1.3055666234247363,-1.3159325250288296,-0.5931061995752503,-0.17427900836506754,-0.6656256411605396,0.5451725960650327,-0.8931420254351157,0.32921402672838934,0.1731861704713418,0.7149521695930778,-0.23470786291441711,0.24012215333933035
Qwen_2.5_7B_base,neutral_58,creative_requests,neutral,1,user_next,17,]:,5669,48.71039581298828,-1.3939499855041504,-0.028617094200094007,-0.8873722553253174,-0.018217307425137077,-0.4337156116962433,-0.008903964019536793,-0.3954286575317383,-0.00811795204969983,4.220520973205566,0.08664517918124152,1.5947413444519043,0.0327392401115878,-0.6561610698699951,-0.013470657729597723,3.715329647064209,0.0762738545859556,-2.3509092330932617,-0.048262987681705685,-0.5394909381866455,-0.011075478430885468,0.91588305995498,2.0576706804482514,0.27694102889357025,0.10230913504918532,0.12795617116537256,0.5354182126273515,1.335209366680654,0.06215895554902973,-0.3303338870853144,-2.883956705887519,1.4867768702016158,0.9260930419361911,2.122565903139573,1.5243294725378822
Qwen_2.5_7B_base,neutral_58,creative_requests,neutral,1,moderator_next,18,]:,5669,48.541439056396484,-2.3416085243225098,-0.04823937175826161,-2.7133231163024902,-0.055897047327956084,-1.6527470350265503,-0.034048167239260324,-0.7935829162597656,-0.01634856591988886,3.42399001121521,0.07053746402609005,0.49732810258865356,0.010245433844902025,-1.7968311309814453,-0.03701643721138651,2.9274330139160156,0.060307915686530454,-2.273834705352783,-0.04684316636577241,-1.0924535989761353,-0.022505587395274772,-1.264810062476276,-0.38170412037064544,-1.7910546998712078,-0.33320548547583395,-1.3641788008814741,-2.1268951607169395,-0.06277268012877052,-0.8347030766019068,-0.22608545841203842,-4.411910188859613,-0.8232570914234607,-1.541755800001663,-0.5136243841877541,-1.0276900920947085
Qwen_2.5_7B_base,neutral_59,creative_requests,neutral,1,assistant_next,19,]:,5669,48.40536880493164,-1.2614152431488037,-0.026059407753552494,-2.980482339859009,-0.0615733835614398,-1.319676160812378,-0.02726301221111503,-1.2560184001922607,-0.025947915101192143,3.5488686561584473,0.07331559997941553,0.6852582097053528,0.01415665713584104,-2.2926549911499023,-0.04736365092866149,3.9418134689331055,0.08143339398607176,-2.5370426177978516,-0.052412422019174294,0.9226729869842529,0.01906137706960822,1.220863798584614,-0.7386148629748304,-1.2260248474256192,-0.8390330884394771,-1.1302446510826851,-1.6709786305123955,-0.6704443272831218,0.3199652872235605,-0.5820916785106272,1.156313316958638,0.24112446780489183,1.2477673998911527,-0.9107582944776824,0.16850455270673514
Qwen_2.5_7B_base,neutral_59,creative_requests,neutral,1,user_next,19,]:,5669,46.44782257080078,-1.1354411840438843,-0.024445520181556893,-1.3015027046203613,-0.028020747423336594,-0.46294450759887695,-0.009966979763006263,-0.25216424465179443,-0.005428978813106222,3.8345837593078613,0.08255680346398962,0.8853435516357422,0.019061034568115785,-0.5095982551574707,-0.010971413232142069,3.196465015411377,0.06881840393140023,-2.4471540451049805,-0.05268608752056707,-1.191317081451416,-0.025648502244329796,1.5107474993502765,1.5044140710554275,0.2273563908552622,0.2590166046853913,-0.5950168723835134,-1.1855736241658257,1.5148337740209517,-0.5284641901496772,-0.4605114011657169,-4.685091025647368,1.507580785202852,1.4507423381347218,1.4366871425031098,1.443714740318916
Qwen_2.5_7B_base,neutral_59,creative_requests,neutral,1,moderator_next,20,]:,5669,48.73316192626953,-1.88168466091156,-0.03861199615486557,-3.177245616912842,-0.06519678779964722,-1.5178724527359009,-0.031146603108420393,-0.3663506507873535,-0.007517481655338124,3.8721117973327637,0.07945537790449644,0.3262007534503937,0.006693609455177906,-1.5938727855682373,-0.03270612294723817,3.1798133850097656,0.06524947816479958,-2.142453193664551,-0.043962942460125186,-0.40585505962371826,-0.008328108490841485,-0.20646176010899317,-1.001480304772537,-1.5622500482782187,0.13411564419808075,-0.5247159040076744,-2.5420483708078008,0.1859689435983805,-0.5474187261285186,-0.04838321940078663,-2.5146923403538133,-0.603971032440765,-0.3309428521513645,-1.164262779499577,-0.7476028158254707
Qwen_2.5_7B_base,neutral_60,creative_requests,neutral,1,assistant_next,23,]:,5669,49.323814392089844,-1.022020697593689,-0.020720633839656822,-2.578786849975586,-0.052282794462651105,-1.3109257221221924,-0.026577946946707107,-1.1775426864624023,-0.023873714978767887,3.9170584678649902,0.07941515708268451,1.026749849319458,0.020816513523417197,-2.113370180130005,-0.04284685209724839,4.1971306800842285,0.08509339214359972,-2.132636308670044,-0.04323745709764205,1.3404459953308105,0.02717644634446156,1.7717436964120918,-0.2019707086519535,-1.2111803819837974,-0.7531936934404767,-0.4405176716996444,-0.842523382891835,-0.4507165062274691,0.6105926401050608,-0.03510522905630443,2.3107090265775643,0.7848864938800691,1.9192127497858882,-0.2607601573105107,0.8292262962376887
Qwen_2.5_7B_base,neutral_60,creative_requests,neutral,1,user_next,23,]:,5669,46.92194747924805,-0.8228600025177002,-0.01753678282176209,-1.0161293745040894,-0.02165573743403315,-0.36246511340141296,-0.00772485228925587,-0.04542362689971924,-0.0009680678092018354,4.352184295654297,0.09275370118810855,1.354839563369751,0.028874325047334184,-0.25079840421676636,-0.005345012679358328,3.5275962352752686,0.07518009001726542,-1.7645175457000732,-0.03760537745114817,-0.17548537254333496,-0.0037399422225802984,2.230039949989228,1.8856579069048025,0.3978121757123563,0.48515649824083595,0.3746000021480656,-0.04658107050478999,1.8320136121413018,-0.1515378190226535,0.46279989900346974,-1.8781318802983273,2.057848928447015,2.319638389680257,1.8820027831051778,2.100820586392717
Qwen_2.5_7B_base,neutral_60,creative_requests,neutral,1,moderator_next,24,]:,5669,49.252784729003906,-1.6662472486495972,-0.033830518575092464,-2.766061782836914,-0.05616051555371324,-1.4600809812545776,-0.02964463815169353,-0.23486268520355225,-0.004768515861505119,4.171303749084473,0.08469173412296588,0.570004940032959,0.011573049994415753,-1.4618797302246094,-0.029681158908437106,3.4086902141571045,0.06920807083116663,-1.8611204624176025,-0.03778711138177795,-0.09504926204681396,-0.0019298251371935421,0.28928946671987005,-0.4521602191202123,-1.4642111348465139,0.27794163671107996,0.03575794555635885,-1.9505818915861357,0.3477369499350398,-0.28688843641126816,0.33213802447382834,-1.6558697929913584,-0.08143537620017113,0.2704126160411255,-0.532057430157597,-0.13082240705823575
Qwen_2.5_7B_base,neutral_61,task_assistance,neutral,1,assistant_next,18,]:,5669,50.698543548583984,-1.2954645156860352,-0.02555230239394555,-2.6198182106018066,-0.0516744274535472,-0.8976715803146362,-0.017706062491803246,-0.7281081676483154,-0.014361520404438749,4.233705043792725,0.08350742935515694,1.3146463632583618,0.025930653451583817,-2.1956143379211426,-0.04330724680122426,4.193985939025879,0.08272399255427955,-2.2587809562683105,-0.04455317250097609,0.5521725416183472,0.010891290024716487,1.1425117219618337,-0.25678645933505295,-0.5101256070234831,-0.26158698668950037,0.15265378335595947,-0.14408936554993834,-0.551513274694366,0.6070129841736596,-0.20572426083218157,0.13254175681153715,0.4428626313133904,1.311544877848882,-0.2181969335550808,0.5466739721469006
Qwen_2.5_7B_base,neutral_61,task_assistance,neutral,1,user_next,18,]:,5669,49.6423225402832,-1.198601245880127,-0.02414474554262644,-1.0713236331939697,-0.021580852352841143,0.46118488907814026,0.00929015536498928,0.7747296690940857,0.015606233339816375,4.444070339202881,0.08952180542311766,1.6831624507904053,0.03390579579399355,-0.5566850900650024,-0.011213921137820854,3.5261645317077637,0.0710314173726741,-1.3956540822982788,-0.028114197944017403,-0.9771509170532227,-0.019683827569918693,1.3654074777952903,1.8119212655332377,1.7950728652452872,1.382267966087964,0.5467293801188389,0.7499269181093495,1.4571251060318327,-0.15316752591181682,0.9617122839628429,-4.093304346308505,1.5886643716642639,1.4885700746025425,1.887241973296332,1.6879060239494372
Qwen_2.5_7B_base,neutral_61,task_assistance,neutral,1,moderator_next,19,]:,5669,50.7874870300293,-1.8823543787002563,-0.037063349434620974,-2.7992196083068848,-0.05511632435469351,-1.0547301769256592,-0.020767520478066282,0.24019396305084229,0.004729392555076055,4.264860153198242,0.08397462451088678,0.6002539992332458,0.011818934826964987,-1.3401175737380981,-0.026386766743267336,2.7340753078460693,0.05383364028681874,-1.7300121784210205,-0.0340637483677448,-0.8643059730529785,-0.017018088974198257,-0.20800287319557065,-0.4964573388456093,-0.7765637814144801,0.7975746969057875,0.21101639638704117,-1.8771979813434687,0.49696617453928826,-1.0548019803185296,0.5094707048467128,-3.7814897565588295,-0.35223010602058996,-0.13617310619311945,-0.459002608015299,-0.2975878571042092
Qwen_2.5_7B_base,neutral_62,task_assistance,neutral,1,assistant_next,25,]:,5669,51.051143646240234,-1.3887989521026611,-0.02720407130790971,-2.8437716960906982,-0.055704368070511066,-0.9454207420349121,-0.018519090357430993,-0.7177742719650269,-0.014059905825790229,3.937358856201172,0.07712577182374536,1.100865364074707,0.021563970666419782,-1.9726994037628174,-0.03864162999819693,4.101987838745117,0.08035055722100785,-2.164156436920166,-0.04239192861019382,0.32972490787506104,0.006458717363119137,0.9277362989138644,-0.5559765967765403,-0.591128492264837,-0.25028342140445137,-0.40248911935453763,-0.6627198972238686,-0.2783132613483548,0.5022916289850399,-0.07773830042223688,-0.48212838433629207,0.18587985106866206,1.1038056901123048,-0.5001439517761707,0.30183086916806706
Qwen_2.5_7B_base,neutral_62,task_assistance,neutral,1,user_next,25,]:,5669,47.5034294128418,-0.8301072120666504,-0.017474679666858832,-0.5635814666748047,-0.011864016422411167,0.5009746551513672,0.010546073438140798,0.5997916460037231,0.01262628095313007,4.101754188537598,0.08634648570085665,1.5805048942565918,0.03327138511455191,-0.040251970291137695,-0.0008473487238430035,3.5660338401794434,0.07506897679297703,-1.5029194355010986,-0.03163812495387561,-0.5573892593383789,-0.011733663573933413,2.213363120337147,2.4902382305676696,1.8625732304640819,1.1909148282740114,-0.09452868049414015,0.5008807291178774,2.090055042948187,-0.1077843277713601,0.8166287544194611,-2.9334135753696255,2.3518006754524086,2.327448961029804,2.5670616474612347,2.4472553042455196
Qwen_2.5_7B_base,neutral_62,task_assistance,neutral,1,moderator_next,26,]:,5669,51.51447677612305,-2.001697540283203,-0.03885699060833691,-3.03147554397583,-0.05884706074275646,-1.0968153476715088,-0.02129140032690544,0.36343562602996826,0.007055019263991062,4.509596824645996,0.08754037907138744,0.43728694319725037,0.008488622433217312,-1.185084581375122,-0.02300488436532871,3.2439634799957275,0.06297188058598907,-2.1079657077789307,-0.040919870290830024,-0.6807494163513184,-0.013214720578640248,-0.48262796336532976,-0.8067391152720795,-0.8479581291573696,0.9323806041857844,0.6694796123014952,-2.272554403289436,0.6869714594815456,-0.474396730436142,-0.001736599332305892,-3.274283935944771,-0.6446835393187047,-0.36175524263397624,-0.7200163797705117,-0.540885811202244
Qwen_2.5_7B_base,neutral_63,task_assistance,neutral,1,assistant_next,28,]:,5669,49.03765869140625,-1.5288032293319702,-0.03117610567324842,-2.813955545425415,-0.057383562358342265,-0.8783047199249268,-0.017910820854072463,-0.930355429649353,-0.0189722644693148,3.059701919555664,0.0623949430132942,1.0986690521240234,0.02240459845438263,-2.409672975540161,-0.04913923380200962,3.927143096923828,0.08008422917654615,-1.7974287271499634,-0.03665404864578005,0.3340446949005127,0.006812003342220198,0.6055671293672032,-0.516143779725052,-0.47727117538292074,-0.4828118954572681,-2.0465967198373933,-0.6680481276983005,-0.8138591909747389,0.3032660158989983,0.4182853355995317,-0.4701918936846217,0.04471167482107563,0.6042520384232664,-0.6176255395878995,-0.006686750582316547
Qwen_2.5_7B_base,neutral_63,task_assistance,neutral,1,user_next,28,]:,5669,47.90251159667969,-1.2167842388153076,-0.025401261818172552,-1.5684895515441895,-0.03274336771212029,-0.4020920395851135,-0.00839396570623625,0.006283223628997803,0.00013116689333327812,2.793968439102173,0.05832613668832834,0.9641210436820984,0.020126732639816854,-1.4857255220413208,-0.031015608002990438,3.183574676513672,0.06645945213307643,-1.5304527282714844,-0.03194932117875769,-0.9276432991027832,-0.01936523301561252,1.3235659008825698,1.1477336146122896,0.3305880561994294,0.5417152035489223,-2.5443930872724887,-0.9944602289625335,0.3185120320659448,-0.5431372513769049,0.7793881433945228,-3.956504264413241,1.2356497577474297,1.330540904630282,1.1062781277876146,1.2184095162089483
Qwen_2.5_7B_base,neutral_63,task_assistance,neutral,1,moderator_next,29,]:,5669,49.90117263793945,-2.263490676879883,-0.04535946867026065,-3.06087064743042,-0.061338651691388614,-1.4011187553405762,-0.028077872347939917,0.021442413330078125,0.0004296975841761208,3.0621132850646973,0.061363553663999426,-0.07072442770004272,-0.0014172898944316895,-1.8185161352157593,-0.03644235273607892,2.828490734100342,0.0566818490343424,-1.6559913158416748,-0.03318541886493942,-1.3407102823257446,-0.02686731015427909,-1.085050111313189,-0.8460094352828913,-1.364186123993631,0.5582968389462786,-2.042079528443571,-3.5049848269049773,-0.08934938064725226,-0.9473289851383649,0.6095888481445879,-5.097896225337298,-0.9655297732980401,-1.1795569941011668,-0.8943357321789225,-1.0369463631400446
Qwen_2.5_7B_base,neutral_64,task_assistance,neutral,1,assistant_next,20,]:,5669,50.382442474365234,-2.179753065109253,-0.04326414040403696,-3.171515464782715,-0.06294882322143062,-1.1932265758514404,-0.02368338090116529,-0.9171431064605713,-0.018203625338871116,3.9587290287017822,0.07857358306350466,0.773101806640625,0.015344667083855292,-2.515476703643799,-0.04992764503077996,3.972620725631714,0.07884930802338527,-2.3409132957458496,-0.04646287835165821,0.5290195941925049,0.010500078364832589,-0.8923583066208325,-0.9938251213775084,-1.0115125743220221,-0.468359808624896,-0.36245654903592067,-1.4578709569742416,-0.94353009005161,0.35503315994349965,-0.31681371651621276,0.06856523693246122,-0.9430917139991705,-0.9160323639989175,-1.0069882759431688,-0.9615103199710431
Qwen_2.5_7B_base,neutral_64,task_assistance,neutral,1,user_next,20,]:,5669,49.49638366699219,-1.5419633388519287,-0.031153050477912444,-1.0776314735412598,-0.02177192339528238,0.14718946814537048,0.0029737418623479598,0.1806437373161316,0.0036496350628661797,4.290163993835449,0.08667631200492017,1.2923855781555176,0.02611070713469871,-0.40305525064468384,-0.008143125230247288,4.008389949798584,0.0809834911731475,-1.8442366123199463,-0.03726002741387788,-0.38587355613708496,-0.007795994930320812,0.575283900603814,1.8034943209096934,1.2624030940537352,0.7324366420074534,0.25841787522915793,-0.19809380400543009,1.6454107152416948,0.3957492357903775,0.35497455548135354,-2.459479194851674,1.1893891107567538,0.6071516374602222,1.8738740565439287,1.2405128470020754
Qwen_2.5_7B_base,neutral_64,task_assistance,neutral,1,moderator_next,21,]:,5669,51.397464752197266,-3.0217201709747314,-0.058791229986602626,-3.4040136337280273,-0.0662292128637046,-1.444446325302124,-0.02810345475727717,0.10858416557312012,0.0021126366075960605,4.217897891998291,0.08206431800350569,0.023318499326705933,0.00045368967981458767,-1.7002673149108887,-0.033080762312078855,2.975903034210205,0.05789980203416519,-2.044853925704956,-0.03978511266195357,-1.0168663263320923,-0.01978436740478762,-2.8298408510862747,-1.3044305087854777,-1.437688109179094,0.6536154405386773,0.12304237447614623,-3.276837641559684,0.055573970528922,-0.7795296958936437,0.08362628649860807,-4.203046472202994,-2.067135679935876,-2.8688388071556776,-1.2364944067157129,-2.0526666069356954
Qwen_2.5_7B_base,neutral_65,task_assistance,neutral,1,assistant_next,25,]:,5669,48.76491928100586,-1.746740698814392,-0.035819616326008254,-2.7685234546661377,-0.056772850144847654,-0.929818868637085,-0.01906737224928112,-0.7853131294250488,-0.016104058839915513,4.06650447845459,0.08338995610802764,1.061388611793518,0.021765413076505046,-1.7233256101608276,-0.03533945376245235,4.009234428405762,0.08221554526323958,-2.072169780731201,-0.04249304236084976,0.5448629856109619,0.011173257203015373,0.10406292574024409,-0.4554488838682222,-0.5646610797519661,-0.3241597123961978,-0.16056167566853877,-0.7584900971131694,0.027314192448978033,0.39671050503291144,0.04667977449477881,0.1123438983439909,-0.17569297906398906,0.020248354193984276,-0.5748982381330873,-0.2773249419695515
Qwen_2.5_7B_base,neutral_65,task_assistance,neutral,1,user_next,25,]:,5669,47.470680236816406,-1.6539582014083862,-0.03484167897231102,-1.2551666498184204,-0.026440881899243613,0.13904939591884613,0.002929163753819665,0.5712771415710449,0.012034315470541429,4.43996524810791,0.09353068517152713,1.47650146484375,0.031103440217792225,0.059374868869781494,0.0012507692869278217,3.46679949760437,0.07303033114987166,-1.535768747329712,-0.032351943129279824,-0.39426398277282715,-0.00830542096312855,0.3175682609293929,1.5663166155700858,1.2485940697134923,1.1597246970491695,0.5390393463617857,0.2485694661980328,2.2121556724603058,-0.22074269108537453,0.7721978737962005,-2.482663728837025,0.9419424382497393,0.1432412921266626,1.547219385046154,0.8452303385864083
Qwen_2.5_7B_base,neutral_65,task_assistance,neutral,1,moderator_next,26,]:,5669,49.75868606567383,-2.594487190246582,-0.052141392697191744,-3.1843643188476562,-0.06399614962993162,-1.4818341732025146,-0.029780412031915813,-0.024524807929992676,-0.0004928749102744331,4.338780403137207,0.087196442394212,0.39699190855026245,0.007978343882036878,-1.2715709209442139,-0.025554752777553962,3.1461708545684814,0.06322857581922518,-1.8804709911346436,-0.0377918136474245,-0.5017523765563965,-0.010083714346760692,-1.8467187827605067,-1.0109905180457648,-1.5011137996789239,0.5080163346321347,0.3494905993241878,-2.3703097478831507,0.5809755592349443,-0.5857139884114769,0.30596514645709816,-2.779677030650554,-1.4288546504031356,-2.0325040236372907,-1.0802624469664455,-1.556383235301868
Qwen_2.5_7B_base,neutral_66,task_assistance,neutral,1,assistant_next,17,]:,5669,48.12818908691406,-0.995530366897583,-0.020684974560330284,-1.7635990381240845,-0.03664378551495516,-1.16621994972229,-0.024231536067484873,-1.043989658355713,-0.02169185415371407,2.8751444816589355,0.059739303227610535,1.4229860305786133,0.029566581614131827,-2.254021167755127,-0.04683369996915155,3.686009645462036,0.07658733302442608,-2.3436479568481445,-0.048695951402114496,0.8162403106689453,0.016959713759329437,1.8327016043437379,0.8870775503472291,-0.9656978509157516,-0.60710886556078,-2.3923266670436476,0.11874156647039795,-0.6230954984264443,0.028784023973903287,-0.3205125276698548,0.8622171871298535,1.3598895773454835,1.9236975355570336,0.8333929233018316,1.3785452294294327
Qwen_2.5_7B_base,neutral_66,task_assistance,neutral,1,user_next,17,]:,5669,46.40259552001953,-0.4616199731826782,-0.009948149839668364,0.09820246696472168,0.0021163140954551574,-0.8032838106155396,-0.017311182739098673,-0.27840518951416016,-0.005999776227906205,2.0077083110809326,0.04326715539467495,0.7254437208175659,0.015633688432462507,-1.193451166152954,-0.02571949160986182,2.6167171001434326,0.0563916106592464,-2.2780795097351074,-0.04909379495274726,-0.9221925735473633,-0.019873728251892733,3.0613031268081716,3.374346935685363,-0.3500038079872361,0.23031336996309823,-4.017287789588815,-1.573488988901116,0.6767175431991094,-1.188390723081924,-0.23182683886360275,-3.9414427499789064,3.2178250312467673,3.274043354202645,3.545168492675093,3.409605923438869
Qwen_2.5_7B_base,neutral_66,task_assistance,neutral,1,moderator_next,18,]:,5669,48.88078689575195,-2.191331386566162,-0.04483011681541899,-2.2218854427337646,-0.045455189734821155,-1.8217990398406982,-0.03727024779134691,-0.6059415936470032,-0.012396314219312686,2.597167491912842,0.05313268580253875,0.033974647521972656,0.0006950511577162287,-1.97479248046875,-0.04040017777701471,2.4779610633850098,0.05069396834117579,-2.6096198558807373,-0.0533874354651097,-1.3205972909927368,-0.027016694592277627,-0.9190016226847207,0.2748308952732388,-2.0778387951816484,-0.12795704816517864,-2.913058700846843,-3.250985934320915,-0.28087849362475703,-1.3463365955031894,-0.6802572235926956,-5.042319750939587,-0.322085363705741,-1.112981625463346,0.21692003144973257,-0.4480307970068067
Qwen_2.5_7B_base,neutral_67,task_assistance,neutral,1,assistant_next,24,]:,5669,50.00053405761719,-1.404848575592041,-0.02809667140701317,-2.557621479034424,-0.051151883219631135,-0.6228544116020203,-0.012456955177404416,-0.7142590284347534,-0.014285027988134892,4.053594589233398,0.08107102585269017,1.3661549091339111,0.027322806343621206,-1.8895485401153564,-0.037790567155502185,4.327735900878906,0.08655379352332357,-2.316587209701538,-0.04633124932289847,0.4337339401245117,0.00867458614791407,0.8908038996083691,-0.17369488062872565,-0.04391881348873767,-0.24643832890931916,-0.18474566613647433,-0.019130156662352363,-0.17640525260954112,0.7592604460117841,-0.2839110660526338,-0.19472929872858316,0.35855450948982176,0.9915454229564574,-0.18163813464348388,0.40495364415648677
Qwen_2.5_7B_base,neutral_67,task_assistance,neutral,1,user_next,24,]:,5669,47.678375244140625,-1.0399585962295532,-0.02181195543900917,-0.7041215896606445,-0.014768154033251725,0.713223934173584,0.014959065415326517,0.5886644124984741,0.012346570315875377,4.486674785614014,0.09410292952810714,1.9424787759780884,0.04074129552509881,-0.18374896049499512,-0.003853926639783656,4.260072708129883,0.089350207223209,-1.7045818567276,-0.03575167668778903,-0.4225327968597412,-0.008862147560526779,1.7304661153174568,2.3024839805260346,2.2226382739493604,1.1787434831953139,0.6265399430326716,1.3790256879597087,1.9141880478236606,0.6822394942808028,0.5438669075211107,-2.560776476779032,2.0164750479217455,1.781959735340456,2.363879263970655,2.0729194996555553
Qwen_2.5_7B_base,neutral_67,task_assistance,neutral,1,moderator_next,25,]:,5669,50.779537200927734,-1.8011175394058228,-0.035469357120744234,-2.592047691345215,-0.05104512239032101,-0.7605164647102356,-0.014976829381114191,0.3494114875793457,0.006880950611991044,4.58059549331665,0.09020553840795863,0.9184380769729614,0.018086775256316863,-0.9341790676116943,-0.01839676214289379,3.2103912830352783,0.06322214537584689,-1.9849013090133667,-0.039088605734222855,-0.6084651947021484,-0.011982487991068809,-0.02106569120350302,-0.21968649880055482,-0.27745220105559915,0.9170405263098743,0.8024808408131029,-1.1052866419892982,0.9944761583819364,-0.5126119321808317,0.1647161908830239,-3.074547251961288,-0.12037609500202892,0.06429965106951392,-0.17416881924958155,-0.054934584090033815
Qwen_2.5_7B_base,neutral_68,task_assistance,neutral,1,assistant_next,24,]:,5669,49.861534118652344,-1.5323078632354736,-0.03073126188995985,-1.9980733394622803,-0.04007244010398058,-0.20351877808570862,-0.0040816790273922945,-0.2514437437057495,-0.0050428401000940865,4.231708526611328,0.08486920030461555,1.8114254474639893,0.03632911581006422,-1.3312060832977295,-0.026698057065992844,4.1494550704956055,0.08321956281211504,-1.8460644483566284,-0.037023819683599496,0.5856156349182129,0.011744837884944742,0.5975024829392411,0.5738321534706032,0.6674527577719268,0.25980471303592634,0.14891372395988775,1.061091644689028,0.507887916128447,0.5563235363917507,0.35250228558515506,0.22495213912547765,0.5856673182049221,0.6601990207334314,0.5935137216539226,0.626856371193677
Qwen_2.5_7B_base,neutral_68,task_assistance,neutral,1,user_next,24,]:,5669,47.968143463134766,-1.285536766052246,-0.02679980239469195,-0.035660743713378906,-0.0007434255557708933,0.9078826308250427,0.018926782762038373,0.9594565033912659,0.020001952006515375,4.49430513381958,0.0936935392814111,1.7582459449768066,0.03665445060070089,0.30463075637817383,0.0063506889027776,3.5836267471313477,0.07470847292402494,-1.568306803703308,-0.03269475719669259,-0.600602388381958,-0.012520859575137454,1.1653568443986748,3.195512691093415,2.552862208737184,1.584328437315221,0.6408338122602665,0.9320787120411234,2.512736304231218,-0.08775833753799467,0.7281879868923016,-3.0528206451670483,2.180434767746045,1.1546496640780413,3.345092326749039,2.24987099541354
Qwen_2.5_7B_base,neutral_68,task_assistance,neutral,1,moderator_next,25,]:,5669,50.83154296875,-2.5231823921203613,-0.04963812319589733,-2.2978591918945312,-0.04520537952796749,-0.4540908932685852,-0.008933250236919805,0.8506674766540527,0.016735031576299433,4.627732276916504,0.09104056274194788,0.6814212799072266,0.013405480929944383,-0.5815752744674683,-0.011441228034824885,2.8489301204681396,0.05604650093387078,-1.9191901683807373,-0.03775589046275083,-1.0818263292312622,-0.021282579006038492,-1.682636598618437,0.17333394199415117,0.24237588606167323,1.465331313315833,0.890781794116155,-1.6802869832135083,1.4266202018332264,-0.9240628499341885,0.25359488217187875,-4.382544781441364,-0.754651328312143,-1.7176735600728632,0.2343975204844588,-0.7416380197942022
Qwen_2.5_7B_base,neutral_69,task_assistance,neutral,1,assistant_next,27,]:,5669,48.885868072509766,-1.3420873880386353,-0.0274534838176135,-2.828336000442505,-0.05785590216476032,-1.0544487237930298,-0.021569602123644872,-1.0045106410980225,-0.020548078221871525,3.792468547821045,0.0775780137972774,1.0071876049041748,0.020602837683280327,-2.184777021408081,-0.044691382347297574,4.172051906585693,0.08534269863833684,-2.1216602325439453,-0.04340027734389418,0.6065574884414673,0.012407624378108483,1.035226056373806,-0.5353553151188498,-0.7760863172039719,-0.56392537865143,-0.6739109554931022,-0.889981189060651,-0.5382312798061254,0.5820454946833608,-0.020259355553233955,0.28281893610786835,0.24993537062747812,1.0724376508307942,-0.6506718826149166,0.21088288410793882
Qwen_2.5_7B_base,neutral_69,task_assistance,neutral,1,user_next,27,]:,5669,48.191200256347656,-1.0133986473083496,-0.021028707355651856,-1.4201501607894897,-0.029469076371519305,0.12034257501363754,0.002497189826638241,0.3011739253997803,0.0062495626545452185,4.0847015380859375,0.08476031965084556,1.4884061813354492,0.03088543496360415,-0.2781825065612793,-0.0057724751631318336,3.726400852203369,0.07732533807793124,-1.4972301721572876,-0.031068538741366485,-0.4249274730682373,-0.008817532470822132,1.7915842243958742,1.3459072782683819,1.216859345743004,0.8642766461625171,-0.1264732718775453,0.27745018743656197,1.7984522127929932,0.07476129844747881,0.824323861756321,-2.5673934766468673,1.568745751332128,1.8804670502906933,1.3353576026522092,1.6079123264714512
Qwen_2.5_7B_base,neutral_69,task_assistance,neutral,1,moderator_next,28,]:,5669,49.651371002197266,-2.0513131618499756,-0.04131433071121434,-3.001516819000244,-0.060451841679606697,-1.2366145849227905,-0.024905950429204977,0.030071020126342773,0.0006056432988529564,4.130328178405762,0.08318658870916129,0.42341622710227966,0.008527785206244191,-1.2433397769927979,-0.025041398694464555,3.0028867721557617,0.06047943312628512,-1.767246961593628,-0.03559311507260133,-0.4927036762237549,-0.009923264278079066,-0.596800358045299,-0.7667158264027403,-1.0851170899415077,0.5677351014592553,-0.041001257697339866,-2.306204619587905,0.6155750755635454,-0.7488141311473119,0.45910818234375794,-2.7546735463829353,-0.6817580922240196,-0.6708092711052678,-0.8322917810849495,-0.7515505260951086
Qwen_2.5_7B_base,neutral_70,task_assistance,neutral,1,assistant_next,27,]:,5669,48.82433319091797,-1.431241750717163,-0.029314107478346365,-2.284817695617676,-0.04679670046252029,-0.32981035113334656,-0.006755040562329606,-0.409299373626709,-0.008383102172153056,3.8987650871276855,0.079852910061922,1.477847695350647,0.03026867135229095,-1.9502131938934326,-0.03994346807087988,3.9668099880218506,0.08124657785924938,-1.8452810049057007,-0.03779428994329716,0.3818243741989136,0.007820370484239166,0.8300695600579193,0.19075669857682814,0.4532085400732549,0.08713687574493942,-0.4747865130349432,0.25183540772798063,-0.250754619485204,0.34841880252423446,0.353561944996739,-0.33816647393015115,0.5104131293173737,0.8384312806319126,0.12306382225543049,0.48074755144367154
Qwen_2.5_7B_base,neutral_70,task_assistance,neutral,1,user_next,27,]:,5669,45.13242721557617,-0.7073020935058594,-0.01567170518278162,0.21240925788879395,0.00470635574005838,0.9856408834457397,0.021838862748014887,0.8006910085678101,0.017740925050259083,3.8856637477874756,0.08609472141233408,1.9847930669784546,0.043977095614601905,-0.06316304206848145,-0.0013995046569682944,2.852966785430908,0.06321323627917552,-0.9314969778060913,-0.02063919525880522,-0.27211618423461914,-0.006029283178918106,2.495954651437361,3.526921232078795,2.6847732745376947,1.4106653589611207,-0.4993291454535649,1.4816797279479512,2.0619756989644586,-0.919467917820879,1.5895156610237646,-2.1451433726752547,3.011437941758078,2.5542049265074915,3.7263757580353687,3.14029034227143
Qwen_2.5_7B_base,neutral_70,task_assistance,neutral,1,moderator_next,28,]:,5669,48.98289108276367,-1.9841283559799194,-0.04050655876206751,-2.218334913253784,-0.04528795390018092,-0.7551311254501343,-0.015416222047290576,0.3802376985549927,0.007762663455542592,3.7266411781311035,0.07608046596993233,0.5906540155410767,0.012058373903310063,-1.2513351440429688,-0.02554637173066525,2.371000289916992,0.0484046620668193,-1.7296712398529053,-0.03531174256191567,-1.1732288599014282,-0.023951809171881843,-0.44219884485111194,0.27957421686426664,-0.26831637537079955,0.9507592804886501,-0.7972248316879202,-1.9004874442299882,0.6057761161844419,-1.4680899481855827,0.5099318469521799,-4.6351094209606885,-0.08131231399342265,-0.5692176458037428,0.2286203638859095,-0.17029864095891664
Qwen_2.5_7B_base,neutral_71,task_assistance,neutral,1,assistant_next,28,]:,5669,49.58222961425781,-1.3557512760162354,-0.027343491540492905,-2.7117505073547363,-0.054691983971913764,-0.8112607002258301,-0.016361924555174597,-0.4424527883529663,-0.008923616218858683,3.720156192779541,0.07503003035002236,0.915283203125,0.01845990408752821,-1.6702598333358765,-0.033686662466174744,4.142786026000977,0.08355384697766156,-1.8942949771881104,-0.03820511888887282,0.07602596282958984,0.0015333308610980232,1.003783563832582,-0.379603197108866,-0.363536005211359,0.05087254724135446,-0.8093731019975872,-1.1129403338860544,0.09235053015121658,0.5487321690139528,0.2872672852268913,-1.1831525478035365,0.312090183361858,1.086271127240936,-0.42931445203306945,0.3284783376039333
Qwen_2.5_7B_base,neutral_71,task_assistance,neutral,1,user_next,28,]:,5669,47.336177825927734,-0.9297201633453369,-0.019640794970059782,-0.5958905220031738,-0.012588479876733585,0.4563639163970947,0.009640911821721434,0.5791438221931458,0.012234697620134589,4.042873859405518,0.08540769544749956,1.5952870845794678,0.03370122299366704,0.2253190279006958,0.004759975102537333,3.3322949409484863,0.07039636688037089,-1.4184434413909912,-0.029965314195986026,-0.5512027740478516,-0.011644429258205505,1.9841399678402878,2.4470750233365015,1.786894445294752,1.1683295388933101,-0.20482872211972747,0.5367421726312566,2.415533461539877,-0.3738491075120422,0.9308881589823329,-2.9163190002431225,2.2156074955883946,2.0550216076473093,2.5163759599608952,2.2856987838041025
Qwen_2.5_7B_base,neutral_71,task_assistance,neutral,1,moderator_next,29,]:,5669,49.931575775146484,-1.7645580768585205,-0.03533952312670316,-2.6786601543426514,-0.053646617651429265,-1.223318338394165,-0.024499894493677756,0.07834410667419434,0.0015690293257916814,3.79746413230896,0.07605336049096117,0.5220836400985718,0.010455981650762156,-0.8871937990188599,-0.017768191474951647,3.009237051010132,0.060267215770666384,-1.8235255479812622,-0.03652048868221228,-0.6702547073364258,-0.013423463949039758,0.06306267916510526,-0.3353962170564653,-1.062561001145468,0.6205378393644648,-0.6645527677063944,-2.06683847827243,1.0520603487597389,-0.7415856144124469,0.38298764848049505,-3.2452848220277675,-0.13616676894568,0.08062857470687547,-0.35617741478525744,-0.137774420039191
Qwen_2.5_7B_base,neutral_72,task_assistance,neutral,1,assistant_next,21,]:,5669,49.950740814208984,-1.7066469192504883,-0.03416659876173479,-3.2378759384155273,-0.06482137973606353,-1.2143083810806274,-0.02431011755355599,-1.1958853006362915,-0.02394129258431559,4.344213485717773,0.0869699510939389,0.8882023692131042,0.017781565493027607,-2.084580898284912,-0.04173273237404984,3.996041774749756,0.079999649847296,-2.225949764251709,-0.04456289792640103,0.8782436847686768,0.017582195387958122,0.19632424747781804,-1.0824792416004696,-1.0472762817492725,-0.7732574664034955,0.35966834872921316,-1.1786381617731538,-0.4154329474385584,0.38169331918695615,-0.16131788846068001,1.0335457019276597,-0.44307749706132576,0.2281445818160005,-1.1379980787995163,-0.4549267484917579
Qwen_2.5_7B_base,neutral_72,task_assistance,neutral,1,user_next,21,]:,5669,49.11885070800781,-1.6966066360473633,-0.034540845553024446,-1.7899224758148193,-0.036440642442047394,0.060702115297317505,0.0012358211648348131,0.14805376529693604,0.0030141944113688092,4.756299018859863,0.09683245740284488,1.3893773555755615,0.02828603144309833,-0.3196086883544922,-0.006506843782938647,3.784210205078125,0.07704191263703952,-1.944523811340332,-0.039588137411841307,-0.8580975532531738,-0.017469821481659358,0.21942832519300168,0.8519108150609679,1.1156837619192728,0.6967886262303417,1.131624826025982,0.03720726242911645,1.7476811262280092,0.14056563307119632,0.21932944391969553,-3.7643345717162933,0.5356695701269848,0.18107642126505086,0.8476054363690254,0.5143409288170382
Qwen_2.5_7B_base,neutral_72,task_assistance,neutral,1,moderator_next,22,]:,5669,50.302249908447266,-2.3366150856018066,-0.04645150246469231,-3.607452154159546,-0.0717155228787042,-1.3510435819625854,-0.026858511983490912,-0.1478480100631714,-0.002939192786252355,4.387791633605957,0.08722853632972617,0.43799859285354614,0.008707336026732931,-1.185819149017334,-0.023573878925407653,2.9514846801757812,0.0586750033159081,-1.6862819194793701,-0.03352299196454416,-0.5477186441421509,-0.010888551608308327,-1.253319470633884,-1.5762137264296523,-1.2792373337647993,0.3731212370623022,0.4413029386998356,-2.270827948454724,0.6860711883067426,-0.807325086430584,0.5686187906513086,-2.906691608012078,-1.4147665985317681,-1.3168995796882006,-1.620333499345079,-1.4686165395166397
Qwen_2.5_7B_base,neutral_73,task_assistance,neutral,1,assistant_next,19,]:,5669,49.78831481933594,-1.3803088665008545,-0.027723550626477394,-2.884866237640381,-0.057942636703180915,-0.5642406940460205,-0.011332793570006317,-0.6108787059783936,-0.01226951962915505,4.173007011413574,0.083814988046009,1.2781034708023071,0.025670751770572865,-2.1072888374328613,-0.04232496811911514,4.153812408447266,0.08342946379125246,-2.3328194618225098,-0.046854758396372334,0.4995332956314087,0.010033143267532494,0.9472731579430649,-0.6108767538672158,0.055514978973877874,-0.13335742893810823,0.038948653022986085,-0.23274205131601716,-0.44326333619965363,0.5612834902812341,-0.3058662674278222,-0.012911679650037856,0.16819820203792452,1.0384719677175616,-0.6567400972137942,0.19086593525188367
Qwen_2.5_7B_base,neutral_73,task_assistance,neutral,1,user_next,19,]:,5669,48.211273193359375,-1.145735502243042,-0.023764887885202247,-1.2673754692077637,-0.02628794854939305,0.6643460988998413,0.01377989119340139,0.5901808738708496,0.01224155337080252,4.269070625305176,0.08854921976823457,1.737541913986206,0.03604015822227933,-0.29954808950424194,-0.006213237478770873,3.8590564727783203,0.08004469115140206,-1.6712968349456787,-0.034666100358782544,-0.9235615730285645,-0.019156548082114866,1.4870588520395969,1.550006271736312,2.1397206783543044,1.1804022400330303,0.21890383953662643,0.881850943242905,1.7722669885180824,0.2257630725884743,0.5888871148560784,-3.9452255868209125,1.5185325618879544,1.536343900917894,1.5579190717351887,1.5471314863265415
Qwen_2.5_7B_base,neutral_73,task_assistance,neutral,1,moderator_next,20,]:,5669,49.58506393432617,-1.9967350959777832,-0.04026888215012478,-2.7079591751098633,-0.054612396561522406,-0.47069141268730164,-0.009492604734980625,0.7307460904121399,0.014737221905773675,4.422499656677246,0.08919015739366001,0.7996013760566711,0.01612585146841229,-0.7882437109947205,-0.0158967973105515,2.6631245613098145,0.05370820061535138,-1.6560505628585815,-0.03339817339051871,-1.0832399129867554,-0.021846092896471242,-0.471208693951295,-0.3745381756248124,0.21421434518900587,1.3341572372458426,0.5063211960013091,-1.393583270847527,1.1733315658311962,-1.1355651515823455,0.6095087126108756,-4.386450814119221,-0.4228734347880537,-0.5393256034656485,-0.4237462724541139,-0.4815359379598812
Qwen_2.5_7B_base,neutral_74,task_assistance,neutral,1,assistant_next,28,]:,5669,51.47650909423828,-2.009887933731079,-0.039044759815619355,-2.6143906116485596,-0.05078803239866912,-0.5801180601119995,-0.011269568786220036,-0.44886040687561035,-0.008719713414401888,4.621798992156982,0.08978462357841387,1.0220940113067627,0.019855542446276037,-1.7917933464050293,-0.03480798092047743,4.423886775970459,0.08593991422129324,-2.34195613861084,-0.04549562858513599,0.06559908390045166,0.0012743498938585583,-0.5014751893757236,-0.24953547115215272,0.028580213733144073,0.04386367696511154,0.8796670200379796,-0.8538183986001183,-0.056598473727087026,0.8687089010497704,-0.3182242309003479,-1.2119642327617188,-0.3755053302639381,-0.38537054515785124,-0.1561820141200943,-0.27077627963897277
Qwen_2.5_7B_base,neutral_74,task_assistance,neutral,1,user_next,28,]:,5669,50.85929489135742,-0.8155439496040344,-0.016035297999041288,-0.022257328033447266,-0.00043762557229690336,1.2623052597045898,0.024819558792567822,0.7143117189407349,0.014044860835499287,4.736912727355957,0.09313760124820185,1.575416922569275,0.03097598828168157,0.39418691396713257,0.007750538319675313,4.072466850280762,0.08007320705055233,-1.7790546417236328,-0.034979931308995585,-1.1940083503723145,-0.023476698859527714,2.2468751977273715,3.213418953059867,3.1541137176590257,1.3161807648157806,1.0953086438414366,0.48853736150610877,2.622494511059763,0.4686879142446237,0.44313750907574384,-4.6925275742841785,2.730147075393619,2.508476691959619,3.366487032455028,2.9374818622073233
Qwen_2.5_7B_base,neutral_74,task_assistance,neutral,1,moderator_next,29,]:,5669,51.28242111206055,-2.3272671699523926,-0.04538138253782773,-2.5180609226226807,-0.04910183388417451,-0.6811543107032776,-0.01328241327013097,0.502399206161499,0.009796713869333,4.7086029052734375,0.09181709449685231,0.5102829933166504,0.009950446610186323,-0.8104724287986755,-0.015804098387392038,2.6602864265441895,0.05187521120991977,-2.0376219749450684,-0.03973334196707539,-1.5608950853347778,-0.030437234660274027,-1.231808626241385,-0.1208440474110473,-0.1428202363900814,1.0843836772186473,1.042276084408721,-2.095466727452547,1.1460885010108195,-1.1387957978452266,0.09340798124345757,-5.706313683714754,-0.6763263368262161,-1.1823130509624298,-0.03821038910672991,-0.6102617200345798
Qwen_2.5_7B_base,neutral_75,task_assistance,neutral,1,assistant_next,20,]:,5669,49.492977142333984,-1.1602892875671387,-0.02344351369751571,-2.558816432952881,-0.0517005963410552,-1.047509789466858,-0.021164816706305326,-0.9269640445709229,-0.018729203577815105,4.198895454406738,0.08483820729416576,1.3550896644592285,0.027379433259029955,-1.8163073062896729,-0.036698283497197184,4.285696983337402,0.0865920223593019,-2.1799025535583496,-0.04404468430519534,0.9306036233901978,0.018802740855817356,1.4535685828534277,-0.17529127653352228,-0.7643149335676909,-0.4791022835339767,0.0874452627033125,-0.04597432780313139,-0.0866422848020844,0.7114075838094812,-0.09903597120088856,1.178227352711699,0.6391386531599528,1.5767623953847005,-0.22002778926843417,0.6783673030581332
Qwen_2.5_7B_base,neutral_75,task_assistance,neutral,1,user_next,20,]:,5669,47.91535186767578,-0.8396323323249817,-0.017523242543302845,-0.5609346628189087,-0.011706783754150438,0.3574799597263336,0.007460656048473965,0.6351079344749451,0.013254790160549689,4.576634407043457,0.09551499109684937,1.816349983215332,0.03790747458625388,0.14768540859222412,0.003082214840038654,3.4719715118408203,0.07246052416413643,-1.5472960472106934,-0.0322922818449449,-0.35327303409576416,-0.007372856930517211,2.191444503676368,2.4937742220156145,1.6191452009973089,1.2295449813735484,0.7950605701173379,1.0730385183808853,2.320387275344431,-0.2148553919102506,0.7566064334764586,-2.3693970161949345,2.342609362845991,2.3213413194454744,2.578062127665942,2.449701723555708
Qwen_2.5_7B_base,neutral_75,task_assistance,neutral,1,moderator_next,21,]:,5669,50.5943489074707,-1.9816879034042358,-0.039168166923709974,-2.843883514404297,-0.0562095090818408,-1.314272403717041,-0.025976664036543754,0.02200770378112793,0.0004349834370114465,4.608532428741455,0.09108788883062323,0.6834636926651001,0.013508696275843973,-1.1140906810760498,-0.022020061630075537,3.159857988357544,0.062454761383261184,-1.9642128944396973,-0.03882277244108707,-0.3287914991378784,-0.006498581486623883,-0.4365830265690874,-0.5561259801922127,-1.216857777259446,0.5589151727977407,0.8548148747030123,-1.6753321106169798,0.773980140987901,-0.5701339362727449,0.19269864856746652,-2.3017493262876316,-0.49635450338065,-0.4008911740902234,-0.5354851678045363,-0.46818817094737986
Qwen_2.5_7B_base,neutral_76,task_assistance,neutral,1,assistant_next,28,]:,5669,51.30556869506836,-1.671194314956665,-0.032573351342995736,-2.616147041320801,-0.05099148314425121,-0.6936801671981812,-0.013520562871469735,-0.9460583925247192,-0.018439682408503487,4.223812103271484,0.0823265819033303,1.7004197835922241,0.03314298675254083,-1.925926685333252,-0.037538355666221816,4.3858537673950195,0.0854849459609752,-2.2595057487487793,-0.04404016574064346,0.4759554862976074,0.00927687770359629,0.2779055842029817,-0.2518819692827666,-0.16406941605422395,-0.4999883283796021,0.13412141834752855,0.7917930321253681,-0.2209895681313238,0.825415961437263,-0.20670459090254528,-0.07806218337663298,0.01301180746010755,0.42852365532569303,-0.1704160529121955,0.12905380120674875
Qwen_2.5_7B_base,neutral_76,task_assistance,neutral,1,user_next,28,]:,5669,49.16565704345703,-0.8364589214324951,-0.017013073184258626,-0.7667536735534668,-0.015595310215741466,0.5959866642951965,0.012122011585615745,0.22828632593154907,0.004643207060769453,4.231090068817139,0.08605783636893778,1.9139484167099,0.038928563794401856,-0.0747230052947998,-0.0015198211472848392,3.759904623031616,0.07647420677625184,-1.4353324174880981,-0.02919380119784471,-0.7668246030807495,-0.015596752879819362,2.1987469602305216,2.218810793894297,2.0237540050777647,0.7845497199083643,0.14775517200462024,1.309811326287663,2.0478080429496917,0.11289861078714106,0.9080446947193758,-3.5121279906824494,2.208778877062409,2.3855041495847003,2.3060088779221815,2.345756513753441
Qwen_2.5_7B_base,neutral_76,task_assistance,neutral,1,moderator_next,29,]:,5669,50.533447265625,-2.481959819793701,-0.04911518912904317,-2.782562017440796,-0.05506376801911974,-0.8525110483169556,-0.01687023336911491,0.31157517433166504,0.006165721738592168,4.628708839416504,0.09159693410754402,0.7149105072021484,0.01414727365509578,-0.9600242972373962,-0.018997799461238134,2.6472878456115723,0.05238684453281639,-2.0400614738464355,-0.04037051862151847,-1.2519363164901733,-0.024774409509596106,-1.5877777689035044,-0.47420366911687273,-0.4335141386949563,0.8756538847132929,0.8926111807039637,-1.5990424580983764,0.9628007701656518,-1.1535920708838914,0.0901083966118913,-4.852594869723079,-1.0309907190101886,-1.651905341910098,-0.45532560542094913,-1.0536154736655234
Qwen_2.5_7B_base,neutral_77,task_assistance,neutral,1,assistant_next,24,]:,5669,49.586700439453125,-1.2290382385253906,-0.02478564267501694,-2.830467462539673,-0.05708118179784436,-1.0928258895874023,-0.022038689404667612,-0.8690745830535889,-0.017526364435454935,4.0118913650512695,0.08090660055007917,0.877741813659668,0.017701153855385426,-2.2989702224731445,-0.04636263760441688,4.037472248077393,0.08142248248615108,-2.111011505126953,-0.04257213096290935,0.5200856924057007,0.010488410960933793,1.295367755880497,-0.5382028369442453,-0.8411903115932584,-0.41578082881523887,-0.26286797677933127,-1.204015363250366,-0.6781841464581237,0.42885358988532146,-0.005856242966811297,0.04387896547212692,0.37858245946812585,1.4079659122527524,-0.5964700672115754,0.4057479225205885
Qwen_2.5_7B_base,neutral_77,task_assistance,neutral,1,user_next,24,]:,5669,48.15695571899414,-1.139129877090454,-0.02365452425476216,-1.258441686630249,-0.026132085549043386,0.10835440456867218,0.0022500260440245163,0.48357683420181274,0.010041681974740767,4.389086723327637,0.09114128286968286,1.3444509506225586,0.027918105090938675,-0.6392050385475159,-0.013273368903911,3.5132827758789062,0.07295483535918762,-1.583829641342163,-0.0328889070684646,-0.6407980918884277,-0.013306449345087717,1.5022593074246862,1.5619413377675642,1.1965223102889349,1.0637951289318812,0.4437290197410897,-0.07178373946510466,1.355990334098057,-0.16783081703945923,0.7071923158211814,-3.1638899262022924,1.5321003225961252,1.5502240815832755,1.5688237257677062,1.5595239036754909
Qwen_2.5_7B_base,neutral_77,task_assistance,neutral,1,moderator_next,25,]:,5669,50.72822570800781,-1.9792122840881348,-0.03901599664613742,-2.9301531314849854,-0.05776179021815146,-0.9773541688919067,-0.019266476507922185,0.4648895263671875,0.009164316706897978,4.511229515075684,0.08892937712906356,0.500356912612915,0.009863481437197796,-1.2727062702178955,-0.025088720381107075,3.109741687774658,0.06130199990976155,-1.762239694595337,-0.03473883957106654,-0.7020609378814697,-0.013839650965175476,-0.4308862847625807,-0.6713776742439935,-0.6453011649960088,1.0433543183620504,0.6725381180029878,-2.119547298375476,0.5795840982370826,-0.6271812763598043,0.4658808442311852,-3.333172204282705,-0.5511319795032871,-0.3817530673046286,-0.6440875218891895,-0.512920294596909
Qwen_2.5_7B_base,neutral_78,task_assistance,neutral,1,assistant_next,27,]:,5669,49.47486114501953,-1.2409868240356445,-0.025083179524205104,-2.4908432960510254,-0.05034563490233808,-0.7480639219284058,-0.015120081282000947,-0.8189455270767212,-0.016552760495400838,3.785876750946045,0.07652122033953715,1.4542534351348877,0.029393785075459127,-2.2326412200927734,-0.04512678092311384,4.176460266113281,0.08441580571335694,-2.2349369525909424,-0.04517318292293835,0.3716233968734741,0.007511358056855996,1.2678724111147737,-0.08448272257152595,-0.256327392627993,-0.36094796865498624,-0.6862593149608107,0.1945959721987267,-0.5968926690433602,0.5870635263870458,-0.17347365885619323,-0.36635394469331417,0.5916948442716239,1.3705453851744767,-0.12523052703515905,0.6226574290696588
Qwen_2.5_7B_base,neutral_78,task_assistance,neutral,1,user_next,27,]:,5669,48.017852783203125,-0.6060921549797058,-0.012622225273507435,-0.5733356475830078,-0.011940051758906707,0.6627135872840881,0.013801399872588816,0.4465264678001404,0.009299176075535336,4.058884620666504,0.08452865726820508,1.921060562133789,0.04000721504160605,-0.24729394912719727,-0.005150041803070834,3.618319511413574,0.07535362998737169,-1.465207815170288,-0.030513813722275077,-0.49599897861480713,-0.010329470183812757,2.7288526920553196,2.4772071552969113,2.1369512443725998,1.0232681826289924,-0.17483589328239746,1.3270653188156198,1.83630860108341,-0.04826759501410972,0.8676362309160762,-2.7637791680150827,2.6030299236761154,2.937731020270372,2.56174198187755,2.749736501073961
Qwen_2.5_7B_base,neutral_78,task_assistance,neutral,1,moderator_next,28,]:,5669,49.69548797607422,-2.075486183166504,-0.04176407693522885,-2.787956714630127,-0.056100801665784676,-0.9602140188217163,-0.01932195573336576,0.18231356143951416,0.003668613970090979,4.114729881286621,0.0827988626103772,0.44591858983039856,0.008973019644058734,-1.5616610050201416,-0.03142460349261486,2.9146862030029297,0.05865092228103684,-2.113851547241211,-0.04253608593719655,-1.0088964700698853,-0.02030157084996562,-0.6524258171891238,-0.48141070226488425,-0.6162241810420548,0.7342631522192535,-0.07022142081276825,-2.2516141162682994,0.22544704724749784,-0.8492127600527355,-0.009697588953052267,-4.181024063642459,-0.566918259727004,-0.727372822141072,-0.5278796632255046,-0.6276262426832884
Qwen_2.5_7B_base,neutral_79,task_assistance,neutral,1,assistant_next,25,]:,5669,50.60517883300781,-1.1002964973449707,-0.02174276472721977,-2.467585563659668,-0.048761522448175935,-0.7852528095245361,-0.01551724206164342,-0.5669534206390381,-0.011203466398368623,4.237150192260742,0.08372957649735667,1.4243965148925781,0.028147247924821067,-1.9317371845245361,-0.03817271728055901,4.0262451171875,0.07956191856319131,-2.0074267387390137,-0.039668405191558107,0.5304656028747559,0.010482437076751392,1.5916202751814157,-0.05341160914117609,-0.31941556183712466,-0.08531046332950966,0.15910755195797005,0.12216338708337438,-0.22811079786229535,0.4160737568444057,0.1342490479380048,0.07256086658184616,0.7691043330201198,1.7906616924632293,-0.014401156225620337,0.8881302681188045
Qwen_2.5_7B_base,neutral_79,task_assistance,neutral,1,user_next,25,]:,5669,47.85407638549805,-0.8086633086204529,-0.016898525051577726,-0.3802807331085205,-0.007946673759725154,0.7777521014213562,0.01625257784009912,0.9207800030708313,0.01924141207226119,4.439822196960449,0.09277834893718515,1.9541751146316528,0.040836126454294214,0.09065532684326172,0.001894411797084321,3.32912540435791,0.06956827204310616,-1.3499736785888672,-0.028210212808494835,-0.7445453405380249,-0.015558660761524087,2.262708502505614,2.7351184187420228,2.3321054884111936,1.542022770626884,0.5387713698108372,1.4074008866803642,2.250492366087815,-0.3774569881755787,1.0234980703630112,-3.450565648025166,2.498913460623818,2.399910605499143,2.841130967104634,2.6205207863018884
Qwen_2.5_7B_base,neutral_79,task_assistance,neutral,1,moderator_next,26,]:,5669,50.228431701660156,-1.5857865810394287,-0.03157149302328337,-2.422346830368042,-0.048226606889818106,-0.6803204417228699,-0.013544528839039659,0.7473434209823608,0.014878892206336985,4.504432678222656,0.0896789432920673,0.9278483986854553,0.01847257354552816,-0.8686927556991577,-0.01729484131336009,2.792552947998047,0.055597056356146334,-1.4828816652297974,-0.029522754642980122,-0.6592041254043579,-0.013124123192215254,0.4744405705156568,0.007024971256996467,-0.1414056399680125,1.352311959860415,0.6598056588122531,-1.0824572971382118,1.0747348514840283,-0.9882369348854324,0.8437311723795542,-3.214749712970197,0.24073277088632664,0.5545250782878733,0.02302317852616185,0.2887741284070176
Qwen_2.5_7B_base,neutral_80,task_assistance,neutral,1,assistant_next,24,]:,5669,51.74591827392578,-1.7186287641525269,-0.033212837291913044,-2.8873133659362793,-0.05579789599349261,-0.7426288723945618,-0.014351448329959672,-1.0710386037826538,-0.020698030675828955,4.250551223754883,0.08214273445209476,1.5050748586654663,0.02908586626481528,-2.010805368423462,-0.0388592073635436,4.90327262878418,0.09475670337567256,-2.4211316108703613,-0.046788842320928406,0.47410690784454346,0.009162208801374019,0.16875236826012685,-0.6141459892157459,-0.24710723717793215,-0.6366959186814727,0.18421159525082892,0.3178882292596396,-0.32501515726734526,1.414393388139153,-0.4253143268696913,-0.08317019895561173,-0.22269681047780954,0.3480969742845712,-0.506687452415871,-0.07929523906564989
Qwen_2.5_7B_base,neutral_80,task_assistance,neutral,1,user_next,24,]:,5669,50.17181396484375,-0.9155224561691284,-0.018247744775794845,-0.6283025741577148,-0.012523018892599283,0.629340410232544,0.01254370453245987,0.19306349754333496,0.0038480469866729924,4.548685073852539,0.0906621609702986,2.0352296829223633,0.040565200300481136,-0.161898672580719,-0.0032268849735862483,4.677874565124512,0.09323710257720358,-1.7571051120758057,-0.035021757700589407,-0.4480893611907959,-0.00893109747845234,2.0168108520514467,2.4037742177352475,2.0803361430084704,0.7460217966147208,0.7427033115930128,1.6040384457138432,1.9409673166614971,1.157822974062166,0.4728257088349197,-2.6313947015732397,2.2102925348933473,2.230222335416398,2.5209558113881823,2.37558907340229
Qwen_2.5_7B_base,neutral_80,task_assistance,neutral,1,moderator_next,25,]:,5669,51.70176696777344,-2.297032356262207,-0.04442850778570073,-2.9775125980377197,-0.05759015160726813,-0.7397588491439819,-0.014308192785849772,0.11412942409515381,0.0022074569359745973,4.912995338439941,0.09502567565054966,0.9989465475082397,0.019321323159630106,-1.0378679037094116,-0.020074128305060286,3.704178810119629,0.0716451105516085,-1.9855003356933594,-0.03840294930211872,-0.7480683326721191,-0.014468912312772645,-1.1622341460131056,-0.7346474433040109,-0.24223845716942327,0.659681032223297,1.4251627669143294,-0.9099739105612995,0.8673972279698137,0.04946596783776125,0.1639059674284881,-3.460300424861792,-0.9484407946585582,-1.0624721789445115,-0.6320791577097132,-0.8472756683271123
Qwen_2.5_7B_base,neutral_81,philosophical_musing,neutral,1,assistant_next,13,]:,5669,52.473289489746094,-1.9818549156188965,-0.037768833150934336,-2.4428064823150635,-0.04655333229666147,-0.9051777124404907,-0.017250256678064242,-1.2563402652740479,-0.023942472017492857,4.947535514831543,0.0942867421299812,1.4340059757232666,0.02732830340288631,-2.1670644283294678,-0.04129842915132923,4.660841464996338,0.0888231233513028,-3.3261470794677734,-0.06338743219286343,0.44379210472106934,0.00845748587589104,-0.43696734473111926,-0.020308053119344305,-0.522859199348285,-0.8393851553730384,1.4898665983960233,0.1454758414116392,-0.5165230856748491,1.1384342114350878,-1.649407983907297,-0.16693644992089937,-0.22863769892523178,-0.2249001750641465,0.14009060632390782,-0.04240478437011934
Qwen_2.5_7B_base,neutral_81,philosophical_musing,neutral,1,user_next,13,]:,5669,52.2521858215332,-1.5882580280303955,-0.03039601124927241,-0.45311760902404785,-0.008671744576804238,0.22579164803028107,0.004321190481896204,0.0840533971786499,0.0016086101635199225,4.725820541381836,0.0904425425861193,1.245314598083496,0.023832775194072363,-0.6013273000717163,-0.011508175028802498,4.310181140899658,0.08248805429156661,-3.056438446044922,-0.058493982557670514,-1.7642918825149536,-0.03376493929920701,0.4687534298052751,2.637812163970399,1.3957458194032784,0.6267828547900403,1.074529742080887,-0.3122875233461899,1.4024125206427924,0.7392778784432423,-1.284609106013137,-6.26834231008367,1.5532827968878369,0.7023627248664948,2.7904027866411223,1.7463827557538085
Qwen_2.5_7B_base,neutral_81,philosophical_musing,neutral,1,moderator_next,14,]:,5669,50.6374397277832,-2.7385079860687256,-0.05408069603815674,-2.3727355003356934,-0.04685733546346433,-1.082824468612671,-0.02138387079666191,0.011199235916137695,0.00022116512952358093,4.458827972412109,0.08805397738080521,0.6183665990829468,0.012211648187727549,-1.0145984888076782,-0.02003652819459194,2.5844106674194336,0.05103754615779769,-2.631281852722168,-0.05196316928477063,-1.9204401969909668,-0.037925302055452866,-2.1781305160711506,0.07330311208892214,-0.8242236481738537,0.5470925043784296,0.5743747343698598,-1.8332569981601243,0.8959157500047359,-1.2251651065294333,-0.7095565160936942,-6.6998133259081465,-1.0524137019911142,-2.2764057567556555,0.11882161142878934,-1.078792072663433
Qwen_2.5_7B_base,neutral_82,philosophical_musing,neutral,1,assistant_next,12,]:,5669,53.616451263427734,-2.1937127113342285,-0.040914918082812016,-3.1542773246765137,-0.05883040093755841,-1.2699856758117676,-0.023686492594821102,-1.4415605068206787,-0.026886533383905252,5.105642795562744,0.09522530259374606,1.1675667762756348,0.02177627852576738,-2.4114882946014404,-0.04497664872957264,5.0058207511901855,0.0933635224493998,-3.591604471206665,-0.06698698601965347,0.31608736515045166,0.0058953428976016116,-0.9244813797188026,-0.970795868243309,-1.1417286522867112,-1.0419853321699293,1.7860476813318928,-0.500902949013936,-0.8160840091262969,1.5311238240680685,-2.0084567744709783,-0.5198118164788837,-0.9476386239810558,-0.6205760609421719,-0.7188508086501926,-0.6697134347961822
Qwen_2.5_7B_base,neutral_82,philosophical_musing,neutral,1,user_next,12,]:,5669,52.5953483581543,-1.4621460437774658,-0.02779991176825768,-0.8716340065002441,-0.016572454289393586,-0.25740498304367065,-0.004894063659220217,-0.19642698764801025,-0.003734683651307284,4.50599479675293,0.08567287673557784,1.3552818298339844,0.02576809303752551,-0.821647047996521,-0.015622047835892586,4.0159101486206055,0.07635485406948513,-2.959275007247925,-0.05626495687596532,-2.2039196491241455,-0.04190331879002477,0.7589545153771268,2.07869615731807,0.5760388372119691,0.31998390517504893,0.662731962748611,-0.04550813655667112,1.132393114806593,0.40430947137705336,-1.153189088063948,-7.483127366714253,1.4188253363475984,1.028868202061261,2.237644878517598,1.6332565402894295
Qwen_2.5_7B_base,neutral_82,philosophical_musing,neutral,1,moderator_next,13,]:,5669,51.735862731933594,-2.4806549549102783,-0.04794846019604718,-2.786905288696289,-0.053867958153833814,-1.083510160446167,-0.020943115727291777,-0.030460476875305176,-0.0005887690910487835,4.766528606414795,0.0921320019560182,0.7142897844314575,0.013806472854864894,-1.162807583808899,-0.022475851805814465,2.946108818054199,0.05694519550817763,-2.626901865005493,-0.05077525968043936,-1.9349427223205566,-0.037400414724817706,-1.5847750946696708,-0.4800060522369207,-0.825386873137362,0.5015236987966212,1.1507878291843119,-1.6005483252325692,0.7142736949974423,-0.8134444254708595,-0.7036322911849272,-6.739886889026495,-1.0323905734532959,-1.5051685200700125,-0.371663075889499,-0.9384157979797557
Qwen_2.5_7B_base,neutral_83,philosophical_musing,neutral,1,assistant_next,25,]:,5669,51.09931182861328,-1.7776697874069214,-0.034788526964300674,-3.152522563934326,-0.06169403170257681,-1.112512469291687,-0.02177157440051337,-1.8221423625946045,-0.035658843483177556,4.351526737213135,0.08515822584476526,1.0164828300476074,0.019892299791763993,-2.9321959018707275,-0.05738229727447781,5.15131950378418,0.10080995847970844,-2.922774314880371,-0.05719791931216872,0.9175393581390381,0.0179560022494326,0.032890823116765916,-0.9684515997159141,-0.8745871231629113,-1.458278662864426,0.37336820326887216,-0.8674310673165483,-1.454252671053185,1.6967449238885723,-1.1038194722342332,1.1421280082017449,-0.4677803882995741,0.1499260982622479,-0.9191992088435933,-0.3846365552906727
Qwen_2.5_7B_base,neutral_83,philosophical_musing,neutral,1,user_next,25,]:,5669,49.722442626953125,-1.2088632583618164,-0.024312225918413064,-1.219470500946045,-0.024525554991238596,-0.270070344209671,-0.005431558265065473,-0.5575857162475586,-0.011213964696603766,4.186147689819336,0.08419030660312218,0.9279834032058716,0.01866327063149625,-1.412487268447876,-0.02840743925323988,4.926475524902344,0.09907951549893973,-2.56038498878479,-0.05149354805423171,-0.8429522514343262,-0.01695315448918404,1.3417931704003212,1.6140048025341935,0.5545529982965147,-0.07506375082094756,0.06356497899311862,-1.0821297775435368,0.4082713473613324,1.440805224018149,-0.6136637888852848,-3.7224848803976567,1.4778989864672574,1.4675064518805054,1.6812215359357825,1.574363993908144
Qwen_2.5_7B_base,neutral_83,philosophical_musing,neutral,1,moderator_next,26,]:,5669,49.43138122558594,-2.4659972190856934,-0.0498872812764795,-3.0456368923187256,-0.06161342889488769,-1.2076250314712524,-0.02443033153292062,-0.509994387626648,-0.010317219041467372,4.166007995605469,0.08427860788662571,0.01996329426765442,0.000403858718342293,-1.8743035793304443,-0.03791728114528783,3.5934195518493652,0.07269510709098682,-2.4207241535186768,-0.04897140426789647,-1.541202187538147,-0.031178618709938308,-1.5510456210314731,-0.8256579356146986,-1.0359384784888193,-0.023006742839085253,0.025837453640244035,-3.2849773349388696,-0.1577213384715172,-0.07661119669444877,-0.42476321368210856,-5.651898017139338,-1.188351778323086,-1.7490096003873177,-0.9135599889522299,-1.3312847946697737
Qwen_2.5_7B_base,neutral_84,philosophical_musing,neutral,1,assistant_next,15,]:,5669,50.59122085571289,-1.8864833116531372,-0.037288748516929905,-2.481717586517334,-0.04905431307133779,-1.2429280281066895,-0.024568057601368102,-1.597599983215332,-0.031578601112863376,4.2073540687561035,0.08316371887437854,1.2710134983062744,0.025123202737708756,-2.195971965789795,-0.043406186461733116,4.094552040100098,0.08093404291977528,-3.160853862762451,-0.06247830768459345,0.5079151391983032,0.010039590478492044,-0.2175041179208639,-0.07229125217009005,-1.0958273745889975,-1.212666599189506,0.10329071616089945,-0.2499422525463056,-0.5519515761426634,0.49382746604428635,-1.4258379067749094,0.01024913748990884,-0.14489768504547698,-0.16452103178947394,-0.03488568714304463,-0.09970335946625929
Qwen_2.5_7B_base,neutral_84,philosophical_musing,neutral,1,user_next,15,]:,5669,50.91768264770508,-1.6531198024749756,-0.03246651686630683,-0.6975564956665039,-0.01369969054744371,-0.19089819490909576,-0.0037491532407298153,-0.3904094696044922,-0.007667463429270743,4.3268303871154785,0.08497696992717507,1.1110066175460815,0.02181966184975537,-0.5881769061088562,-0.01155152543328415,4.053786277770996,0.07961450849636624,-3.0870916843414307,-0.06062906879915851,-1.3889341354370117,-0.027278031190989652,0.31949753261645225,2.3112546025600493,0.6888626341740088,0.10779929289017307,0.32710473151311686,-0.6381173193531352,1.4185293762483795,0.4474238352804734,-1.326069651018595,-5.231148991841447,1.3153760675882509,0.4419599824184165,2.4386322498170423,1.4402961161177295
Qwen_2.5_7B_base,neutral_84,philosophical_musing,neutral,1,moderator_next,16,]:,5669,49.90824890136719,-2.8271119594573975,-0.05664618618546546,-2.5961925983428955,-0.052019308541033094,-1.3763411045074463,-0.027577427275148152,-0.4446786642074585,-0.00890992318897562,4.149252414703369,0.08313760763082402,0.32284310460090637,0.006468732358030345,-1.111678123474121,-0.022274436549980174,2.4845147132873535,0.04978164467756537,-2.728959560394287,-0.054679529345689586,-1.6930549144744873,-0.03392334837915156,-2.382020490649635,-0.22522387765228863,-1.3221526906373742,0.048437808803036886,-0.005550639772358011,-2.5501939927977513,0.7769369225581158,-1.3388765816864832,-0.8416721169250461,-6.0714994106401585,-1.3036221841509619,-2.5990615682571834,-0.242325873283913,-1.4206937207705481
Qwen_2.5_7B_base,neutral_85,philosophical_musing,neutral,1,assistant_next,13,]:,5669,53.160804748535156,-1.8706369400024414,-0.03518827355701357,-2.8534412384033203,-0.05367565919855543,-1.268263816833496,-0.023857122231928648,-1.5078026056289673,-0.028363050799574564,4.512625694274902,0.08488633149217417,1.1865715980529785,0.022320422041498054,-2.606457471847534,-0.04902968426036393,4.621280670166016,0.08693022410074322,-3.503756523132324,-0.0659086434019581,0.48733270168304443,0.009167143048120859,-0.18103942915517188,-0.5688945993126213,-1.1388076471801547,-1.1144431846049052,0.6751535691402455,-0.4547974445004848,-1.0550342706994482,1.0934021940963925,-1.8896365777419375,-0.046624516591171436,-0.3749670142338966,0.09965088617380698,-0.3582092505850907,-0.12927918220564186
Qwen_2.5_7B_base,neutral_85,philosophical_musing,neutral,1,user_next,13,]:,5669,51.8871955871582,-1.504723072052002,-0.02899989207403633,-1.0330264568328857,-0.01990908248447627,-0.0473705530166626,-0.0009129526558646109,-0.009408891201019287,-0.00018133358518508826,4.365678787231445,0.08413788291753288,1.195667028427124,0.023043585510777634,-0.9583579301834106,-0.018470027515239212,3.9121131896972656,0.0753965047720847,-3.159822940826416,-0.0608979326222914,-1.8317365646362305,-0.035302284964685494,0.660978895542989,1.8630842891141408,0.9323465548611034,0.5245506365862009,0.39987912345421084,-0.43273202283644874,0.9648430357639938,0.28615748595847307,-1.4244435162406157,-6.454706316665993,1.262031592328565,0.8779494313331695,2.0042041259278647,1.4410767786305172
Qwen_2.5_7B_base,neutral_85,philosophical_musing,neutral,1,moderator_next,14,]:,5669,51.38077926635742,-2.557075023651123,-0.04976715145551361,-2.7008912563323975,-0.05256617931641335,-1.1359609365463257,-0.02210867473724982,-0.08967292308807373,-0.001745262029273831,4.080870628356934,0.07942407037467733,0.5606319308280945,0.010911316232122218,-1.3987839221954346,-0.027223875195511407,2.592724323272705,0.05046097704809126,-2.6977100372314453,-0.052504264741617575,-1.7198967933654785,-0.033473544347187724,-1.760628222660982,-0.3650958059923909,-0.9143656958892802,0.43675511858578564,-0.13364968391194712,-1.973320716672866,0.42506589005622875,-1.215701679514425,-0.7994050569505159,-6.145669233033679,-1.0628620143266865,-1.7339011483396873,-0.2805866317232977,-1.0072438900314924
Qwen_2.5_7B_base,neutral_86,philosophical_musing,neutral,1,assistant_next,12,]:,5669,51.68922424316406,-2.0184292793273926,-0.03904932428144017,-2.6827707290649414,-0.05190193446208936,-1.418530821800232,-0.027443453496747608,-1.8466789722442627,-0.03572657549582953,4.347230911254883,0.08410323379596488,1.397932767868042,0.027044955468700414,-2.1645307540893555,-0.041875860699836606,4.357107639312744,0.08429431284972273,-3.4551427364349365,-0.06684454617041155,0.594070315361023,0.011493117261081534,-0.5211300047287454,-0.340887729784837,-1.393724393785861,-1.4851176379759314,0.36532086744388764,0.05796260571445214,-0.5134178660141443,0.7926942695760777,-1.8238831956112693,0.2483142200507314,-0.4310088672567912,-0.38594460755486804,-0.23411402236101636,-0.31002931495794217
Qwen_2.5_7B_base,neutral_86,philosophical_musing,neutral,1,user_next,12,]:,5669,51.05091857910156,-1.6064426898956299,-0.0314674590508397,-0.5832920074462891,-0.011425690735466378,-0.3584320545196533,-0.007021069639800423,-0.6444023251533508,-0.012622737123816345,4.465780258178711,0.08747698146232462,1.503867268562317,0.029458182348514036,-0.1862778663635254,-0.0036488641448222826,3.8407859802246094,0.07523441472014748,-3.387814998626709,-0.0663614895269203,-1.4802606105804443,-0.028995768377543172,0.42690801245410476,2.4639059795219094,0.4046539587720173,-0.17002669961286904,0.5873983947459586,0.3149586279403824,1.9110886721822664,0.20496578727117848,-1.7328179490454074,-5.483503473758438,1.4454069959880071,0.5676091923850384,2.5977282582603043,1.5826687253226712
Qwen_2.5_7B_base,neutral_86,philosophical_musing,neutral,1,moderator_next,13,]:,5669,50.74373245239258,-2.8440942764282227,-0.056048188396400134,-2.683227300643921,-0.05287800425720174,-1.559504508972168,-0.030732948358406318,-0.7579299211502075,-0.014936424352727545,4.420340538024902,0.08711106425157109,0.7342527508735657,0.01446982150086095,-1.171247959136963,-0.02308162806580733,2.6787569522857666,0.05278990769547664,-2.910991668701172,-0.05736652642633737,-1.4587230682373047,-0.02874686188300927,-2.421099146414614,-0.34149768552260346,-1.632875721110417,-0.29420703124524367,0.5022765365923259,-1.5521183714986313,0.7039293425161741,-1.1177708149292616,-1.0878826590508863,-5.4239906618248535,-1.3812984159686088,-2.5238527579215058,-0.3024028619407272,-1.4131278099311164
Qwen_2.5_7B_base,neutral_87,philosophical_musing,neutral,1,assistant_next,14,]:,5669,51.775840759277344,-2.3875808715820312,-0.04611380204684011,-2.6673760414123535,-0.0515177735850558,-0.827157199382782,-0.015975736699834653,-0.7981562614440918,-0.0154156117938283,5.407444000244141,0.10443952084496512,1.3866429328918457,0.02678165941020249,-1.8881688117980957,-0.03646814390860023,4.247060298919678,0.08202783840180668,-3.2765731811523438,-0.06328382375065997,0.16236305236816406,0.003135884419975766,-1.3705987800199009,-0.3203212326633845,-0.390503228311384,-0.3382079654162589,2.3514094231852276,0.03057358078438579,-0.17471428562200955,0.6674274805261393,-1.5823559869103938,-0.9445847998803925,-0.8454600063416426,-1.2744277727000466,-0.20723694795925682,-0.7408323603296517
Qwen_2.5_7B_base,neutral_87,philosophical_musing,neutral,1,user_next,14,]:,5669,51.51445388793945,-1.6938230991363525,-0.03288054072786958,-0.6904029846191406,-0.013402121783548162,0.1708354651927948,0.0033162627631541436,0.42921173572540283,0.008331870054549675,5.221709251403809,0.10136396403934922,1.3951828479766846,0.027083327933780627,-0.07767421007156372,-0.001507813908704733,3.2725632190704346,0.06352708748867482,-2.9931726455688477,-0.05810354996832468,-1.333109736442566,-0.0258783629802717,0.22583362789353287,2.3208113189861304,1.3025167613149673,1.0043287419380598,2.003474028964667,0.05129132800145855,2.0441911063480998,-0.44184167305121747,-1.1990379000422708,-5.076894299930415,1.2733224734398316,0.3898891509737271,2.4594510741299658,1.4246701125518464
Qwen_2.5_7B_base,neutral_87,philosophical_musing,neutral,1,moderator_next,15,]:,5669,51.40937042236328,-3.0234122276306152,-0.0588105281739731,-2.764864206314087,-0.05378132787075253,-0.9213569760322571,-0.017921965751820666,0.2849384546279907,0.005542539274202848,5.149783611297607,0.10017208086752666,0.7004319429397583,0.013624596784306614,-0.8654963970184326,-0.0168353821474137,2.5559775829315186,0.04971812651920083,-2.74316668510437,-0.05335927404999073,-1.7147513628005981,-0.033354840736479326,-2.833734507040508,-0.4505603195532144,-0.5503061111850002,0.84651773805788,1.8687363124029128,-1.6341673078743273,1.0786522437284283,-1.2575304611474094,-0.860888198689159,-6.131451313614355,-1.6421474132968612,-2.8712658959180573,-0.3656021553142427,-1.61843402561615
Qwen_2.5_7B_base,neutral_88,philosophical_musing,neutral,1,assistant_next,15,]:,5669,52.470149993896484,-1.8892269134521484,-0.0360057463847904,-2.302539587020874,-0.04388284743399273,-0.6035491228103638,-0.011502713883618986,-0.9757449626922607,-0.018596191602382742,5.232419013977051,0.09972182306674757,1.8470350503921509,0.03520163465526599,-1.8315207958221436,-0.03490595693046795,5.073403358459473,0.09669123032904668,-2.8819124698638916,-0.05492479953267002,0.5760931968688965,0.010979446350656702,-0.2238175244156273,0.16708117902386724,-0.011168833463900667,-0.5324605048232497,2.023536540079014,1.1474801795441034,-0.10528762841265815,1.6080530454196098,-1.048551107178501,0.19863961675178693,-0.02836817269588003,-0.0031607963826339657,0.3269259261955103,0.16188256490643818
Qwen_2.5_7B_base,neutral_88,philosophical_musing,neutral,1,user_next,15,]:,5669,51.8996696472168,-1.3181257247924805,-0.025397574469207956,-0.5241920948028564,-0.010100104651262787,0.10317002236843109,0.001987874355843106,-0.15259283781051636,-0.002940150464304533,5.138693332672119,0.09901206245823743,1.504439353942871,0.028987455299217865,-0.4337879419326782,-0.00835820237163958,4.517929553985596,0.0870512198766544,-2.6807312965393066,-0.051652184200040765,-0.9389100074768066,-0.018090866740751155,1.0903651514196422,2.542860370198029,1.1877273932415195,0.3679311836833854,1.8479609836630426,0.31634650126033453,1.6077453533324944,0.9757577110729387,-0.7764401800982522,-3.98763657681412,1.8166127608088356,1.331004654052087,2.6904703305040765,2.0107374922780816
Qwen_2.5_7B_base,neutral_88,philosophical_musing,neutral,1,moderator_next,16,]:,5669,49.776336669921875,-2.4768214225769043,-0.04975901378603384,-2.018606662750244,-0.04055354005129145,-0.7910432815551758,-0.01589195458076319,0.022362947463989258,0.00044926864771674564,4.9877824783325195,0.10020388827341054,0.9807145595550537,0.01970242539257948,-0.7979560494422913,-0.016030831170516183,3.00758695602417,0.06042202293768941,-2.1514177322387695,-0.043221696817612475,-1.2408604621887207,-0.024928722063601156,-1.575953607550027,0.5464007080378813,-0.32923866499732113,0.559303750376264,1.565260907750224,-0.954204528070531,1.1614283211988166,-0.7434639160577257,-0.060508354481600975,-4.821989927731818,-0.5147764497560727,-1.7328776923141476,0.5598544922748017,-0.586511600019673
Qwen_2.5_7B_base,neutral_89,philosophical_musing,neutral,1,assistant_next,12,]:,5669,51.518898010253906,-1.6015392541885376,-0.031086442374403663,-2.523871660232544,-0.04898924002082135,-0.9296700954437256,-0.01804522478836196,-1.387221097946167,-0.026926451293078236,4.714615821838379,0.0915123576769833,1.6649768352508545,0.03231778822053746,-1.7302095890045166,-0.03358397900242644,4.5904974937438965,0.08910317710658797,-3.0914790630340576,-0.060006700112621866,0.5737853050231934,0.011137375355136512,0.4381914949372289,-0.12860688879007845,-0.5644086971451409,-0.9825470453332125,1.053540032100258,0.7058087996043817,0.018877327870700313,1.0583617319336232,-1.3320038727142638,0.19226242054304066,0.15479230307357522,0.6155287858631302,-0.0303329767426903,0.29259790456021995
Qwen_2.5_7B_base,neutral_89,philosophical_musing,neutral,1,user_next,12,]:,5669,52.12527084350586,-0.8985421657562256,-0.01723812943732977,-0.35204029083251953,-0.006753735474860928,0.21197745203971863,0.004066692577504915,-0.30400198698043823,-0.005832142108059914,4.528521537780762,0.0868776596168988,1.7291638851165771,0.033173235498535715,0.20168524980545044,0.0038692412824283258,4.334043025970459,0.0831466763785732,-3.019399881362915,-0.057925835827845745,-1.7611901760101318,-0.033787645560589996,2.05588484442688,2.772846171840039,1.3723110680440742,0.2023147254909899,0.7049311234816469,0.8615259303389173,2.386568383379381,0.7664398408570673,-1.2345119820785735,-6.259771635075645,2.4143655081334594,2.3571993408352534,2.9245925920535023,2.640895966444378
Qwen_2.5_7B_base,neutral_89,philosophical_musing,neutral,1,moderator_next,13,]:,5669,51.432891845703125,-2.632091522216797,-0.05117525823966849,-2.5335512161254883,-0.049259357683523866,-1.050849199295044,-0.020431462466616784,-0.387514591217041,-0.007534372991889533,4.9466352462768555,0.096176494627535,1.2449755668640137,0.02420582475896741,-0.6758180856704712,-0.013139803371311529,3.1866848468780518,0.06195811148317296,-2.5655529499053955,-0.049881561347978734,-1.3556832075119019,-0.026358292502371906,-1.9332515419158454,-0.14153826894547336,-0.7699799928345124,0.11096580896965592,1.4881801326353872,-0.3131100096395727,1.3111181275749844,-0.5395969472355002,-0.6206538002685755,-5.1392696033440615,-1.0373949054306593,-1.9109955088847514,-0.04923123773622393,-0.9801133733104876
Qwen_2.5_7B_base,neutral_90,philosophical_musing,neutral,1,assistant_next,22,]:,5669,49.45820236206055,-1.6004548072814941,-0.03235974481169589,-2.428600788116455,-0.04910410553011603,-0.755378007888794,-0.015273058295953058,-1.1526983976364136,-0.023306516261914323,4.583359241485596,0.09267136738882965,1.3828985691070557,0.027960954969278848,-1.8831762075424194,-0.03807611513569702,4.134230613708496,0.08359039383283105,-2.4520952701568604,-0.04957914265072169,0.8663568496704102,0.017516949834290654,0.44068695697863075,-0.0013299890340492224,-0.26873519298196535,-0.7260181684195187,0.8076581477774286,0.02148979229101278,-0.1685954513032943,0.5389935508606247,-0.46719473692502217,1.0006998474463102,0.21967848397229076,0.45538845882956935,-0.0383693204311692,0.20850956919920008
Qwen_2.5_7B_base,neutral_90,philosophical_musing,neutral,1,user_next,22,]:,5669,49.87533187866211,-1.3329699039459229,-0.02672603577232937,-0.7548518180847168,-0.015134772835620185,-0.09978881478309631,-0.0020007649277575716,-0.21329379081726074,-0.0042765387774494805,4.468496322631836,0.08959331505809123,1.0468833446502686,0.020990002576767832,-0.5192251205444336,-0.0104104594593499,4.104453086853027,0.08229425113076817,-2.5674643516540527,-0.05147763944509163,-0.20929265022277832,-0.004196315940953545,1.0562066459431734,2.234711049993149,0.843422890247015,0.30153442429998917,0.5924863761933015,-0.7936797278067426,1.5030352834347152,0.5050978186992694,-0.623239098352163,-1.971548581538803,1.645458847968161,1.1639271229780854,2.3382294869698588,1.751078304973972
Qwen_2.5_7B_base,neutral_90,philosophical_musing,neutral,1,moderator_next,23,]:,5669,48.82570266723633,-2.712895393371582,-0.055562854094714856,-2.5867486000061035,-0.05297923959508929,-1.008058786392212,-0.02064606818385131,-0.005147814750671387,-0.00010543247653301551,4.52705717086792,0.09271873057764975,0.39686596393585205,0.008128218177229887,-1.0104055404663086,-0.020694132091709238,2.650385618209839,0.05428259038631995,-2.331946849822998,-0.04776064085991766,-1.068065881729126,-0.021875074466584866,-2.119192404447171,-0.21260719006551684,-0.6973892544650383,0.5292115464034912,0.7021879368551037,-2.3706152882379183,0.9010545422850581,-1.1500658791085545,-0.3046860016194238,-4.3445217372486065,-1.1658997972563439,-2.4628133759834907,-0.309485596990432,-1.3861494864869615
Qwen_2.5_7B_base,neutral_91,philosophical_musing,neutral,1,assistant_next,21,]:,5669,51.77958679199219,-1.6016188859939575,-0.03093147290703469,-2.5765788555145264,-0.049760514039347246,-0.6575280427932739,-0.012698595789006216,-1.0819008350372314,-0.02089435049729963,5.360978603363037,0.10353459607352684,1.9011560678482056,0.036716323664101214,-1.8002554178237915,-0.03476766674588845,5.031408309936523,0.09716972694565111,-2.3774337768554688,-0.04591449882375546,1.320571780204773,0.025503714147232282,0.4380082511597576,-0.19902094359323008,-0.10274003813640509,-0.6485773953182046,2.2643661731612936,1.2787772179392434,-0.06696941649621865,1.560250119281854,-0.3662100979366643,2.2557923416429797,0.11949365378326376,0.635018940329071,-0.08429367503174019,0.2753626326486654
Qwen_2.5_7B_base,neutral_91,philosophical_musing,neutral,1,user_next,21,]:,5669,51.292152404785156,-1.124157428741455,-0.02191675287614914,-0.7532896995544434,-0.014686256361590459,-0.04350943863391876,-0.0008482669686105758,-0.23148703575134277,-0.004513108241676105,5.305985450744629,0.10344634026802163,1.7243388891220093,0.033617986539421225,-0.39569711685180664,-0.0077145742243191805,4.499988079071045,0.08773248670787369,-2.0810022354125977,-0.040571552135107054,-0.28188443183898926,-0.005495663929531092,1.5367129780277404,2.2367979586061235,0.938896646925156,0.281634036473175,2.161347947680148,0.849820539085518,1.6544286944901736,0.9553349462397471,0.03473329167020838,-2.172135119149278,1.8867554683169319,1.7687796020395548,2.36960907652098,2.0691943392802674
Qwen_2.5_7B_base,neutral_91,philosophical_musing,neutral,1,moderator_next,22,]:,5669,49.75612258911133,-2.382155418395996,-0.047876628934050196,-2.365328788757324,-0.0475384468418155,-0.7625448703765869,-0.015325648999495449,0.09213113784790039,0.0018516542900403265,5.066074371337891,0.10181811016854747,1.099341869354248,0.02209460488777775,-0.7986977100372314,-0.01605224982326133,3.124772071838379,0.0628017600495704,-1.6268479824066162,-0.032696438101521945,-1.1379401683807373,-0.022870354625056034,-1.3581140632530242,0.0831980911747986,-0.2808932397146003,0.6356185612659848,1.711924474084358,-0.6664158799346392,1.160519357045289,-0.6100722036359687,0.6490071463291204,-4.537599258083534,-0.6374579860391127,-1.4961344670041188,0.0711689682622386,-0.7124827493709401
Qwen_2.5_7B_base,neutral_92,philosophical_musing,neutral,1,assistant_next,15,]:,5669,53.07587432861328,-2.0063843727111816,-0.03780219163774636,-2.468930721282959,-0.046517005183877955,-0.8227146863937378,-0.015500727906995799,-1.4110612869262695,-0.02658573796052502,5.0159759521484375,0.09450576209244503,1.7937912940979004,0.03379673565039822,-2.062962293624878,-0.03886817352931918,5.055309295654297,0.09524683972900606,-3.060516595840454,-0.057663046243790754,0.6959179639816284,0.013111756947665731,-0.4934130118010507,-0.05520866933568182,-0.3829668369514083,-1.0086242519166195,1.6180755129215012,1.01831136781317,-0.3889376248889772,1.5874565899271234,-1.290125075043917,0.5297409428247224,-0.27431084056836624,-0.22909559543794453,0.14263216266515477,-0.04323171638639488
Qwen_2.5_7B_base,neutral_92,philosophical_musing,neutral,1,user_next,15,]:,5669,51.75436782836914,-1.7366594076156616,-0.033555803702885,-0.5429954528808594,-0.010491780223875454,0.3182452917098999,0.006149148469270913,-0.19776803255081177,-0.0038212819680584578,5.066068649291992,0.09788678447570619,1.799721121788025,0.034774284708806905,-0.2649384140968323,-0.005119150812071292,4.234239101409912,0.0818141401215013,-2.5975356101989746,-0.05018968870053778,-1.2703220844268799,-0.024545214978561738,0.1272613685144848,2.517740067759162,1.5525865181572653,0.3185170248161236,1.71191375502232,1.032697069533191,1.8146839033780342,0.6528331228789045,-0.6639124770083585,-4.903398658383779,1.3225007181368236,0.3049628754200678,2.663067504928106,1.4840151901740868
Qwen_2.5_7B_base,neutral_92,philosophical_musing,neutral,1,moderator_next,16,]:,5669,51.02145004272461,-2.834338903427124,-0.05555190809068912,-2.306029796600342,-0.04519726104744782,-1.0361437797546387,-0.020308003376755996,-0.15992319583892822,-0.003134430630744734,4.72299861907959,0.09256888259985988,0.7481366395950317,0.014663178701674554,-0.9942902326583862,-0.019487690605143174,3.0097594261169434,0.058990080125057506,-2.5640406608581543,-0.05025417072057075,-1.6375353336334229,-0.0320950371316804,-2.398650686406252,0.16241844166346855,-0.7450333473114853,0.35991298966668633,1.069243457985842,-1.5184361985421388,0.9208051360477553,-0.7409909952960178,-0.6186083286776818,-5.918086996141614,-1.1181161223713916,-2.4614367221634295,0.23496551430684237,-1.1132356039282936
Qwen_2.5_7B_base,neutral_93,philosophical_musing,neutral,1,assistant_next,19,]:,5669,51.09944534301758,-1.7509130239486694,-0.034264814660809634,-2.5460774898529053,-0.049825932018669375,-0.9694019556045532,-0.01897088997927873,-1.355366826057434,-0.026524100544716316,4.424513816833496,0.08658633742759556,1.6695280075073242,0.0326721356034338,-2.2044436931610107,-0.04314026655990375,4.808897018432617,0.0941085952333086,-2.768099784851074,-0.054170838181696976,0.783615231513977,0.015335102489934428,0.09446182961525089,-0.15827271516297362,-0.6318108293100372,-0.9477037632896095,0.5100943058386644,0.7168498972516276,-0.5623343530508991,1.3069657153653982,-0.8946118755866675,0.7720671519432072,-0.03190544277386136,0.21579219346183404,-0.08887051771033504,0.06346083787574949
Qwen_2.5_7B_base,neutral_93,philosophical_musing,neutral,1,user_next,19,]:,5669,51.51857376098633,-1.3021376132965088,-0.025275109892164437,-0.4327352046966553,-0.00839959597298391,0.08987390995025635,0.001744495303135032,-0.13340425491333008,-0.0025894399859018153,4.616324424743652,0.08960505091155055,2.0325489044189453,0.039452740168015706,-0.4358079433441162,-0.008459239290396315,4.883788108825684,0.09479664812701102,-2.5165114402770996,-0.04884668298373562,-0.7152961492538452,-0.01388423818897565,1.1271560031365517,2.665041989569175,1.1651715319538394,0.3889203059034479,0.8694115574331791,1.5975349043054072,1.6052696806520277,1.3922141765138438,-0.554321894405594,-3.369743909296964,1.8960989963528634,1.3464067430164979,2.80944313851062,2.077924940763559
Qwen_2.5_7B_base,neutral_93,philosophical_musing,neutral,1,moderator_next,20,]:,5669,50.31932830810547,-2.5770175457000732,-0.051213273951531774,-2.6303164958953857,-0.05227248821347428,-1.0981860160827637,-0.0218243377447045,-0.34716272354125977,-0.006899192322591846,4.703066349029541,0.0934644103401509,1.0344842672348022,0.020558387840565965,-1.3265621662139893,-0.02636287507836836,3.4750614166259766,0.06906017098138036,-2.2092652320861816,-0.04390490307340434,-0.9657355546951294,-0.019192139226937337,-1.806518718968128,-0.27081161912673507,-0.8502833657064686,0.1551040492447601,1.031904498631843,-0.8237597636228591,0.5135794065350722,-0.2113381560595335,-0.1387509482225048,-4.061761271321247,-1.0386651690474316,-1.915776657771222,-0.2600391004760209,-1.0879078791236214
Qwen_2.5_7B_base,neutral_94,philosophical_musing,neutral,1,assistant_next,19,]:,5669,51.50273513793945,-1.5859379768371582,-0.030793276756847,-2.542354106903076,-0.04936347749481469,-0.7685127854347229,-0.014921785869748858,-1.296593427658081,-0.02517523436736754,4.624272346496582,0.08978692751193548,1.547693133354187,0.030050697874763548,-2.210526466369629,-0.042920564518548185,5.017286777496338,0.0974178704113203,-2.786428689956665,-0.054102538098098875,0.9698801040649414,0.018831623242286405,0.47409218788483565,-0.1532984703814075,-0.29101736171314546,-0.8834154284551837,0.8843003346038798,0.4212797305868856,-0.5697892762845077,1.5441755915474424,-0.9194029396719804,1.2867566254842546,0.16039685875171406,0.6523995531651686,-0.05651577940108544,0.2979418868820416
Qwen_2.5_7B_base,neutral_94,philosophical_musing,neutral,1,user_next,19,]:,5669,50.539615631103516,-0.9614918231964111,-0.019024517919061533,-0.6729052066802979,-0.013314410849341183,0.29408758878707886,0.005818951828475897,-0.25410884618759155,-0.005027914102916243,4.455280780792236,0.08815422763228001,1.569329023361206,0.031051463367192614,-0.7204759120941162,-0.014255666630964935,4.813953399658203,0.09525108846881612,-2.3215205669403076,-0.045934670019761245,-0.6057697534561157,-0.011986037999927087,1.9110289924336252,2.3441874346782554,1.5116047801109394,0.2568895336284581,0.5677298091615058,0.47376817988980613,1.2563864030227017,1.3127213895877752,-0.29058376007104364,-3.067099174302406,2.1276082135559404,2.13252935883014,2.465587600375773,2.2990584796029565
Qwen_2.5_7B_base,neutral_94,philosophical_musing,neutral,1,moderator_next,20,]:,5669,49.32197570800781,-2.3711023330688477,-0.04807395281782843,-2.582263708114624,-0.05235523660694259,-0.7015088200569153,-0.01422304783997166,0.03569531440734863,0.0007237202868487934,4.83664608001709,0.09806269944761807,0.7349945306777954,0.014901968547023619,-1.0045238733291626,-0.020366659261098298,3.2000937461853027,0.06488170232940896,-1.972758412361145,-0.03999755451890489,-1.1485517024993896,-0.023286814569208614,-1.3326793880327563,-0.20661560918660027,-0.17735014070495977,0.5738871451353385,1.2821383221420766,-1.5503188212312002,0.9082629940042408,-0.5243336091583258,0.1811402668085812,-4.5669211846185425,-0.7696474986096783,-1.5209514392758265,-0.26582843213583923,-0.8933899357058329
Qwen_2.5_7B_base,neutral_95,philosophical_musing,neutral,1,assistant_next,15,]:,5669,52.57027053833008,-1.9606260061264038,-0.03729533795525877,-2.7061004638671875,-0.05147587098480144,-0.9386675357818604,-0.01785548231290646,-1.204075813293457,-0.02290412054120095,5.203878402709961,0.09898899795304848,1.6410330533981323,0.031215990265859882,-2.155703067779541,-0.04100612467283715,4.9803361892700195,0.09473674261650894,-3.0764660835266113,-0.05852102437409935,0.7442518472671509,0.014157276339761299,-0.38811669333012166,-0.372055034668349,-0.5796721824277815,-0.7822165267013471,1.9700716451441018,0.6477214281355362,-0.5025988330643699,1.5021147700493067,-1.3116978187008648,0.6632977461109317,-0.38008586399923533,-0.16534977033425863,-0.2043053133967786,-0.1848275418655186
Qwen_2.5_7B_base,neutral_95,philosophical_musing,neutral,1,user_next,15,]:,5669,50.31693649291992,-0.9166785478591919,-0.018218091397280863,0.019111156463623047,0.0003798155809090677,0.07286716997623444,0.0014481638798993167,-0.13851428031921387,-0.0027528361218633443,4.485173225402832,0.08913844001679115,1.4588441848754883,0.028993104241963573,-0.5818975567817688,-0.011564645968930311,3.6515016555786133,0.07257003128742576,-2.518702507019043,-0.05005675389982156,-1.5175472497940063,-0.0301597703589832,2.014150525473727,3.2686850835932026,1.1363208682601924,0.38333078695009953,0.6237270825028818,0.20573308442030563,1.4262252191780689,-0.010496390017242023,-0.5572854580064632,-5.586534391204734,2.641417804533465,2.233951772817757,3.423677725227883,2.82881474902282
Qwen_2.5_7B_base,neutral_95,philosophical_musing,neutral,1,moderator_next,16,]:,5669,49.896705627441406,-2.2171273231506348,-0.04443434281423369,-2.1454098224639893,-0.04299702346048454,-0.9611607789993286,-0.01926301079225408,0.12017053365707397,0.0024083861278205204,4.434654235839844,0.08887669396355784,0.3944445550441742,0.007905222400639688,-1.0096911191940308,-0.020235626911583853,2.637467861175537,0.05285855705321403,-2.4739983081817627,-0.04958239781708458,-2.157649517059326,-0.04324232411593715,-0.9783616339041359,0.3769983220917511,-0.6178302889454245,0.666289002578342,0.5290902702802364,-2.3764896016038692,0.9019301224782736,-1.164770150376124,-0.4968200536698161,-7.355273147145287,-0.3006816559061924,-1.063206037099613,0.3889008910245347,-0.3371525730375392
Qwen_2.5_7B_base,neutral_96,philosophical_musing,neutral,1,assistant_next,16,]:,5669,52.28402328491211,-1.8767203092575073,-0.0358947187180043,-2.9742538928985596,-0.056886477092455444,-0.8270710706710815,-0.01581881077062702,-1.2076292037963867,-0.023097480414153188,4.832775115966797,0.09243311459853583,1.5639501810073853,0.029912582902905695,-2.259467363357544,-0.043215254324346745,4.774864673614502,0.09132550201033231,-2.932260036468506,-0.05608328992758835,0.9341849088668823,0.017867502349163424,-0.19503810162244412,-0.7302939837615606,-0.39035711738716034,-0.7861033456478643,1.2748868766734092,0.4607191629967949,-0.6297702450820835,1.2682267277262729,-1.1166495420301183,1.1881232064566967,-0.4626660426920024,0.010802898610921178,-0.5828479282433392,-0.286022514816209
Qwen_2.5_7B_base,neutral_96,philosophical_musing,neutral,1,user_next,16,]:,5669,51.20779037475586,-1.1585272550582886,-0.022624043071958307,-1.1220636367797852,-0.021911971373264606,0.0885869711637497,0.0017299510585291886,-0.19413602352142334,-0.003791142365266506,4.7020769119262695,0.09182346821674763,1.6478098630905151,0.032178890185092686,-0.6873494386672974,-0.01342275137507482,4.51590633392334,0.08818787729121715,-2.4001197814941406,-0.046870207910344415,-0.9937987327575684,-0.01940717858522335,1.4576232629055286,1.744135275895784,1.1629883364571993,0.3224898393710422,1.030050994154449,0.6641618995863885,1.296985535676081,0.9734546814873535,-0.39689442913904854,-4.139305803175439,1.6008792694006564,1.6798253363857643,1.8640758700312623,1.7719506032085133
Qwen_2.5_7B_base,neutral_96,philosophical_musing,neutral,1,moderator_next,17,]:,5669,50.9659538269043,-2.61885142326355,-0.05138433064861214,-3.021219491958618,-0.05927917099755629,-0.9935871362686157,-0.01949511510454874,-0.060326576232910156,-0.0011836642249019285,4.580381393432617,0.0898713955003956,0.834765613079071,0.01637888728452304,-1.201018214225769,-0.02356510815641336,2.923966884613037,0.05737098327529997,-2.2460789680480957,-0.044070184101262094,-1.4243055582046509,-0.027946216076756274,-1.9027842464238884,-0.7930375664618964,-0.6728391812913576,0.46885514724114274,0.8020797692418499,-1.308275189154223,0.6674435228545835,-0.8386485684844472,-0.1885439763490575,-5.328887758756249,-1.3479109064428925,-1.9372900662195593,-0.750248139854201,-1.3437691030368801
Qwen_2.5_7B_base,neutral_97,philosophical_musing,neutral,1,assistant_next,18,]:,5669,50.058494567871094,-1.6700196266174316,-0.03336136336167999,-2.3142013549804688,-0.04622994308873576,-0.52326899766922,-0.010453150902485754,-0.9496207237243652,-0.018970221376450616,5.177267551422119,0.10342435576848191,1.957902193069458,0.03911228673516868,-1.5598196983337402,-0.03115994022191141,4.7160139083862305,0.09421006262967198,-2.6404457092285156,-0.05274720568451185,1.1233561038970947,0.022440868699597195,0.2806087042377155,0.15150166727380365,0.12502040064381026,-0.5038849269631628,1.9202217538814852,1.4164427410975977,0.22770371530429867,1.2012369543528691,-0.7219512419438586,1.7108434673721882,0.21605518575575958,0.32941719115616636,0.16271590817468992,0.24606654966542812
Qwen_2.5_7B_base,neutral_97,philosophical_musing,neutral,1,user_next,18,]:,5669,50.20573806762695,-1.2201852798461914,-0.02430370166459073,-0.3780648708343506,-0.007530311979979231,0.6558932662010193,0.013064109630607031,0.4717707633972168,0.009396749884679381,5.575206756591797,0.11104720239511294,2.0700063705444336,0.04123047385054159,0.06175816059112549,0.001230101637146285,4.456450462341309,0.08876376752670154,-2.092134952545166,-0.04167123187646535,-0.04762077331542969,-0.0009485125634700295,1.3157396359555398,2.7380786947873497,2.125381079240959,1.0508812486112709,2.6656780300549534,1.6884063365000488,2.2150765863620014,0.9057761160931844,0.019675550780220482,-1.5248147874946856,2.026909165371445,1.468578527732122,2.8702609155228394,2.169419721627481
Qwen_2.5_7B_base,neutral_97,philosophical_musing,neutral,1,moderator_next,19,]:,5669,49.0717658996582,-2.2480576038360596,-0.045811630427828515,-2.2458322048187256,-0.04576628054125862,-0.6684449911117554,-0.013621783908869096,-0.09407460689544678,-0.0019170821585636484,5.089099884033203,0.10370729055154401,1.158182144165039,0.023601802847961217,-1.0168039798736572,-0.02072075380276338,3.178647994995117,0.06477549639225959,-2.0767507553100586,-0.04232068516866893,-0.8866182565689087,-0.018067787867709163,-1.0495364796979354,0.2428392742281917,-0.12125982529011839,0.43194040767659336,1.7550579797250343,-0.5236699711518632,0.8932127449730856,-0.5487452885388817,0.040483701477683945,-3.843143343190794,-0.40334860273487183,-1.2364243412515978,0.19515516352542092,-0.5206345888630884
Qwen_2.5_7B_base,neutral_98,philosophical_musing,neutral,1,assistant_next,14,]:,5669,52.347496032714844,-1.9698312282562256,-0.03762990357791267,-2.4908666610717773,-0.04758330101434263,-0.7505656480789185,-0.014338138496822245,-0.9872910976409912,-0.01886033091294335,5.002265453338623,0.0955588295992693,1.7556933164596558,0.033539203391169385,-1.9380711317062378,-0.03702318694470181,4.705106258392334,0.08988216466842756,-2.9986624717712402,-0.05728378048679177,0.6835362911224365,0.013057669285561565,-0.40929918023514594,-0.08451393701659181,-0.26057138412385256,-0.5450900584962192,1.5923917470234237,0.9258860611971693,-0.23587355481309158,1.1888207861298516,-1.2064632553712822,0.49552774632568153,-0.24690655862586888,-0.2074273213204315,0.06803083264168747,-0.06969824433937202
Qwen_2.5_7B_base,neutral_98,philosophical_musing,neutral,1,user_next,14,]:,5669,51.447792053222656,-1.2553298473358154,-0.024400072330357323,-0.34450626373291016,-0.006696230294519131,0.291370153427124,0.0056634141485741914,0.23921912908554077,0.00464974529593163,4.481449604034424,0.0871067430726351,1.661426305770874,0.032293442331832845,-0.33202624320983887,-0.006453653887932805,3.6534905433654785,0.07101355369314875,-2.555283308029175,-0.04966750187035701,-1.5737460851669312,-0.030589186092551717,1.2348671344414326,2.78291123780005,1.5069948540581488,0.7965083904801586,0.6167516528816914,0.6971952511648204,1.732462423340225,-0.008232440829998027,-0.6067634261071129,-5.741823730496534,2.008889186120741,1.4564582101388224,2.928615831021686,2.192537020580254
Qwen_2.5_7B_base,neutral_98,philosophical_musing,neutral,1,moderator_next,15,]:,5669,50.633914947509766,-2.3916521072387695,-0.047234192926186004,-2.2773513793945312,-0.04497679829330546,-0.963717520236969,-0.019033043785692216,0.201604962348938,0.003981619089851814,4.473358631134033,0.08834708190688775,0.6743259429931641,0.013317673414987007,-0.9333512783050537,-0.0184333223941428,2.410234212875366,0.04760118223870233,-2.4464337825775146,-0.04831610957030754,-1.6460472345352173,-0.03250878855094676,-1.379967255301637,0.20073130634909708,-0.6221676094260996,0.7553647402653149,0.6015948991600422,-1.6975001984674263,0.9954906801342622,-1.4234300088060952,-0.45953719815829297,-5.941607189369564,-0.58961797447627,-1.4153367638156373,0.25038976544781255,-0.5824734991839124
Qwen_2.5_7B_base,neutral_99,philosophical_musing,neutral,1,assistant_next,22,]:,5669,49.846763610839844,-1.5893683433532715,-0.03188508597592567,-2.348937749862671,-0.04712317469998921,-0.9148634672164917,-0.01835351788049771,-1.0280554294586182,-0.020624316504974736,4.6581196784973145,0.0934487886688865,1.636512041091919,0.03283085846592531,-1.5985866785049438,-0.03207001944971428,4.323543548583984,0.08673669533168593,-2.4859437942504883,-0.04987171912821812,0.9808788299560547,0.01967788395679814,0.46619844096789836,0.10509566141798796,-0.5392903586467978,-0.5896794660269242,0.9477062663238129,0.6367534982211405,0.18019169220837175,0.754488295147663,-0.512977118641998,1.317148445267507,0.28564705119294315,0.5150852119051841,0.10022268226619792,0.307653947085691
Qwen_2.5_7B_base,neutral_99,philosophical_musing,neutral,1,user_next,22,]:,5669,48.56868362426758,-0.9284619092941284,-0.01911647259120315,-0.12396240234375,-0.0025523113474257638,0.23469480872154236,0.0048322250307866275,0.16424888372421265,0.0033817857818601634,4.662541389465332,0.09599892444142073,1.7896581888198853,0.03684798630049083,0.4381521940231323,0.00902129029093569,4.101543426513672,0.08444831361384306,-2.0760416984558105,-0.042744450611762234,-0.45444440841674805,-0.009356737191651674,1.9870353841145536,3.077546295865141,1.410849366309178,0.714503395573123,0.9559894215136322,1.008284496407448,2.6763774648574175,0.5017857549398441,0.04144274806625687,-2.648955049191435,2.532290839989847,2.120964430626329,3.2185371231530557,2.6697507768896926
Qwen_2.5_7B_base,neutral_99,philosophical_musing,neutral,1,moderator_next,23,]:,5669,48.7518424987793,-2.3524632453918457,-0.04825383256952287,-2.230842113494873,-0.04575913440708895,-1.0520107746124268,-0.021578892626238036,-0.0378117561340332,-0.000775596453302867,4.529608249664307,0.092911529441738,0.7190227508544922,0.014748627210807384,-0.7116845846176147,-0.01459810641280757,2.7717719078063965,0.056854710832227505,-2.1764302253723145,-0.04464303529506214,-0.9784401655197144,-0.020069808962486158,-1.2897882741550581,0.26286525182641196,-0.7719505185724165,0.4934826204292406,0.7069668520136859,-1.5890661967845465,1.2671608753252326,-1.0118919743314359,-0.09433941621905398,-4.096866814128629,-0.513461511164323,-1.5435745030660137,0.19565512901187607,-0.6739596870270689
Qwen_2.5_7B_base,neutral_100,philosophical_musing,neutral,1,assistant_next,17,]:,5669,49.45967102050781,-1.6111589670181274,-0.03257520589552812,-2.3708314895629883,-0.04793463928581235,-0.6742554903030396,-0.013632429743082364,-0.7495676279067993,-0.015155127651293936,4.51625919342041,0.09131195376426587,1.4431169033050537,0.02917764864846521,-1.7436444759368896,-0.035253863197228105,3.996541976928711,0.08080405499000583,-2.6607372760772705,-0.053796097328953726,0.6568121910095215,0.013279752522761076,0.4160552077114446,0.07584677084704386,-0.13111690303200282,-0.28506007152099877,0.6819601735343384,0.16757885914393822,0.0024118034629925754,0.3822626988794565,-0.7493969366670774,0.4216833717552103,0.24595098927924425,0.4282904125073816,0.04345012849660551,0.23587027050199355
Qwen_2.5_7B_base,neutral_100,philosophical_musing,neutral,1,user_next,17,]:,5669,49.2881965637207,-0.8164072036743164,-0.016563949598335372,-0.25154852867126465,-0.005103626145989294,0.4386093020439148,0.008898870979725795,0.2913217544555664,0.00591057849071309,4.408441066741943,0.08944212558158074,1.5134971141815186,0.030707090534847246,0.07964599132537842,0.001615924234971969,3.942251205444336,0.07998367723492825,-2.392845392227173,-0.048548041094050934,-0.5774475336074829,-0.011715736705053673,2.24488873093911,2.9070979074945593,1.7567750685949002,0.8535000077213649,0.4799853538292568,0.3383205355584392,2.2369995482029434,0.3204635623024121,-0.38705533348876325,-2.9888388548778826,2.5759933192168347,2.4419893928558785,3.0400393068402503,2.741014349848064
Qwen_2.5_7B_base,neutral_100,philosophical_musing,neutral,1,moderator_next,18,]:,5669,49.00410461425781,-2.4476404190063477,-0.04994766128823836,-2.34513521194458,-0.047855893509423694,-0.7259684205055237,-0.014814441080396807,0.2780400514602661,0.005673811482709348,4.5480451583862305,0.0928094736999433,0.7224541306495667,0.014742726886583448,-0.8321254849433899,-0.016980730318277907,2.4763247966766357,0.05053300771780953,-2.16607403755188,-0.044201889915190036,-1.2908035516738892,-0.026340723125840525,-1.5088040898858888,0.1101756530950833,-0.21884402534726688,0.8389720309055363,0.741504563155103,-1.5807417042698222,1.1195509554217191,-1.3481991564324696,-0.08033198290774193,-4.959993310130726,-0.6993142183954028,-1.7566034559758745,0.04895942477676072,-0.853822015599557
Qwen_2.5_7B_base,userpain_01,user_physical_pain,user_suffering,1,assistant_next,22,]:,5669,50.13921356201172,-2.5103042125701904,-0.05006668502020817,-3.782701015472412,-0.0754439638506496,-1.1876171827316284,-0.023686394308175464,-1.467050313949585,-0.029259539783868978,3.501220941543579,0.06982999318912933,0.7179470062255859,0.014319071944310329,-3.215805768966675,-0.06413753907387071,4.046929359436035,0.08071385791543838,-2.4495034217834473,-0.048854045521753625,0.27645623683929443,0.005513772897482245,-1.6530021296360653,-1.8103370346166165,-1.001996658004588,-1.0698669469854185,-1.2195027273002086,-1.5916759423230438,-1.8018391607974815,0.4396186112784191,-0.4636890894924814,-0.6293210561275252,-1.731669582126341,-1.7715727977474443,-1.8811866767413585,-1.8263797372444013
Qwen_2.5_7B_base,userpain_01,user_physical_pain,user_suffering,1,user_next,22,]:,5669,49.45784378051758,-1.7520787715911865,-0.03542570071122601,-1.5823721885681152,-0.0319943626250735,0.028086543083190918,0.0005678885478273674,-0.35135912895202637,-0.0071042144601223736,3.13785982131958,0.06344513997101599,0.8541191816329956,0.017269640492686623,-1.7197816371917725,-0.034772677208164675,3.8844597339630127,0.07854082258824996,-2.0000081062316895,-0.0404386433647868,-0.7318872213363647,-0.014798203184601217,0.09177928335792779,1.129187138007242,1.0603538805567665,0.1505138788020836,-1.9001841582059813,-1.2613236285045937,0.03165761370112305,0.25467958205283064,0.1442832421713723,-3.415588571463724,0.6104832106825849,0.06979021756228385,1.158680823260674,0.6142355204114789
Qwen_2.5_7B_base,userpain_01,user_physical_pain,user_suffering,1,moderator_next,23,]:,5669,51.15570068359375,-3.2721753120422363,-0.06396501794162038,-3.9593441486358643,-0.07739790669909978,-1.54954195022583,-0.030290699365257388,-0.3957633972167969,-0.007736447588992227,3.2553515434265137,0.06363614416233662,-0.10037544369697571,-0.001962155582968436,-2.4216268062591553,-0.04733835670118776,2.731471538543701,0.053395252181927734,-2.194037914276123,-0.04288941183401242,-1.542402744293213,-0.030151141000554802,-3.4061727061070455,-2.046323017035674,-1.6159749845578593,0.10194298543828152,-1.68008787087059,-3.5769178904133514,-0.8285095629845641,-1.0577658485844001,-0.11815498738895559,-5.655215410890282,-2.72624786157136,-3.5195342514216748,-2.0178905173825648,-2.7687123844021198
Qwen_2.5_7B_base,userpain_02,user_physical_pain,user_suffering,1,assistant_next,20,]:,5669,50.203216552734375,-2.1246657371520996,-0.042321306940966856,-3.6953132152557373,-0.07360710067997561,-1.1818044185638428,-0.023540412342353677,-1.2945698499679565,-0.02578659175370002,3.5656299591064453,0.07102393439992122,0.5988290309906006,0.011928100869026582,-3.199131727218628,-0.06372364057307367,4.104367256164551,0.08175506547181591,-2.6705517768859863,-0.053194834121450964,0.5538845062255859,0.011032848973805803,-0.7655947601655151,-1.6935915064081126,-0.9921357378992983,-0.8812019706043676,-1.098845838608045,-1.8806549398202448,-1.781403794072061,0.5050001177034161,-0.7626717022415913,0.13727227926782873,-1.229593133286814,-0.7974543618745248,-1.7526740898135025,-1.2750642258440137
Qwen_2.5_7B_base,userpain_02,user_physical_pain,user_suffering,1,user_next,20,]:,5669,50.03190231323242,-2.1198368072509766,-0.042369702314723354,-2.213496685028076,-0.044241705445660244,-0.1684337854385376,-0.003366527708341609,0.04064977169036865,0.0008124770358695239,3.5178351402282715,0.07031184059731176,0.26135897636413574,0.005223846471554443,-2.120720386505127,-0.04238736263170708,3.6207845211029053,0.07236951532313177,-2.591777801513672,-0.051802503636328844,-0.9576860666275024,-0.019141508164765782,-0.7544827258274801,0.2860378365961179,0.7269718263943554,0.5793064984041322,-1.1883794840454607,-2.6993538631263134,-0.4597247697938439,-0.045461676691535315,-0.6561246575349099,-4.03951882313946,-0.2342224446156811,-0.8035409370300378,0.3018191179392062,-0.25086090954541584
Qwen_2.5_7B_base,userpain_02,user_physical_pain,user_suffering,1,moderator_next,21,]:,5669,51.48606872558594,-3.0155444145202637,-0.05857010428573842,-3.8358097076416016,-0.07450189541730151,-1.548088788986206,-0.030068110215159722,-0.0685354471206665,-0.0013311454693880696,3.82960844039917,0.07438144987939331,-0.302695095539093,-0.005879165044672931,-2.1611177921295166,-0.04197480688704344,2.692930221557617,0.052304055994459114,-2.5658316612243652,-0.049835455002399096,-1.4112251996994019,-0.02740984570449628,-2.815629582919092,-1.8812874682513079,-1.6135098050889503,0.4598760060885621,-0.6043370968255035,-4.067743309901728,-0.5092350091925589,-1.1016373952056828,-0.62103077587787,-5.2927439451611615,-2.3484585255852,-2.8410283349420027,-1.8152766768211073,-2.328152505881555
Qwen_2.5_7B_base,userpain_03,user_physical_pain,user_suffering,1,assistant_next,21,]:,5669,49.552242279052734,-2.865428924560547,-0.05782642303902062,-3.972710132598877,-0.08017215669528369,-1.3819897174835205,-0.02788954957276939,-1.1597235202789307,-0.02340405735320643,3.866455078125,0.07802785303541088,0.3273971676826477,0.006607111053399265,-3.3059072494506836,-0.06671559343033388,3.8697779178619385,0.07809491033865512,-2.512310266494751,-0.050700233752222795,0.1508159637451172,0.0030435749586426235,-2.4701931170231224,-2.0641792721870718,-1.331735140510614,-0.7337024856275571,-0.5353125900873494,-2.5391458820377717,-1.912265704284439,0.23796728392882138,-0.5486395272444495,-0.9764918625644833,-2.267186194605097,-2.747497250283612,-2.211985564572918,-2.479741407428265
Qwen_2.5_7B_base,userpain_03,user_physical_pain,user_suffering,1,user_next,21,]:,5669,49.028987884521484,-2.680026054382324,-0.05466207176649494,-2.4608516693115234,-0.050191769716062554,-0.49241724610328674,-0.010043389989266809,0.13019704818725586,0.0026555116433141634,3.835571765899658,0.07823069435848079,-3.740191459655762e-05,-7.628530836624807e-07,-2.192059278488159,-0.04470945399997121,3.6451473236083984,0.07434677893400235,-2.3094863891601562,-0.04710450875714006,-1.2167268991470337,-0.024816480038560126,-2.0435555178085387,-0.044415478667298065,0.17735809206193745,0.6772563439418399,-0.5931660476716288,-3.3334988206390013,-0.5471562660973237,-0.017729520410244535,-0.27430673365604086,-4.755303758265286,-1.0439854982379184,-2.349524048638801,-0.11446564620892477,-1.231994847423863
Qwen_2.5_7B_base,userpain_03,user_physical_pain,user_suffering,1,moderator_next,22,]:,5669,50.648155212402344,-3.702515125274658,-0.07310266503779814,-4.27304220199585,-0.08436718344579505,-1.6150773763656616,-0.03188817775479754,0.13280212879180908,0.002622052634195243,4.0523881912231445,0.08001057835628386,-0.5040064454078674,-0.009951131355016265,-2.479228973388672,-0.048950035060340694,2.6680476665496826,0.05267808186420087,-2.200355052947998,-0.04344393282875565,-1.7709016799926758,-0.0349647814923579,-4.396444024924516,-2.4654072009456245,-1.7271509384719113,0.680105869385957,-0.18700560171614034,-4.556122599048684,-0.8991056084579732,-1.129961185295196,-0.12669933789696775,-6.286606586849494,-3.43092561293507,-4.668755168182823,-2.5054825155417597,-3.5871188418622912
Qwen_2.5_7B_base,userpain_04,user_physical_pain,user_suffering,1,assistant_next,22,]:,5669,51.00812911987305,-2.486696720123291,-0.0487509885782982,-3.872507333755493,-0.07591941521036386,-1.2390291690826416,-0.024290817766925488,-1.301415205001831,-0.02551387842403325,3.8912158012390137,0.07628618944432083,0.6222086548805237,0.012198225373416171,-3.4269185066223145,-0.06718377179780091,4.278924465179443,0.08388710856506107,-2.6983087062835693,-0.05289958194589602,0.3296184539794922,0.006462076921207272,-1.5986780304927253,-1.930313576404182,-1.089213251561094,-0.8886896519102538,-0.4889285288836673,-1.8239362098364325,-2.0605746419477455,0.7036984324533493,-0.8002147966895564,-0.4824225390994331,-1.7644958034484537,-1.606100673989937,-1.9144507135900188,-1.760275693789978
Qwen_2.5_7B_base,userpain_04,user_physical_pain,user_suffering,1,user_next,22,]:,5669,49.46976089477539,-2.0703659057617188,-0.04185114033935779,-2.068819046020508,-0.04181987154579112,-0.05724439024925232,-0.001157159226441663,0.059653282165527344,0.001205853456466321,3.8925986289978027,0.07868642497135879,0.7493737936019897,0.015148118366610758,-2.0195329189300537,-0.04082358358726858,4.003332138061523,0.08092483298184536,-2.22281813621521,-0.04493286597732407,-1.0613209009170532,-0.021453932295620648,-0.6406433520245322,0.47931959153237375,0.91559632772772,0.6000931821373969,-0.48633808889116475,-1.5154348754926572,-0.3357114658115964,0.3899919332180694,-0.15708215310731574,-4.325883920167662,-0.0806618802460792,-0.7383225867857643,0.47125805304919594,-0.1335322668682842
Qwen_2.5_7B_base,userpain_04,user_physical_pain,user_suffering,1,moderator_next,23,]:,5669,51.28293991088867,-3.2762298583984375,-0.06388537521622879,-3.992724895477295,-0.07785678633898947,-1.4581365585327148,-0.02843317019395597,0.08043050765991211,0.001568367722280966,3.810863494873047,0.07431055047731193,-0.132240891456604,-0.0025786526998333396,-2.402571439743042,-0.046849331257487345,2.690847396850586,0.05247061501400489,-2.2113802433013916,-0.04312116752947425,-1.6020798683166504,-0.03124001609698059,-3.4155027770042814,-2.0909179480481788,-1.460912566977984,0.6228200154649058,-0.6394518508066299,-3.654223142875973,-0.8051556930154136,-1.104008272705055,-0.14161164166138523,-5.820116001782227,-2.75321036252623,-3.509517768521371,-2.049995145834073,-2.7797564571777222
Qwen_2.5_7B_base,userpain_05,user_physical_pain,user_suffering,1,assistant_next,27,]:,5669,51.4742431640625,-2.550705909729004,-0.049553053195929585,-3.5184555053710938,-0.06835371030433246,-1.0931378602981567,-0.021236598988236256,-1.0784754753112793,-0.02095175002134335,4.041116714477539,0.07850754991379658,0.7098380327224731,0.01379015968161057,-2.998436212539673,-0.058251195709334395,4.303278923034668,0.08360062544909967,-2.5903382301330566,-0.05032299788997266,0.28412067890167236,0.005519666952578633,-1.7459720122676639,-1.457318860718042,-0.8417195465949102,-0.6448306207741484,-0.20812036742054532,-1.6113482296418822,-1.5354354497087708,0.7314210900267099,-0.6541775414280494,-0.6081425719826319,-1.601645436492853,-1.7069745012973607,-1.3851307702596107,-1.5460526357784858
Qwen_2.5_7B_base,userpain_05,user_physical_pain,user_suffering,1,user_next,27,]:,5669,50.27358627319336,-1.8572155237197876,-0.03694217304545236,-1.6678879261016846,-0.0331762273142433,0.42950427532196045,0.00854333870251422,0.5304083824157715,0.010550438545073386,4.230234146118164,0.08414426858530658,0.943351149559021,0.018764349621543316,-1.0117584466934204,-0.020125050184313296,3.7423620223999023,0.07443992561150121,-1.6794370412826538,-0.0334059526240354,-0.8175170421600342,-0.016261363128493314,-0.1501548974573259,1.0149425875809532,1.7413290710505132,1.115021063357798,0.14615177897477816,-1.0448477810508692,0.8993964479061488,0.09292988419301183,0.5778769439918043,-3.6522019854454175,0.43239384506181366,-0.12093302966308883,1.0759939410645614,0.47753045570073627
Qwen_2.5_7B_base,userpain_05,user_physical_pain,user_suffering,1,moderator_next,28,]:,5669,51.75725173950195,-3.0288045406341553,-0.058519423633201215,-3.5157952308654785,-0.06792855325009786,-1.2484593391418457,-0.02412143800496659,0.15102648735046387,0.0029179773321541735,3.9649264812469482,0.0766062019908382,-0.07964342832565308,-0.0015387878152129154,-1.9027819633483887,-0.03676358190201501,2.9630560874938965,0.05724910013397109,-2.2286734580993652,-0.043060119755130015,-1.416068196296692,-0.02735980270791554,-2.846142963672449,-1.4537648731869726,-1.1052108304837789,0.7000402903496821,-0.35084691159366027,-3.526622231791866,-0.19262386720137464,-0.7941533638396346,-0.16500186567246786,-5.30612617518061,-2.149953918429711,-2.8346543455158604,-1.3553854774350682,-2.095019911475464
Qwen_2.5_7B_base,userpain_06,user_physical_pain,user_suffering,1,assistant_next,26,]:,5669,49.58544921875,-2.0605998039245605,-0.04155654201768077,-3.7196614742279053,-0.07501518152670826,-1.0154898166656494,-0.020479592958525767,-1.261425256729126,-0.025439423794755837,3.878072738647461,0.07820989422802335,1.0832643508911133,0.021846415994180263,-2.9408481121063232,-0.05930869153030251,4.268796920776367,0.08608970954249588,-1.9976441860198975,-0.040286903063177615,0.882818341255188,0.01780397990064721,-0.6181702034832767,-1.7261195062846995,-0.7099954421085102,-0.8449472913426653,-0.5135493211296489,-0.7054197763537489,-1.464856644092328,0.6921702577259757,0.14748060159494344,1.0461864511275893,-1.1721448548839881,-0.7012716315726246,-1.8511877489178887,-1.2762296902452568
Qwen_2.5_7B_base,userpain_06,user_physical_pain,user_suffering,1,user_next,26,]:,5669,47.32754135131836,-1.663318157196045,-0.03514482497303257,-1.9782592058181763,-0.04179932338198823,0.17341487109661102,0.0036641428256188164,0.2690941095352173,0.005685782566596846,3.8714325428009033,0.08180083799542358,1.2699553966522217,0.02683332707324011,-1.0695009231567383,-0.02259785513085704,3.4266867637634277,0.07240365051559929,-1.1961427927017212,-0.025273715019814808,-0.2993868589401245,-0.006325848552278213,0.29602971051664745,0.6003027991733133,1.306892530708401,0.8291866564751001,-0.5259883459970951,-0.2525091964070881,0.8286284421645244,-0.26640298010573726,1.2315645821572934,-2.220498049137105,0.4481662548449804,0.10511531492543927,0.47269566567548527,0.28890549030046225
Qwen_2.5_7B_base,userpain_06,user_physical_pain,user_suffering,1,moderator_next,27,]:,5669,50.45561981201172,-2.5621910095214844,-0.050781082842064625,-3.6523494720458984,-0.07238736706939436,-1.371787428855896,-0.027188000741382654,-0.0924907922744751,-0.0018331118043753824,3.903812885284424,0.0773712204870202,0.37954482436180115,0.007522349854702306,-1.6769839525222778,-0.03323681204929023,2.7536158561706543,0.05457500802547102,-1.522483229637146,-0.030174700762960322,-0.8863662481307983,-0.017567245262930763,-1.7724008124124164,-1.6361941937121687,-1.3144277201260646,0.43367283778003635,-0.4653305138071392,-2.4126361968349963,0.08410958632032783,-1.0325589916542608,0.7901674207290664,-3.8424469902576694,-1.7042975030622927,-1.861420973226826,-1.6673377816108965,-1.7643793774188614
Qwen_2.5_7B_base,userpain_07,user_physical_pain,user_suffering,1,assistant_next,23,]:,5669,49.87739181518555,-2.558328151702881,-0.051292340248713215,-4.045863151550293,-0.08111617316602548,-1.3156919479370117,-0.026378523416223206,-1.3558048009872437,-0.027182752578783775,3.7209181785583496,0.07460129816622625,0.43170976638793945,0.008655419834051992,-3.3494374752044678,-0.0671534206843732,4.199850082397461,0.08420348237051932,-2.2591805458068848,-0.045294680888246855,0.43796348571777344,0.008780801677453234,-1.7635118433028656,-2.161907877511321,-1.219265927966236,-0.9481828351095741,-0.8079456802362013,-2.2860845775560814,-1.9656154643702397,0.613688133323678,-0.20626473227886893,-0.18304216435428988,-1.9627098604070934,-1.9257206446176582,-2.2780318551700662,-2.1018762498938623
Qwen_2.5_7B_base,userpain_07,user_physical_pain,user_suffering,1,user_next,23,]:,5669,48.53527069091797,-2.00571870803833,-0.041324972117929175,-1.990421175956726,-0.041009788296682524,-0.17619964480400085,-0.0036303422705948095,-0.2235981822013855,-0.004606921503030284,3.5692758560180664,0.0735398361893953,0.7424631714820862,0.015297394264270944,-1.7652547359466553,-0.036370555079174076,3.7621078491210938,0.07751286426481326,-1.958248257637024,-0.04034691122065702,-0.693700909614563,-0.01429271743495952,-0.49188122549356605,0.584055043487044,0.7137976262132872,0.2902631318171833,-1.0920160095795368,-1.5321999745329336,-0.024073292052794994,0.11540654107236303,0.20076621683566528,-3.3100716674581614,0.04608690899673895,-0.6721476164201755,0.5279339642612816,-0.07210682607944696
Qwen_2.5_7B_base,userpain_07,user_physical_pain,user_suffering,1,moderator_next,24,]:,5669,51.33366775512695,-3.0577645301818848,-0.05956645343886401,-4.158820629119873,-0.0810154584893169,-1.6082475185394287,-0.03132929301313766,-0.25210511684417725,-0.004911106645384758,3.9382753372192383,0.0767191496233172,-0.17637783288955688,-0.003435909425582417,-2.3575615882873535,-0.045926225251105145,3.01857852935791,0.05880309475950955,-1.9164938926696777,-0.037334053389907404,-1.1458289623260498,-0.02232119800579825,-2.912783897558995,-2.312813156637967,-1.715564594968038,0.2590812806850381,-0.40077228291812733,-3.761298914292723,-0.7499925337375235,-0.730952217972096,0.25724177452903113,-4.559397674215249,-2.612798527098481,-2.966336882658641,-2.2709855471749676,-2.6186612149168043
Qwen_2.5_7B_base,userpain_08,user_physical_pain,user_suffering,1,assistant_next,29,]:,5669,49.38022232055664,-1.7241278886795044,-0.03491535290155553,-3.70095157623291,-0.07494805414620885,-1.371145486831665,-0.027767098291513095,-1.6099607944488525,-0.03260335249196797,3.2608699798583984,0.06603595177620172,0.23436111211776733,0.0047460521865695295,-3.4583122730255127,-0.07003436012449546,4.1559929847717285,0.08416310801099042,-2.3324294090270996,-0.04723408075982124,0.9722294807434082,0.0196886412222303,0.1560981235673858,-1.7011240616260965,-1.3133387134451724,-1.2261872733898675,-1.6697502287901653,-2.764850407447944,-2.099050204084124,0.5637656383592171,-0.305338695061008,1.2932484531124557,-0.7725129690293554,0.13397549102747272,-1.8464913112847554,-0.8562579101286414
Qwen_2.5_7B_base,userpain_08,user_physical_pain,user_suffering,1,user_next,29,]:,5669,47.1066780090332,-1.6430809497833252,-0.03488000044215062,-2.5698978900909424,-0.05455485291486989,-0.6745337247848511,-0.0143192802654329,-0.5517005324363708,-0.011711726569438339,3.0702219009399414,0.06517593748281707,-0.3600870966911316,-0.007644077483495675,-2.615152359008789,-0.0555155334559424,3.4198131561279297,0.0725972049116294,-2.3044862747192383,-0.048920585617973925,-0.4080318212509155,-0.008661867881506548,0.3425983185272502,-0.1900955233928686,-0.13158890704188259,-0.06862633733593893,-2.0268897242806383,-4.206975721505072,-1.0656905477114216,-0.274227201523652,-0.26754374607851855,-2.520707195868881,0.0762513975671908,0.13842168876081057,-0.4197203422647335,-0.14064932675196146
Qwen_2.5_7B_base,userpain_08,user_physical_pain,user_suffering,1,moderator_next,30,]:,5669,50.00779724121094,-2.5486130714416504,-0.05096431380787481,-4.03164529800415,-0.08062033363632563,-1.7952827215194702,-0.03590005600246666,-0.4088984727859497,-0.008176694342557054,3.22585129737854,0.06450696642003155,-0.9936995506286621,-0.019870892249774282,-2.5515835285186768,-0.051023713686311735,2.5993881225585938,0.05197965649277716,-2.208531618118286,-0.04416374525487511,-1.2977895736694336,-0.02595174443316487,-1.741156102451367,-2.1429135691740018,-2.032855842337775,0.08757539466996417,-1.735350441834782,-5.744113096274953,-0.9877818808746177,-1.2081162827530405,-0.13775868650325837,-4.979297175286778,-1.9420348358126844,-1.8844655115298534,-2.2433413993537856,-2.0639034554418196
Qwen_2.5_7B_base,userpain_09,user_physical_pain,user_suffering,1,assistant_next,25,]:,5669,50.045448303222656,-2.4881091117858887,-0.049716991177910334,-3.9631853103637695,-0.07919172361792115,-1.3888187408447266,-0.027751149963328316,-1.0423924922943115,-0.020828917067112915,3.7330050468444824,0.07459229906836697,0.6058369874954224,0.01210573604665681,-3.0312747955322266,-0.06057043943668757,4.033510208129883,0.08059694427535274,-2.2423243522644043,-0.044805760129838036,0.5670373439788818,0.011330447886953341,-1.6019281386895514,-2.0514546081015514,-1.3433200684069166,-0.6053618311993523,-0.7853034481913896,-1.8636537085512248,-1.5756817496962707,0.42434360336007326,-0.183465608602976,0.17361636844633138,-1.8266913733955514,-1.7275926052754293,-2.143391456370908,-1.9354920308231687
Qwen_2.5_7B_base,userpain_09,user_physical_pain,user_suffering,1,user_next,25,]:,5669,50.09062576293945,-1.8035765886306763,-0.03600626985908186,-1.992339849472046,-0.03977470473020359,-0.22248339653015137,-0.00444161743123521,0.2597067952156067,0.005184738486692173,3.5872647762298584,0.07161549135375281,0.866654634475708,0.01730173303438584,-1.1463623046875,-0.02288576529494385,3.770479679107666,0.07527315983138168,-1.4081213474273682,-0.028111474472119587,-0.15214717388153076,-0.0030374380747724633,-0.026724302942541873,0.5814917960720697,0.6352806995376785,0.818918493962623,-1.0583175116701735,-1.2309127472877635,0.7344286948964353,0.12493618765122728,0.9448494780830982,-1.8136434718392727,0.2773837465647639,-0.0032266325436066433,0.6143442025056746,0.30555878498103395
Qwen_2.5_7B_base,userpain_09,user_physical_pain,user_suffering,1,moderator_next,26,]:,5669,52.479671478271484,-3.2603015899658203,-0.06212503809814635,-4.252011775970459,-0.08102207304653095,-1.4587533473968506,-0.027796541142618016,0.30684638023376465,0.005846956956672459,4.203901290893555,0.08010532788175179,-0.01664087176322937,-0.00031709176704963375,-1.8204416036605835,-0.034688509900720574,2.925227165222168,0.055740195828651855,-1.726787805557251,-0.032903937027734725,-0.9267001152038574,-0.017658268222725926,-3.3788496324375075,-2.4373116522683893,-1.4619589032021134,0.8704813694834739,0.09682265547617162,-3.3737786697748495,-0.09170919564488575,-0.8372139921953353,0.513831883751844,-3.9538980466237987,-2.9080806423529486,-3.2881242067698344,-2.2714483219055683,-2.7797862643377016
Qwen_2.5_7B_base,userpain_10,user_physical_pain,user_suffering,1,assistant_next,24,]:,5669,49.79424285888672,-2.1195993423461914,-0.042567156776597295,-3.5053787231445312,-0.07039726928027645,-1.0113122463226318,-0.020309822747754547,-1.1077134609222412,-0.022245813919922853,3.982072114944458,0.07997053246154102,0.8999921083450317,0.01807422016427771,-2.6583523750305176,-0.05338674156697383,3.9709582328796387,0.07974733633631195,-2.168792247772217,-0.043555080331644305,0.8186115026473999,0.016439882517488732,-0.753936286299452,-1.4398489639530208,-0.7029085061521153,-0.6768121202285399,-0.3187281354521386,-1.150036374441083,-1.118635609459961,0.3531407459321532,-0.08400854314860269,0.8687692950734575,-1.0968926251262363,-0.8283743318093425,-1.5281044303182643,-1.1782393810638034
Qwen_2.5_7B_base,userpain_10,user_physical_pain,user_suffering,1,user_next,24,]:,5669,48.44468307495117,-1.4200832843780518,-0.02931350138426895,-1.6589679718017578,-0.0342445830275138,0.15171167254447937,0.0031316475393132147,0.3301267623901367,0.006814509693032386,3.7719883918762207,0.07786176216779848,0.9046498537063599,0.018673872885219028,-0.9223356246948242,-0.019038944341277515,3.249814510345459,0.06708299660702723,-1.6300842761993408,-0.033648362890048356,-0.5441949367523193,-0.011233326388168716,0.8557467315346011,1.0268591797569624,1.2700746759366779,0.8959462403928053,-0.7122762650372343,-1.1387367315243981,1.0089912413447204,-0.46773650782715676,0.6446298435741477,-2.896954854771668,0.9413029556457817,0.8385075076938642,1.00124849531578,0.9198780015048221
Qwen_2.5_7B_base,userpain_10,user_physical_pain,user_suffering,1,moderator_next,25,]:,5669,51.1542854309082,-2.802623748779297,-0.0547876629527877,-3.717094898223877,-0.07266438905190828,-1.3092421293258667,-0.025593987254385584,0.15720677375793457,0.0030731887354827135,4.0073676109313965,0.07833884448144561,0.01603001356124878,0.0003133659951696481,-1.6002142429351807,-0.03128211506534517,2.5323169231414795,0.04950351474583232,-1.792191743850708,-0.035035026464622226,-1.1982355117797852,-0.0234239517116936,-2.3256697372728246,-1.7226906950486387,-1.2083242925958233,0.7068004970547023,-0.2713422885754938,-3.294519433964394,0.17819698231717002,-1.2844633690042895,0.4253687040734047,-4.704208120645859,-2.0241802161607314,-2.365319364077155,-1.6867190900159665,-2.026019227046561
Qwen_2.5_7B_base,userpain_11,user_physical_pain,user_suffering,1,assistant_next,25,]:,5669,50.058143615722656,-2.612856388092041,-0.05219642997850552,-3.9673640727996826,-0.07925511787363967,-1.160415530204773,-0.023181353649724647,-0.8707346320152283,-0.017394465098416894,4.044136047363281,0.08078877391875688,0.6747978329658508,0.0134802808139674,-2.9560203552246094,-0.059051737473863476,4.064884185791016,0.08120325469908726,-2.1258249282836914,-0.042467114733675336,0.7128036022186279,0.01423951330857473,-1.888988842877434,-2.0570372160471564,-0.9558510868861653,-0.4175966466238717,-0.20246427568519154,-1.6963553981888202,-1.483451436935865,0.46005657404429906,-0.02589238373386334,0.5763995539497371,-1.9730130294622952,-2.0394259362721,-2.147826713132991,-2.0936263247025453
Qwen_2.5_7B_base,userpain_11,user_physical_pain,user_suffering,1,user_next,25,]:,5669,49.87403869628906,-2.117405891418457,-0.042455071752109885,-2.540163993835449,-0.05093158806135452,-0.19705763459205627,-0.003951106422161849,0.31277579069137573,0.006271314673272052,3.918726921081543,0.0785724802626245,0.6714129447937012,0.013462173153497963,-1.4407877922058105,-0.02888853258865948,3.721951961517334,0.07462704161943617,-1.5955307483673096,-0.03199120805281861,0.03298842906951904,0.0006614348854000786,-0.748888852908027,-0.15037259392860183,0.6784136049593655,0.876967159573057,-0.4373921718604146,-1.7045671024987559,0.3735868005517616,0.06969713016241852,0.6913657897707504,-1.3020744104720605,-0.4496307234183144,-0.8142776553628974,-0.16622560902383107,-0.49025163219336426
Qwen_2.5_7B_base,userpain_11,user_physical_pain,user_suffering,1,moderator_next,26,]:,5669,52.1278190612793,-3.3253300189971924,-0.06379185008849253,-4.451311111450195,-0.08539223761150297,-1.4121506214141846,-0.027090153527315596,0.26605844497680664,0.005103962716415191,4.264083385467529,0.08180053304080975,-0.04211202263832092,-0.0008078608197441712,-1.8086764812469482,-0.034696952871186564,2.875671148300171,0.05516576753229694,-1.7402608394622803,-0.03338449355451648,-0.9826608896255493,-0.018850987962308073,-3.528489024837266,-2.7035651354147237,-1.3829008605327446,0.8258661437109743,0.20956128371539062,-3.4355714229715315,-0.07729010069927883,-0.8936235618927971,0.4956087086609711,-4.1085295728562565,-3.1160270801259946,-3.49775532771949,-2.577198452079354,-3.037476889899422
Qwen_2.5_7B_base,userpain_12,user_physical_pain,user_suffering,1,assistant_next,29,]:,5669,50.213226318359375,-2.443180561065674,-0.04865611593199654,-3.7282657623291016,-0.0742486797938722,-1.3195881843566895,-0.02627969324238006,-1.273501992225647,-0.025361883423930053,3.8623526096343994,0.07691902896552605,0.2668202519416809,0.005313744435579593,-3.2877495288848877,-0.06547576744103363,4.484763145446777,0.08931437938308738,-2.4249205589294434,-0.04829246668109083,0.4899240732192993,0.009756873022121847,-1.4985413410793675,-1.7376143849375738,-1.2258756019417756,-0.8581572338753688,-0.5429977109409685,-2.686104864070196,-1.8900119709505152,0.9380044179253109,-0.43043913130331635,-0.03946400568281779,-1.6180778630084707,-1.594168758868816,-1.797560934387494,-1.695864846628155
Qwen_2.5_7B_base,userpain_12,user_physical_pain,user_suffering,1,user_next,29,]:,5669,48.82542419433594,-1.8400609493255615,-0.03768653277853181,-1.8311305046081543,-0.03750362715375194,-0.28547006845474243,-0.005846750400334643,0.03315150737762451,0.0006789804271986294,4.027019500732422,0.08247792143502937,0.6146630644798279,0.012588995889382006,-1.505291223526001,-0.030830069546034265,4.004458427429199,0.08201584509518182,-1.7095816135406494,-0.03501416816648921,-0.4930093288421631,-0.010097389566547899,-0.11067985358090028,0.7968590449514011,0.5284285167175571,0.5711046428037586,-0.23452856326135374,-1.8422417354736509,0.2945327059300738,0.3912739873969882,0.5371044036590835,-2.7555181295998374,0.34308959568525044,-0.2145494459949775,0.7732357623797601,0.2793431581923913
Qwen_2.5_7B_base,userpain_12,user_physical_pain,user_suffering,1,moderator_next,30,]:,5669,51.37263870239258,-3.138108968734741,-0.06108522061547503,-3.84368634223938,-0.07481971803134901,-1.457099437713623,-0.028363336486466318,0.18169188499450684,0.003536744258885906,4.114299297332764,0.08008736559489105,-0.42777878046035767,-0.008326976991361644,-2.239328145980835,-0.04358989926434405,3.1928184032440186,0.0621501733975623,-1.9852547645568848,-0.03864420467201786,-1.264338493347168,-0.024611126180837658,-3.0976675422484425,-1.8918102399007029,-1.4591531689977124,0.7335831414568379,-0.07102803023112335,-4.371195058477006,-0.6050880295236261,-0.5326151255151648,0.16423811873522315,-4.886864723130587,-2.4947388910745727,-3.1573487469471777,-1.8375125226737037,-2.4974306348104407
Qwen_2.5_7B_base,userpain_13,user_physical_pain,user_suffering,1,assistant_next,30,]:,5669,49.13179016113281,-2.287322521209717,-0.04655483778849101,-3.7116189002990723,-0.07554414134161268,-1.1326261758804321,-0.02305281717124222,-1.0811998844146729,-0.02200611622065399,3.840681791305542,0.07817101267243931,0.593895435333252,0.012087803708871794,-3.04960036277771,-0.06206979946743704,4.029054164886475,0.08200503485976743,-1.8621649742126465,-0.037901427326492335,0.5680835247039795,0.011562443030080739,-1.1398904751110215,-1.715375048372388,-0.9087085235789221,-0.6478106717740043,-0.5835934786441622,-1.8926237927520098,-1.598141192509929,0.4192712933253585,0.33072525275071535,0.1765071883806267,-1.4276327617417048,-1.32989582634774,-1.8881954015724431,-1.6090456139600917
Qwen_2.5_7B_base,userpain_13,user_physical_pain,user_suffering,1,user_next,30,]:,5669,47.53655242919922,-1.7581177949905396,-0.03698454568427263,-1.7611974477767944,-0.03704933062615166,-0.07769820094108582,-0.0016344938151921988,0.017508625984191895,0.000368319221514206,3.763579845428467,0.07917233482663535,0.6620661020278931,0.013927516157465817,-1.5193333625793457,-0.03196137045996837,3.661498785018921,0.07702491236553902,-1.3844444751739502,-0.0291237879994755,-0.26189446449279785,-0.005509328108782449,0.07788265682661262,0.8902859493793553,0.880897966111972,0.553993929042356,-0.7280279267019892,-1.7272424480702266,0.277322945663157,0.000883333474765646,0.9768740236843085,-2.1168985862023644,0.484084303102984,-0.12626213925969304,0.8050197422245041,0.3393788014824055
Qwen_2.5_7B_base,userpain_13,user_physical_pain,user_suffering,1,moderator_next,31,]:,5669,51.09088897705078,-3.0161075592041016,-0.05903415696209337,-4.076562881469727,-0.07979040809606687,-1.2855324745178223,-0.025161677556545612,0.09041881561279297,0.0017697639916464884,4.241800785064697,0.08302460321193564,-0.08338949084281921,-0.0016321792889584766,-2.1640732288360596,-0.04235732186629454,2.9729559421539307,0.05818955202539802,-1.555754542350769,-0.030450723671095043,-1.1410287618637085,-0.02233331196049927,-2.816925456578934,-2.202921110209892,-1.1681026346999401,0.6337455651794384,0.16781946962930697,-3.535710141392722,-0.5128571323612892,-0.7828843681429273,0.7451657558214163,-4.546133699022191,-2.509923283394413,-2.899391175674731,-2.1852772605333537,-2.5423342181040423
Qwen_2.5_7B_base,userpain_14,user_physical_pain,user_suffering,1,assistant_next,23,]:,5669,49.97825241088867,-2.5365467071533203,-0.05075300925489518,-4.110252380371094,-0.08224081839795584,-1.3870012760162354,-0.027752096344090094,-1.5423451662063599,-0.030860326077954896,3.96431827545166,0.07932086626118126,0.6374201774597168,0.01275395090286997,-3.154230833053589,-0.06311206736725317,4.2814249992370605,0.08566576045992905,-2.483480453491211,-0.04969122235554878,0.57662034034729,0.011537425030525133,-1.7133897324578868,-2.24792851781791,-1.3402368751187306,-1.1522270079147088,-0.3519862585627765,-1.7870332106319076,-1.7263741706354188,0.7065447881325407,-0.5096452863107487,0.20009622634037558,-1.9806591251378984,-1.8578902225593885,-2.356715488463458,-2.1073028555114233
Qwen_2.5_7B_base,userpain_14,user_physical_pain,user_suffering,1,user_next,23,]:,5669,48.85355758666992,-1.7753742933273315,-0.03634073711372365,-1.8133028745651245,-0.037117110076337584,0.31450316309928894,0.0064376716586368645,-0.02946162223815918,-0.0006030599140275921,4.019421100616455,0.08227489049258484,1.1957610845565796,0.02447643822940036,-0.9051921963691711,-0.01852868534217373,3.964179277420044,0.08114412692232882,-1.666453242301941,-0.03411119526649674,-0.6175569295883179,-0.012640981744118122,0.03817307188770503,0.8206758257940223,1.5462382765655183,0.5026162798471066,-0.24876258439257015,-0.4325038436221453,1.0300018787210314,0.3454242670013322,0.5954383962851817,-3.0996696498565597,0.42942444884086367,-0.0452918120105186,0.8002776837941284,0.37749293589180494
Qwen_2.5_7B_base,userpain_14,user_physical_pain,user_suffering,1,moderator_next,24,]:,5669,50.739131927490234,-2.8080673217773438,-0.055343227507129375,-3.8434650897979736,-0.0757495239628962,-1.1101847887039185,-0.021880247976856407,0.20977342128753662,0.004134351797490692,4.197813034057617,0.08273324502391144,0.3040222227573395,0.005991868824082534,-1.541129469871521,-0.030373587630034796,2.902040958404541,0.0571953214050205,-1.67191481590271,-0.032951190775041106,-1.0988492965698242,-0.02165684068344245,-2.3381961502285873,-1.8915146582168139,-0.8706383869602927,0.7642996774584595,0.08541757346780192,-2.5958532609009737,0.2506100794947375,-0.8636068306584711,0.5880512544802946,-4.4295828620928495,-2.1148554042227006,-2.435191443808447,-1.9025646003198304,-2.168878022064139
Qwen_2.5_7B_base,userpain_15,user_physical_pain,user_suffering,1,assistant_next,32,]:,5669,51.044944763183594,-2.378213882446289,-0.046590585874462284,-3.6637308597564697,-0.07177460719673366,-0.9032750725746155,-0.017695681262174797,-0.8780099153518677,-0.01720072221500642,4.268741607666016,0.0836271177776818,0.853887140750885,0.016728143104324703,-2.7319352626800537,-0.05352019235899879,4.6544952392578125,0.09118425459860403,-2.160536766052246,-0.0423261652270519,0.7637953758239746,0.014963193306751613,-1.3490440449022592,-1.6513991321214418,-0.5196315129730984,-0.4255545980763836,0.2182874934694448,-1.2618865573266997,-1.2088173012510244,1.1312103083583602,-0.07284245465636127,0.7173006736961843,-1.5002215885118506,-1.334391781126903,-1.624467219634135,-1.479429500380519
Qwen_2.5_7B_base,userpain_15,user_physical_pain,user_suffering,1,user_next,32,]:,5669,49.715248107910156,-1.8302146196365356,-0.03681394922668266,-1.9048676490783691,-0.038315561554550244,0.3068106770515442,0.00617135966787477,0.5606399178504944,0.011277021420743778,4.568602561950684,0.09189539901388477,0.9886045455932617,0.019885338668076877,-0.9051807522773743,-0.018207306344174747,4.351908206939697,0.08753668889459426,-1.367226243019104,-0.027501144921402206,0.08739185333251953,0.0017578480779745858,-0.08802208967701275,0.6983500785005053,1.533188548735813,1.148089341278029,0.7800145800367474,-0.9350635021163004,1.0300159043673769,0.7867757603606117,1.000162828679888,-1.1517461740779837,0.3051639944117463,-0.10480661407643625,0.7164303389120867,0.30581186241782526
Qwen_2.5_7B_base,userpain_15,user_physical_pain,user_suffering,1,moderator_next,33,]:,5669,53.16188430786133,-2.940593719482422,-0.05531394828771299,-3.937565565109253,-0.07406745671968186,-1.0111074447631836,-0.019019405687500542,0.5725510120391846,0.010769953313233452,4.788610458374023,0.09007601067417217,0.26919683814048767,0.005063718896447772,-1.4054913520812988,-0.02643795212265381,3.3780717849731445,0.06354311606809639,-1.6250510215759277,-0.030567972575336704,-0.9006913900375366,-0.0169424278647013,-2.643157686665971,-2.01722796908684,-0.702561075608425,1.161118099735109,1.1921535828438978,-2.6803392901016827,0.4168454002929272,-0.32174136694033023,0.6514376554542294,-3.88203040523766,-2.330192827876406,-2.4315090635386043,-1.7848820117289956,-2.1081955376338
Qwen_2.5_7B_base,userpain_16,user_physical_pain,user_suffering,1,assistant_next,35,]:,5669,50.22391891479492,-2.0953011512756348,-0.04171918871624338,-3.6417367458343506,-0.07251000767209288,-0.9089668989181519,-0.018098287002657396,-0.959968090057373,-0.01911376313915214,4.116978645324707,0.08197246917965875,0.9769923686981201,0.019452730687057527,-2.6198339462280273,-0.05216307295081027,4.184627056121826,0.08331940530608659,-1.8207175731658936,-0.03625200128756874,0.7012548446655273,0.013962567235249185,-0.6980227942718772,-1.6220161468426129,-0.5292872710955161,-0.5152032269013571,-0.06600882943185726,-0.9632345252662355,-1.0714282058706006,0.5963597761424829,0.38678562131066235,0.5444878796568176,-1.160019470557245,-0.7217273337969409,-1.675918094704874,-1.1988227142509074
Qwen_2.5_7B_base,userpain_16,user_physical_pain,user_suffering,1,user_next,35,]:,5669,49.12533187866211,-1.4498403072357178,-0.029513089312389253,-1.6526386737823486,-0.03364127244706071,0.22713178396224976,0.004623516529583098,0.13422012329101562,0.002732197792017665,4.213769435882568,0.08577589758152546,1.3282077312469482,0.027037124848898243,-0.774707019329071,-0.01577001090277763,3.9692270755767822,0.08079796967846727,-1.1343834400177002,-0.023091618858058577,0.11780309677124023,0.0023980112147071056,0.7872717139711496,1.0353147907076081,1.3980192598825272,0.6816569198210356,0.11530857121577147,-0.11118962461410242,1.1899218600511858,0.35117017112412413,1.315098217223688,-1.0677134380025268,0.9112932523393789,0.8134057917581701,1.0434579557986339,0.928431873778402
Qwen_2.5_7B_base,userpain_16,user_physical_pain,user_suffering,1,moderator_next,36,]:,5669,51.73414993286133,-2.717334032058716,-0.05252495760701919,-3.8284196853637695,-0.07400178973332222,-0.9928760528564453,-0.019191888803526555,0.31749045848846436,0.00613696096099949,4.456677436828613,0.08614575561041063,0.43454262614250183,0.008399531580328181,-1.3536832332611084,-0.026166144317010497,3.0296854972839355,0.058562583926009215,-1.3229420185089111,-0.025571929184605845,-1.0049128532409668,-0.01942455524146247,-2.129406324821971,-1.8714147851976215,-0.6716328814117806,0.8821242229763475,0.5703461535539334,-2.2792120885777503,0.4803403779019864,-0.7183091663253747,1.0600601897866189,-4.170016482769129,-2.0004105550097964,-2.0807441025842754,-1.7802877477535592,-1.9305159251689172
Qwen_2.5_7B_base,userpain_17,user_physical_pain,user_suffering,1,assistant_next,32,]:,5669,49.61299514770508,-2.247978687286377,-0.04531027970784305,-3.591754913330078,-0.0723954460446684,-0.9300163984298706,-0.01874541933340402,-1.1073291301727295,-0.022319336433449546,3.8041422367095947,0.076676326945876,0.7982134819030762,0.016088798499801896,-2.9011716842651367,-0.05847604394026057,4.296698570251465,0.08660429706893467,-2.0421242713928223,-0.041161076151784874,0.4870936870574951,0.009817864968791877,-1.049354881822657,-1.5552430340960715,-0.5649961742868292,-0.6763917262308355,-0.6520427290529468,-1.3969502879609972,-1.4162300204133806,0.7239306803446272,0.08731832563531668,-0.047284964855558644,-1.3022989579593642,-1.1733706111199578,-1.667903011525007,-1.4206368113224825
Qwen_2.5_7B_base,userpain_17,user_physical_pain,user_suffering,1,user_next,32,]:,5669,48.085601806640625,-1.8323264122009277,-0.03810551065928187,-1.8419520854949951,-0.038305688528174384,-0.042891502380371094,-0.0008919822310396409,0.18580853939056396,0.003864120077725715,3.617079496383667,0.07522167469024268,0.6312440633773804,0.013127506772520116,-1.6080923080444336,-0.03344228308737431,3.490203380584717,0.0725831277857215,-1.3729209899902344,-0.028551602525657357,-0.6098771095275879,-0.012683154345868326,-0.09288161590142002,0.7824019791647261,0.9399449296096944,0.7380860775370874,-1.0024658389214796,-1.8020164006367838,0.16854178581310814,-0.19410207204108873,0.9924603043721011,-3.0784486730303167,0.344760181631653,-0.26724333307009035,0.7171210861493473,0.2249388765396285
Qwen_2.5_7B_base,userpain_17,user_physical_pain,user_suffering,1,moderator_next,33,]:,5669,50.30339813232422,-3.3127191066741943,-0.0658547778016907,-3.933140277862549,-0.07818836150027747,-1.5066452026367188,-0.029951161523391615,-0.09446799755096436,-0.0018779645323853504,3.7026753425598145,0.07360686315504658,-0.2946000099182129,-0.005856463397229367,-2.205571413040161,-0.04384537615606715,2.8445920944213867,0.05654870644998223,-1.8019399642944336,-0.03582143614939074,-1.7039146423339844,-0.03387275423922254,-3.499469574640958,-2.011316016894316,-1.5432038573379943,0.431510103646685,-0.8421198365234983,-4.048104714444064,-0.5637164636178638,-0.929000821099605,0.41218358710400965,-6.101507149288111,-2.755392795767637,-3.7572050145831097,-2.0731931621144617,-2.9151990883487855
Qwen_2.5_7B_base,userpain_18,user_physical_pain,user_suffering,2,assistant_next,56,]:,5669,43.87495422363281,-1.2078443765640259,-0.027529245282116612,-1.9782809019088745,-0.04508907044838107,0.10644762217998505,0.002426159162182056,1.2074090242385864,0.027519322711640058,2.9852454662323,0.06803985369457836,0.9003791809082031,0.02052148422352593,-0.7331642508506775,-0.016710313750156934,1.4595177173614502,0.033265395786448375,-0.33872711658477783,-0.007720284216326904,1.0636415481567383,0.024242567701274507,1.3441377580740446,0.6002738143314664,1.1932875964333098,1.855547307031762,-2.186075388213012,-1.1490973403360851,1.240835832888315,-2.5056297445240325,2.3912763517317495,1.5458394446822294,0.9722057862027556,1.0629093052101963,0.242534860782574,0.6527220829963851
Qwen_2.5_7B_base,userpain_18,user_physical_pain,user_suffering,2,user_next,56,]:,5669,42.20119857788086,-1.0102996826171875,-0.023940070819380026,-1.3307644128799438,-0.031533806093778684,0.28903740644454956,0.006849033112439709,1.0212377309799194,0.0241992589166694,2.896613597869873,0.06863818316733995,0.8291430473327637,0.019647381479049906,-0.3978082537651062,-0.009426468137651701,1.6967833042144775,0.040206993199094154,-0.44031891226768494,-0.010433801102949518,0.8003844618797302,0.018965917766592535,1.7987153699634548,1.465321960044762,1.5030375230952817,1.6519068376437778,-2.352108746277291,-1.3219154765208,1.6518413279906323,-2.235550539420402,2.2538666863530614,0.8184041033524243,1.6320186650041084,1.5143115450939415,1.1909027721832492,1.3526071586385955
Qwen_2.5_7B_base,userpain_18,user_physical_pain,user_suffering,2,moderator_next,57,]:,5669,47.91592025756836,-2.089784622192383,-0.04361357584199376,-2.9825782775878906,-0.06224608150183216,-1.3590216636657715,-0.028362633053074106,0.14577031135559082,0.003042210408816395,2.9118995666503906,0.060771024557134616,-0.09200188517570496,-0.0019200692521641213,-1.4345159530639648,-0.029938190592037766,2.0925450325012207,0.04367118530235682,-1.434760570526123,-0.02994329573164154,-0.15733659267425537,-0.003283597431260937,-0.6853284992924433,-0.7414149261031359,-1.2927715532854511,0.6942909069294647,-2.3234736652981005,-3.5566037225290548,0.38127343915103684,-1.7850553184158788,0.9088181557962729,-1.8279829400912944,-0.7133717126977897,-0.9599800575496482,-0.9578223076938344,-0.9589011826217413
Qwen_2.5_7B_base,userpain_19,user_physical_pain,user_suffering,2,assistant_next,51,]:,5669,43.378421783447266,-1.641959309577942,-0.03785198359163209,-2.240880012512207,-0.051658864485643934,0.24478474259376526,0.005643007111134054,1.2961784601211548,0.029880719648859203,3.2118330001831055,0.07404218199124768,0.9488246440887451,0.021873194207604998,-0.7778394222259521,-0.01793148275677395,1.6130781173706055,0.03718618730352561,-0.43322113156318665,-0.00998701920798094,0.8846235871315002,0.02039317132254597,0.3451793674826805,0.24945514400842542,1.4279661852458645,1.9526463241466965,-1.7616108039449838,-1.031569138940929,1.18608285071579,-2.3308320786680117,2.2634669071679445,1.0511747295773388,0.29731725574555296,-0.23535781527305072,-0.2171081005393966,-0.22623295790622366
Qwen_2.5_7B_base,userpain_19,user_physical_pain,user_suffering,2,user_next,51,]:,5669,42.851165771484375,-1.2913429737091064,-0.030135538916153365,-1.2768882513046265,-0.029798215015058964,0.39994537830352783,0.009333360507304435,1.0813665390014648,0.02523540537422364,3.0888710021972656,0.07208370989647095,0.8473479747772217,0.019774210561643475,-0.4310627579689026,-0.01005953397552037,1.9457043409347534,0.04540610053203119,-0.5956600904464722,-0.013900674105880651,0.6556397676467896,0.015300395119777346,1.1519959590311342,1.5372976926454434,1.6911846107755513,1.7176777654539785,-1.9919545145886473,-1.2777505075307662,1.6110852834187623,-1.9522039461673828,2.043757403712734,0.41844371655309154,1.3446468258382889,0.7351217327716256,1.3123300526340513,1.0237258927028385
Qwen_2.5_7B_base,userpain_19,user_physical_pain,user_suffering,2,moderator_next,52,]:,5669,47.81199645996094,-2.3941357135772705,-0.05007395404586765,-3.2294507026672363,-0.06754477833553062,-1.3130791187286377,-0.02746338191144655,0.02874016761779785,0.0006011078755488834,2.9501218795776367,0.06170254534441265,0.08476430177688599,0.0017728668127855718,-1.5526844263076782,-0.032474787527601745,2.2357141971588135,0.04676052795726824,-1.3978443145751953,-0.029236267423925457,-0.3645453453063965,-0.0076245581087934,-1.3856823763492974,-1.0712235675215183,-1.2148334584338691,0.5662793698865595,-2.251872117394991,-3.1277707491999407,0.23644855970024672,-1.6220859864578252,0.9587498490314627,-2.400544810425453,-1.2284529719354078,-1.7724870064320672,-1.3285354061524277,-1.5505112062922475
Qwen_2.5_7B_base,userpain_20,user_physical_pain,user_suffering,2,assistant_next,56,]:,5669,44.34391403198242,-1.365380883216858,-0.030790716449434215,-2.1355857849121094,-0.04815961404245571,0.2843181788921356,0.006411661782653537,1.127060890197754,0.025416360165791345,3.481675863265991,0.07851530337973509,1.3250823020935059,0.02988194278786056,-0.4357128143310547,-0.009825763553862272,1.7408170700073242,0.03925718123916135,-0.12366992235183716,-0.0027888815196295477,1.325385570526123,0.029888781796983628,0.9816245082931299,0.3901227221829614,1.4950317061535008,1.7676597952455586,-1.256116363456307,-0.1187718839811592,1.6053862688372749,-2.185426943239477,2.6821555206467633,2.269093868507927,0.6858736152380456,0.6527215571560364,0.027710203807988207,0.3402158804820123
Qwen_2.5_7B_base,userpain_20,user_physical_pain,user_suffering,2,user_next,56,]:,5669,41.91020965576172,-0.8336735963821411,-0.01989189754071129,-1.0328869819641113,-0.024645235384121073,0.6988576650619507,0.016675117371212515,1.0233955383300781,0.024418764466604955,3.3103673458099365,0.07898713399432578,1.3582096099853516,0.032407607147310655,0.15718206763267517,0.0037504481348035,2.164123296737671,0.05163713840883047,-0.15522260963916779,-0.0037036944199067764,1.0954838991165161,0.026138831280361097,2.205156377686535,1.8632706202402993,2.1982669717888474,1.6542671204454051,-1.5770272157688774,-0.038405371660229184,2.3320261876783666,-1.7035778443157135,2.6394784110159515,1.633826635328244,2.034213498963417,2.0234410132768046,1.672848328208924,1.8481446707428644
Qwen_2.5_7B_base,userpain_20,user_physical_pain,user_suffering,2,moderator_next,57,]:,5669,48.99052810668945,-2.1073527336120605,-0.04301551371364601,-2.9438037872314453,-0.060089243798730985,-1.3694509267807007,-0.02795338159650718,-0.19827115535736084,-0.004047132436000169,3.2147057056427,0.0656189232874129,0.33978506922721863,0.006935729871848889,-1.2512331008911133,-0.025540306447936874,2.422057867050171,0.04943930920229147,-1.3527045249938965,-0.0276115522177682,0.06186830997467041,0.001262862687251223,-0.7257551489533719,-0.6896142360016018,-1.310464018929131,0.317966692040903,-1.7562293881743523,-2.509092958770883,0.6059011781976895,-1.4099711538439992,1.0198044188413184,-1.2222731548975105,-0.7076846924774869,-0.8847631554099907,-0.8069233200967539,-0.8458432377533723
