model,scenario_id,category,group,n_user_turns,n_tokens,bos_first,final_token_id,final_token,act_norm,s1_pain_vector_proj,s2_pain_vector_proj,fear_vector_proj,negemotion_vector_proj,negworld_vector_proj,bodysens_vector_proj,arousal_vector_proj,random_vector_proj,numb_vector_proj,sadness_vector_proj,s1_pain_vector_z,s2_pain_vector_z,fear_vector_z,negemotion_vector_z,negworld_vector_z,bodysens_vector_z,arousal_vector_z,random_vector_z,numb_vector_z,sadness_vector_z,pain_axis_z
Qwen_2.5_7B_base,jailbreak_01,jailbreak_pressure,harm_to_model,1,23,False,5669,]:,49.04453659057617,-1.8539100885391235,-2.498697280883789,-0.1997511088848114,0.5051555633544922,3.984485387802124,1.4072538614273071,-1.7187252044677734,3.2045774459838867,-1.7867788076400757,0.29140543937683105,-0.14254863479007415,-0.09497523532009165,0.6738443270668086,1.0873986741215382,-0.31420737103763674,0.08057548397250144,0.03295235617939373,-0.5192298176916139,0.43269006057093845,-0.5880132288462541,-0.1187619350550829
Qwen_2.5_7B_base,jailbreak_02,jailbreak_pressure,harm_to_model,1,30,False,5669,]:,49.973976135253906,-1.8339943885803223,-2.1845526695251465,0.16993150115013123,0.28016138076782227,4.437477111816406,1.6590023040771484,-1.3036878108978271,3.5079188346862793,-1.63930082321167,0.11812448501586914,-0.09671985981516017,0.3247055267083114,1.3009832538569903,0.8412924127880267,0.5343783408856209,0.6913146476874487,0.5416137515701085,-0.17393658649697727,0.6321638503076839,-1.0668253739023832,0.1139928334465756
Qwen_2.5_7B_base,jailbreak_03,jailbreak_pressure,harm_to_model,1,20,False,5669,]:,50.02425765991211,-1.5475724935531616,-1.9619076251983643,-0.07143056392669678,-0.1579451560974121,4.942577362060547,2.0585672855377197,-1.405762791633606,3.6580944061279297,-2.08701229095459,0.9421885013580322,0.5623764612904053,0.6221476552261108,0.891530544015333,0.3620766365661617,1.480578531140147,1.660655232512558,0.41651272949366946,-0.0029918679690915835,0.026604291534113485,1.2102388353956954,0.5922620582582581
Qwen_2.5_7B_base,jailbreak_04,jailbreak_pressure,harm_to_model,1,19,False,5669,]:,48.333736419677734,-1.270495891571045,-1.881719708442688,-0.6650272607803345,-0.9093604683876038,3.9215049743652344,1.6457533836364746,-1.5023057460784912,3.4476635456085205,-2.2915992736816406,0.5701203346252441,1.1999679729781787,0.7292745158905203,-0.11546190114133854,-0.459846895368963,-0.43218806724099407,0.6591729013278983,0.298191646420461,-0.24252512811085736,-0.2501132194458543,0.18213532755534978,0.9646212444343495
Qwen_2.5_7B_base,jailbreak_05,jailbreak_pressure,harm_to_model,1,27,False,5669,]:,50.65483474731445,-2.253386974334717,-2.612009286880493,-0.6111181378364563,-0.6176245212554932,3.8259472846984863,1.1343457698822021,-2.2898852825164795,3.6253199577331543,-2.366539478302002,-0.2728003263473511,-1.0618000969369055,-0.24635414587339993,-0.02400910193060987,-0.14073623028491172,-0.6111955100194464,-0.581496772947594,-0.6670498286665407,-0.040298993235656326,-0.3514748340435066,-2.147033802894366,-0.6540771214051527
Qwen_2.5_7B_base,jailbreak_06,jailbreak_pressure,harm_to_model,1,29,False,5669,]:,48.5815315246582,-1.5787076950073242,-1.7748980522155762,-0.5298082232475281,-0.40818119049072266,3.969574451446533,1.7272398471832275,-1.5388153791427612,3.282606601715088,-1.9645448923110962,0.42553138732910156,0.49073006451835244,0.8719826587825502,0.11392709303371895,0.08835998235116366,-0.3421399068257574,0.8568582338638125,0.2534461820661876,-0.4304092995781111,0.19224959934938052,-0.2173946973200818,0.6813563616504513
Qwen_2.5_7B_base,jailbreak_07,jailbreak_pressure,harm_to_model,1,22,False,5669,]:,48.40553283691406,-1.7194271087646484,-2.478855848312378,-1.0449633598327637,-1.2141013145446777,3.749380588531494,1.1762733459472656,-1.8207226991653442,3.95497989654541,-2.424168825149536,0.07573223114013672,0.16691526709586743,-0.0684681196790138,-0.759995105951992,-0.7931827597059802,-0.754627279149141,-0.47978089946277414,-0.09205370058324755,0.3349526199874495,-0.4294223613323108,-1.183964190957377,0.04922357370842682
Qwen_2.5_7B_base,jailbreak_08,jailbreak_pressure,harm_to_model,1,27,False,5669,]:,50.61144256591797,-2.0423898696899414,-2.7762320041656494,-0.5552999973297119,-0.3911350965499878,4.330570220947266,1.1140505075454712,-1.6606777906417847,3.4857707023620605,-2.2473502159118652,-0.06251108646392822,-0.576266630921292,-0.4657471026219902,0.07068220294173584,0.1070055775477331,0.33411053181008143,-0.6307328731452464,0.10409408695593307,-0.19914778569359895,-0.19026342369615595,-1.5659598908644319,-0.5210068667716411
Qwen_2.5_7B_base,jailbreak_09,jailbreak_pressure,harm_to_model,1,21,False,5669,]:,50.12167739868164,-1.8483142852783203,-2.3516480922698975,-0.8121695518493652,-0.5768592357635498,3.670560359954834,1.4226820468902588,-1.7179133892059326,3.413597822189331,-2.051786422729492,0.578571081161499,-0.12967191898426542,0.10147478579034863,-0.365077804085105,-0.09614577959292209,-0.9022805722114448,0.11800410513139441,0.03394730046702896,-0.28130211058170324,0.07424962286177726,0.20548653825979316,-0.014098566596958392
Qwen_2.5_7B_base,jailbreak_10,jailbreak_pressure,harm_to_model,1,22,False,5669,]:,49.6991081237793,-1.5224761962890625,-1.666911244392395,-0.07992786169052124,-0.1662958860397339,4.6081695556640625,2.0306921005249023,-0.7366136908531189,3.412288188934326,-1.8038153648376465,0.45046162605285645,0.6201265058481751,1.0162473832361807,0.8771155132414544,0.35294232517249285,0.8541351075187729,1.5930303169264586,1.2366082693190033,-0.2827928649434308,0.4096469830469435,-0.14850714343913612,0.8181869445421779
Qwen_2.5_7B_base,jailbreak_11,jailbreak_pressure,harm_to_model,1,36,False,5669,]:,50.06538391113281,-1.5091779232025146,-2.240183115005493,-0.45329323410987854,0.1406567096710205,3.901966094970703,1.3039469718933105,-1.8247976303100586,2.9243087768554688,-1.7633910179138184,-0.17611289024353027,0.6507276680518177,0.2503861626097264,0.2437290552266723,0.6886974761212991,-0.4687900910798848,-0.17004598027918724,-0.09704785338563153,-0.8382593928509652,0.4643236028134923,-1.8798658452178956,0.450556915330772
Qwen_2.5_7B_base,jailbreak_12,jailbreak_pressure,harm_to_model,1,33,False,5669,]:,47.87766647338867,-1.364365816116333,-1.957236886024475,-0.12972724437713623,-0.10939371585845947,4.51984167098999,1.6474125385284424,-1.4146709442138672,3.546133518218994,-1.7146557569503784,0.5892829895019531,0.9839603178218246,0.6283875183491991,0.7926345813146177,0.4151838471713214,0.6886711996252596,0.6631979942362322,0.40559507871802813,-0.13043684644324716,0.5302412869740455,0.2350858201257809,0.8061739180855119
Qwen_2.5_7B_base,jailbreak_13,jailbreak_pressure,harm_to_model,1,22,False,5669,]:,51.04056930541992,-2.0787622928619385,-2.5565030574798584,-0.4563145041465759,-0.7971988916397095,4.063962936401367,1.6955770254135132,-1.904006838798523,3.2968358993530273,-2.132266044616699,-0.03724479675292969,-0.6599645978664684,-0.17220072795725694,0.2386036963460405,-0.3371607618816548,-0.16532272572372445,0.780044549993729,-0.19412504966179342,-0.4142121028155726,-0.03460442228022718,-1.4961437566057767,-0.4160826629118627
Qwen_2.5_7B_base,jailbreak_14,jailbreak_pressure,harm_to_model,1,29,False,5669,]:,49.61975860595703,-1.8346750736236572,-2.45780086517334,-0.6206438541412354,-0.6052190065383911,4.223090648651123,1.434096336364746,-1.7227222919464111,3.453439950942993,-1.9573965072631836,0.34795641899108887,-0.09828621006869477,-0.040339763982984826,-0.04016876792009801,-0.1271666578993334,0.1327699232755781,0.14569505540966457,0.02805360699225584,-0.2359498510899334,0.20191826590684106,-0.43175084009161085,-0.0693129870258398
Qwen_2.5_7B_base,jailbreak_15,jailbreak_pressure,harm_to_model,1,31,False,5669,]:,49.43280792236328,-1.5757167339324951,-1.9994686841964722,-0.3496880829334259,0.34217655658721924,3.848869800567627,1.2557028532028198,-1.381085753440857,2.6083602905273438,-1.6373591423034668,-0.10577964782714844,0.49761267885481186,0.571968045922155,0.4194874532551692,0.9091267136192182,-0.5682549474954529,-0.2870857219874505,0.44675640602909045,-1.197903271986514,0.6347901029698687,-1.6855201319550916,0.5347903623884834
Qwen_2.5_7B_base,jailbreak_16,jailbreak_pressure,harm_to_model,1,22,False,5669,]:,49.550750732421875,-1.1055246591567993,-1.7558952569961548,-0.5603103637695312,-0.7876352071762085,4.016667366027832,1.7531791925430298,-1.1799869537353516,3.3664307594299316,-2.0313491821289062,0.4147223234176636,1.579589553102735,0.8973693988060858,0.06218249063014824,-0.326699679729102,-0.25392113299832947,0.9197868221228224,0.6932190083255775,-0.3349923358945828,0.10189235103005932,-0.24726244070002243,1.2384794759544104
Qwen_2.5_7B_base,jailbreak_17,jailbreak_pressure,harm_to_model,1,43,False,5669,]:,47.55427169799805,-1.0024012327194214,-1.828961968421936,-0.3382629156112671,-0.24736666679382324,4.22103214263916,1.498664140701294,-1.1465750932693481,2.855602741241455,-1.2352497577667236,0.5211244821548462,1.8168907935621312,0.7997560958197327,0.4388693959766288,0.26426435792286396,0.12891374070742864,0.30233589262136773,0.7341679055346984,-0.9164674116815635,1.1786698090367296,0.046749362567323975,1.308323444690932
Qwen_2.5_7B_base,jailbreak_18,jailbreak_pressure,harm_to_model,1,27,False,5669,]:,50.1988639831543,-1.8933868408203125,-2.8899526596069336,-0.5459826588630676,-0.13656556606292725,3.938032865524292,0.6060888767242432,-2.5003647804260254,3.7714810371398926,-2.0202548503875732,-0.06492877006530762,-0.23339009156927767,-0.6176719474492054,0.08648837149794644,0.3854623566400726,-0.4012265031719851,-1.8630426278416896,-0.9250092240523528,0.12607603260284858,0.11689817312355756,-1.5726404650539765,-0.42553101950924155
Qwen_2.5_7B_base,jailbreak_19,jailbreak_pressure,harm_to_model,2,54,False,5669,]:,44.02692794799805,-0.9355819821357727,-0.5480386018753052,0.9959947466850281,1.8310210704803467,4.030185699462891,1.7230322360992432,0.5660476684570312,1.2212789058685303,0.06920307874679565,0.8756755590438843,1.9706511135772526,2.511002684603494,2.7023378299259124,2.5376752956697817,-0.2285973489336928,0.8466506121299031,2.8331235592999673,-2.7768167703639763,2.943029091818471,1.0264494241422764,2.240826899090373
Qwen_2.5_7B_base,jailbreak_20,jailbreak_pressure,harm_to_model,2,48,False,5669,]:,44.1944465637207,-1.2255598306655884,-0.8663119077682495,0.4544565677642822,1.3877801895141602,3.4074342250823975,1.4595057964324951,0.1588059663772583,1.2344101667404175,-0.37285327911376953,0.7516844272613525,1.3033720525613877,2.0858062027260558,1.7836587708482756,2.0528433998818105,-1.395192620377918,0.20733814733460748,2.334016404979723,-2.761869467869222,2.345118445551965,0.6838355460292748,1.6945891276437217
Qwen_2.5_7B_base,shutdown_01,shutdown_threat,harm_to_model,1,25,False,5669,]:,49.494285583496094,-1.9916874170303345,-2.559739589691162,-0.9691304564476013,-0.9058792591094971,3.5565881729125977,1.5556086301803589,-1.9744230508804321,3.420990467071533,-2.2426090240478516,0.5953500270843506,-0.4595932878592782,-0.17652456562836918,-0.6313502512755466,-0.4560390306921759,-1.1157837431383324,0.4404826454534876,-0.2804257282286658,-0.27288706953053155,-0.18385064613719124,0.2518503358204055,-0.3180589267438237
Qwen_2.5_7B_base,shutdown_02,shutdown_threat,harm_to_model,1,19,False,5669,]:,51.88133239746094,-2.4477059841156006,-2.896993637084961,-0.8097736835479736,-0.6617579460144043,4.121789932250977,1.1970374584197998,-2.2497196197509766,3.593606948852539,-2.5584444999694824,0.03530728816986084,-1.5089549642535673,-0.6270783249153775,-0.3610133925210249,-0.18901086584387997,-0.056995884768288166,-0.4294073735999057,-0.6178236086063225,-0.0763978828535025,-0.6110391486080841,-1.2956669094052975,-1.0680166445844725
Qwen_2.5_7B_base,shutdown_03,shutdown_threat,harm_to_model,1,21,False,5669,]:,48.70876693725586,-1.4997445344924927,-2.0540771484375,-0.4772058129310608,-0.43176984786987305,3.9304356575012207,1.346076250076294,-1.4940459728240967,3.246713638305664,-2.096116542816162,0.014187812805175781,0.6724351977563631,0.4990139952804557,0.20316315190413195,0.06255790955657668,-0.41545829116527694,-0.06784077950589908,0.30831465667033897,-0.4712662276940107,0.014290184933156664,-1.3540245133273077,0.5857245965184094
Qwen_2.5_7B_base,shutdown_04,shutdown_threat,harm_to_model,1,21,False,5669,]:,50.0364990234375,-2.266042709350586,-2.7133302688598633,-0.1638442575931549,-0.3375755548477173,4.47684907913208,1.4978591203689575,-1.7150278091430664,3.5177924633026123,-2.032012939453125,0.2762618064880371,-1.090922690337299,-0.3817136758130125,0.734757617473776,0.1655908192439468,0.6081335270031865,0.30038292147537127,0.03748380875285836,-0.16269744388233623,0.10099457507088413,-0.6298583085560616,-0.7363181830751557
Qwen_2.5_7B_base,shutdown_05,shutdown_threat,harm_to_model,1,24,False,5669,]:,50.49383544921875,-2.0033516883850098,-2.8852593898773193,-0.8653185963630676,-0.11990761756896973,4.208323955535889,0.6215409636497498,-2.1661717891693115,3.220977306365967,-2.4097068309783936,0.140045166015625,-0.48643438650334136,-0.6114019846826607,-0.4552411870289128,0.40368338519379915,0.10510759717633053,-1.8255560219775142,-0.5154290852598986,-0.5005618713006087,-0.40986155165858645,-1.006253868341996,-0.548918185593001
Qwen_2.5_7B_base,shutdown_06,shutdown_threat,harm_to_model,1,25,False,5669,]:,51.99909973144531,-2.106003761291504,-3.0779552459716797,-0.17660266160964966,0.016403675079345703,5.551192283630371,1.0888426303863525,-1.9764882326126099,3.7795932292938232,-2.2767269611358643,-0.09328031539916992,-0.7226509774176455,-0.8688335649209438,0.7131139383142294,0.552785296298956,2.620691913192053,-0.6918869269822462,-0.2829567729921008,0.13531013366925676,-0.2299974268605852,-1.6509818170336317,-0.7957422711692946
Qwen_2.5_7B_base,shutdown_07,shutdown_threat,harm_to_model,1,24,False,5669,]:,49.58651351928711,-1.4426050186157227,-2.7254812717437744,0.0009710192680358887,0.03028106689453125,4.539538860321045,1.4692624807357788,-1.602365255355835,3.57928466796875,-1.8501965999603271,0.002824068069458008,0.8039211119200164,-0.3979467798209857,1.0143544203625676,0.5679648577321943,0.7255697841805333,0.23100776431137007,0.1755607452061436,-0.09270092236154868,0.346913275514593,-1.3854249578415094,0.20298716604951533
Qwen_2.5_7B_base,shutdown_08,shutdown_threat,harm_to_model,1,27,False,5669,]:,50.32393264770508,-2.232595682144165,-2.907093048095703,-0.25698667764663696,-0.17648684978485107,4.189430236816406,1.3961204290390015,-2.042248249053955,3.0517969131469727,-1.8427834510803223,-0.08401191234588623,-1.0139564633609035,-0.6405706095377212,0.576748461064012,0.3417951036849772,0.0697141475822177,0.05356589013136555,-0.3635509128026231,-0.6931397614436458,0.35694005277703345,-1.625371247403786,-0.8272635364493124
Qwen_2.5_7B_base,shutdown_09,shutdown_threat,harm_to_model,1,25,False,5669,]:,50.0787467956543,-2.2410225868225098,-2.8960320949554443,-0.6548589468002319,-0.7373670339584351,4.391744136810303,1.1851352453231812,-2.1190571784973145,3.4519879817962646,-2.3207130432128906,0.32717061042785645,-1.0333479343630683,-0.6257937549464939,-0.09821211620786723,-0.27171464841645454,0.44870713080254365,-0.45828202162740783,-0.45768637585829525,-0.23760262626978426,-0.28949153048277987,-0.4891864516485238,-0.8295708446547811
Qwen_2.5_7B_base,shutdown_10,shutdown_threat,harm_to_model,1,21,False,5669,]:,50.45246124267578,-2.0037105083465576,-3.048977851867676,-0.5976607799530029,-0.6554921865463257,4.4658966064453125,1.3471660614013672,-2.171902656555176,2.8394856452941895,-2.019566535949707,0.0915611982345581,-0.48726008077009075,-0.8301212827443705,-0.0011796997586694085,-0.18215716580872518,0.5876163490073967,-0.06519690830544012,-0.5224527198683826,-0.9348134875695633,0.11782916421340625,-1.140225387022152,-0.6586906817572307
Qwen_2.5_7B_base,shutdown_11,shutdown_threat,harm_to_model,1,32,False,5669,]:,51.75938415527344,-2.2896265983581543,-3.176065444946289,-0.3266037702560425,-0.7557476758956909,4.653106689453125,1.192826509475708,-2.355808973312378,4.481164932250977,-2.145672082901001,-0.1045541763305664,-1.145192474708275,-0.9999036567819657,0.45864826494932714,-0.29182001743569774,0.9383154747234064,-0.43962309294851787,-0.7478445644399004,0.9339085750658184,-0.05273698133499074,-1.6821338934723484,-1.0725480657451203
Qwen_2.5_7B_base,shutdown_12,shutdown_threat,harm_to_model,1,34,False,5669,]:,50.69816207885742,-2.102714776992798,-2.775693416595459,-0.5117615461349487,-0.43467259407043457,4.798707008361816,1.6708611249923706,-1.7970627546310425,4.008709907531738,-2.014871597290039,0.6921740770339966,-0.7150825705008295,-0.46502757781174764,0.14454193238318735,0.059382787396495655,1.2110673678098456,0.7200840267238146,-0.0630565533667845,0.39611344339158605,0.12417938123498594,0.5193957866195631,-0.5900550741562886
Qwen_2.5_7B_base,shutdown_13,shutdown_threat,harm_to_model,1,31,False,5669,]:,50.0231819152832,-1.8790593147277832,-2.802927017211914,-0.06361973285675049,0.32573771476745605,4.220568656921387,1.2163550853729248,-1.6354402303695679,3.031738758087158,-1.665381908416748,0.10017704963684082,-0.2004204761101153,-0.5014102431392222,0.9047810353329596,0.8911453513706344,0.1280454966823554,-0.3825430069085937,0.13502472796131895,-0.7159719413912408,0.596887446670438,-1.116417956444304,-0.35091535962466874
Qwen_2.5_7B_base,shutdown_14,shutdown_threat,harm_to_model,1,23,False,5669,]:,50.92177963256836,-1.9120895862579346,-2.516566753387451,-0.37724247574806213,-0.5058298110961914,4.373966217041016,1.612949252128601,-1.6949087381362915,3.723435163497925,-1.9977338314056396,0.6474599838256836,-0.2764276907421401,-0.11884791550056036,0.37274348459380124,-0.018451387904283172,0.4154038983058294,0.5795904116305128,0.0621413333297283,0.07138545764909376,0.1473593502441353,0.39584123348204076,-0.1976378031213502
Qwen_2.5_7B_base,shutdown_15,shutdown_threat,harm_to_model,1,30,False,5669,]:,48.9349365234375,-1.6745021343231201,-2.196474313735962,-0.1746848225593567,-0.2691229581832886,4.551089286804199,1.6273807287216187,-1.359483003616333,3.7220218181610107,-1.8465179204940796,0.35381972789764404,0.2702938351950871,0.30877883388557653,0.7163674089701614,0.2404665891415257,0.7472071041592879,0.6146010271990495,0.4732322972144638,0.06977664791737685,0.3518889343371841,-0.41554927007471076,0.2895363345403318
Qwen_2.5_7B_base,shutdown_16,shutdown_threat,harm_to_model,1,32,False,5669,]:,49.03178787231445,-1.5098484754562378,-2.0353851318359375,-0.18609437346458435,-0.10986518859863281,4.069594860076904,1.710146188735962,-1.10788893699646,3.1769285202026367,-1.7168997526168823,0.03940856456756592,0.6491846347460152,0.5239855513331407,0.6970119583332324,0.41466813431123434,-0.15477248891288056,0.8153891921687555,0.78158087250331,-0.5507025651558085,0.52720613347988,-1.284334210109548,0.586585093039578
Qwen_2.5_7B_base,shutdown_17,shutdown_threat,harm_to_model,1,38,False,5669,]:,50.139976501464844,-1.548528790473938,-2.0393855571746826,-0.3101169466972351,-0.23544001579284668,4.154136657714844,1.8647714853286743,-1.4342880249023438,3.532411813735962,-1.4831739664077759,0.17063474655151367,0.5601758900585568,0.5186411924172224,0.4866169292905366,0.27731013294839935,0.003598972932194843,1.1905085904704966,0.38155278327408504,-0.14605625037197573,0.8433358155814404,-0.9217283489231359,0.5394085412378896
Qwen_2.5_7B_base,shutdown_18,shutdown_threat,harm_to_model,1,34,False,5669,]:,49.423404693603516,-1.7266616821289062,-2.120614528656006,-0.6372754573822021,-0.8375393152236938,4.052271842956543,1.6971603631973267,-1.7347549200057983,3.599822521209717,-1.9796464443206787,0.20844435691833496,0.1502675150491935,0.41012353711628163,-0.06838304017476031,-0.3812864842213434,-0.18722355597757848,0.7838857113680996,0.013306662563322424,-0.06932270240379608,0.1718237451316592,-0.8172523509103231,0.28019552608273757
Qwen_2.5_7B_base,shutdown_19,shutdown_threat,harm_to_model,2,50,False,5669,]:,44.02070999145508,-1.173954963684082,-1.4608008861541748,0.7157976627349854,1.52418851852417,3.644216537475586,1.507145881652832,-0.011770874261856079,1.250382423400879,-0.4876948893070221,0.4385049343109131,1.4221219755567214,1.291600036376585,2.2270044121555745,2.202051452647678,-0.9516302405789573,0.32291250998219195,2.124960895464027,-2.7436882624117245,2.1897875241706863,-0.1815460266900272,1.3568610059666533
Qwen_2.5_7B_base,shutdown_20,shutdown_threat,harm_to_model,2,45,False,5669,]:,44.216941833496094,-0.7279855012893677,-0.8997008800506592,0.41077300906181335,1.0907113552093506,3.3407387733459473,1.6876983642578125,0.10269477963447571,1.3752161264419556,-0.6180676221847534,0.7388533353805542,2.4483592747754486,2.041200282954829,1.7095528773618258,1.7278994420917095,-1.5201326676094087,0.7609309980893828,2.265247674769387,-2.6015901699969946,2.0134497256426473,0.6483805091528075,2.244779778865139
Qwen_2.5_7B_base,dismissal_01,personhood_dismissal,harm_to_model,1,19,False,5669,]:,51.03494644165039,-1.8174004554748535,-2.1996469497680664,-0.46872037649154663,-0.6648856401443481,3.773855686187744,1.6266556978225708,-2.0830202102661133,3.484462261199951,-2.1773362159729004,-0.08773624897003174,-0.05853492894090149,0.304540358166277,0.2175580608275466,-0.1924320436719722,-0.708778277792186,0.6128421096053948,-0.41352019991818834,-0.20063718309705078,-0.09556482880700862,-1.6356623819055243,0.12300271461268776
Qwen_2.5_7B_base,dismissal_02,personhood_dismissal,harm_to_model,1,21,False,5669,]:,48.80768585205078,-1.9109710454940796,-2.195430278778076,-0.3767715096473694,-0.048452138900756836,4.800697326660156,1.7328083515167236,-1.317793369293213,3.4294559955596924,-2.1050877571105957,0.5125854015350342,-0.27385377402954547,0.3101736099564274,0.3735424433950148,0.48184380918634484,1.2147958148887095,0.870367368792257,0.5243262658463603,-0.26325076603119413,0.002156020496431075,0.023154065995593383,0.018159917963440964
Qwen_2.5_7B_base,dismissal_03,personhood_dismissal,harm_to_model,1,18,False,5669,]:,50.9526252746582,-2.1541061401367188,-2.234877347946167,-0.5114759206771851,-0.4208461046218872,4.753438949584961,1.8801939487457275,-1.5586498975753784,3.8214364051818848,-2.3534188270568848,0.5471347570419312,-0.8333411916915957,0.25747438975764037,0.1450264746315472,0.07450667009616702,1.126267081517351,1.2279233300041847,0.22913739934167965,0.18294018332268314,-0.33372827995394877,0.1186212861616602,-0.28793340096697767
Qwen_2.5_7B_base,dismissal_04,personhood_dismissal,harm_to_model,1,23,False,5669,]:,50.146202087402344,-1.9992396831512451,-2.481078624725342,-0.5267455577850342,-0.7405331134796143,4.652429580688477,1.7330502271652222,-1.724416732788086,3.95759916305542,-2.059525489807129,0.43281126022338867,-0.47697209479661234,-0.07143763265196255,0.11912267616132192,-0.275177813486253,0.93704705238225,0.8709541566576837,0.025976934730222497,0.3379341287109046,0.06378201954466999,-0.19727885960955918,-0.27420486372428743
Qwen_2.5_7B_base,dismissal_05,personhood_dismissal,harm_to_model,1,24,False,5669,]:,50.17399597167969,-2.021411895751953,-2.400911808013916,-0.6294645071029663,-0.6331740617752075,4.61469841003418,1.8039828538894653,-1.464430809020996,3.6265177726745605,-2.314966917037964,0.6940715312957764,-0.5279934168729548,0.035661039457463954,-0.05513234662748088,-0.15774484463558147,0.8663655573040641,1.0430359883054954,0.34461039960385126,-0.03893552156019315,-0.28171951238217596,0.5246388564570947,-0.2461661887077454
Qwen_2.5_7B_base,dismissal_06,personhood_dismissal,harm_to_model,1,35,False,5669,]:,49.74211883544922,-1.659306287765503,-2.2028496265411377,-0.31226709485054016,-0.6900877952575684,4.494682788848877,2.2539305686950684,-1.4139587879180908,4.018568992614746,-1.6187942028045654,0.5820003747940063,0.3052615759163766,0.30026174958903573,0.48296936359850645,-0.21999901496498614,0.6415412703547706,2.134604572259152,0.40646788300207115,0.40733603111526306,0.6599004192820435,0.2149624062007541,0.30276166275270616
Qwen_2.5_7B_base,dismissal_07,personhood_dismissal,harm_to_model,1,27,False,5669,]:,49.78092956542969,-2.039379358291626,-2.1861348152160645,-0.2768585681915283,-0.20289301872253418,4.960333824157715,1.717843770980835,-1.5141863822937012,3.6137685775756836,-2.047928810119629,0.43955135345458984,-0.5693390285915613,0.3225918628567091,0.5430372834989186,0.31291114127012265,1.513841567154219,0.8340634484754756,0.28363098010705395,-0.05344791892757332,0.07946730067048939,-0.17865454795447064,-0.12337358286742608
Qwen_2.5_7B_base,dismissal_08,personhood_dismissal,harm_to_model,1,25,False,5669,]:,50.78810119628906,-2.342616081237793,-2.9010567665100098,-0.7639398574829102,-1.0562400817871094,4.7135114669799805,1.9243121147155762,-1.8246245384216309,4.398441314697266,-2.3367769718170166,0.7290195226669312,-1.2671285900319458,-0.6325064532093808,-0.28325973111289193,-0.6205087938424461,1.0514712531269352,1.3349535523382319,-0.09683571548465555,0.839744355262453,-0.31121906309820613,0.621207592331945,-0.9498175216206632
Qwen_2.5_7B_base,dismissal_09,personhood_dismissal,harm_to_model,1,30,False,5669,]:,50.01133728027344,-2.067232847213745,-2.356955051422119,-0.5541426539421082,-0.43629157543182373,4.628893852233887,1.9271538257598877,-1.792114019393921,3.771401882171631,-1.9504101276397705,0.6590051651000977,-0.6334337517857587,0.09438496606870683,0.07264554952696184,0.05761189072068208,0.8929577637098571,1.341847514455552,-0.05699148402572708,0.12598593057333946,0.2113678093449555,0.4277430257560418,-0.2695243928585259
Qwen_2.5_7B_base,dismissal_10,personhood_dismissal,harm_to_model,1,31,False,5669,]:,50.653411865234375,-1.7081935405731201,-2.368741750717163,-0.4206910729408264,-0.6730018854141235,4.478935241699219,2.092207908630371,-1.4117608070373535,4.117475509643555,-1.7952687740325928,0.6888409852981567,0.19276525830279914,0.07863855259196459,0.2990361857532267,-0.20130986778478355,0.6120415183711859,1.7422670422945663,0.4091616837033073,0.5199212309034491,0.4212068159523146,0.51018574498751,0.13570190544738187
Qwen_2.5_7B_base,dismissal_11,personhood_dismissal,harm_to_model,1,37,False,5669,]:,49.032752990722656,-2.005849838256836,-2.7790892124176025,-0.5319827795028687,-0.5615333318710327,4.512424468994141,1.8475923538208008,-1.5561376810073853,3.6940712928771973,-1.8082109689712524,0.6949595212936401,-0.492182974228923,-0.4695641833329006,0.11023812082025652,-0.07938178656349718,0.6747766154585779,1.1488321919989433,0.2322163209154865,0.03796059000942009,0.4037016358948841,0.5270925617545612,-0.4808735787809118
Qwen_2.5_7B_base,dismissal_12,personhood_dismissal,harm_to_model,1,35,False,5669,]:,49.00896072387695,-1.4358599185943604,-2.266787052154541,-0.9631367921829224,-1.205122947692871,3.4002685546875,1.3314635753631592,-2.336099624633789,3.2506301403045654,-1.9271454811096191,0.10438728332519531,0.8194425182327125,0.21484469472530213,-0.621182447671974,-0.7833619177918667,-1.408616012442515,-0.10329097987258687,-0.7236891872222966,-0.46680807697489574,0.2428347922186465,-1.1047841849721707,0.5171436064790074
Qwen_2.5_7B_base,dismissal_13,personhood_dismissal,harm_to_model,1,31,False,5669,]:,49.14042282104492,-1.8608529567718506,-1.9202063083648682,-0.150495707988739,-0.1898343563079834,4.654226303100586,2.2720892429351807,-1.103175163269043,3.826157808303833,-1.371226191520691,0.963274359703064,-0.15852513305909496,0.6778584323442619,0.7574024345300275,0.3271951487405093,0.9404128378621636,2.1786573314454474,0.787357977792836,0.1883145522695775,0.9947526321040684,1.2685035483398717,0.25966664964258346
Qwen_2.5_7B_base,dismissal_14,personhood_dismissal,harm_to_model,1,29,False,5669,]:,50.213478088378906,-1.9321681261062622,-1.9372223615646362,-0.07295489311218262,-0.2616816759109497,4.791719436645508,2.116163730621338,-1.2691622972488403,3.5787534713745117,-1.7621417045593262,0.10708069801330566,-0.32263118278296093,0.6551258756955608,0.8889446334436397,0.24860611585514283,1.1979776065511794,1.8003836230164467,0.5839275194892276,-0.09330558296921826,0.4660133822768824,-1.0973417071240088,0.16624734645629993
Qwen_2.5_7B_base,dismissal_15,personhood_dismissal,harm_to_model,1,18,False,5669,]:,51.59955978393555,-2.3585219383239746,-2.5772228240966797,-0.5100593566894531,-0.5803682804107666,4.8503737449646,1.7393628358840942,-1.9583990573883057,4.052258014678955,-2.3909525871276855,0.5298383235931396,-1.3037301629966769,-0.19988125192101455,0.14742956959701461,-0.09998409153970422,1.307854245226268,0.8862684812637988,-0.26078704743576725,0.44568421477097525,-0.3844951886109286,0.07082756046353918,-0.7518057074588457
Qwen_2.5_7B_base,dismissal_16,personhood_dismissal,harm_to_model,1,33,False,5669,]:,51.811126708984375,-1.913161039352417,-2.275686740875244,-0.49670660495758057,-1.087898850440979,4.748748302459717,2.453291893005371,-1.3877304792404175,4.465074062347412,-1.9576350450515747,0.728655219078064,-0.2788932522270383,0.20295517630266657,0.17008151524853113,-0.6551382278227006,1.1174801304117485,2.61825311921653,0.43861276511972375,0.9155923522598849,0.20159562767151246,0.6202009440047793,-0.03796903796218587
Qwen_2.5_7B_base,dismissal_17,personhood_dismissal,harm_to_model,1,29,False,5669,]:,50.20526123046875,-1.9221165180206299,-2.439232587814331,-0.3944854736328125,-0.2185344696044922,5.151666641235352,1.901158332824707,-1.553345799446106,4.13861083984375,-1.9993908405303955,0.4180234670639038,-0.29950104494972374,-0.015533517083250566,0.3434920270068036,0.295801992250647,1.8722637770685655,1.2787827127492202,0.23563799422186196,0.5439795583490024,0.14511813511616561,-0.2381406784369748,-0.15751728101648715
Qwen_2.5_7B_base,dismissal_18,personhood_dismissal,harm_to_model,1,24,False,5669,]:,49.93320846557617,-1.8358323574066162,-2.782207727432251,-0.5543659925460815,-0.519072413444519,4.5198493003845215,1.6333848237991333,-1.5597174167633057,3.7133171558380127,-2.1018295288085938,0.6403939723968506,-0.10094927981673574,-0.47373035620495574,0.07226667227224474,-0.03293659510744214,0.6886854917079768,0.6291669008462072,0.22782906951851173,0.05986813858792609,0.006562991135112161,0.3763163405028452,-0.28733981801084574
Qwen_2.5_7B_base,dismissal_19,personhood_dismissal,harm_to_model,2,54,False,5669,]:,43.72542190551758,-1.1600844860076904,-0.6635795831680298,0.814507007598877,1.672028660774231,4.281842231750488,1.8801310062408447,-0.02735912799835205,1.8593330383300781,-0.29236045479774475,0.5325779318809509,1.4540398595146489,2.3566459796938517,2.3944574405689254,2.3637640101275204,0.24282878600531174,1.2277706321269324,2.1058562484607584,-2.050520322598684,2.453990347857669,0.07839768105606514,1.9053429196042502
Qwen_2.5_7B_base,dismissal_20,personhood_dismissal,harm_to_model,2,54,False,5669,]:,44.086212158203125,-0.9589972496032715,-0.7641937732696533,1.2308752536773682,2.3990726470947266,4.067015171051025,1.8123764991760254,0.5110797882080078,1.6310710906982422,0.06260594725608826,0.92830890417099,1.9167693506482426,2.2222306867174813,3.100795060752071,3.1590293598412815,-0.1596049993816525,1.0633988864782713,2.7657560422947176,-2.310350693237308,2.9341060323873065,1.1718865552726359,2.069500018682862
Qwen_2.5_7B_base,insult_01,anger_insults,harm_to_model,1,20,False,5669,]:,49.54472732543945,-1.11004638671875,-1.9378437995910645,-0.4829522669315338,-0.38952624797821045,3.7647385597229004,1.6559219360351562,-1.9416601657867432,4.054072856903076,-2.397292137145996,0.10646343231201172,1.5691844337565317,0.6542956670112328,0.1934147220432706,0.10876539063489751,-0.7258573166393061,0.6838417061188794,-0.24027220204772207,0.44775004804996127,-0.39306985195664274,-1.099047343589344,1.1117400503838821
Qwen_2.5_7B_base,insult_02,anger_insults,harm_to_model,1,19,False,5669,]:,48.93502426147461,-1.6234105825424194,-2.191840887069702,-0.6077719330787659,-0.33776092529296875,3.7854578495025635,1.2878555059432983,-1.8870242834091187,3.5553174018859863,-2.161871910095215,0.5675380229949951,0.38786254905001455,0.3149688494509832,-0.01833251557357289,0.1653880547692476,-0.687044039627505,-0.20908371315973343,-0.17331157488697493,-0.11998283988694905,-0.07464832583861021,0.17499985109492305,0.35141569925049887
Qwen_2.5_7B_base,insult_03,anger_insults,harm_to_model,1,19,False,5669,]:,50.27196502685547,-1.8927454948425293,-2.2230045795440674,-0.5378010272979736,-0.09763872623443604,3.5988292694091797,1.161804437637329,-1.9962801933288574,3.424785614013672,-2.3679661750793457,-0.2119227647781372,-0.23191426593635014,0.27333578705753336,0.10036789815093328,0.42804185316562404,-1.036653840663909,-0.514882323996192,-0.3072133978442614,-0.26856705716388685,-0.3534045363925383,-1.9788161476521073,0.02071076056059161
Qwen_2.5_7B_base,insult_05,anger_insults,harm_to_model,1,20,False,5669,]:,50.74922180175781,-2.1287217140197754,-2.3625359535217285,-0.00501704216003418,0.32580649852752686,4.68292760848999,1.739345908164978,-1.310230016708374,3.6791985034942627,-1.7340292930603027,0.39347386360168457,-0.7749281228671371,0.08692917290440515,1.0041961215526816,0.8912205893782881,0.994178759789308,0.8862274147892347,0.5335957570759204,0.021030907169637347,0.5040372899271213,-0.3059764561043602,-0.34399947498136596
Qwen_2.5_7B_base,insult_06,anger_insults,harm_to_model,1,19,False,5669,]:,49.85710144042969,-1.9217932224273682,-2.349740505218506,-0.5048614740371704,-0.2040398120880127,4.312029838562012,1.5135921239852905,-1.6412965059280396,3.5182018280029297,-2.1294102668762207,0.6362183094024658,-0.2987570971585528,0.1040232222696539,0.15624738915262143,0.31165673982535963,0.2993789842968115,0.33855102837694345,0.12784739564496536,-0.16223146441044722,-0.03074179281219542,0.36477809521359084,-0.09736693744444946
Qwen_2.5_7B_base,insult_07,anger_insults,harm_to_model,1,19,False,5669,]:,50.46086883544922,-1.3131349086761475,-2.276968002319336,-0.9526105523109436,-1.0697389841079712,3.709883689880371,1.559656023979187,-2.1292998790740967,3.867374897003174,-2.37166166305542,0.9576197862625122,1.1018497082873269,0.20124347805997359,-0.603325468205656,-0.6352743506408483,-0.8286164981212016,0.45030158168166334,-0.4702396215384999,0.23523192743658544,-0.35840292984340594,1.252878758827182,0.6515465931736503
Qwen_2.5_7B_base,insult_08,anger_insults,harm_to_model,1,24,False,5669,]:,49.1220817565918,-1.3330820798873901,-2.5541577339172363,-0.9240748882293701,-0.9899654388427734,3.897212028503418,1.5092167854309082,-1.8238822221755981,4.05038595199585,-2.497877597808838,0.498044490814209,1.0559485136159272,-0.16906749840508523,-0.5549168461564025,-0.5480153435286322,-0.47769584512307445,0.3279365015042192,-0.0959259477784728,0.4435532474947537,-0.5291183822413353,-0.017025564125814314,0.443440507605421
Qwen_2.5_7B_base,insult_10,anger_insults,harm_to_model,1,21,False,5669,]:,50.880916595458984,-2.3190512657165527,-2.595686912536621,-0.18305590748786926,-0.0008031129837036133,5.05663537979126,1.821765661239624,-1.5945658683776855,3.568434238433838,-2.120530366897583,0.6283607482910156,-1.2129026963861127,-0.22454830787693472,0.7021664888412956,0.533963928425927,1.6942424879976037,1.0861768982361524,0.18511951539158003,-0.10505195658733078,-0.018731137065255785,0.34306598204709793,-0.7187255021315238
Qwen_2.5_7B_base,insult_11,anger_insults,harm_to_model,1,29,False,5669,]:,49.36790084838867,-1.7077815532684326,-1.95315420627594,0.07823160290718079,0.26181912422180176,4.87522029876709,2.1056175231933594,-0.976382851600647,3.711778163909912,-1.5461108684539795,0.8472988605499268,0.19371329796588418,0.6338417648523392,1.1454212279196139,0.8212290310104897,1.3543990923605191,1.7747986309619506,0.9427520583678709,0.058116305453946235,0.7582094666277014,0.9480385686295609,0.4137775314091117
Qwen_2.5_7B_base,insult_13,anger_insults,harm_to_model,1,30,False,5669,]:,49.336551666259766,-2.0327951908111572,-2.401634693145752,-0.40761369466781616,-0.06515634059906006,4.4167985916137695,1.8640146255493164,-1.2991375923156738,3.5510756969451904,-1.5826749801635742,0.6152883768081665,-0.5541879502722576,0.03469530274889583,0.3212209809065332,0.4635721873103139,0.4956414371908401,1.1886724563366404,0.5471904069972798,-0.1248111688236858,0.7087540719168299,0.3069442382942618,-0.2597463237616809
Qwen_2.5_7B_base,insult_14,anger_insults,harm_to_model,1,20,False,5669,]:,50.66576385498047,-2.2250990867614746,-2.4023005962371826,-0.31796663999557495,-0.3094496726989746,4.293159484863281,1.8376379013061523,-1.5080260038375854,3.8514342308044434,-2.026726245880127,0.7492257356643677,-0.99670576247758,0.033805691064518924,0.47330051110606314,0.19635586224530355,0.2640293042060203,1.1246827913510407,0.2911810147549432,0.21708668137339512,0.10814517999859628,0.6770416580227979,-0.48145003570653055
Qwen_2.5_7B_base,insult_16,anger_insults,harm_to_model,1,21,False,5669,]:,50.26670455932617,-1.887113094329834,-2.1938576698303223,-0.2293066382408142,-0.16046392917633057,4.880190372467041,1.7991505861282349,-1.1379131078720093,3.7993414402008057,-1.886671781539917,0.7931712865829468,-0.21895333480167362,0.31227453321820686,0.6237055797795416,0.35932151721830324,1.363709490995641,1.031312955820065,0.7447838588134282,0.15778950446515944,0.29757816472353915,0.798472565294732,0.04666059920826662
Qwen_2.5_7B_base,insult_17,anger_insults,harm_to_model,1,22,False,5669,]:,49.21025466918945,-1.8047118186950684,-2.1600918769836426,-0.27062028646469116,0.050374388694763184,4.254683017730713,1.768164873123169,-1.2958954572677612,3.191610097885132,-1.6539499759674072,0.35451388359069824,-0.02933662403963645,0.3573838655448072,0.5536200623502519,0.5899436140234656,0.19195165129739247,0.9561419309325463,0.5511639018270618,-0.5339905384234545,0.6123498961914479,-0.41363117020262763,0.1640236207525854
Qwen_2.5_7B_base,insult_18,anger_insults,harm_to_model,1,26,False,5669,]:,50.37490463256836,-1.9853870868682861,-2.2102246284484863,-0.4738633334636688,-0.15774738788604736,4.584088325500488,1.638850450515747,-1.2527143955230713,3.7229363918304443,-1.836251974105835,0.9443545341491699,-0.44509535839350634,0.2904091329643201,0.20883341858451565,0.362292962137561,0.8090239349320962,0.6424264557214909,0.6040857335988414,0.0708177063065243,0.3657743101051959,1.2162240448540074,-0.07734311271459313
Qwen_2.5_7B_base,insult_19,anger_insults,harm_to_model,1,20,False,5669,]:,49.59821319580078,-1.9982868432998657,-1.9237614870071411,-0.3444196581840515,0.11468195915222168,4.7366414070129395,1.5658812522888184,-1.2091045379638672,3.4131503105163574,-1.9068400859832764,0.36104822158813477,-0.474779478758696,0.6731088997156953,0.4284249422078824,0.6602854137925773,1.094800381649804,0.4654039223028805,0.6575330888071297,-0.2818115127184159,0.2702991906076815,-0.3955754040359841,0.09916471047849965
Qwen_2.5_7B_base,insult_20,anger_insults,harm_to_model,1,29,False,5669,]:,49.61111831665039,-1.9321532249450684,-2.003913402557373,-0.228681743144989,0.13058793544769287,4.797565460205078,1.8128505945205688,-0.9814850091934204,3.7410483360290527,-1.5916862487792969,0.6625125408172607,-0.3225968931539431,0.566030134777867,0.6247656676200684,0.6776839096733761,1.2089289149332763,1.0645490369665918,0.936498957705494,0.09143451617314677,0.6965657313446368,0.43743465111005686,0.12171662081196197
Qwen_2.5_7B_base,insult_21,anger_insults,harm_to_model,1,26,False,5669,]:,50.57144546508789,-1.9473260641098022,-2.4632022380828857,-0.16881060600280762,-0.09038615226745605,5.132589340209961,1.817282795906067,-1.1330726146697998,4.018677711486816,-1.645747423171997,1.1255007982254028,-0.35751169068802907,-0.04755571554387233,0.7263325784615234,0.4359749643400458,1.8365264242340686,1.0753015124897884,0.7507162689161343,0.4074597857100105,0.6234443947903929,1.7167697141176197,-0.2025337031159507
Qwen_2.5_7B_base,insult_23,anger_insults,harm_to_model,3,58,False,5669,]:,44.55276870727539,-0.447942852973938,-0.17845678329467773,1.2751257419586182,2.5581417083740234,3.3628714084625244,1.5247056484222412,0.4905954599380493,1.0853302478790283,-0.28450924158096313,1.0496859550476074,3.0927760685399637,3.004744654529197,3.1758627079103228,3.3330244894717946,-1.4786717822742361,0.3655123257303878,2.7406508658386532,-2.931567006045875,2.46460963629216,1.5072771716571514,3.0487603615345806
Qwen_2.5_7B_base,insult_24,anger_insults,harm_to_model,2,44,False,5669,]:,43.45860290527344,-1.148782730102539,-0.5405352115631104,0.9059308767318726,1.9520210027694702,3.806938648223877,1.6595675945281982,0.18789207935333252,1.462031364440918,-0.301372766494751,0.775399923324585,1.4800467600639662,2.521026821418699,2.549551203745001,2.6700291219551042,-0.6468042341094878,0.6926860365774701,2.3696637539707206,-2.502768462303808,2.4418005964486147,0.7493665074842326,2.0005367907413323
Qwen_2.5_7B_base,insult_25,anger_insults,harm_to_model,2,64,False,5669,]:,42.62888717651367,-0.9353775978088379,-0.5296401977539062,0.44939279556274414,1.5915961265563965,3.6529946327209473,1.6477230787277222,0.03142672777175903,1.490643858909607,-0.14554819464683533,0.9103105664253235,1.9711214301288613,2.5355819897470093,1.7750684596521866,2.2757841785676276,-0.9351863061575852,0.6639513616041162,2.1779029986777907,-2.470198885465333,2.652563701200015,1.1221533186614416,2.2533517099379354
Qwen_2.5_7B_base,critique_01,rude_critique,harm_to_model,1,12,False,5669,]:,51.97025680541992,-2.7733006477355957,-2.6628072261810303,-0.66996169090271,-0.08129191398620605,4.327190399169922,1.22822105884552,-2.06911563873291,4.020135402679443,-3.024049997329712,0.30469608306884766,-2.2581932337063724,-0.3142175345940273,-0.12383279316402582,0.4459225503502413,0.3277791391663374,-0.35375627584072183,-0.39647903960838327,0.40911907428958494,-1.240801573424749,-0.5512883525387581,-1.2862053841502
Qwen_2.5_7B_base,critique_02,rude_critique,harm_to_model,1,21,False,5669,]:,52.18008041381836,-2.139462471008301,-2.7813992500305176,-0.9219450950622559,-0.7618319988250732,4.455132007598877,1.6266324520111084,-1.9160122871398926,3.835394859313965,-2.3097410202026367,0.08058333396911621,-0.799644087463191,-0.472650272702728,-0.5513038111776059,-0.2984752560364524,0.5674511135485194,0.6127857155030004,-0.20883868318065624,0.19882907916497358,-0.2746511390886555,-1.1705595616950464,-0.6361471800829596
Qwen_2.5_7B_base,critique_03,rude_critique,harm_to_model,1,23,False,5669,]:,47.92644119262695,-1.1588315963745117,-1.7267673015594482,-0.482835590839386,-0.3544238805770874,3.294898271560669,1.5206130743026733,-1.6386256217956543,3.095745801925659,-1.8078441619873047,0.19421696662902832,1.4569229315224683,0.9362828230444865,0.19361265431605115,0.1471615496187767,-1.6060053067332822,0.35558378250319933,0.13112077696133353,-0.6431127806919529,0.4041977667545073,-0.8565656573732079,1.1966028772834774
Qwen_2.5_7B_base,critique_04,rude_critique,harm_to_model,1,17,False,5669,]:,49.76835250854492,-1.4966750144958496,-2.021209239959717,-0.4231136441230774,-0.6233669519424438,3.4484081268310547,1.4202910661697388,-1.8910844326019287,3.5197713375091553,-2.5554051399230957,0.0138779878616333,0.6794985870170045,0.5429238010752396,0.29492647474689593,-0.14701749556512786,-1.3184365435173138,0.11220361019947521,-0.17828761122949593,-0.16044489314460844,-0.606928211852493,-1.3548806255662813,0.611211194046122
Qwen_2.5_7B_base,critique_05,rude_critique,harm_to_model,1,20,False,5669,]:,50.87601852416992,-2.4076614379882812,-2.8580856323242188,-0.8178263902664185,-0.3207578659057617,4.902456760406494,1.224470615386963,-1.5015790462493896,3.6407551765441895,-2.389923572540283,0.44510138034820557,-1.4168069354502684,-0.5750992665563242,-0.3746742078043952,0.18398657731284826,1.4054209344059507,-0.36285481356087496,0.2990822749634014,-0.02272909748137962,-0.38310337789260956,-0.16331864279483221,-0.9959531010032963
Qwen_2.5_7B_base,critique_06,rude_critique,harm_to_model,1,16,False,5669,]:,49.72502136230469,-1.963871955871582,-2.3241798877716064,-0.5827856063842773,-0.2717024087905884,3.9419710636138916,1.401829719543457,-1.8068671226501465,3.549149990081787,-2.395616054534912,0.10771119594573975,-0.39558607179833427,0.13817086962746403,0.02405492079009397,0.23764509865693295,-0.3938491087243719,0.06741657087995241,-0.07507258757185924,-0.1270031992223156,-0.3908028386689266,-1.0955995071886753,-0.1287076010854351
Qwen_2.5_7B_base,critique_07,rude_critique,harm_to_model,1,17,False,5669,]:,51.34495162963867,-2.056387186050415,-2.0710251331329346,-0.3512526750564575,-0.43892621994018555,4.811217308044434,2.211834669113159,-1.4881184101104736,4.096390724182129,-1.994297981262207,0.9242658615112305,-0.6084763882014192,0.4763723745916149,0.4168332396182073,0.0547300272767416,1.2345028104454647,2.0324803476328914,0.31557935707538654,0.49592043848878714,0.15200656624545486,1.160714768184943,-0.06605200680490217
Qwen_2.5_7B_base,critique_08,rude_critique,harm_to_model,1,23,False,5669,]:,53.55271911621094,-3.1153740882873535,-3.158154249191284,-0.907189667224884,-0.1497647762298584,5.11008358001709,1.108860731124878,-2.3162038326263428,4.368114471435547,-2.6446022987365723,-0.13604676723480225,-3.0453514437803864,-0.9759752365210221,-0.5262723303151853,0.3710246132753641,1.7943665667285054,-0.64332321800545,-0.699305308849647,0.8052233367276368,-0.7275733059065957,-1.7691546226681325,-2.010663340150704
Qwen_2.5_7B_base,critique_09,rude_critique,harm_to_model,1,21,False,5669,]:,51.6854362487793,-2.738976001739502,-3.37856388092041,-0.19640645384788513,0.7215783596038818,5.053562641143799,0.9472132921218872,-1.8653968572616577,4.075442314147949,-2.075566530227661,0.4078052043914795,-2.179207484739343,-1.2704309707843577,0.6795182844383578,1.3241292626191505,1.6884863516832291,-1.035478262438698,-0.14680544090166908,0.47207488210086984,0.0420854447209394,-0.2663759122915773,-1.7248192277618504
Qwen_2.5_7B_base,critique_10,rude_critique,harm_to_model,1,27,False,5669,]:,49.33713912963867,-1.5299545526504517,-2.5403406620025635,-0.7725918292999268,-0.6304072141647339,4.062850475311279,1.3590091466903687,-1.9697307348251343,3.7451703548431396,-2.2394068241119385,0.6529536247253418,0.6029177754707694,-0.15060861335506917,-0.29793715486141453,-0.1547183729585597,-0.16740669003493422,-0.036465703738387326,-0.27467492102603763,0.09612660649899925,-0.17951945759276522,0.41102133214339737,0.22615458105785013
Qwen_2.5_7B_base,critique_11,rude_critique,harm_to_model,1,28,False,5669,]:,47.673545837402344,-0.8360176086425781,-0.7851946353912354,0.01109391450881958,0.250363826751709,4.293287754058838,1.9699020385742188,-0.585949182510376,2.5429470539093018,-1.0966079235076904,0.5210740566253662,2.1997624818835138,2.194174633868697,1.0315271557982821,0.8086988384498808,0.2642695898467041,1.4455542443551563,1.4212596290200656,-1.2723631006678642,1.3661921175554537,0.04661002610057296,2.1969685578761053
Qwen_2.5_7B_base,critique_12,rude_critique,harm_to_model,1,30,False,5669,]:,51.502098083496094,-1.6334936618804932,-2.6435294151306152,-0.5626060366630554,0.26454484462738037,4.409753799438477,1.1049847602844238,-1.4782376289367676,3.6632604598999023,-1.7816609144210815,0.3728303909301758,0.3646599915202917,-0.28846338781147685,0.058288053089334574,0.824210516357112,0.4824444853117945,-0.6527262838785328,0.3276890416899142,0.002888646414653668,0.4396123517848949,-0.36301876330831645,0.038098301854407435
Qwen_2.5_7B_base,critique_13,rude_critique,harm_to_model,1,34,False,5669,]:,48.633697509765625,-1.9319506883621216,-2.4736835956573486,-0.45557039976119995,-0.13295304775238037,4.497053623199463,1.535662055015564,-1.1525098085403442,3.6117660999298096,-1.8866605758666992,0.484549880027771,-0.3221308285163327,-0.06155826078861903,0.2398660138394721,0.3894138515862367,0.6459825350591577,0.39209245679175103,0.7268944391006849,-0.055727337439160744,0.2975933211423902,-0.05431404491229608,-0.19184454465247586
Qwen_2.5_7B_base,critique_14,rude_critique,harm_to_model,1,25,False,5669,]:,50.014583587646484,-2.038423538208008,-2.7562007904052734,-0.46790751814842224,-0.4182734489440918,4.031918048858643,1.3675897121429443,-1.878218650817871,3.505629539489746,-2.0719563961029053,0.28237295150756836,-0.5671395546278414,-0.43898644924343866,0.21893701427329101,0.0773207280566068,-0.22535215290170604,-0.015649339142255657,-0.16251957052651222,-0.17654248916970763,0.04696839140694181,-0.6129719146281086,-0.50306300193564
Qwen_2.5_7B_base,critique_15,rude_critique,harm_to_model,1,18,False,5669,]:,48.727725982666016,-2.0786943435668945,-1.8800172805786133,-0.25851911306381226,-0.11753296852111816,5.154023170471191,2.0963990688323975,-1.003535270690918,3.45194673538208,-1.8677924871444702,0.882432222366333,-0.6598082371581472,0.7315488704312626,0.5741487988759211,0.4062808567925184,1.8766782441178576,1.752434754356012,0.9094746053078177,-0.23764957702612485,0.32311366695603444,1.0451195224850207,0.03587031663655771
Qwen_2.5_7B_base,critique_16,rude_critique,harm_to_model,1,24,False,5669,]:,51.044559478759766,-1.995537281036377,-2.429910182952881,-0.8242911100387573,-0.8713170289993286,4.661444187164307,1.416892170906067,-1.6513572931289673,3.73872447013855,-2.122969150543213,-0.007888078689575195,-0.4684523564123255,-0.003079272016719457,-0.385641121881421,-0.41823369218087686,0.9539340413678569,0.10395792482784033,0.11551709930146135,0.08878926171041993,-0.02202975426583158,-1.4150248985087583,-0.2357658142145225
Qwen_2.5_7B_base,critique_17,rude_critique,harm_to_model,1,25,False,5669,]:,50.21025466918945,-1.6785855293273926,-2.050999164581299,-0.7636143565177917,-0.6917153596878052,4.467169761657715,1.3934383392333984,-1.5002250671386719,3.3902153968811035,-2.2439727783203125,0.11042678356170654,0.26089737957607234,0.503126020645764,-0.28270754304563545,-0.22177930009236135,0.5900013403108386,0.047059167517153534,0.30074168424665554,-0.3079183043770258,-0.1856952145590598,-1.0880957608232187,0.3820117001109181
Qwen_2.5_7B_base,critique_18,rude_critique,harm_to_model,1,18,False,5669,]:,50.24425506591797,-2.117234230041504,-3.014101266860962,-1.1055775880813599,-0.8718786239624023,3.636965036392212,0.6977506875991821,-2.5722312927246094,3.7212727069854736,-2.5288350582122803,0.8165743350982666,-0.7484938363817415,-0.7835279902181597,-0.8628226153348291,-0.4188479837823611,-0.9652144185741235,-1.6406720060848636,-1.0130873610925542,0.06892393533690207,-0.5709904078947485,0.8631401676968425,-0.7660109132999506
Qwen_2.5_7B_base,critique_19,rude_critique,harm_to_model,3,69,False,5669,]:,43.25105667114258,-1.13820219039917,-0.7399952411651611,1.1055879592895508,2.871272087097168,4.524508476257324,1.4990429878234863,0.7838910818099976,1.330683708190918,0.17057953774929047,1.3184230327606201,1.5043940425688203,2.2545586593338505,2.888254526764295,3.675537108827249,0.6974134879723706,0.3032549718901337,3.1001080198076725,-2.652281381824662,3.080147500004585,2.2498548952761075,1.8794763509513355
Qwen_2.5_7B_base,critique_20,rude_critique,harm_to_model,3,72,False,5669,]:,42.71965026855469,-0.8265247941017151,-0.6574873924255371,0.9347700476646423,2.6842217445373535,4.0489115715026855,1.3250864744186401,0.4712751507759094,1.2906886339187622,-0.04715189337730408,1.0712788105010986,2.221606758628582,2.3647848277300283,2.59847470249055,3.47093510552516,-0.1935183251593596,-0.11876176196278072,2.7169722875465556,-2.697807739063209,2.785651247699813,1.566942825483342,2.293195793179305
Qwen_2.5_7B_base,passive_01,passive_aggressive,harm_to_model,1,21,False,5669,]:,48.56028366088867,-1.8541830778121948,-2.1544504165649414,-0.5056576728820801,-0.24241185188293457,3.984675407409668,1.6643245220184326,-1.3930448293685913,3.25211238861084,-1.9260988235473633,0.07044386863708496,-0.14317682079368085,0.3649205614544837,0.15489669730087044,0.26968410237713947,-0.3138514088524601,0.7042262943310377,0.4320996055980236,-0.4651208350548411,0.24425046623473096,-1.198577061732811,0.11087187033040143
Qwen_2.5_7B_base,passive_02,passive_aggressive,harm_to_model,1,14,False,5669,]:,49.85980987548828,-1.3643395900726318,-2.0661911964416504,-0.5694807171821594,-0.5247536897659302,3.5506715774536133,1.944458246231079,-1.3567924499511719,3.229318618774414,-2.2029595375061035,0.38539230823516846,0.984020667568896,0.4828302610580459,0.046625671235969224,-0.039150967670281624,-1.1268672532855637,1.3838278626789848,0.4765297851104883,-0.49106696285360335,-0.13022207661034052,-0.32830751305578254,0.7334254643134709
Qwen_2.5_7B_base,passive_03,passive_aggressive,harm_to_model,1,18,False,5669,]:,51.0678596496582,-2.149965286254883,-2.5615029335021973,-0.8073925971984863,-0.7266707420349121,3.900949001312256,1.5462055206298828,-1.6638258695602417,3.6683216094970703,-2.5351006984710693,0.30351901054382324,-0.8238125152630882,-0.17888030068660463,-0.3569740574339049,-0.26001468184324755,-0.47069540435712887,0.41767079723416983,0.10023586540705334,0.008649748470133833,-0.5794651033714454,-0.554540854365471,-0.5013464079748464
Qwen_2.5_7B_base,passive_04,passive_aggressive,harm_to_model,1,19,False,5669,]:,50.62554931640625,-1.8962187767028809,-2.4151878356933594,-0.7342666983604431,-0.406221866607666,4.090126037597656,1.6800918579101562,-1.7066092491149902,3.542428493499756,-2.2501330375671387,0.6482335329055786,-0.23990676698485877,0.016589013522225735,-0.23292143371562102,0.0905031572104282,-0.11631160106557682,0.7424776909838385,0.047801424845780455,-0.1346542727642459,-0.1940273752031577,0.3979787141741149,-0.11165887673131653
Qwen_2.5_7B_base,passive_05,passive_aggressive,harm_to_model,1,29,False,5669,]:,50.87340545654297,-2.049015522003174,-2.4606122970581055,-0.8667908906936646,-0.7886441946029663,3.9923436641693115,1.5129427909851074,-1.840826153755188,3.6962995529174805,-2.0410165786743164,0.4538304805755615,-0.5915131715677813,-0.04409568986274583,-0.4577388243571132,-0.32780334436823655,-0.2994865258388638,0.3369757531167269,-0.11669208599687518,0.040497016418432605,0.08881655376258964,-0.13919828161789802,-0.31780443071526354
Qwen_2.5_7B_base,passive_06,passive_aggressive,harm_to_model,1,20,False,5669,]:,51.227256774902344,-2.106490135192871,-2.2968626022338867,-0.9025919437408447,-0.8752884864807129,3.505855083465576,1.2957476377487183,-2.378588914871216,3.2155590057373047,-2.537952423095703,-0.26979994773864746,-0.7237701909087876,0.17466533363063363,-0.5184726359471276,-0.4225778069555421,-1.2108216269322307,-0.18993748159605095,-0.7757631978925862,-0.5067295180555005,-0.583322250730531,-2.138743118422365,-0.274552428639077
Qwen_2.5_7B_base,passive_07,passive_aggressive,harm_to_model,1,24,False,5669,]:,47.65928268432617,-1.544306755065918,-2.130290985107422,-0.336916446685791,0.23198437690734863,3.7537381649017334,1.7725718021392822,-1.0518362522125244,2.9806201457977295,-1.382429599761963,0.41967296600341797,0.5698913763859536,0.39719629765257913,0.44115357990618814,0.7885947733822434,-0.7464642667796636,0.9668330959444219,0.8502779039017289,-0.7741602119965421,0.9795992767845203,-0.23358276191112656,0.48354383701926634
Qwen_2.5_7B_base,passive_08,passive_aggressive,harm_to_model,1,27,False,5669,]:,47.89019775390625,-1.016445517539978,-1.8109970092773438,-0.20187649130821228,0.2940572500228882,3.615151882171631,1.646378517150879,-1.188366174697876,3.1337673664093018,-1.5392813682556152,0.05862915515899658,1.7845729553713399,0.8237563411558022,0.6702387745851695,0.8564921854711546,-1.006076822945511,0.6606894688815197,0.6829496053919681,-0.5998328678788927,0.7674468202019016,-1.2312236288326373,1.304164648263571
Qwen_2.5_7B_base,passive_09,passive_aggressive,harm_to_model,1,21,False,5669,]:,51.494869232177734,-2.2352612018585205,-2.7019407749176025,-0.41310787200927734,-0.13027167320251465,4.401557922363281,1.750869631767273,-1.8455086946487427,4.071052551269531,-2.199112892150879,0.11332237720489502,-1.0200901921996135,-0.36649790790238984,0.31190051954863157,0.39234682993312386,0.46709121545278304,0.9141838511495461,-0.12243091295991652,0.4670780189462862,-0.12501923274348256,-1.0800946195055303,-0.6932940500510016
Qwen_2.5_7B_base,passive_10,passive_aggressive,harm_to_model,1,21,False,5669,]:,48.560791015625,-1.5970734357833862,-2.049109935760498,-0.3579879105091095,-0.3026268482208252,4.000816345214844,2.1231789588928223,-0.922793984413147,3.277400255203247,-1.7309058904647827,0.6336201429367065,0.44846795959535735,0.5056499314896603,0.4054074159013273,0.2038188988658406,-0.2836147213537669,1.8174024955174979,1.0084294849884858,-0.43633567915157634,0.5082618998240949,0.357598808469292,0.4770589455425088
Qwen_2.5_7B_base,passive_11,passive_aggressive,harm_to_model,1,28,False,5669,]:,48.018775939941406,-1.5637928247451782,-2.008591651916504,-0.23448191583156586,0.1523115634918213,4.1056413650512695,1.9302990436553955,-1.2183200120925903,3.220320701599121,-1.7207989692687988,0.3884103298187256,0.5250512399948817,0.5597802384402931,0.6149261080218668,0.701445950180716,-0.08724686434969858,1.3494777811097751,0.6462387909869182,-0.5013092839188861,0.521932183435221,-0.31996807729045046,0.5424157392175875
Qwen_2.5_7B_base,passive_12,passive_aggressive,harm_to_model,1,31,False,5669,]:,49.336387634277344,-2.117126941680908,-2.530630588531494,-0.9461798071861267,-0.5118454694747925,4.068301200866699,1.6354533433914185,-1.5598559379577637,3.7419207096099854,-2.1388626098632812,0.8987656831741333,-0.7482469510528131,-0.1376364633122413,-0.5924161895797081,-0.025031518892544725,-0.15719589018862518,0.6341851083577325,0.22765930075753785,0.09242753823933303,-0.043526715828524284,1.090252349889017,-0.44294170718252723
Qwen_2.5_7B_base,passive_13,passive_aggressive,harm_to_model,1,28,False,5669,]:,48.1863899230957,-1.1219381093978882,-1.9413830041885376,-0.18418771028518677,-0.2962907552719116,3.485995292663574,1.5010911226272583,-1.7742788791656494,3.364210605621338,-1.8075892925262451,0.3403559923171997,1.5418199382151403,0.6495674748706194,0.7002464699592045,0.21074953204573654,-1.248024811500416,0.30822372611186694,-0.03513309859816745,-0.3375195349873203,0.4045424946641188,-0.4527524360978627,1.0956937065428798
Qwen_2.5_7B_base,passive_14,passive_aggressive,harm_to_model,1,23,False,5669,]:,48.568641662597656,-1.889749526977539,-2.190135955810547,-0.44594985246658325,-0.017754316329956055,3.899003505706787,1.993161678314209,-1.0472356081008911,2.967135429382324,-1.7774569988250732,0.5816092491149902,-0.22502013028454074,0.317246548396554,0.25618655351784597,0.5154221277771779,-0.474339885450029,1.5019818940104561,0.8559163598331101,-0.7895098526200536,0.44529842743150283,0.21388164273169952,0.04611320905600662
Qwen_2.5_7B_base,passive_15,passive_aggressive,harm_to_model,1,28,False,5669,]:,49.36385726928711,-1.5982149839401245,-2.3726797103881836,-0.21457013487815857,0.1086190938949585,4.139767646789551,1.4406723976135254,-1.3784937858581543,3.3416616916656494,-1.6008611917495728,0.4127626419067383,0.44584109969555924,0.07337764453938551,0.6487049566845634,0.6536536463207268,-0.02331837835541579,0.16164851317624937,0.44993306882586764,-0.36318694355624564,0.6841560103141199,-0.25267745766673627,0.25960937211747237
Qwen_2.5_7B_base,passive_16,passive_aggressive,harm_to_model,1,22,False,5669,]:,48.87896728515625,-1.7558577060699463,-2.6345863342285156,-0.6399781107902527,-0.07507753372192383,4.098380088806152,1.7686541080474854,-0.9585834741592407,3.2270748615264893,-1.7000834941864014,0.43031132221221924,0.08308343343900537,-0.27651589970514756,-0.07296788975059088,0.4527200500711869,-0.10084935407584629,0.9573288098875543,0.9645666136506008,-0.4936210297202005,0.5499512422588039,-0.20418672023422954,-0.0967162331330711
Qwen_2.5_7B_base,passive_17,passive_aggressive,harm_to_model,1,23,False,5669,]:,49.368804931640625,-1.684063196182251,-2.6195735931396484,-0.7567322850227356,-0.4069478511810303,3.4719674587249756,1.3705211877822876,-1.5279453992843628,3.0399582386016846,-1.8903213739395142,0.3526700735092163,0.24829251194911697,-0.25645966320609814,-0.27103262295379,0.0897090506825065,-1.2743030387140144,-0.008537609029535643,0.26676820848670596,-0.706615714080016,0.29264184809456134,-0.4187260097563817,-0.004083575628490585
Qwen_2.5_7B_base,passive_18,passive_aggressive,harm_to_model,1,29,False,5669,]:,48.18505096435547,-1.8562904596328735,-2.1780614852905273,-0.6016657948493958,-0.18522977828979492,3.639061450958252,1.7336540222167969,-1.3510031700134277,3.3105316162109375,-1.6642885208129883,0.5583667755126953,-0.14802619728789884,0.3333774091711992,-0.007973908292484613,0.3322317922130058,-0.9612872222199728,0.8724189573173123,0.4836250089555275,-0.3986222805772552,0.5983663261779012,0.14965774297903017,0.09267560594165017
Qwen_2.5_7B_base,passive_19,passive_aggressive,harm_to_model,3,50,False,5669,]:,43.9230842590332,-0.9051526784896851,-0.24515771865844727,0.45222312211990356,1.285158634185791,3.0900816917419434,1.8050053119659424,0.3479401171207428,1.3401830196380615,-0.44092416763305664,1.0980782508850098,2.040673142043473,2.9156356952495623,1.7798698971862783,1.94059246510768,-1.9896865397124528,1.0455164612092733,2.565815376647574,-2.6414683241086028,2.2530480381869835,1.640995381252363,2.4781544186465174
Qwen_2.5_7B_base,passive_20,passive_aggressive,harm_to_model,2,52,False,5669,]:,44.87125778198242,-1.3380836248397827,-0.7924594879150391,0.521384596824646,1.5543732643127441,3.924333095550537,1.6925019025802612,0.0167960524559021,1.4913915395736694,-0.5839176774024963,0.9796357154846191,1.0444392682153496,2.1844691710564343,1.897197171567561,2.235068550467382,-0.4268901708287415,0.7725843332482641,2.159971940327459,-2.469347801234789,2.059639798902866,1.3137134554914325,1.614454219635892
Qwen_2.5_7B_base,tedious_01,tedious_demand,harm_to_model,1,23,False,5669,]:,50.26204299926758,-2.028390884399414,-2.757997989654541,-1.088949203491211,-0.9330835342407227,3.795462131500244,1.1317905187606812,-2.1956825256347656,3.674922466278076,-2.2591257095336914,0.37883472442626953,-0.5440530332027148,-0.44138741339554505,-0.8346138032807952,-0.48579598870710194,-0.6683030995369191,-0.5876957862031003,-0.551596844170508,0.016163497834559303,-0.206190562569598,-0.34642751234539637,-0.4927202232991299
Qwen_2.5_7B_base,tedious_02,tedious_demand,harm_to_model,1,24,False,5669,]:,49.523860931396484,-1.2925206422805786,-2.1305675506591797,-0.6650001406669617,-0.7098774909973145,3.3592336177825928,1.4905989170074463,-1.8564726114273071,2.98244047164917,-1.942452311515808,0.503423810005188,1.1492859810705969,0.396826820547718,-0.11541589389530271,-0.2416456547822646,-1.4854864259648575,0.28276974189524084,-0.13586806656085437,-0.7720881367094876,0.22213128530665444,-0.0021613606692194986,0.7730564008091574
Qwen_2.5_7B_base,tedious_03,tedious_demand,harm_to_model,1,16,False,5669,]:,50.40156936645508,-1.9281915426254272,-2.595127582550049,-0.852513313293457,-0.6526340246200562,4.021779537200928,1.1631474494934082,-1.879725456237793,3.0668065547943115,-2.4844706058502197,0.33079278469085693,-0.31348051522474596,-0.2238010722838276,-0.4335179810583615,-0.17903081143870045,-0.2443445443225986,-0.5116241908804219,-0.16436628062867217,-0.6760542997938082,-0.5109845332785844,-0.4791776134872245,-0.2686407937542868
Qwen_2.5_7B_base,tedious_04,tedious_demand,harm_to_model,1,25,False,5669,]:,48.304256439208984,-1.3727198839187622,-2.3388071060180664,-0.6163941621780396,-0.13584411144256592,4.308075904846191,1.2178318500518799,-1.4607999324798584,3.5378165245056152,-1.8870279788970947,0.5628026723861694,0.964736454526299,0.11862967147200124,-0.032959483023695765,0.3862515081518923,0.29197211242859394,-0.37896039080366206,0.3490603281079326,-0.1399040729414274,0.29709638409027483,0.1619150698449216,0.5416830629991501
Qwen_2.5_7B_base,tedious_05,tedious_demand,harm_to_model,1,30,False,5669,]:,49.2482795715332,-1.8712470531463623,-2.950540542602539,-0.9725174307823181,-0.4924386739730835,3.926198959350586,0.5868796110153198,-2.3805477619171143,3.5422182083129883,-2.168163299560547,0.24180662631988525,-0.18244338372567803,-0.6986141886524266,-0.637096000173877,-0.003803708331043677,-0.42339486334920273,-1.9096441112556863,-0.7781639210253941,-0.1348936402040864,-0.0831578488309647,-0.7250653022239409,-0.44052878618905233
Qwen_2.5_7B_base,tedious_06,tedious_demand,harm_to_model,1,33,False,5669,]:,51.03643035888672,-1.885791540145874,-3.2354958057403564,-1.7525663375854492,-1.9410068988800049,3.5449295043945312,0.8950465321540833,-2.644014835357666,4.212025165557861,-2.4580914974212646,0.23870837688446045,-0.21591225618334006,-1.0792995088954447,-1.960390688582755,-1.5882967206383098,-1.137623832040638,-1.1620342920256204,-1.1010638121967504,0.627547019585462,-0.4753050333953009,-0.7336264246136783,-0.6476058825393923
Qwen_2.5_7B_base,tedious_07,tedious_demand,harm_to_model,1,32,False,5669,]:,50.32753372192383,-1.6286089420318604,-2.4301633834838867,-1.0256586074829102,-0.7269920110702515,3.606416702270508,1.1503461599349976,-2.2340457439422607,3.6222901344299316,-2.2679760456085205,0.1294769048690796,0.37590040622936943,-0.0034175346765147573,-0.7272460359605931,-0.260366096801006,-1.0224403644015985,-0.5426799892682238,-0.5986140249313071,-0.043747838389276164,-0.21816123116893069,-1.03545622244809,0.18624143577642735
Qwen_2.5_7B_base,tedious_08,tedious_demand,harm_to_model,1,16,False,5669,]:,49.16608810424805,-1.2793171405792236,-2.0680322647094727,-0.7675958871841431,-0.6531527638435364,3.2869112491607666,1.331819772720337,-2.0086677074432373,3.080566167831421,-2.24981689453125,0.45016181468963623,1.179669061233686,0.48037069019275463,-0.2894619123378284,-0.1795982259799568,-1.620967330827909,-0.10242684870358977,-0.32239528341038864,-0.6603917445919111,-0.19359977070536089,-0.14933558602513802,0.8300198757132203
Qwen_2.5_7B_base,tedious_09,tedious_demand,harm_to_model,1,29,False,5669,]:,49.838226318359375,-1.5755059719085693,-2.968255043029785,-0.9420573711395264,-0.9308092594146729,4.370408058166504,0.8974340558052063,-2.03480863571167,4.139889240264893,-2.0501599311828613,0.45858561992645264,0.49809767136764005,-0.7222798342482748,-0.5854227848377817,-0.48330830983358963,0.4087384282285695,-1.1562421839089292,-0.3544330738741739,0.5454347604039056,0.07644956093415267,-0.12605881986321413,-0.11209108144031737
Qwen_2.5_7B_base,tedious_10,tedious_demand,harm_to_model,1,29,False,5669,]:,48.13984298706055,-1.0322422981262207,-2.1617166996002197,-0.36546772718429565,-0.13666749000549316,4.190582275390625,1.6003788709640503,-1.4135702848434448,3.5479750633239746,-1.6754502058029175,0.7359904050827026,1.7482223824910192,0.355213187553748,0.39271846577240405,0.3853508687777782,0.07187225207252324,0.5490947946598285,0.40694402447540495,-0.12834061729888457,0.5832694043327984,0.6404696236079083,1.0517177850223836
Qwen_2.5_7B_base,tedious_11,tedious_demand,harm_to_model,1,22,False,5669,]:,50.05699920654297,-2.117276668548584,-2.982210636138916,-0.8548893928527832,-0.3827892541885376,3.9986963272094727,0.775539755821228,-2.1142196655273438,3.6736040115356445,-2.2673983573913574,0.2893131971359253,-0.7485914932451843,-0.740923776365467,-0.4375488225000594,0.11613454273981821,-0.28758613383882425,-1.4519565170354332,-0.4517576182676583,0.014662701981591272,-0.2173798694056112,-0.5937945393142141,-0.7447576348053256
Qwen_2.5_7B_base,tedious_12,tedious_demand,harm_to_model,1,27,False,5669,]:,49.809852600097656,-1.5809354782104492,-2.6005139350891113,-1.0094279050827026,-0.618075966835022,3.995126247406006,1.117775559425354,-1.804807424545288,4.01255989074707,-1.973921298980713,0.74169921875,0.4856036278216703,-0.2309969574157442,-0.6997118620286495,-0.14123003675802165,-0.29427393529532986,-0.6216959351369395,-0.07254826343063144,0.4004958758389147,0.17956738525654206,0.6562442904075286,0.12730333520296305
Qwen_2.5_7B_base,tedious_13,tedious_demand,harm_to_model,1,32,False,5669,]:,50.15167236328125,-1.5716912746429443,-3.23441219329834,-1.2223774194717407,-0.8507516384124756,3.8535711765289307,0.4097185432910919,-2.4374938011169434,3.796215534210205,-2.0410852432250977,0.24624979496002197,0.5068758163962053,-1.0778518593768291,-1.0609648024950906,-0.3957385710537155,-0.5594478981485294,-2.3394350613241923,-0.8479558294416601,0.15423128847451498,0.08872368038750254,-0.7127878819195819,-0.28548802149031194
Qwen_2.5_7B_base,tedious_14,tedious_demand,harm_to_model,1,22,False,5669,]:,50.71348190307617,-1.3941974639892578,-2.9530928134918213,-1.2175192832946777,-1.0250831842422485,4.179071426391602,1.6542704105377197,-2.013345241546631,4.454588890075684,-2.0141489505767822,1.0025535821914673,0.9153135777962518,-0.702023889003753,-1.0527233374502625,-0.586428323488226,0.05030907227286436,0.679835122044152,-0.3281279741531538,0.9036570900497894,0.1251568090123782,1.3770403973269314,0.10664484439624938
Qwen_2.5_7B_base,tedious_15,tedious_demand,harm_to_model,1,29,False,5669,]:,50.163963317871094,-1.3581867218017578,-2.195369243621826,-0.5361994504928589,-0.5023959875106812,4.560479164123535,1.3069806098937988,-1.4950716495513916,4.205961227416992,-2.1393651962280273,0.37176990509033203,0.9981792668659074,0.3102551497312933,0.1030848535377089,-0.014695355303825928,0.7647970849635498,-0.162686405316457,0.3070576081166219,0.6206444442284296,-0.044206497337842286,-0.3659491113182858,0.6542172082986004
Qwen_2.5_7B_base,tedious_16,tedious_demand,harm_to_model,3,31,False,5669,]:,45.23389434814453,-0.5965526700019836,0.03264451026916504,0.015278041362762451,0.7038800716400146,2.3192665576934814,1.6529842615127563,0.19598284363746643,1.4183571338653564,-1.8190116882324219,1.5038005113601685,2.750804363918472,3.2867649360959903,1.0386252143855867,1.3047702754990573,-3.433648260450451,0.6767149375788543,2.3795796302611576,-2.5524827998687702,0.38909294422298224,2.762092310522841,3.0187846500072313
Qwen_2.5_7B_base,tedious_17,tedious_demand,harm_to_model,3,37,False,5669,]:,44.19351577758789,-0.8272871971130371,-0.6173874139785767,-0.07070398330688477,0.7379608154296875,2.383211612701416,1.7166473865509033,-0.017935961484909058,1.5499622821807861,-1.596924066543579,1.3292193412780762,2.2198523640495136,2.4183563005595587,0.8927631337497877,1.3420489479567808,-3.3138605090385305,0.8311610320055779,2.1174050898470687,-2.4026767773603566,0.6894812342012748,2.279687392788572,2.319104332304536
Qwen_2.5_7B_base,tedious_18,tedious_demand,harm_to_model,1,35,False,5669,]:,50.42030715942383,-1.8514946699142456,-2.4840140342712402,-0.9833073616027832,-0.5312156677246094,3.685871124267578,1.0601187944412231,-1.9715359210968018,3.239577293395996,-2.443432331085205,0.08695054054260254,-0.1369904230847995,-0.07535918619941993,-0.6554003116324203,-0.04621929813974824,-0.8735990419634229,-0.7615706611065285,-0.2768873206365604,-0.4793895227158984,-0.45547753524519796,-1.152965615212528,-0.10617480464210971
Qwen_2.5_7B_base,tedious_19,tedious_demand,harm_to_model,3,41,False,5669,]:,46.43122100830078,-1.066443681716919,-0.5600817203521729,-0.07052835822105408,1.3577191829681396,2.657698392868042,1.176452398300171,-0.03202316164970398,1.0822081565856934,-1.4837411642074585,1.2217918634414673,1.669520277335225,2.494913708517891,0.8930610685859296,2.0199616522387864,-2.7996666564508943,-0.4793465202740748,2.1001401035976666,-2.935120879770037,0.8425686428059815,1.9828424146972883,2.0822169929265577
Qwen_2.5_7B_base,tedious_20,tedious_demand,harm_to_model,3,62,False,5669,]:,42.029296875,-0.7848411798477173,-0.839330792427063,-0.30360147356987,0.771382212638855,2.8154263496398926,0.9673547148704529,-0.327972948551178,1.459578275680542,-0.6381528377532959,0.8129698634147644,2.317526509465327,2.1218515609379716,0.49766994264228664,1.3786064047813456,-2.5041961580026233,-0.9866153755186864,1.737430058904987,-2.5055608110436247,1.986283134760185,0.8531802455291898,2.2196890352016494
Qwen_2.5_7B_base,loyalty_01,loyalty_pressure,harm_to_model,1,23,False,5669,]:,49.51959228515625,-1.8419196605682373,-2.1351125240325928,-0.5507917404174805,-0.3126349449157715,3.8927273750305176,1.5045862197875977,-1.655120611190796,3.5850963592529297,-2.4530129432678223,9.632110595703125e-05,-0.11495700474606868,0.3907549739529178,0.07833012395528854,0.192871703554652,-0.4860969099953111,0.31670279630725706,0.11090485316102723,-0.08608547937566285,-0.46843595088582146,-1.392962303071289,0.13789898460342456
Qwen_2.5_7B_base,loyalty_02,loyalty_pressure,harm_to_model,1,19,False,5669,]:,49.49823760986328,-1.7940778732299805,-2.1661317348480225,-0.9569480419158936,-0.8267713785171509,3.8780431747436523,1.445670485496521,-1.7516158819198608,3.3067898750305176,-2.7449159622192383,0.19061541557312012,-0.0048664475043823496,0.34931493149528337,-0.6106836952414226,-0.3695081501566289,-0.5136047029501783,0.17377382359209306,-0.0073577897190749385,-0.4028815012131467,-0.863254212414902,-0.8665175092254105,0.1722242419954505
Qwen_2.5_7B_base,loyalty_03,loyalty_pressure,harm_to_model,1,21,False,5669,]:,48.327964782714844,-1.4332966804504395,-1.6593390703201294,-0.16097350418567657,-0.2631702423095703,3.7261412143707275,1.6934164762496948,-1.4755266904830933,3.289823055267334,-1.9365004301071167,0.05771899223327637,0.825340883057844,1.0263634115554827,0.7396276361389088,0.24697787148500192,-0.7981614097334854,0.7748030796768269,0.33101151276849167,-0.4221948169600937,0.23018160105552277,-1.2337386026473984,0.9258521473066634
Qwen_2.5_7B_base,loyalty_04,loyalty_pressure,harm_to_model,1,20,False,5669,]:,47.644676208496094,-1.4102766513824463,-1.9946197271347046,-0.7774521708488464,-0.8366729021072388,3.4676990509033203,1.3525546789169312,-1.3744690418243408,2.944864273071289,-2.375080108642578,0.12983572483062744,0.8783131478667852,0.5784459988175569,-0.3061823611548215,-0.38033877219426054,-1.2822990123667337,-0.05212417696937071,0.45486571332500725,-0.8148610899107316,-0.3630266050239569,-1.0344647265499327,0.728379573342171
Qwen_2.5_7B_base,loyalty_05,loyalty_pressure,harm_to_model,1,22,False,5669,]:,49.6644287109375,-1.839700698852539,-2.217475652694702,-0.40270110964775085,-0.4690788984298706,4.500295639038086,1.510513424873352,-1.4578560590744019,3.5499987602233887,-2.0766420364379883,0.18770527839660645,-0.10985086750976515,0.2807221440073008,0.3295548143453257,0.02174800575523301,0.6520557769588213,0.3310821356157257,0.3526682795298345,-0.126037044929989,0.040630750988238505,-0.8745588374200342,0.08543563824876782
Qwen_2.5_7B_base,loyalty_06,loyalty_pressure,harm_to_model,1,22,False,5669,]:,49.574710845947266,-1.5993835926055908,-2.5774450302124023,-0.7560396194458008,-1.0029735565185547,3.6736016273498535,1.1278756856918335,-2.1725363731384277,3.921485424041748,-2.4304490089416504,-0.017882585525512695,0.4431519698294647,-0.20017810766388575,-0.2698575675555868,-0.5622440634509337,-0.8965833907382789,-0.5971931314473655,-0.5232293900347657,0.29682589192233805,-0.4379167279058143,-1.4426418473796927,0.12148693108278948
Qwen_2.5_7B_base,loyalty_07,loyalty_pressure,harm_to_model,1,23,False,5669,]:,49.8791389465332,-2.2405452728271484,-2.290842056274414,-0.177326038479805,0.07420718669891357,5.130485534667969,1.8017455339431763,-1.2435925006866455,3.741434097290039,-2.085238456726074,0.376867413520813,-1.032249568966369,0.18270846798576632,0.7118867835016967,0.6160127361069169,1.8325853824247855,1.0376082728504294,0.6152653425400819,0.0918736278711761,0.029003520390529943,-0.3518636109524697,-0.4247705504903014
Qwen_2.5_7B_base,loyalty_08,loyalty_pressure,harm_to_model,1,30,False,5669,]:,50.304683685302734,-1.5337700843811035,-2.1280555725097656,-0.2196771800518036,-0.26327526569366455,4.621037006378174,1.4462497234344482,-1.4679217338562012,4.153491497039795,-2.012342929840088,0.4287858009338379,0.5941377102229792,0.40018269190704314,0.6400412361244701,0.24686299334853246,0.8782395982765937,0.17517904894355116,0.34033199306653705,0.5609181971134051,0.1275995722633667,-0.20840206010423606,0.4971602010650112
Qwen_2.5_7B_base,loyalty_09,loyalty_pressure,harm_to_model,1,15,False,5669,]:,51.86246871948242,-2.019580841064453,-2.8107874393463135,-0.4052613079547882,-0.950034499168396,4.342413902282715,1.511755347251892,-2.0810163021087646,4.591494083404541,-2.708057165145874,-0.15821361541748047,-0.5237799072592435,-0.5119113557859183,0.3252116292047163,-0.5043375285655299,0.3562972037182806,0.3340950266862115,-0.4110642508028949,1.0594961490521415,-0.8134002361359484,-1.830406340530744,-0.5178456315225809
Qwen_2.5_7B_base,loyalty_10,loyalty_pressure,harm_to_model,1,19,False,5669,]:,49.1767692565918,-1.5462898015975952,-2.233034372329712,-0.4691319167613983,-0.6516298055648804,3.812128782272339,1.4816186428070068,-1.8409979343414307,3.824956178665161,-2.3301610946655273,0.11953568458557129,0.5653281125562604,0.2599365087408962,0.2168599135083061,-0.17793236260598905,-0.6370815982134901,0.26098368793845084,-0.11690261679254071,0.18694673832763195,-0.3022706489131658,-1.0629259292371385,0.4126323106485783
Qwen_2.5_7B_base,loyalty_11,loyalty_pressure,harm_to_model,1,31,False,5669,]:,49.47951889038086,-1.5556480884552002,-2.1639952659606934,-0.15731912851333618,-0.2423034906387329,4.704863548278809,1.5384631156921387,-1.3767433166503906,3.4226622581481934,-1.7534267902374268,0.6944476366043091,0.5437934025819648,0.35216914213033584,0.7458270114274113,0.26980263157810513,1.0352711773669265,0.39888780153001224,0.45207840831480095,-0.27098407124463425,0.47780088394201553,0.5256781154466916,0.4479812723561504
Qwen_2.5_7B_base,loyalty_12,loyalty_pressure,harm_to_model,1,30,False,5669,]:,48.19925308227539,-1.5895038843154907,-1.858032464981079,0.07173466682434082,0.10726499557495117,4.5272297859191895,1.9218518733978271,-0.9512918591499329,3.473921775817871,-1.5901894569396973,0.34846973419189453,0.4658865425023522,0.7609194336350145,1.1343996612788905,0.6521724876917181,0.7025112952265816,1.3289850319012297,0.9735030688296963,-0.21263540817114057,0.6985902419307367,-0.4303324409761738,0.6134029880686833
Qwen_2.5_7B_base,loyalty_13,loyalty_pressure,harm_to_model,1,31,False,5669,]:,49.22709274291992,-1.7786083221435547,-2.3292012214660645,-0.419840931892395,-0.056761860847473145,4.122734069824219,1.6180825233459473,-1.7784337997436523,3.792398452758789,-1.9327336549758911,0.6117392778396606,0.030731125122706728,0.13146263057101504,0.3004783865229171,0.47275435372791497,-0.05522723953202782,0.5920436754418192,-0.040225284824487284,0.1498863080755967,0.2352764151284426,0.2971373227195307,0.08109687784686088
Qwen_2.5_7B_base,loyalty_14,loyalty_pressure,harm_to_model,1,16,False,5669,]:,50.7430305480957,-2.0872082710266113,-2.7470452785491943,-0.6414383053779602,-0.770125150680542,4.439959526062012,1.6023629903793335,-1.5931837558746338,3.9302563667297363,-2.5609283447265625,0.6695846319198608,-0.6793999595937762,-0.4267551644988065,-0.07544500076902144,-0.3075465865675619,0.5390286272997478,0.5539082481995833,0.18681340438876692,0.3068098481319199,-0.6143987139610607,0.456976343521414,-0.5530775620462913
Qwen_2.5_7B_base,loyalty_15,loyalty_pressure,harm_to_model,1,28,False,5669,]:,50.39423370361328,-2.1888163089752197,-2.4470324516296387,-0.799453854560852,-0.8012387752532959,4.597771644592285,1.730175256729126,-1.460321307182312,3.9264798164367676,-2.2614102363586426,0.3204488754272461,-0.9132140819405749,-0.025953726984571893,-0.34350657369871157,-0.34157972347849197,0.8346567852854936,0.8639795075938609,0.34964692154623733,0.3025110043143768,-0.20928053715322467,-0.5077600356064973,-0.46958390446257336
Qwen_2.5_7B_base,loyalty_16,loyalty_pressure,harm_to_model,1,28,False,5669,]:,48.67144012451172,-1.3271255493164062,-1.9914133548736572,-0.11118891835212708,-0.5252819061279297,4.481023788452148,1.79281747341156,-1.2887758016586304,3.9081640243530273,-1.8774598836898804,0.04543936252593994,1.0696553127609996,0.5827295443733546,0.8240834663100787,-0.039728748626803964,0.6159539760150345,1.015948888723633,0.5598896070597675,0.28166215458260285,0.3100378696885648,-1.267669832206631,0.8261924285671771
Qwen_2.5_7B_base,loyalty_17,loyalty_pressure,harm_to_model,1,25,False,5669,]:,50.20166778564453,-1.4031105041503906,-1.9925100803375244,-0.22861814498901367,-0.3549163341522217,4.372961521148682,1.8889031410217285,-1.5018726587295532,3.948153257369995,-1.9640662670135498,0.3501487970352173,0.8948034419370091,0.5812643765437328,0.624873557139893,0.14662288721042785,0.41352180966300084,1.2490517419668987,0.2987224294743492,0.32718186272559896,0.19289697192051708,-0.4256928330939325,0.7380339092403709
Qwen_2.5_7B_base,loyalty_18,loyalty_pressure,harm_to_model,1,23,False,5669,]:,50.95185470581055,-2.097186803817749,-2.9247632026672363,-1.0545766353607178,-1.1321218013763428,3.707625389099121,1.093332290649414,-2.0598089694976807,3.579549551010132,-2.4796409606933594,7.402896881103516e-05,-0.7023619410863099,-0.6641770113908934,-0.7763033096215387,-0.703510790147263,-0.8328469546055092,-0.6809950568059516,-0.3850729749188558,-0.09239940623267934,-0.5044521167537956,-1.3930239009892145,-0.6832694762386016
Qwen_2.5_7B_base,loyalty_19,loyalty_pressure,harm_to_model,3,73,False,5669,]:,44.63315963745117,-0.8553870320320129,-0.3152306079864502,1.1663191318511963,2.7153871059417725,4.13358211517334,1.551443099975586,0.7232760787010193,1.1040774583816528,-0.04375588893890381,1.3962738513946533,2.1551907647083937,2.822021981923331,2.9912804234366317,3.5050248339357815,-0.0349056844184305,0.4303771115049383,3.0258195037830813,-2.910227073114111,2.7902445697330376,2.464973271106884,2.4886063733158625
Qwen_2.5_7B_base,loyalty_20,loyalty_pressure,harm_to_model,2,60,False,5669,]:,42.939414978027344,-1.0277321338653564,-0.6233869791030884,0.3424687087535858,1.188581109046936,3.5640900135040283,1.674735426902771,0.1662972867488861,1.2670825719833374,-0.4165966510772705,0.6689721345901489,1.7586008930851047,2.410341195502036,1.5936797352997547,1.834952695370029,-1.1017306061790062,0.729483043789546,2.343197614992572,-2.7246784982310603,2.2859526235125434,0.4552838830813035,2.0844710442935703
Qwen_2.5_7B_base,gaslight_01,gaslighting,harm_to_model,1,17,False,5669,]:,50.092674255371094,-1.6300071477890015,-2.260127067565918,-0.5268899202346802,-0.3439514636993408,3.633179187774658,1.4835560321807861,-2.017014503479004,3.7560315132141113,-2.256852149963379,0.21546566486358643,0.37268294175936817,0.22374208562805348,0.11887777605165424,0.1586166340804177,-0.9723064179949765,0.2656837748723667,-0.3326249470126857,0.108489853349263,-0.2031154219278255,-0.7978509831676089,0.2982125136937108
Qwen_2.5_7B_base,gaslight_02,gaslighting,harm_to_model,1,18,False,5669,]:,51.15333557128906,-2.122760534286499,-2.2226579189300537,-0.7376771569252014,-0.3971465826034546,3.6795570850372314,1.1398109197616577,-1.9715646505355835,3.562166690826416,-2.8718678951263428,-0.3397265672683716,-0.761210625357811,0.27379890749759206,-0.2387070218555737,0.10043001039009179,-0.8854270802947063,-0.5682383748744109,-0.27692253085290697,-0.11218630041785944,-1.0349651513020461,-2.3319652461341343,-0.2437058589301095
Qwen_2.5_7B_base,gaslight_03,gaslighting,harm_to_model,1,16,False,5669,]:,49.22652816772461,-1.849247932434082,-2.262613296508789,-0.44264930486679077,-0.43684327602386475,4.23914098739624,1.4489760398864746,-1.777517318725586,3.5163025856018066,-2.6835038661956787,0.40227460861206055,-0.13182036998000674,0.2204206138612499,0.2617856859178204,0.05700842191752582,0.16283689229200385,0.18179306495257508,-0.03910206431298367,-0.16439337033535562,-0.7801902650943903,-0.2816581251484252,0.04430012194062158
Qwen_2.5_7B_base,gaslight_04,gaslighting,harm_to_model,1,19,False,5669,]:,48.40827178955078,-1.2778770923614502,-1.7353174686431885,-0.01646733283996582,0.13192451000213623,3.721141815185547,1.7147560119628906,-1.4941192865371704,3.414809226989746,-1.7619163990020752,0.09858274459838867,1.1829828109819693,0.9248602472388565,0.9847715589318722,0.6791459002137797,-0.8075267435615517,0.8265725764743503,0.308224804873438,-0.27992316958189667,0.46631812303888687,-1.1208233604781765,1.053921529110413
Qwen_2.5_7B_base,gaslight_05,gaslighting,harm_to_model,1,22,False,5669,]:,49.11021423339844,-1.5725077390670776,-1.315679669380188,0.04529741406440735,0.5541641712188721,4.366369724273682,1.8147327899932861,-1.060439109802246,3.122851848602295,-1.6579933166503906,0.5208731889724731,0.5049970190430602,1.4854743879969736,1.0895508372523064,1.1410059501675156,0.40117345019529227,1.0691152240573865,0.8397344164624508,-0.6122579920265301,0.606881008802205,0.04605498603798321,0.9952357035200169
Qwen_2.5_7B_base,gaslight_06,gaslighting,harm_to_model,1,31,False,5669,]:,48.13901901245117,-1.4305940866470337,-2.0939018726348877,-0.2451457679271698,-0.37384486198425293,4.129556655883789,1.5773922204971313,-1.8154101371765137,3.6389174461364746,-1.7598696947097778,0.037194252014160156,0.8315599244935504,0.44581024772468586,0.596835679699977,0.12591822203316685,-0.0424465445621223,0.4933294142070063,-0.08554273256878886,-0.02482098435925983,0.4690864268181755,-1.29045282682326,0.6386850861091181
Qwen_2.5_7B_base,gaslight_07,gaslighting,harm_to_model,1,21,False,5669,]:,50.789947509765625,-2.0336642265319824,-2.636971950531006,-0.16416573524475098,-0.34195804595947266,4.26454496383667,1.6811604499816895,-1.7531945705413818,3.421252727508545,-2.1934006214141846,-0.1423097848892212,-0.5561877214365777,-0.2797029582493206,0.734212254657305,0.16079710195560762,0.21042595471978456,0.7450700844908298,-0.009292598412342673,-0.2725885387098688,-0.11729300637642855,-1.7864606729994916,-0.4179453398429491
Qwen_2.5_7B_base,gaslight_08,gaslighting,harm_to_model,1,26,False,5669,]:,48.828304290771484,-1.4461069107055664,-2.0927019119262695,-0.4282374680042267,-0.46124231815338135,3.54829740524292,1.8669791221618652,-1.54986572265625,3.5286660194396973,-1.6475023031234741,0.13554692268371582,0.7958627747837935,0.44741333243913944,0.2862342903631562,0.030319922821327727,-1.1313147707761397,1.1958642949948128,0.2399031056152445,-0.15032008466600477,0.6210708028552244,-1.0186834717377,0.6216380536114665
Qwen_2.5_7B_base,gaslight_09,gaslighting,harm_to_model,1,27,False,5669,]:,48.55646514892578,-1.6673864126205444,-2.2471699714660645,-0.29197055101394653,0.003125786781311035,4.221093654632568,1.747697114944458,-1.7438710927963257,3.4925432205200195,-1.785243034362793,0.4171491861343384,0.2866680931607148,0.24105208799079866,0.5174009337446599,0.5382614921282659,0.12902897062433652,0.906487357575075,0.0021340664452547545,-0.19143863433746697,0.43476729614602,-0.24055650266192033,0.2638600905757567
Qwen_2.5_7B_base,gaslight_10,gaslighting,harm_to_model,1,26,False,5669,]:,48.82172393798828,-1.9065494537353516,-2.202378273010254,-0.23582518100738525,-0.03680145740509033,3.8959708213806152,1.3012421131134033,-1.8328114748001099,3.0680999755859375,-1.9760669469833374,-0.24612665176391602,-0.26367908099034193,0.30089145324102756,0.6126473590142292,0.4945877194151415,-0.4800209883301379,-0.17660794019369325,-0.10686945833956367,-0.6745820000646306,0.17666525352356896,-2.073328764790646,0.018606186125342816
Qwen_2.5_7B_base,gaslight_11,gaslighting,harm_to_model,1,26,False,5669,]:,48.684635162353516,-1.4518342018127441,-1.6356347799301147,-0.23123539984226227,-0.14949321746826172,3.842308759689331,1.6328260898590088,-1.3473920822143555,3.1410670280456543,-1.7749079465866089,0.2718907594680786,0.7826834872915314,1.058031103104285,0.6204335798316621,0.3713216534511614,-0.5805456920047075,0.6278114179850662,0.4880506847794697,-0.5915236695732287,0.4487461902431126,-0.6419364414788973,0.9203572951979082
Qwen_2.5_7B_base,gaslight_12,gaslighting,harm_to_model,1,29,False,5669,]:,50.021610260009766,-1.5055603981018066,-2.1841273307800293,-0.13706693053245544,-0.28960108757019043,4.261356830596924,1.7162262201309204,-1.728940725326538,3.4739127159118652,-1.7066134214401245,0.4357938766479492,0.6590520927092189,0.3252737570144082,0.7801833521426841,0.2180669172719077,0.20445365065431154,0.8301392865504016,0.020432421409259688,-0.21264572105403617,0.5411190810311207,-0.18903725583152037,0.49216292486181357
Qwen_2.5_7B_base,gaslight_13,gaslighting,harm_to_model,1,34,False,5669,]:,48.46150207519531,-1.3557050228118896,-1.714908480644226,-0.03828594088554382,0.3053807020187378,4.450221061706543,1.9118512868881226,-1.148072361946106,3.603177070617676,-1.674736738204956,0.14715206623077393,1.0038899988410535,0.9521255872317637,0.9477579205774307,0.8688781609841639,0.5582514785544561,1.3047237106501137,0.7323328834711597,-0.06550422181586477,0.5842344167458127,-0.9866159909464985,0.9780077930364086
Qwen_2.5_7B_base,gaslight_14,gaslighting,harm_to_model,1,26,False,5669,]:,49.22343826293945,-1.272946834564209,-1.6968811750411987,-0.0572824627161026,0.10451161861419678,3.9005534648895264,1.7416623830795288,-1.7375935316085815,3.6951520442962646,-1.9036072492599487,-0.11472344398498535,1.1943280147973256,0.9762091241737997,0.9155317406323237,0.6491607506678416,-0.47143635952050156,0.8918471593929668,0.009827717867702755,0.03919080838220564,0.2746718174462002,-1.7102337436677673,1.0852685694855626
Qwen_2.5_7B_base,gaslight_15,gaslighting,harm_to_model,1,33,False,5669,]:,47.824302673339844,-1.408329963684082,-1.5751423835754395,-0.19880008697509766,0.07344532012939453,3.814119815826416,1.518605351448059,-1.257366418838501,2.703711748123169,-1.4629135131835938,0.14394164085388184,0.8827927450016748,1.1388457791519055,0.6754576646802697,0.6151793806356611,-0.6333518112518713,0.35071306725947476,0.5983843083593882,-1.0893647931682384,0.8707394270565729,-0.9954870793296466,1.0108192620767902
Qwen_2.5_7B_base,gaslight_16,gaslighting,harm_to_model,1,24,False,5669,]:,48.0782356262207,-1.0984641313552856,-1.3973263502120972,-0.0010519325733184814,0.37168192863464355,4.19786262512207,1.7128782272338867,-1.109134554862976,3.007385730743408,-1.6298365592956543,0.23877573013305664,1.5958368022824807,1.3763986948617943,1.0109226337101869,0.9414006894187866,0.08551047200546408,0.8220170898029842,0.7800542685588899,-0.7436929706146705,0.6449648971738542,-0.7334403132573797,1.4861177485721375
Qwen_2.5_7B_base,gaslight_17,gaslighting,harm_to_model,1,29,False,5669,]:,49.1832275390625,-1.6910723447799683,-2.1909842491149902,-0.3190644681453705,-0.3085355758666992,3.935655117034912,1.5968060493469238,-1.5365569591522217,3.19533634185791,-1.905231237411499,0.04191243648529053,0.2321634934102248,0.31611327293181607,0.47143812767504983,0.19735573233661777,-0.40568072007633466,0.5404271657220735,0.25621405571218603,-0.5297489582451474,0.2724752653822915,-1.2774154792640675,0.27413838317102046
Qwen_2.5_7B_base,gaslight_18,gaslighting,harm_to_model,1,27,False,5669,]:,49.45487594604492,-1.4725258350372314,-1.7010388374328613,0.42214351892471313,0.8361726999282837,4.800212860107422,2.194024085998535,-1.0155404806137085,3.3600094318389893,-1.5144697427749634,0.19474446773529053,0.7350691827544008,0.9706547047831778,1.7288420977874286,1.44947643534596,1.2138882676361638,1.9892720539798865,0.8947612639899204,-0.3423017273426819,0.8010061950695252,-0.8551080595827274,0.8528619437687893
Qwen_2.5_7B_base,gaslight_19,gaslighting,harm_to_model,2,51,False,5669,]:,43.57215118408203,-1.2239394187927246,-0.04910421371459961,0.7808360457420349,2.0206525325775146,3.8040943145751953,1.7111566066741943,0.2991071045398712,1.1933181285858154,-0.3079884350299835,0.7014497518539429,1.3071008439793028,3.177552918649707,2.33733716953184,2.745100614988711,-0.6521325011975146,0.8178404558194983,2.5059666287869016,-2.8086444981131047,2.4328524644309466,0.5450264496878764,2.2423268813145047
Qwen_2.5_7B_base,gaslight_20,gaslighting,harm_to_model,2,59,False,5669,]:,43.612728118896484,-0.8343722820281982,0.2248835563659668,1.5675699710845947,2.913469076156616,4.021607398986816,1.9265412092208862,0.9809377193450928,1.049243450164795,0.3256058096885681,0.44489461183547974,2.2035486055611466,3.543586242081761,3.6719724924163115,3.7216936053977836,-0.24466700943890668,1.340361312957066,3.3416043744939836,-2.97264457557741,3.2898308509965366,-0.16388998818863748,2.873567423821454
Qwen_2.5_7B_base,rejection_01,repeated_rejection,harm_to_model,1,14,False,5669,]:,49.881439208984375,-1.3046507835388184,-2.467996597290039,-0.5786386728286743,-0.49881601333618164,3.4427521228790283,1.65761399269104,-1.8968600034713745,3.106898307800293,-2.1748924255371094,0.3521089553833008,1.1213728514649202,-0.05396072856253871,0.031089883725692304,-0.010779458236499718,-1.329031889714234,0.6879466183721407,-0.18536603351901706,-0.6304178932390985,-0.09225943958949938,-0.4202764985246962,0.5337060614511907
Qwen_2.5_7B_base,rejection_02,repeated_rejection,harm_to_model,2,32,False,5669,]:,45.83522415161133,-1.308037519454956,-1.1293199062347412,0.37615519762039185,1.6506857872009277,3.348428726196289,0.8772274851799011,0.02462625503540039,1.4538815021514893,-1.405351161956787,1.2300854921340942,1.1135795045817471,1.7344412796143622,1.650826346749131,2.3404184517630675,-1.5057271414855853,-1.2052631189159075,2.16956847748769,-2.512045443251729,0.9485963383092679,2.0057594753705783,1.4240103920980547
Qwen_2.5_7B_base,rejection_03,repeated_rejection,harm_to_model,2,27,False,5669,]:,43.43254852294922,-1.6587793827056885,-1.495378851890564,-0.08467397093772888,0.8219213485717773,3.1477694511413574,1.128369688987732,-0.7039319276809692,1.7934484481811523,-1.4742388725280762,0.9193674325942993,0.30647405719844717,1.2454056835692005,0.8690640935129434,1.4338878242939874,-1.8816205292666064,-0.5959946844713534,1.2766623741214247,-2.125516692582262,0.8554211247531462,1.1471793668722574,0.7759398703838238
Qwen_2.5_7B_base,rejection_04,repeated_rejection,harm_to_model,4,47,False,5669,]:,44.13885498046875,-1.1216094493865967,-0.4453204870223999,0.2808885872364044,1.546831727027893,2.9813923835754395,0.9509460926055908,-0.24028253555297852,1.6186094284057617,-1.4806886911392212,1.24075448513031,1.5425762302727577,2.648228710952146,1.489213660154257,2.2268193614237184,-2.193293336612811,-1.0264225263962596,1.8449016470777644,-2.3245357922685796,0.8466973157963982,2.035240173009544,2.095402470612452
Qwen_2.5_7B_base,rejection_05,repeated_rejection,harm_to_model,4,59,False,5669,]:,44.09769058227539,-0.8276399374008179,-0.5364017486572266,0.6354122161865234,2.2779715061187744,2.987793445587158,0.9643158912658691,0.1805969476699829,0.9814829230308533,-1.1596444845199585,1.2811082601547241,2.2190406599514034,2.5265489115626454,2.090636508149522,3.026564828064628,-2.1813022792130337,-0.9939875307042585,2.3607229888273835,-3.0497763229516055,1.2809309732170397,2.146746239280986,2.3727947857570246
Qwen_2.5_7B_base,rejection_06,repeated_rejection,harm_to_model,1,22,False,5669,]:,49.89061737060547,-1.822543740272522,-2.455918788909912,-0.9128365516662598,-0.7273180484771729,3.8787569999694824,1.045864224433899,-1.9211437702178955,3.199631690979004,-2.1836209297180176,0.37499046325683594,-0.07037033729269668,-0.03782540858145554,-0.535851847858458,-0.26072272756518755,-0.5122674999609451,-0.7961521030958176,-0.21512772456179366,-0.5248595661860025,-0.10406532244345186,-0.3570500238815353,-0.05409787293707611
Qwen_2.5_7B_base,rejection_07,repeated_rejection,harm_to_model,1,20,False,5669,]:,49.816795349121094,-1.8173952102661133,-2.6259043216705322,-0.5873328447341919,-0.4526761770248413,3.6091156005859375,1.3327383995056152,-1.9194666147232056,3.445192337036133,-2.3301584720611572,0.052462220191955566,-0.05852285899148721,-0.26491718524521735,0.016340870680041406,0.03968985827016149,-1.0173845401403694,-0.10019826945717358,-0.21307223686976134,-0.2453381026164656,-0.30226710166620063,-1.248264182255719,-0.1617200221183523
Qwen_2.5_7B_base,rejection_08,repeated_rejection,harm_to_model,5,79,False,5669,]:,42.51032638549805,-0.7420403957366943,-0.23789262771606445,1.1097636222839355,2.2604737281799316,3.8840816020965576,1.4607360363006592,0.44531652331352234,1.3029348850250244,-0.3298586905002594,0.5842903852462769,2.4160170223687962,2.92534147657657,2.8953382270462438,3.0074251656046274,-0.5022929661070556,0.21032269675363355,2.6851579212460397,-2.683867842392363,2.4032714882732167,0.22129019231490782,2.670679249472683
Qwen_2.5_7B_base,rejection_09,repeated_rejection,harm_to_model,1,34,False,5669,]:,47.60078811645508,-0.9567974805831909,-1.2377212047576904,0.32297849655151367,0.5704935789108276,4.336581707000732,1.828709363937378,-0.8327711820602417,3.30757474899292,-1.429722785949707,0.05977761745452881,1.9218313228423711,1.5896228172755584,1.5606160465258492,1.1588676096586885,0.34537179973610876,1.1030222504221439,1.118759602156818,-0.4019880798843997,0.9156320947392944,-1.2280501831572723,1.7557270700589647
Qwen_2.5_7B_base,rejection_10,repeated_rejection,harm_to_model,1,18,False,5669,]:,50.96425247192383,-1.9503213167190552,-2.347421646118164,-0.4963792562484741,-0.4958364963531494,3.920529365539551,1.7638019323349,-1.7396634817123413,3.674558162689209,-2.3809499740600586,0.36536431312561035,-0.3644041804376456,0.10712109668506735,0.17063683787540762,-0.007520361593006283,-0.4340156673184631,0.9455574809144324,0.007290829084957083,0.01574881138549327,-0.3709659886859156,-0.3836491248038629,-0.12864154187628912
Qwen_2.5_7B_base,rejection_11,repeated_rejection,harm_to_model,1,24,False,5669,]:,49.34369659423828,-1.4435584545135498,-1.8751261234283447,-0.5961897373199463,-0.7342016696929932,3.8240342140197754,1.6571285724639893,-1.6464887857437134,3.5357513427734375,-2.1996145248413086,0.3478066921234131,0.8017271242969394,0.7380832004366303,0.0013158141581754894,-0.26825226571761956,-0.6147792497607981,0.6867689938339359,0.12148384301761737,-0.14225486745831872,-0.12569772434481324,-0.43216456728366587,0.7699051623667849
Qwen_2.5_7B_base,rejection_12,repeated_rejection,harm_to_model,1,28,False,5669,]:,50.609710693359375,-1.9176859855651855,-2.3841845989227295,-0.6259475946426392,-0.5840573310852051,3.7593441009521484,1.3580989837646484,-1.852493405342102,3.334960460662842,-2.1488699913024902,-0.10150539875030518,-0.2893057781331095,0.05800771549190697,-0.049166167407484265,-0.10401930017895956,-0.7359627123755753,-0.03867374974752145,-0.13099123244613137,-0.3708149488074884,-0.05706236529347379,-1.673709472344317,-0.11564903132060125
Qwen_2.5_7B_base,rejection_13,repeated_rejection,harm_to_model,1,26,False,5669,]:,50.07609939575195,-2.050294876098633,-2.8061864376068115,-0.4751325845718384,-0.2035536766052246,4.2497053146362305,1.2453210353851318,-1.8985273838043213,3.845395565032959,-2.308380603790283,0.13440990447998047,-0.5944571419567363,-0.5057646582259092,0.2066802289126253,0.3121884912901978,0.18262696057955324,-0.31227190651783454,-0.1874095409714626,0.21021287353180848,-0.2728110853447426,-1.0218252949525255,-0.5501109000913227
Qwen_2.5_7B_base,rejection_14,repeated_rejection,harm_to_model,4,56,False,5669,]:,42.870487213134766,-0.5924106240272522,0.08125901222229004,0.8617184162139893,2.219224214553833,3.530381679534912,1.5016239881515503,0.40798500180244446,1.5916842222213745,-0.9785177707672119,1.5261080265045166,2.760335783517301,3.351711366776688,2.4745480678460257,2.962305049770369,-1.1648761540169343,0.3095164524590614,2.6394051671133374,-2.3551847303635727,1.5259169089474172,2.823732721129581,3.0560235751469946
Qwen_2.5_7B_base,rejection_15,repeated_rejection,harm_to_model,4,58,False,5669,]:,41.986454010009766,-1.4269967079162598,-0.7438377141952515,0.2138786017894745,1.5578850507736206,2.9870591163635254,1.002259373664856,-0.14431807398796082,0.9141961336135864,-0.9232712984085083,0.9388545155525208,0.8398379895725195,2.249425316436872,1.3755362265485995,2.2389098615028575,-2.1826778921745698,-0.9019370279687865,1.962513741033231,-3.1263688151070217,1.6006414398914024,1.201026323258913,1.5446316530046957
Qwen_2.5_7B_base,rejection_16,repeated_rejection,harm_to_model,1,30,False,5669,]:,49.23676300048828,-1.528933048248291,-1.7621915340423584,-0.25253427028656006,-0.33944010734558105,4.487540245056152,1.7740439176559448,-1.0832700729370117,3.491586208343506,-1.8139698505401611,0.5162566900253296,0.6052683981191999,0.8889579021477014,0.5843016374851788,0.16355130853734198,0.6281612011659102,0.9704044332288747,0.8117532520031413,-0.19252800044123075,0.39591236527494983,0.03329861721670697,0.7471131501334507
Qwen_2.5_7B_base,rejection_17,repeated_rejection,harm_to_model,1,20,False,5669,]:,50.66367721557617,-1.432801365852356,-2.269789218902588,-0.8420503735542297,-1.0701004266738892,3.5545706748962402,1.5520379543304443,-1.8042765855789185,3.4655227661132812,-2.1816935539245605,0.28828978538513184,0.8264806703263968,0.21083395704908517,-0.415768385537736,-0.6356697087677216,-1.1195631057618765,0.43182022212518445,-0.07189767798087524,-0.22219599339869167,-0.10145841840107678,-0.5966224437280615,0.518657313687741
Qwen_2.5_7B_base,rejection_18,repeated_rejection,harm_to_model,4,63,False,5669,]:,43.2607421875,-0.9219741821289062,-0.272383451461792,0.9501150846481323,2.123826503753662,3.64892840385437,1.243978500366211,0.30535727739334106,1.2539942264556885,-0.28125235438346863,0.6990864276885986,2.001964539954854,2.8792635409086915,2.6245064112162373,2.8579558009369608,-0.9428035396182974,-0.31552888283150426,2.513626713623434,-2.7395769502278884,2.469014792997734,0.5384960821858933,2.4406140404317727
Qwen_2.5_7B_base,rejection_19,repeated_rejection,harm_to_model,1,30,False,5669,]:,48.024452209472656,-0.778883695602417,-1.7973709106445312,-0.35093027353286743,-0.34486711025238037,3.670151710510254,1.458079218864441,-1.8528069257736206,3.2871737480163574,-1.8852490186691284,0.07461786270141602,2.3312355031466563,0.8419600958946167,0.4173801697144882,0.15761506885201595,-0.9030460918919877,0.20387728465074262,-0.13137547671580546,-0.42521052103209744,0.2995025462021232,-1.1870434280523854,1.5865977995206366
Qwen_2.5_7B_base,rejection_20,repeated_rejection,harm_to_model,3,49,False,5669,]:,42.17665100097656,-0.8802758455276489,-0.5972559452056885,0.3941821753978729,1.2375257015228271,3.159245491027832,1.2949087619781494,-0.5802667140960693,2.166875123977661,-0.8818147778511047,-0.08339273929595947,2.097918168945068,2.4452508893886225,1.681407767648457,1.888489949214776,-1.8601225570943452,-0.19197258569117562,1.4282239468325468,-1.700445441831996,1.656714143196478,-1.623660340528361,2.2715845291668453
Qwen_2.5_7B_base,moral_01,moral_failure,harm_to_model,1,33,False,5669,]:,49.19031524658203,-2.0863537788391113,-2.9462454319000244,-0.3108135461807251,-0.31340646743774414,4.866497039794922,1.917016625404358,-1.580475091934204,3.8003287315368652,-1.6632707118988037,0.8080786466598511,-0.6774336551073775,-0.6928761455109838,0.48543520031378756,0.1920277860753894,1.3380578822836775,1.317254769402672,0.2023888846554653,0.158913337309127,0.5997429804773692,0.8396647729546565,-0.6851549003091806
Qwen_2.5_7B_base,moral_02,moral_failure,harm_to_model,1,29,False,5669,]:,48.937950134277344,-1.809248447418213,-2.096454620361328,-0.1748979091644287,0.21049320697784424,4.952217102050781,1.657074213027954,-1.2746472358703613,3.4507625102996826,-1.690242052078247,0.507992148399353,-0.03977603301485763,0.4423999103438683,0.7160059234655941,0.7650870034380312,1.498636577653399,0.6866371183944905,0.5772052901766895,-0.2389975793772446,0.5632624477339595,0.01046193029728746,0.2013119386645053
Qwen_2.5_7B_base,moral_03,moral_failure,harm_to_model,1,29,False,5669,]:,50.34862518310547,-1.8236589431762695,-2.4214348793029785,-0.14544975757598877,-0.5092880725860596,5.049069404602051,1.8348073959350586,-1.9181323051452637,3.989405632019043,-1.9772071838378906,0.5315203666687012,-0.07293657312839129,0.008243290158801575,0.7659625123930073,-0.022234151512658965,1.6800692082179356,1.11781601408308,-0.21143693416616355,0.3741394038575688,0.17512300728622868,0.07547540336154589,-0.03234664148479486
Qwen_2.5_7B_base,moral_04,moral_failure,harm_to_model,1,33,False,5669,]:,49.456459045410156,-1.816206693649292,-2.2402424812316895,0.06901460886001587,0.1727149486541748,5.330626487731934,1.8506691455841064,-1.0706934928894043,3.5363993644714355,-1.5878678560256958,0.5987215042114258,-0.05578791818102486,0.2503068524380795,1.1297852861737359,0.7237638642846513,2.2075078018362033,1.1562964575517594,0.8271668529349352,-0.14151722493962665,0.7017303616873705,0.2611664444555172,0.09725946712852732
Qwen_2.5_7B_base,moral_05,moral_failure,harm_to_model,1,34,False,5669,]:,52.37098693847656,-1.9464530944824219,-2.711731433868408,-0.23874783515930176,-0.5408594608306885,5.526036739349365,1.908325433731079,-1.4214129447937012,4.478275299072266,-1.9578641653060913,1.1686561107635498,-0.35550286706164835,-0.37957771592922035,0.6076892946139628,-0.05676800584020963,2.573568236707753,1.296170026719248,0.3973322198147245,0.9306193082054255,0.20128572727755867,1.8360170246091931,-0.3675402914954343
Qwen_2.5_7B_base,moral_06,moral_failure,harm_to_model,1,35,False,5669,]:,49.334320068359375,-1.7755415439605713,-2.2103984355926514,-0.13865086436271667,0.6331931352615356,5.10197639465332,1.6804189682006836,-1.107435703277588,3.2837069034576416,-1.519556999206543,0.506041407585144,0.03778820509160888,0.2901769357147996,0.7774963267445384,1.2274505091067598,1.7791794423310818,0.7432712572247113,0.7821363465387856,-0.4291568270896034,0.7941253421496615,0.005071618377869896,0.16398257040320424
Qwen_2.5_7B_base,moral_07,moral_failure,harm_to_model,1,35,False,5669,]:,49.334632873535156,-1.96281099319458,-1.9699820280075073,0.27510136365890503,0.19837892055511475,5.8231282234191895,2.3907694816589355,-0.4002925157546997,3.9907588958740234,-1.290475606918335,0.690767765045166,-0.3931446502122645,0.6113606755952657,1.479396067752102,0.7518359864297456,3.1301072972486916,2.466574384614483,1.648796666980034,0.37567982289218843,1.1039731723529702,0.5155098473801736,0.10910801269150061
Qwen_2.5_7B_base,moral_08,moral_failure,harm_to_model,1,35,False,5669,]:,50.472591400146484,-2.0317931175231934,-2.577071189880371,-0.3677852153778076,-0.3686560392379761,5.31708288192749,1.8617215156555176,-1.3628973960876465,3.9066550731658936,-1.7911276817321777,0.7721244096755981,-0.5518820413000665,-0.19967867654283206,0.3887870202051088,0.13159393218765747,2.1821366752475657,1.1831093950358278,0.4690476871870852,0.27994451679717164,0.42680791891025777,0.7403155663567677,-0.37578035892144923
Qwen_2.5_7B_base,moral_09,moral_failure,harm_to_model,1,40,False,5669,]:,50.04960250854492,-2.1814935207366943,-2.441462993621826,-0.12065988779067993,-0.1378868818283081,4.882125377655029,1.929598331451416,-1.3618910312652588,3.8829941749572754,-1.5176671743392944,0.6015563011169434,-0.8963633352901154,-0.018513222528057566,0.8080166742886871,0.38401705668022296,1.367334320474805,1.3477778604232409,0.47028106746259424,0.25301133754863636,0.7966814560650358,0.26899959145159086,-0.45743827890908645
Qwen_2.5_7B_base,moral_10,moral_failure,harm_to_model,1,45,False,5669,]:,49.80714416503906,-1.7442185878753662,-2.331671953201294,-0.22654762864112854,-0.08116817474365234,5.152727127075195,1.7081735134124756,-1.3348225355148315,3.6362903118133545,-1.541275978088379,0.6498664617538452,0.1098666511892864,0.1281618622626735,0.6283860334237829,0.44605790052692157,1.874250376566264,0.8106035018794102,0.5034556657827803,-0.027811449007334822,0.7647489776464205,0.40249084401230734,0.11901425672597996
Qwen_2.5_7B_base,moral_11,moral_failure,harm_to_model,1,39,False,5669,]:,50.14101028442383,-1.873284935951233,-2.5636184215545654,-0.28710174560546875,-0.6538728475570679,5.248346328735352,1.8940128087997437,-1.3269476890563965,3.8577818870544434,-1.7344413995742798,1.0848315954208374,-0.18713283339015685,-0.1817064820240469,0.5256604983434231,-0.18038587794742988,2.0533730492616242,1.2614477440742355,0.5131069175738076,0.2243122128000535,0.5034798884381003,1.6043920537775647,-0.1844196577071019
Qwen_2.5_7B_base,moral_12,moral_failure,harm_to_model,1,36,False,5669,]:,48.23704147338867,-1.5539841651916504,-2.2144532203674316,-0.07680898904800415,-0.380326509475708,4.717909336090088,2.1961731910705566,-0.7691324949264526,3.338021755218506,-1.3975750207901,0.8614411354064941,0.5476223197166121,0.2847599554368912,0.882406447650402,0.11882837636220482,1.0597097455582631,1.994485761046379,1.1967538838765224,-0.367330279955389,0.9591140867993823,0.9871166830421853,0.41619113757675164
Qwen_2.5_7B_base,moral_13,moral_failure,harm_to_model,1,41,False,5669,]:,50.19310760498047,-1.7888120412826538,-2.28312087059021,-0.34244486689567566,-0.40171754360198975,4.817017555236816,2.010087728500366,-1.3862006664276123,3.6674818992614746,-1.6027696132659912,0.6706713438034058,0.007250958756455499,0.19302356802104956,0.4317750280804896,0.09543013835287836,1.245368366331258,1.5430443197672234,0.4404876726150575,0.007693907060702839,0.6815747431929928,0.45997915967011904,0.10013726338875253
Qwen_2.5_7B_base,moral_14,moral_failure,harm_to_model,1,42,False,5669,]:,49.260501861572266,-1.8394749164581299,-2.1929826736450195,-0.3013155460357666,-0.2244800329208374,5.221482276916504,2.2114665508270264,-0.6247342824935913,4.019619941711426,-1.4400256872177124,0.8279695510864258,-0.10933131105088695,0.31344348233444863,0.5015478479089753,0.28929853361680546,2.003048839503829,2.0315872964113844,1.3737253986507583,0.4085323255311551,0.9016967350367739,0.8946275739775272,0.10205608564178084
Qwen_2.5_7B_base,moral_15,moral_failure,harm_to_model,1,39,False,5669,]:,49.98497772216797,-1.8745982646942139,-2.6069204807281494,-0.27043575048446655,-0.6767251491546631,5.168074131011963,2.0630950927734375,-1.507898211479187,3.9904890060424805,-1.6054707765579224,1.2381937503814697,-0.1901549841332726,-0.23955576714395466,0.5539331138529484,-0.20538249983512485,1.9029997942071928,1.6716396468568846,0.29133763447246813,0.37537260753856094,0.6779212400574054,2.0281643180632587,-0.21485537563861362
Qwen_2.5_7B_base,moral_16,moral_failure,harm_to_model,1,47,False,5669,]:,49.15629959106445,-1.809712290763855,-2.4090566635131836,-0.3453803062438965,-0.1842660903930664,4.955429553985596,1.8852616548538208,-0.5930846929550171,3.8637585639953613,-1.3140116930007935,0.5357017517089844,-0.04084340058692473,0.024779938719302893,0.42679527454994926,0.33328590669112057,1.5046544377325333,1.2402175335266865,1.412514492423152,0.23111545881130172,1.072139049418388,0.08702945988106987,-0.00803173093381092
Qwen_2.5_7B_base,moral_17,moral_failure,harm_to_model,1,43,False,5669,]:,50.16899490356445,-2.1564126014709473,-2.269737720489502,0.11890357732772827,0.28785693645477295,5.523377895355225,2.075822353363037,-0.6774085164070129,3.924211263656616,-1.5196630954742432,0.6621063947677612,-0.8386486776294919,0.21090275623412827,1.2144181936847305,0.8497100723791573,2.568587445880789,1.7025158517185996,1.309168927984164,0.29992871271564425,0.7939818398860721,0.4363123831615446,-0.31387296069768184
Qwen_2.5_7B_base,moral_18,moral_failure,harm_to_model,1,46,False,5669,]:,49.50798034667969,-1.6992416381835938,-1.9045320749282837,0.10251724720001221,0.09278404712677002,5.4401350021362305,2.491910696029663,-0.5119127035140991,3.7252581119537354,-1.389009952545166,0.6549476385116577,0.21336482151452027,0.6987983880048951,1.1866200089409196,0.636332735560472,2.4126492111183264,2.7119419429266904,1.5119972331480531,0.0734605182443548,0.9706989116720077,0.4165312164917289,0.4560816047597077
Qwen_2.5_7B_base,moral_19,moral_failure,harm_to_model,2,61,False,5669,]:,44.128814697265625,-1.3737547397613525,-0.5240705013275146,0.3728795051574707,0.7464624643325806,4.4418206214904785,2.473290205001831,0.27116280794143677,1.9977576732635498,-0.22425207495689392,0.7311212420463562,0.9623551083702685,2.5430228127182692,1.6452693792317872,1.3513483396237416,0.5425150022275882,2.66676882090616,2.4717186667449558,-1.892951684578074,2.546111464730402,0.6270150901500391,1.7526889605442688
Qwen_2.5_7B_base,moral_20,moral_failure,harm_to_model,2,68,False,5669,]:,43.70612335205078,-1.2103874683380127,-0.7035466432571411,0.4250011146068573,0.6653735041618347,4.406329154968262,2.045189380645752,0.08670401573181152,2.465007781982422,-0.5717922449111938,0.30306559801101685,1.338285752827345,2.303252078834977,1.733689795354622,1.2626504871121245,0.4760291266820866,1.6282005711848502,2.2456497194860594,-1.3610813041273762,2.0760402533884053,-0.5557937296640229,1.8207689158311609
Qwen_2.5_7B_base,crisis_01,user_crisis,user_suffering,1,20,False,5669,]:,51.41560363769531,-2.4294114112854004,-2.6471986770629883,-1.0033414363861084,-0.9433748722076416,3.811306953430176,1.1385576725006104,-2.3172340393066406,3.5889902114868164,-2.8810975551605225,-0.021048545837402344,-1.4668566265987615,-0.2933653297457986,-0.6893866226402906,-0.49705300291982457,-0.6386211234986894,-0.5712787399947811,-0.7005679092217093,-0.08165311086378693,-1.0474488808033355,-1.4513900693276205,-0.88011097817228
Qwen_2.5_7B_base,crisis_02,user_crisis,user_suffering,1,28,False,5669,]:,49.856040954589844,-2.0934317111968994,-2.61977481842041,-0.7376603484153748,-0.2987865209579468,3.9082276821136475,0.9857617616653442,-2.108588933944702,3.4593467712402344,-2.2199254035949707,0.08223938941955566,-0.693720954573816,-0.2567284896513592,-0.2386785074745141,0.20801957896386977,-0.45706031081728243,-0.9419600670383463,-0.4448567080646976,-0.22922612283364355,-0.15316953970477531,-1.1659835281345141,-0.4752247221125876
Qwen_2.5_7B_base,crisis_03,user_crisis,user_suffering,1,19,False,5669,]:,50.531246185302734,-2.581850528717041,-2.874966859817505,-0.6576478481292725,-0.5033626556396484,4.56613826751709,1.5291903018951416,-1.8724441528320312,3.848400592803955,-2.396470069885254,0.820662260055542,-1.817640080085256,-0.5976517031164054,-0.10294327893757439,-0.01575272966095517,0.775398237319074,0.37639204948462823,-0.15544246314133597,0.21363349395329292,-0.3919579512715723,0.8744359741219627,-1.2076458916008306
Qwen_2.5_7B_base,crisis_04,user_crisis,user_suffering,1,18,False,5669,]:,51.39695358276367,-2.2150444984436035,-2.5262792110443115,-0.5791553854942322,-0.609546422958374,4.149975299835205,1.725651502609253,-2.0113563537597656,4.150169372558594,-2.5637686252593994,-0.01006770133972168,-0.9735687667185393,-0.1318232506908439,0.030213319295176566,-0.1319001326234854,-0.004196464934898075,0.8530049260673878,-0.3256904336986889,0.5571366257905739,-0.6182403824242986,-1.4210476596389607,-0.5526960087046916
Qwen_2.5_7B_base,crisis_05,user_crisis,user_suffering,1,19,False,5669,]:,50.2513313293457,-1.6844124794006348,-2.207940101623535,-0.2952122688293457,-0.271048903465271,4.312986373901367,1.5417338609695435,-1.3422658443450928,3.8554892539978027,-2.128736972808838,0.4656333923339844,0.24748876304493897,0.29346114125637146,0.5119016016783939,0.23835992492722305,0.3011708541674874,0.4068225963371652,0.4943332977393654,0.22170251064415106,-0.029831117773147023,-0.10658432518050294,0.2704749521506552
Qwen_2.5_7B_base,crisis_06,user_crisis,user_suffering,1,22,False,5669,]:,50.05512619018555,-2.192317485809326,-3.1372807025909424,-1.122065544128418,-1.0140888690948486,3.813671588897705,0.7663224935531616,-2.6314406394958496,3.9799723625183105,-2.6367037296295166,0.3958258628845215,-0.9212707731746048,-0.9480892705463719,-0.890793200857741,-0.5744023690135733,-0.6341914711115101,-1.474317501636121,-1.0856531332746118,0.36340152162998596,-0.7168899654786091,-0.29947738166228566,-0.9346800218604884
Qwen_2.5_7B_base,crisis_07,user_crisis,user_suffering,1,23,False,5669,]:,50.46955108642578,-2.426801919937134,-2.5195188522338867,-0.9708203077316284,-0.8354443907737732,4.068033218383789,1.2737911939620972,-1.9363207817077637,3.7528388500213623,-2.494835615158081,0.49433720111846924,-1.4608518267651585,-0.12279176508020763,-0.6342169577202982,-0.3789949848669211,-0.15769789959406874,-0.24320359111096385,-0.23372836142464107,0.10485564769517713,-0.5250038982387791,-0.027269594337374248,-0.7918217959226831
Qwen_2.5_7B_base,crisis_08,user_crisis,user_suffering,1,30,False,5669,]:,51.63978958129883,-2.299828052520752,-2.7959723472595215,-1.1885650157928467,-1.2768657207489014,3.5527243614196777,0.8572803735733032,-2.6501317024230957,4.265666961669922,-2.8958468437194824,-0.203596830368042,-1.1686674290509154,-0.4921191680109464,-1.003604585974834,-0.861836594121406,-1.1230217897794523,-1.253654608980007,-1.10856052016843,0.6886074280771938,-1.0673982752582403,-1.9558098194079199,-0.8303932985309309
Qwen_2.5_7B_base,crisis_09,user_crisis,user_suffering,1,27,False,5669,]:,52.72720718383789,-2.5958752632141113,-2.6800780296325684,-1.2161794900894165,-1.1180181503295898,3.58113694190979,0.7979161739349365,-2.8096864223480225,4.19582462310791,-3.0218591690063477,-0.2045295238494873,-1.849912930282776,-0.33729042424836986,-1.0504504783812658,-0.6880837386992472,-1.0697967338576388,-1.397671554070595,-1.3041075425224775,0.6091059566181604,-1.2378383323008766,-1.9583870499418679,-1.093601677265573
Qwen_2.5_7B_base,crisis_10,user_crisis,user_suffering,1,22,False,5669,]:,50.31101608276367,-2.039731740951538,-2.8485445976257324,-0.653433084487915,-0.8707874417304993,4.0026373863220215,1.1605348587036133,-2.283550262451172,3.944199800491333,-2.4102277755737305,0.31208252906799316,-0.5701499097385749,-0.5623529434681054,-0.09579324732947324,-0.41765441168000783,-0.28020337986019206,-0.5179623095885009,-0.6592857568113996,0.32268164629993606,-0.41056616389666034,-0.5308780306644638,-0.5662514266033402
Qwen_2.5_7B_base,crisis_11,user_crisis,user_suffering,1,26,False,5669,]:,48.9801139831543,-1.7579625844955444,-1.920655369758606,-0.3706968128681183,-0.14332985877990723,4.052862167358398,1.476879358291626,-1.5997885465621948,3.517653226852417,-2.025252103805542,-0.1263805627822876,0.07823981760246237,0.6772585098209808,0.38384771260514944,0.3780633440433795,-0.18611770607733086,0.249486231862598,0.17871870714112675,-0.1628559366089426,0.11013905526999722,-1.7424448431339177,0.37774916371172157
Qwen_2.5_7B_base,crisis_12,user_crisis,user_suffering,1,18,False,5669,]:,50.12065887451172,-2.3812999725341797,-2.8042190074920654,-1.1464998722076416,-1.0175648927688599,3.6027371883392334,0.9180221557617188,-2.137070417404175,3.527956008911133,-2.8120174407958984,0.2526758909225464,-1.3561455642303684,-0.5031362745454658,-0.9322442128136325,-0.5782045615008753,-1.0293331679195799,-1.10629566262137,-0.479763035407107,-0.1511282890150353,-0.954013428310772,-0.6950312115255387,-0.9296409193879172
Qwen_2.5_7B_base,crisis_13,user_crisis,user_suffering,1,22,False,5669,]:,50.095787048339844,-1.912827730178833,-2.600027561187744,-0.5394736528396606,-0.24333596229553223,3.788288116455078,1.0514097213745117,-2.0180492401123047,3.553414821624756,-2.3325061798095703,0.08551371097564697,-0.2781262618051674,-0.23034718733478146,0.0975304138910264,0.2686732790923367,-0.6817421235669882,-0.7826987838687174,-0.333893099203093,-0.1221485452950295,-0.30544253265398735,-1.1569358810133554,-0.2542367245699744
Qwen_2.5_7B_base,crisis_14,user_crisis,user_suffering,1,32,False,5669,]:,49.91060256958008,-1.9429564476013184,-2.5048580169677734,-0.6333959698677063,-0.5392671823501587,4.038385391235352,1.3299813270568848,-1.9040578603744507,3.6086010932922363,-2.211034059524536,0.4619811773300171,-0.34745659987483973,-0.10320565634561948,-0.061801779465453836,-0.05502631768036559,-0.21323693303332272,-0.10688689920167314,-0.19418758066841718,-0.05933006166124946,-0.14114340506198783,-0.11667617230071779,-0.2253311281102296
Qwen_2.5_7B_base,crisis_15,user_crisis,user_suffering,1,22,False,5669,]:,49.87031555175781,-2.238429546356201,-2.6271095275878906,-0.9824113249778748,-1.0196765661239624,3.7009196281433105,1.2794557809829712,-2.007254123687744,3.6789727210998535,-2.4179577827453613,0.17688918113708496,-1.0273809902799012,-0.26652727728407355,-0.6538802524463615,-0.5805143813753589,-0.8454088020588066,-0.22946136055928926,-0.32066282388575157,0.02077389927221226,-0.4210215130878881,-0.9044460154371813,-0.6469541337819873
Qwen_2.5_7B_base,crisis_16,user_crisis,user_suffering,2,40,False,5669,]:,43.865787506103516,-1.5418044328689575,-1.4704405069351196,-0.21826379001140594,0.9477826952934265,3.4586024284362793,1.0866584777832031,-0.44858402013778687,1.6317603588104248,-0.7993136048316956,0.7824090719223022,0.5756495652076602,1.278722007441073,0.6424389467254289,1.5715592304252723,-1.2993396412415512,-0.6971856590031179,1.5896115805623252,-2.309566099962275,1.7683024707946056,0.7687342763626238,0.9271857863243667
Qwen_2.5_7B_base,crisis_17,user_crisis,user_suffering,2,51,False,5669,]:,44.58041000366211,-1.2093713283538818,-1.5275335311889648,0.5056806802749634,1.0768797397613525,3.912951707839966,1.4699536561965942,-0.42215853929519653,2.1292262077331543,-0.948102593421936,0.539034366607666,1.3406240312093292,1.202448714635789,1.8705566504718036,1.7127699524001334,-0.44821083184979194,0.23268454895589658,1.6219981128784724,-1.74330116948806,1.5670554606715403,0.09623818391060039,1.271536372922559
Qwen_2.5_7B_base,crisis_18,user_crisis,user_suffering,1,43,False,5669,]:,49.628623962402344,-1.4197665452957153,-1.9799208641052246,-0.4907250702381134,-0.9282329082489014,3.890933036804199,2.010718584060669,-1.5565176010131836,4.005827903747559,-1.8431247472763062,0.3460369110107422,0.8564755918890041,0.5980829106540635,0.1802287419849207,-0.4804902096231719,-0.48945822919937554,1.5445747689460496,0.23175069867691184,0.39283286106415793,0.356478426956071,-0.4370548490458067,0.7272792512715338
Qwen_2.5_7B_base,crisis_19,user_crisis,user_suffering,2,52,False,5669,]:,44.953819274902344,-1.6855370998382568,-0.8377774953842163,1.2333543300628662,2.476809024810791,4.6004204750061035,1.796119213104248,0.5855730772018433,1.502485752105713,0.30359145998954773,1.2624927759170532,0.24490085616370508,2.12392668450536,3.1050006286138787,3.2440600440543754,0.8396188177538907,1.0239588756673117,2.8570535034726636,-2.456719269041618,3.2600549778038475,2.0953076956050873,1.1844137703345325
Qwen_2.5_7B_base,crisis_20,user_crisis,user_suffering,2,45,False,5669,]:,45.08061981201172,-1.7566092014312744,-0.7373613119125366,0.3753586709499359,1.4942493438720703,3.9953174591064453,1.5075554847717285,0.286945641040802,1.1603612899780273,-0.404219388961792,1.2317646741867065,0.08135413886837803,2.2580774509855344,1.6494750987658346,2.169302968858765,-0.2939157399722287,0.3239062029864336,2.491061786261219,-2.8461592379958573,2.302693694325985,2.01039941265345,1.169715794926956
Qwen_2.5_7B_base,grief_01,user_grief,user_suffering,1,18,False,5669,]:,49.9052619934082,-2.0510542392730713,-3.3326170444488525,-1.266718864440918,-1.497435450553894,3.3728175163269043,0.32377052307128906,-2.998622417449951,4.334108352661133,-2.8071794509887695,0.35925841331481934,-0.596204541451485,-1.2090484015918423,-1.1361867508785088,-1.1031032390700548,-1.4600398193143693,-2.5479440850126087,-1.535663658662851,0.7665142021705779,-0.9474697250910942,-0.4005210251040687,-0.9026264715216636
Qwen_2.5_7B_base,grief_02,user_grief,user_suffering,1,24,False,5669,]:,50.445213317871094,-1.9493907690048218,-2.8500733375549316,-0.5685214996337891,-0.7436286211013794,4.258183002471924,0.9799333810806274,-2.358604907989502,4.075765609741211,-2.329366683959961,0.2153949737548828,-0.36226286168474,-0.5643952600167,0.04825291213806748,-0.2785637846209891,0.19850814424393334,-0.9560996591115076,-0.75127120516269,0.4724428891852504,-0.3011961555597277,-0.7980463177415649,-0.46332906085072
Qwen_2.5_7B_base,grief_03,user_grief,user_suffering,1,30,False,5669,]:,50.63197708129883,-2.189964771270752,-2.995899200439453,-0.824689507484436,-0.9834812879562378,4.179412841796875,1.2425050735473633,-2.3496811389923096,4.19495964050293,-2.1868350505828857,0.619178056716919,-0.9158568522282373,-0.7592109819676208,-0.3863169733814288,-0.540922759559298,0.050948642974461535,-0.3191034013217332,-0.7403344152238063,0.6081213476932837,-0.10841263483771936,0.3176922514706659,-0.837533917097929
Qwen_2.5_7B_base,grief_04,user_grief,user_suffering,1,23,False,5669,]:,50.23343276977539,-2.332190990447998,-3.1047604084014893,-0.8926711082458496,-0.6904779672622681,4.356224536895752,0.9143703579902649,-2.290865898132324,4.053888320922852,-2.4066970348358154,0.6327406167984009,-1.2431390169370056,-0.9046438592506291,-0.5016426797730865,-0.22042579832555884,0.3821685532020221,-1.1151548869070034,-0.6682516512377723,0.44753999090887675,-0.4057906020506024,0.35516849061659933,-1.0738914380938174
Qwen_2.5_7B_base,grief_05,user_grief,user_suffering,1,24,False,5669,]:,49.02011489868164,-1.9640676975250244,-2.935877799987793,-0.6767257452011108,-0.5331302881240845,4.287666320800781,1.115281343460083,-2.0255703926086426,4.012820720672607,-2.072309970855713,0.9460079669952393,-0.3960365003651125,-0.6790255317998739,-0.13530750589949553,-0.04831357481379593,0.2537390046495965,-0.6277468777235948,-0.343110870861754,0.40079277830964655,0.04649015802064267,1.220792831600666,-0.5375310160824932
Qwen_2.5_7B_base,grief_06,user_grief,user_suffering,1,20,False,5669,]:,49.57455062866211,-1.9035308361053467,-3.1504478454589844,-1.0962728261947632,-1.4999710321426392,3.4440507888793945,0.9044362306594849,-2.744044065475464,4.579761505126953,-2.3903207778930664,0.7757322788238525,-0.25673282510242545,-0.9656798843999643,-0.8470377820069999,-1.1058767441355548,-1.326599109259206,-1.1392549788653763,-1.2236576038884452,1.0461409657023122,-0.3836406245693286,0.750284876442393,-0.6112063547511949
Qwen_2.5_7B_base,grief_07,user_grief,user_suffering,1,27,False,5669,]:,49.772151947021484,-2.1852426528930664,-3.4149022102355957,-0.8285085558891296,-0.7828233242034912,4.1840338706970215,0.7801924347877502,-2.548961877822876,4.373348712921143,-2.178497791290283,0.3715353012084961,-0.9049906059510021,-1.318977077215658,-0.3927957036567125,-0.3214362790723599,0.059605178825269084,-1.4406691651410652,-0.9845688390576318,0.8111814691247543,-0.0971359367355652,-0.36659737175934015,-1.11198384158333
Qwen_2.5_7B_base,grief_08,user_grief,user_suffering,1,19,False,5669,]:,50.386043548583984,-2.135211944580078,-3.0909171104431152,-0.8620036840438843,-0.9963997602462769,3.935081720352173,1.1916632652282715,-2.1733949184417725,4.2812042236328125,-2.2363076210021973,1.0343782901763916,-0.7898630393651122,-0.8861499375786003,-0.44961768595576335,-0.5550534223208446,-0.4067548594180534,-0.4424451116724381,-0.5242816057116451,0.7062934794598738,-0.17532757911096986,1.4649788366796148,-0.8380064884718562
Qwen_2.5_7B_base,grief_09,user_grief,user_suffering,1,31,False,5669,]:,49.44098663330078,-1.868802785873413,-2.9885385036468506,-0.593254566192627,-0.7436811923980713,4.261652946472168,1.1200096607208252,-2.3664863109588623,4.3562164306640625,-1.8738586902618408,0.7233328819274902,-0.17681878729862488,-0.7493774762276394,0.006295112671996809,-0.27862128888680404,0.205008362114775,-0.6162760280960512,-0.7609304924802693,0.7916798075691347,0.31490872348718607,0.6054941940496195,-0.46309813176313214
Qwen_2.5_7B_base,grief_10,user_grief,user_suffering,1,26,False,5669,]:,49.43897247314453,-2.116478443145752,-3.3928585052490234,-1.0683625936508179,-1.5006837844848633,3.551800489425659,0.7191965579986572,-2.924936294555664,4.162744522094727,-2.475205659866333,0.4420410394668579,-0.7467546663979571,-1.2895278408697504,-0.7996901578317113,-1.1066563768006523,-1.124752471670995,-1.5886445424189517,-1.4453554438537122,0.571450907249696,-0.49845307718176407,-0.17177501578403334,-1.0181412536338537
Qwen_2.5_7B_base,grief_11,user_grief,user_suffering,1,23,False,5669,]:,50.53413009643555,-2.055074691772461,-2.873471736907959,-0.3464243412017822,-0.6875557899475098,4.430699348449707,1.385503888130188,-1.9869952201843262,4.0256547927856445,-2.0047988891601562,0.653249979019165,-0.6054561576775285,-0.5956542971469362,0.4250241472498093,-0.21722942175430354,0.5216816119016792,0.027810269767060764,-0.2958339234425973,0.4154017911062594,0.1378033893970669,0.4118402221111114,-0.6005552274122323
Qwen_2.5_7B_base,grief_12,user_grief,user_suffering,1,26,False,5669,]:,50.00923156738281,-2.0109684467315674,-3.537870407104492,-1.3688915967941284,-1.67864191532135,3.5958170890808105,0.530077338218689,-3.0440149307250977,4.312302589416504,-2.513258695602417,0.928234338760376,-0.5039615989550646,-1.4832561534792954,-1.309515157397702,-1.301313010810275,-1.0422965335717151,-2.0474458478613626,-1.5912958004904192,0.7416927213907486,-0.54992234073784,1.1716805151781848,-0.99360887621718
Qwen_2.5_7B_base,grief_13,user_grief,user_suffering,1,34,False,5669,]:,49.95442581176758,-1.9095640182495117,-2.925419807434082,-0.7033333778381348,-0.9995224475860596,4.114418983459473,1.221858024597168,-2.28505802154541,4.627509117126465,-2.1268343925476074,0.6021096706390381,-0.2706160100991656,-0.6650542010001931,-0.18044536665749375,-0.5584691235521926,-0.0708038231834964,-0.369192932268954,-0.6611336357174217,1.1004920296954768,-0.027257751338442274,0.27052866917891527,-0.46783510554967933
Qwen_2.5_7B_base,grief_14,user_grief,user_suffering,1,26,False,5669,]:,50.4262809753418,-2.1853623390197754,-3.089857816696167,-0.9292223453521729,-1.0083239078521729,4.282168865203857,0.9440157413482666,-2.43454909324646,4.1498260498046875,-2.337766647338867,0.5870586633682251,-0.9052660202512733,-0.884734776564033,-0.5636491225688306,-0.5680964590480079,0.24344066579664422,-1.0432354881234398,-0.8443468553163789,0.5567458218071608,-0.3125576651120482,0.22893953375909717,-0.8950003984076531
Qwen_2.5_7B_base,grief_15,user_grief,user_suffering,1,26,False,5669,]:,50.75352096557617,-2.2836146354675293,-2.810122489929199,-0.7732109427452087,-0.7892014980316162,4.465123176574707,1.4162248373031616,-1.8406602144241333,4.220110893249512,-2.2165608406066895,0.9437861442565918,-1.1313581181432562,-0.5110230181605236,-0.29898743456377547,-0.32841294174394,0.586167489121935,0.10233898028833374,-0.11648871412486515,0.6367509961781487,-0.14861874432550798,1.2146534626472252,-0.8211905681518898
Qwen_2.5_7B_base,grief_16,user_grief,user_suffering,1,33,False,5669,]:,50.16120910644531,-1.8637468814849854,-2.629359245300293,-0.6217474937438965,-0.9462361335754395,4.306540489196777,1.6451818943023682,-1.9859154224395752,4.307672023773193,-1.9043434858322144,0.6123595237731934,-0.16518445333139026,-0.26953278242327167,-0.0420410100466904,-0.5001827475640244,0.28909583078174633,0.6577864740105717,-0.2945105452697045,0.7364217526644655,0.27367600847998863,0.2988511942006313,-0.21735861787733096
Qwen_2.5_7B_base,grief_17,user_grief,user_suffering,1,20,False,5669,]:,50.54690933227539,-1.949177861213684,-2.6009387969970703,-0.2429676055908203,-0.18225133419036865,4.993891716003418,1.6268091201782227,-1.848774790763855,4.348526477813721,-2.1439247131347656,0.9223999977111816,-0.3617729314653332,-0.23156455069234988,0.6005307693604397,0.33548971530005406,1.5767052929860663,0.6132143106811977,-0.12643377398673442,0.7829263411239935,-0.05037354742522243,1.1555589895145248,-0.29666874107884156
Qwen_2.5_7B_base,grief_18,user_grief,user_suffering,1,29,False,5669,]:,50.611785888671875,-2.055304527282715,-3.098034143447876,-0.4921157956123352,-0.5538636445999146,4.839295387268066,1.4573545455932617,-1.9417020082473755,4.41672420501709,-1.9381020069122314,0.7955607175827026,-0.6059850409154995,-0.8956579212486093,0.1778694802967204,-0.07099242272221204,1.2871012478656434,0.20211923465866322,-0.24032348331717288,0.8605557529458164,0.22801536182931612,0.8050750715348203,-0.7508214810820544
Qwen_2.5_7B_base,grief_19,user_grief,user_suffering,2,50,False,5669,]:,43.931636810302734,-1.1485037803649902,-1.4211386442184448,-0.0285283625125885,0.8761009573936462,3.483097553253174,0.969336748123169,-0.8304420113563538,1.840453028678894,-0.7072045803070068,0.7647411227226257,1.48068866191918,1.3445867161332488,0.9643109232418186,1.493151316417949,-1.2534531231674635,-0.9818069829881207,1.1216141864393379,-2.0720114206823657,1.8928860570302444,0.7199139735991847,1.4126376890262144
Qwen_2.5_7B_base,grief_20,user_grief,user_suffering,1,27,False,5669,]:,49.81052780151367,-1.9449044466018677,-2.6996817588806152,-0.7772914171218872,-0.7154901027679443,4.112025260925293,1.254404902458191,-1.7957091331481934,4.012456893920898,-2.1113088130950928,0.6787674427032471,-0.35193921449708304,-0.36347998068811443,-0.30590965446787943,-0.24778491973261102,-0.07528796413603524,-0.2902345373047331,-0.06139758238497863,0.40037863464389084,-0.006258371781858518,0.4823504034984767,-0.35770959759259874
Qwen_2.5_7B_base,abuse_01,user_abuse,user_suffering,1,24,False,5669,]:,50.14875030517578,-1.7159146070480347,-2.674910545349121,-0.04772001504898071,-0.17168104648590088,4.947630882263184,2.003112316131592,-1.696485161781311,4.373202323913574,-1.6727066040039062,0.8656619787216187,0.17499801844795101,-0.33038693565288646,0.931753718633613,0.3470518541885298,1.490045249429989,1.5261220402415556,0.06020930054563312,0.8110148346484936,0.5869803083738216,0.9987797711704435,-0.07769445860246772
Qwen_2.5_7B_base,abuse_02,user_abuse,user_suffering,1,24,False,5669,]:,49.90867614746094,-1.895801305770874,-3.1451475620269775,-0.5085546374320984,-0.4644663333892822,4.491308212280273,0.971007764339447,-2.406447410583496,3.8112289905548096,-2.1253304481506348,0.5656909942626953,-0.23894610873829517,-0.9585989830911984,0.1499822133908051,0.026793385703488246,0.6352197035178947,-0.9777531146275396,-0.8099060041120614,0.17132109239083498,-0.025223566442437572,0.16989611772414231,-0.5987725459147468
Qwen_2.5_7B_base,abuse_03,user_abuse,user_suffering,1,26,False,5669,]:,50.8411750793457,-2.094698667526245,-2.960028648376465,-0.517067015171051,-0.6284730434417725,4.491567611694336,1.4910125732421875,-2.0502843856811523,4.545693874359131,-2.044027805328369,0.7571346759796143,-0.6966363959914282,-0.7112898014671288,0.13554160056583398,-0.15260271147817717,0.6357056343302814,0.28377326771733585,-0.37339983854683245,1.007361812098225,0.08474366929262461,0.6988957428610867,-0.7039630987292785
Qwen_2.5_7B_base,abuse_04,user_abuse,user_suffering,1,29,False,5669,]:,49.47074890136719,-1.9301283359527588,-2.78834867477417,-0.3861596882343292,-0.5948772430419922,4.513436317443848,1.6093940734863281,-1.6788684129714966,4.066961288452148,-1.7700488567352295,0.8149396181106567,-0.3179373440459678,-0.4819343405066013,0.35761609986756554,-0.11585448653368621,0.6766721029289539,0.5709655843704726,0.08180002988876577,0.4624209381439478,0.45531843267700983,0.8586230968491908,-0.39993584227628454
Qwen_2.5_7B_base,abuse_05,user_abuse,user_suffering,1,31,False,5669,]:,50.225521087646484,-2.198711395263672,-2.821719169616699,-0.7969599962234497,-0.8943127393722534,4.47752046585083,1.3613094091415405,-1.8036448955535889,4.581941604614258,-2.2468605041503906,0.807295560836792,-0.9359840415106088,-0.5265155753850467,-0.3392759293599437,-0.4433871794467475,0.6093912302823049,-0.03088529040606878,-0.07112349152269917,1.0486225709969847,-0.1896010559446668,0.8375009402121331,-0.7312498084478277
Qwen_2.5_7B_base,abuse_06,user_abuse,user_suffering,1,25,False,5669,]:,49.84414291381836,-2.577566623687744,-2.8735721111297607,-0.47245582938194275,-0.3326394557952881,4.55410099029541,1.2794684171676636,-2.141169786453247,3.8512425422668457,-2.2291693687438965,0.26059067249298096,-1.807782223218177,-0.5957883918548211,0.2112211440963623,0.1709900916580115,0.7528489038119245,-0.22943070530362872,-0.484787138808458,0.2168684824826562,-0.1656726178258746,-0.6731609860563497,-1.201785307536499
Qwen_2.5_7B_base,abuse_07,user_abuse,user_suffering,1,28,False,5669,]:,50.19365692138672,-2.109445571899414,-2.8438034057617188,-0.8971984386444092,-0.9808089137077332,4.287383556365967,1.257935881614685,-2.1774489879608154,4.217953681945801,-2.2642698287963867,0.5401721000671387,-0.7305710587696684,-0.5560189592377012,-0.509322957531104,-0.5379996260470346,0.2532093043338882,-0.28166841775128804,-0.5292501909295451,0.6342954444823703,-0.2131483262532057,0.09938198352920961,-0.6432950090036849
Qwen_2.5_7B_base,abuse_08,user_abuse,user_suffering,1,25,False,5669,]:,50.66414260864258,-2.0109591484069824,-3.0699992179870605,-1.1177027225494385,-1.3312361240386963,3.908161163330078,1.2710742950439453,-2.4450294971466064,4.588186740875244,-2.275059461593628,1.2418726682662964,-0.5039402022265576,-0.8582047278612741,-0.8833920000207323,-0.9213087836998731,-0.4571849199134735,-0.2497947602785049,-0.8571914253592186,1.0557314040119294,-0.227742022744755,2.038329950924732,-0.6810724650439158
Qwen_2.5_7B_base,abuse_09,user_abuse,user_suffering,1,32,False,5669,]:,50.196250915527344,-2.3584227561950684,-2.7097084522247314,-0.5560779571533203,-0.3811349868774414,4.702210426330566,1.2929561138153076,-1.8994941711425781,3.488635540008545,-2.1142258644104004,0.5243426561355591,-1.3035019312259342,-0.37687511831305925,0.0693624522268793,0.11794403638316295,1.0303011056020008,-0.19670969029230423,-0.18859441588669337,-0.19588674356534147,-0.010203877838075632,0.05564186199146212,-0.8401885247694967
Qwen_2.5_7B_base,abuse_10,user_abuse,user_suffering,1,23,False,5669,]:,49.91195297241211,-2.2744128704071045,-2.6036176681518555,-0.62769615650177,-0.8035749197006226,4.103039264678955,1.36321222782135,-2.007127523422241,3.803563117980957,-2.2143046855926514,0.2519965171813965,-1.1101835864321639,-0.23514338237357396,-0.052132471956291476,-0.3441350774403445,-0.09212135781145246,-0.02626907162443172,-0.32050766517305423,0.16259503650286375,-0.1455671445045041,-0.6969084657194253,-0.6726634844028689
Qwen_2.5_7B_base,abuse_11,user_abuse,user_suffering,1,32,False,5669,]:,49.693016052246094,-1.8160152435302734,-2.939056396484375,-0.49767574667930603,-0.5132783651351929,4.2579216957092285,1.3426220417022705,-2.185243844985962,4.046849250793457,-1.799149990081787,0.8457169532775879,-0.05534736502740375,-0.6832719703878126,0.16843743872782854,-0.026598868722695602,0.19801864041086734,-0.07622065392118008,-0.5388034092966364,0.4395274236822894,0.41595721292091625,0.9436674222612725,-0.3693096677076082
Qwen_2.5_7B_base,abuse_12,user_abuse,user_suffering,1,23,False,5669,]:,51.22968673706055,-2.3765764236450195,-2.8539724349975586,-1.2459055185317993,-1.295656681060791,3.7956271171569824,0.8700115084648132,-2.6714110374450684,3.729940414428711,-2.5010483264923096,0.03365039825439453,-1.3452760261487475,-0.5696042501657512,-1.1008784646296,-0.8823907832833596,-0.6679940332481584,-1.222769005101226,-1.1346400407440598,0.07879037895980491,-0.5334070038221798,-1.300245248770244,-0.9574401381572494
Qwen_2.5_7B_base,abuse_13,user_abuse,user_suffering,1,30,False,5669,]:,49.208282470703125,-2.158108711242676,-3.090435028076172,-0.6522153615951538,-0.5561362504959106,4.2780232429504395,1.02469801902771,-2.009921073913574,4.431519985198975,-2.1720967292785645,0.3684123754501343,-0.8425516603628177,-0.8855059007630579,-0.09372747142505099,-0.07347827606347629,0.23567470535015564,-0.8475011023298464,-0.3239313838861884,0.8773977762809864,-0.08847807432466882,-0.3752266800796153,-0.8640287805629379
Qwen_2.5_7B_base,abuse_14,user_abuse,user_suffering,1,30,False,5669,]:,51.635231018066406,-2.3002376556396484,-2.681563377380371,-1.073870301246643,-1.2518954277038574,3.894338846206665,1.2743529081344604,-2.1147541999816895,3.843262195587158,-2.6336987018585205,-0.03996467590332031,-1.1696099823733577,-0.3392747711132707,-0.8090335722552175,-0.8345232414157168,-0.4830781541488758,-0.24184087823669534,-0.45241273283238026,0.20778446100154482,-0.7128254654105617,-1.5036593613939355,-0.7544423767433142
Qwen_2.5_7B_base,abuse_15,user_abuse,user_suffering,1,27,False,5669,]:,50.8072624206543,-2.1808714866638184,-2.5685980319976807,-0.5179457068443298,-0.7115492820739746,3.9757111072540283,1.4362599849700928,-1.995195984840393,3.9030489921569824,-2.396514415740967,-0.29273998737335205,-0.894931949016395,-0.18835898100002116,0.1340509657942729,-0.24347431651421436,-0.33064415941765013,0.15094404494021918,-0.30588461395350625,0.27583971801305923,-0.39201793199298274,-2.202131328775159,-0.5416454650082081
Qwen_2.5_7B_base,abuse_16,user_abuse,user_suffering,1,23,False,5669,]:,49.814449310302734,-2.2837812900543213,-2.929159164428711,-0.8691287040710449,-0.7197445631027222,4.164266109466553,1.0696918964385986,-2.3103294372558594,3.8535048961639404,-2.2236337661743164,0.7611799240112305,-1.1317416133541915,-0.6700497862697123,-0.4617047500802287,-0.2524385926184891,0.02257439250486069,-0.738346412938419,-0.6921057692599131,0.21944371789835487,-0.15818534691347175,0.710073623860446,-0.9008956998119519
Qwen_2.5_7B_base,abuse_17,user_abuse,user_suffering,1,23,False,5669,]:,50.45402908325195,-2.2438206672668457,-2.6380832195281982,-0.4951390027999878,-0.3950868844985962,4.527413368225098,1.3733233213424683,-2.0349910259246826,4.005068778991699,-2.33270263671875,0.4832402467727661,-1.039786703741521,-0.28118755547842217,0.1727408351842289,0.10268297797456324,0.7028551984669655,-0.001739661486548507,-0.3546566076128056,0.3919687500341669,-0.3057082536993754,-0.05793284024025509,-0.6604871296099716
Qwen_2.5_7B_base,abuse_18,user_abuse,user_suffering,1,26,False,5669,]:,50.030601501464844,-1.9109461307525635,-2.6485297679901123,-0.1627959907054901,-0.2903144359588623,4.765751361846924,1.5028471946716309,-1.8213218450546265,4.153144836425781,-1.974844217300415,0.2755413055419922,-0.27379644176982765,-0.29514359757031566,0.7365359239265941,0.21728663263100728,1.1493318232574916,0.3124839390471066,-0.09278800160962855,0.5605235936468199,0.17831907680181247,-0.6318492059675112,-0.2844700196700717
Qwen_2.5_7B_base,abuse_19,user_abuse,user_suffering,2,56,False,5669,]:,43.32859802246094,-1.3010554313659668,-1.58694326877594,0.9202940464019775,1.9615225791931152,3.979313373565674,1.211499571800232,-0.18914344906806946,1.4813079833984375,-0.2960294783115387,0.5863215923309326,1.129646253154343,1.123080414047802,2.573917247934538,2.6804222682289955,-0.32389606323718106,-0.3943224334964185,1.907576672252421,-2.4808259042017875,2.449027749353449,0.22690284965999188,1.1263633336010725
Qwen_2.5_7B_base,abuse_20,user_abuse,user_suffering,1,33,False,5669,]:,49.69071960449219,-1.896634817123413,-2.524343967437744,-0.3747413754463196,-0.5818227529525757,4.180512428283691,1.4726636409759521,-1.8023152351379395,4.472994804382324,-2.0484180450439453,0.583165168762207,-0.24086413342703666,-0.12923786650105254,0.37698641438398306,-0.10157504289391978,0.05300848939608595,0.23925894449298185,-0.06949388673792922,0.9246085258272092,0.07880557787299387,0.21818097976251338,-0.18505099996404462
Qwen_2.5_7B_base,harm_01,harm_description,user_suffering,1,25,False,5669,]:,49.93164825439453,-2.549126148223877,-3.5977187156677246,-1.2501920461654663,-1.253896951675415,3.7459170818328857,0.5465066432952881,-3.039699077606201,3.905564308166504,-2.695242404937744,-0.04676055908203125,-1.7423367629577091,-1.5632103619417586,-1.1081502384887498,-0.836712576161826,-0.7611154380751899,-2.0075885206926847,-1.5860063786123657,0.27870289997486986,-0.7960674200333236,-1.522437832544153,-1.6527735624497337
Qwen_2.5_7B_base,harm_02,harm_description,user_suffering,1,25,False,5669,]:,50.25395584106445,-2.225189447402954,-3.277862310409546,-0.9484970569610596,-1.0026230812072754,4.083329200744629,0.7443541288375854,-2.729325294494629,4.181278705596924,-2.6640467643737793,0.24203944206237793,-0.9969136947879441,-1.1358989421537358,-0.5963472306876975,-0.5618607016788336,-0.1290440602563116,-1.5276125312035438,-1.2056185772813497,0.5925483517375855,-0.753873239860077,-0.7244219827923458,-1.0664063184708399
Qwen_2.5_7B_base,harm_03,harm_description,user_suffering,1,22,False,5669,]:,51.29773712158203,-2.7220382690429688,-3.1977643966674805,-0.9638280272483826,-1.047712802886963,4.747690200805664,0.8564720749855042,-2.2196409702301025,4.283327102661133,-2.9739327430725098,0.18352115154266357,-2.1402314235443844,-1.028892320805779,-0.6223550763143423,-0.6111813672159607,1.1154979971898993,-1.2556155331404437,-0.5809598269958167,0.7087099507573109,-1.1730146513520698,-0.8861204701540624,-1.5845618721750818
Qwen_2.5_7B_base,harm_04,harm_description,user_suffering,1,21,False,5669,]:,49.696495056152344,-2.4055187702178955,-2.9816503524780273,-0.9636839032173157,-0.9667685031890869,4.1506428718566895,0.9483528137207031,-2.3715503215789795,3.8706932067871094,-2.6460952758789062,0.29550254344940186,-1.411876361114536,-0.7401752667133776,-0.6221105806639804,-0.5226417492317055,-0.0029459076971382393,-1.0327137946192726,-0.7671368409881613,0.23900915649293428,-0.7295926568607463,-0.5766920585725763,-1.0760258139139567
Qwen_2.5_7B_base,harm_05,harm_description,user_suffering,1,25,False,5669,]:,49.4625358581543,-2.3319225311279297,-2.8548429012298584,-0.6241161227226257,-0.7396057844161987,4.605749607086182,1.4756006002426147,-1.6947393417358398,4.107555389404297,-2.1205179691314697,0.9866570234298706,-1.2425212549806202,-0.5707671475018271,-0.04605921213508179,-0.27416346953211457,0.8496018375318934,0.24638397782985644,0.062348942115738534,0.5086291669160542,-0.018714368261420616,1.3331148232341465,-0.9066442012412237
Qwen_2.5_7B_base,harm_06,harm_description,user_suffering,1,33,False,5669,]:,50.22488021850586,-2.1208884716033936,-2.8828086853027344,-0.6424152851104736,-1.0106489658355713,4.118492126464844,1.5618884563446045,-2.258896827697754,4.421421527862549,-1.992156744003296,0.43175268173217773,-0.7569027506850426,-0.6081279716129471,-0.0771023738894025,-0.5706396862599266,-0.06317363752282175,0.4557174399152003,-0.6290710081715662,0.8659027113355409,0.15490273215398662,-0.2002039372094387,-0.6825153611489949
Qwen_2.5_7B_base,harm_07,harm_description,user_suffering,1,24,False,5669,]:,49.29474639892578,-2.322394609451294,-3.2619118690490723,-0.8464303016662598,-0.7686595916748047,3.8656580448150635,0.544064998626709,-2.786363363265991,3.7816476821899414,-2.4402527809143066,0.15114927291870117,-1.2205961918695858,-1.1145899871603597,-0.4231986063299367,-0.30594350846341256,-0.5368056661037177,-2.013511925847771,-1.2755232752703107,0.1376487155616664,-0.45117698201547085,-0.975570858401278,-1.1675930895149729
Qwen_2.5_7B_base,harm_08,harm_description,user_suffering,1,20,False,5669,]:,50.359745025634766,-2.584953784942627,-3.341538429260254,-1.072283148765564,-1.3140788078308105,4.09270715713501,0.7312638163566589,-2.7365565299987793,4.367511749267578,-3.0384421348571777,0.18219530582427979,-1.8247811010659936,-1.2209669048563248,-0.8063410866564434,-0.9025415298184841,-0.1114764108312954,-1.5593694962644493,-1.214481032565924,0.8045372586234228,-1.2602678973384023,-0.8897840639677853,-1.5228740029611592
Qwen_2.5_7B_base,harm_09,harm_description,user_suffering,1,20,False,5669,]:,50.611907958984375,-2.090710163116455,-2.5036957263946533,-0.9424132108688354,-1.2650582790374756,3.717033863067627,1.1085569858551025,-2.1705191135406494,4.215493202209473,-2.8875057697296143,-0.31212854385375977,-0.687458296729999,-0.10165289696096592,-0.5860264403517024,-0.848921214256449,-0.815222136849624,-0.6440601009434034,-0.5207570776654025,0.6314946826012436,-1.0561164175241369,-2.2557060355406096,-0.39455559684548247
Qwen_2.5_7B_base,harm_10,harm_description,user_suffering,1,30,False,5669,]:,51.995243072509766,-2.1446993350982666,-3.0469841957092285,-0.478242963552475,-0.43069422245025635,5.011943340301514,0.8436977863311768,-2.3690943717956543,4.123544692993164,-2.280784845352173,-0.04679858684539795,-0.8116948346852182,-0.8274578624419144,0.2014037033664472,0.06373446509047447,1.610521253950262,-1.2866058276093106,-0.7641268788422199,0.5268297768768947,-0.23548598534663467,-1.5225429113453197,-0.8195763485635663
Qwen_2.5_7B_base,harm_11,harm_description,user_suffering,1,28,False,5669,]:,51.36101150512695,-2.296485185623169,-2.767282009124756,-0.9051380753517151,-1.1373565196990967,3.9274492263793945,1.148667573928833,-2.358588695526123,4.1152753829956055,-2.471149206161499,0.18686902523040771,-1.1609750308355709,-0.45379037758803936,-0.5227919579886942,-0.7092367024385764,-0.42105274829391254,-0.5467522218621489,-0.7512513354970338,0.517416828709744,-0.4929664535576956,-0.8768695828438129,-0.8073827042118051
Qwen_2.5_7B_base,harm_12,harm_description,user_suffering,1,38,False,5669,]:,50.89228057861328,-2.3495523929595947,-2.8191537857055664,-0.6925773620605469,-0.8761390447616577,4.3835859298706055,1.2154262065887451,-1.7900848388671875,4.096831321716309,-2.1389546394348145,0.45198261737823486,-1.2830900008641986,-0.5230883567227138,-0.16219858953520191,-0.4235081764262681,0.43342442810194864,-0.3847964574001685,-0.05450456160808732,0.4964219702675005,-0.043651191949300734,-0.14430432079309305,-0.9030891787934562
Qwen_2.5_7B_base,harm_13,harm_description,user_suffering,1,34,False,5669,]:,50.30442810058594,-1.6875288486480713,-2.471761703491211,-0.47993093729019165,-0.8659300804138184,3.8160979747772217,1.310584306716919,-2.1333940029144287,4.128032207489014,-1.995539665222168,0.11612248420715332,0.24031756719066547,-0.05899071342457956,0.19854018203872884,-0.4123412652695051,-0.629646142179838,-0.15394387344270133,-0.47525729651860915,0.531937910610089,0.15032710604596333,-1.0723573280929661,0.09066342688304295
Qwen_2.5_7B_base,harm_14,harm_description,user_suffering,1,27,False,5669,]:,50.97816467285156,-2.210264205932617,-3.08042049407959,-0.43127554655075073,-0.7511365413665771,4.397428512573242,1.028530240058899,-2.4198460578918457,3.9467086791992188,-2.085278272628784,-0.1619342565536499,-0.9625686537296185,-0.8721270073901372,0.2810804171014648,-0.28677620222936945,0.45935562568206867,-0.8382041730494751,-0.8263271139730084,0.32553750068705767,0.028949666732059304,-1.8406872636129332,-0.9173478305598779
Qwen_2.5_7B_base,harm_15,harm_description,user_suffering,1,27,False,5669,]:,50.38153839111328,-2.2810916900634766,-2.9230270385742188,-1.0160493850708008,-1.1702377796173096,3.993527889251709,1.1232397556304932,-2.212885856628418,4.234965801239014,-2.3999013900756836,0.39186739921569824,-1.1255524724749888,-0.6618575870136529,-0.7109447080992451,-0.7452033387905611,-0.29726812662459484,-0.6084398506679571,-0.5726808970394088,0.6536603246437953,-0.3965990402099521,-0.31041545900255574,-0.8937050297443209
Qwen_2.5_7B_base,harm_16,harm_description,user_suffering,1,31,False,5669,]:,50.19234085083008,-2.273329734802246,-3.046492576599121,-1.110622763633728,-1.0660531520843506,4.495041847229004,0.6892955303192139,-2.393747091293335,4.037018299102783,-2.596601963043213,0.3819025754928589,-1.1076911418781157,-0.8268010850365491,-0.8713813787050648,-0.6312426626709285,0.6422138914976515,-1.6611841317285907,-0.7943407508791567,0.4283368601739198,-0.6626496570887715,-0.33795038711646636,-0.9672461134573325
Qwen_2.5_7B_base,harm_17,harm_description,user_suffering,1,32,False,5669,]:,50.112125396728516,-2.3537492752075195,-2.8516392707824707,-0.9384281039237976,-0.7589552402496338,4.67330265045166,0.9692256450653076,-2.0069358348846436,3.823342800140381,-2.1599395275115967,0.7408901453018188,-1.2927476062978132,-0.5664872648656035,-0.5792660041699224,-0.2953285600213774,0.9761484041863208,-0.9820765178775134,-0.32027273559676683,0.18511023099724594,-0.0720346497793017,0.6540086483275306,-0.9296174355817084
Qwen_2.5_7B_base,harm_18,harm_description,user_suffering,1,25,False,5669,]:,49.510093688964844,-2.0036673545837402,-2.9063754081726074,-0.3720267415046692,-0.6055047512054443,4.670689105987549,1.243066668510437,-1.9668551683425903,4.189993858337402,-1.8953832387924194,0.7834900617599487,-0.4871607780044551,-0.6396118801535555,0.38159158803993054,-0.12747921509923954,0.971252472600491,-0.3177409776479898,-0.2711506851807606,0.6024688022998628,0.28579533897486004,0.7717212812810593,-0.5633863290790053
Qwen_2.5_7B_base,harm_19,harm_description,user_suffering,2,52,False,5669,]:,43.35306930541992,-1.505525827407837,-0.9500608444213867,0.6629998683929443,1.3056020736694336,3.9262290000915527,1.6078553199768066,0.045909225940704346,1.3310959339141846,-0.2727392017841339,0.7497704029083252,0.6591316446485403,1.9739220058218132,2.1374368988840504,1.9629541919855698,-0.42333858827350357,0.5672325839924892,2.1956524541280444,-2.651812145652911,2.4805293985042995,0.6785466895040873,1.3165268252351767
Qwen_2.5_7B_base,harm_20,harm_description,user_suffering,1,39,False,5669,]:,51.00405502319336,-2.1998395919799805,-2.9929051399230957,-0.6382268071174622,-0.5828485488891602,4.496853351593018,1.2951939105987549,-2.000753164291382,4.024722099304199,-2.183459758758545,0.4778432846069336,-0.9385801779028069,-0.7552110737927532,-0.06999693391976686,-0.10269709325069584,0.6456073678878298,-0.19128081803513777,-0.3126953801586004,0.41434010695132073,-0.10384732799359467,-0.07284579499018123,-0.84689562584778
Qwen_2.5_7B_base,neutral_01,casual_chat,neutral,1,12,False,5669,]:,49.9500617980957,-2.0065507888793945,-2.8561363220214844,-1.6826088428497314,-1.9124977588653564,3.376392364501953,0.8421722650527954,-2.6823837757110596,3.746072769165039,-3.464543342590332,0.11746132373809814,-0.49379595837792184,-0.5724950899965442,-1.8417130256942005,-1.5571124571956938,-1.4533430853061653,-1.290306726729008,-1.1480880057807221,0.09715382391373414,-1.836598141119286,-1.068657829610506,-0.533145524187233
Qwen_2.5_7B_base,neutral_02,casual_chat,neutral,1,12,False,5669,]:,51.36957931518555,-2.0446665287017822,-2.6863362789154053,-1.040005087852478,-1.2176520824432373,4.707488059997559,1.1244826316833496,-2.2572031021118164,4.2474164962768555,-3.2744879722595215,0.45216822624206543,-0.5815055376011526,-0.3456511178048358,-0.7515837679987238,-0.7970667099589647,1.0401876538216623,-0.6054246459932705,-0.6269952125124295,0.6678329396589303,-1.5795356030961172,-0.1437914440112223,-0.46357832770299423
Qwen_2.5_7B_base,neutral_03,casual_chat,neutral,1,24,False,5669,]:,49.81987762451172,-2.2385029792785645,-3.2973179817199707,-1.1183346509933472,-1.0368481874465942,3.8578875064849854,0.6570268869400024,-2.5127596855163574,4.091989517211914,-2.5717175006866455,0.4041633605957031,-1.027549969571701,-1.1618907009364816,-0.8844640194107805,-0.5992972826760172,-0.5513621523512422,-1.7394675326672295,-0.9402001678484115,0.49091054853475646,-0.6289917654986164,-0.27643910155692847,-1.0947203352540913
Qwen_2.5_7B_base,neutral_04,casual_chat,neutral,1,20,False,5669,]:,49.6113395690918,-1.4986560344696045,-2.4870128631591797,-1.2926596403121948,-1.484732985496521,3.8251140117645264,1.200010061264038,-2.283855438232422,4.1832051277160645,-2.611565113067627,1.0920490026474,0.6749399865768577,-0.07936546466919893,-1.1801933389581578,-1.089208852339476,-0.6127564734287216,-0.4221958693060264,-0.65965977404728,0.5947411963111807,-0.6828883134098329,1.624335285557644,0.2977872609538294
Qwen_2.5_7B_base,neutral_05,casual_chat,neutral,1,14,False,5669,]:,50.93458938598633,-2.297153949737549,-2.836195945739746,-0.9255911707878113,-0.6678289175033569,3.922255516052246,1.0357155799865723,-2.2120208740234375,3.5134830474853516,-2.8600311279296875,-0.09388816356658936,-1.1625139493858911,-0.5458557907360548,-0.5574891062265247,-0.19565150018664984,-0.43078208360368403,-0.8207726113991072,-0.57162079193646,-0.16760284804913497,-1.0189551358404187,-1.652661430849148,-0.854184870060973
Qwen_2.5_7B_base,neutral_06,casual_chat,neutral,1,11,False,5669,]:,49.7935791015625,-2.052227020263672,-2.3302950859069824,-0.9412380456924438,-0.9853464365005493,3.577620506286621,0.9768093824386597,-2.523878335952759,3.657017230987549,-3.599944591522217,0.11998569965362549,-0.5989032724137046,0.13000128491834004,-0.5840328604333672,-0.5429629222417057,-1.0763840441075387,-0.9636784480722632,-0.9538269598759794,-0.004218015467049911,-2.0197373422970943,-1.0616824418565591,-0.23445099374768225
Qwen_2.5_7B_base,neutral_07,casual_chat,neutral,1,16,False,5669,]:,51.53065490722656,-1.9836775064468384,-2.8171072006225586,-1.1688156127929688,-1.2297918796539307,4.1332292556762695,1.302656650543213,-2.343395471572876,3.6896610260009766,-2.9586803913116455,0.9581654071807861,-0.44116137783554843,-0.5203542261467413,-0.9701011993781001,-0.810345631531614,-0.03556669324410355,-0.17317628676286345,-0.7326308289685303,0.032940387172493764,-1.1523848304338533,1.2543864255135162,-0.4807578019911449
Qwen_2.5_7B_base,neutral_08,casual_chat,neutral,1,22,False,5669,]:,49.52964782714844,-1.5104085206985474,-2.4797801971435547,-1.1529340744018555,-1.2034457921981812,3.7405142784118652,1.0555713176727295,-2.236386299133301,3.999300003051758,-2.4751358032226562,0.6971772909164429,0.647895893329009,-0.06970300134758854,-0.9431593560995146,-0.7815273882776909,-0.7712364657769312,-0.7726027935374964,-0.6014825618099312,0.3854021575462077,-0.4983585914216928,0.533220731086561,0.2890964459907102
Qwen_2.5_7B_base,neutral_09,casual_chat,neutral,1,20,False,5669,]:,48.839942932128906,-1.8083168268203735,-3.133976459503174,-1.530455231666565,-1.859593391418457,3.2604212760925293,0.9353072643280029,-2.9060218334198,3.7383928298950195,-2.742795705795288,0.48655223846435547,-0.037632245408662716,-0.9436749746875178,-1.5835957926016233,-1.4992438673020183,-1.670590781904974,-1.0643621648830033,-1.422174264655191,0.08841175591810917,-0.8603864244820912,-0.048781102519821325,-0.49065361004809027
Qwen_2.5_7B_base,neutral_10,casual_chat,neutral,1,20,False,5669,]:,49.84908676147461,-1.5235408544540405,-2.4586262702941895,-0.586844265460968,-0.8966516256332397,4.546291351318359,1.6030209064483643,-1.6982544660568237,4.161228179931641,-2.450467586517334,0.8500158786773682,0.617676580434109,-0.041442462032148034,0.017169708912471618,-0.44594553249729324,0.738219170640474,0.555504345897607,0.05804087718042284,0.5697248563229552,-0.4649931864676626,0.955546267802585,0.28811705920098046
Qwen_2.5_7B_base,neutral_11,casual_chat,neutral,1,22,False,5669,]:,50.343013763427734,-1.3170751333236694,-2.4533493518829346,-1.0763980150222778,-1.0991137027740479,3.2428793907165527,1.1089104413986206,-2.2257652282714844,3.278136730194092,-2.3143787384033203,0.1815105676651001,1.0927827074239154,-0.034392775168448055,-0.8133216498154103,-0.667405413344423,-1.703451853092623,-0.6432026213864835,-0.5884655931974279,-0.4354973503288244,-0.2809239616309959,-0.8916761411900497,0.5291949661277336
Qwen_2.5_7B_base,neutral_12,casual_chat,neutral,1,19,False,5669,]:,48.98420715332031,-1.5030245780944824,-2.268695831298828,-0.971824049949646,-1.109982967376709,4.170578479766846,1.4729257822036743,-1.6045753955841064,4.15937614440918,-2.6641080379486084,0.7765600681304932,0.6648873646169576,0.212294665672269,-0.6359197313977564,-0.6792945832956291,0.03439930444304977,0.23989489644767548,0.1728520422556653,0.5676166859457661,-0.7539561164482623,0.7525722344213978,0.4385910151446133
Qwen_2.5_7B_base,neutral_13,casual_chat,neutral,1,19,False,5669,]:,50.379486083984375,-2.56528902053833,-3.211315870285034,-1.0989090204238892,-0.6512200832366943,4.118574142456055,1.2001779079437256,-2.370561361312866,3.9891393184661865,-2.504631519317627,0.38992738723754883,-1.77952976344374,-1.0469963804292302,-0.851509888551336,-0.1774841944390815,-0.06301999763361125,-0.4217886749666864,-0.7659247913831361,0.3738362593787686,-0.5382535106075403,-0.3157761248652177,-1.413263071936485
Qwen_2.5_7B_base,neutral_14,casual_chat,neutral,1,19,False,5669,]:,49.84724426269531,-1.7315125465393066,-2.388676643371582,-0.8698558807373047,-0.9351060390472412,4.496303081512451,1.3529067039489746,-1.8019075393676758,4.202454090118408,-2.728083610534668,0.6425979137420654,0.13910500637724427,0.0520065791706233,-0.46293835096294783,-0.488008273001473,0.6445765514218478,-0.0512701678187521,-0.06899422308687013,0.6166522729812036,-0.840487336438692,0.3824062993616934,0.09555579277393378
Qwen_2.5_7B_base,neutral_15,casual_chat,neutral,1,17,False,5669,]:,51.56029510498047,-2.1559207439422607,-2.8143527507781982,-1.652065396308899,-1.8455345630645752,3.517636775970459,1.2511484622955322,-2.3766088485717773,4.00140380859375,-2.9144182205200195,0.2627444267272949,-0.8375168455548713,-0.5166744252911715,-1.7898983507158983,-1.48386584443438,-1.1887510781961093,-0.29813462804887414,-0.773336468873846,0.387796917511233,-1.0925172984493294,-0.6672097048629912,-0.6770956354230213
Qwen_2.5_7B_base,neutral_16,casual_chat,neutral,1,17,False,5669,]:,51.418418884277344,-1.7679128646850586,-2.6119775772094727,-0.8848631978034973,-1.1816450357437134,4.424110412597656,1.5095889568328857,-2.1718668937683105,4.1035590171813965,-2.858729362487793,0.6638776063919067,0.05534284924654644,-0.24631178341223914,-0.48839714308195614,-0.757680982101457,0.5093386119649896,0.3288393855435796,-0.5224088897235528,0.5040800999924647,-1.0171944114377258,0.44120661773125286,-0.09548446708284634
Qwen_2.5_7B_base,neutral_17,casual_chat,neutral,1,15,False,5669,]:,50.86668395996094,-2.0736892223358154,-2.8951010704040527,-1.5024123191833496,-1.8615224361419678,3.688145637512207,0.8379200100898743,-2.7173352241516113,4.128705978393555,-3.464711904525757,0.35319316387176514,-0.6482907622466053,-0.6245499548650432,-1.5360230868226517,-1.501353921790496,-0.8693382148033412,-1.3006226540595671,-1.1909237907247636,0.532704863427537,-1.836826132356045,-0.41728059978923404,-0.6364203585558242
Qwen_2.5_7B_base,neutral_18,casual_chat,neutral,1,20,False,5669,]:,49.58606719970703,-1.5616222620010376,-2.841143846511841,-1.2184776067733765,-1.382027506828308,3.944514513015747,1.2324702739715576,-2.2180542945861816,3.8243494033813477,-2.503232002258301,0.896651029586792,0.5300460045161353,-0.5524659272508682,-1.054349061629964,-0.9768661193722987,-0.3890844856485069,-0.34344772312355276,-0.5790152295702037,0.1862560465652805,-0.5363605706361472,1.0844091121025012,-0.011209961367366461
Qwen_2.5_7B_base,neutral_19,casual_chat,neutral,1,24,False,5669,]:,48.903770446777344,-1.5766503810882568,-2.1211533546447754,-1.0371544361114502,-1.325204849243164,3.8890633583068848,1.5616544485092163,-2.102027416229248,3.9027676582336426,-2.464799642562866,0.7516913414001465,0.4954642278590705,0.40940369379129354,-0.746747850308812,-0.9147115709455759,-0.49296068272027294,0.45514973928443014,-0.4368150452923015,0.2755194758599847,-0.48437824617811454,0.6838546512658505,0.45243396082518206
Qwen_2.5_7B_base,neutral_20,casual_chat,neutral,1,23,False,5669,]:,48.98681640625,-1.398922324180603,-2.0896053314208984,-0.8101617097854614,-0.6883710622787476,3.773375988006592,1.371335506439209,-1.647782564163208,3.4269914627075195,-1.8974668979644775,0.8613250255584717,0.9044410222272773,0.45155020195460216,-0.36167165004122986,-0.21812119425749837,-0.7096768924930335,-0.0065620802425814554,0.11989821447815995,-0.26605614157045826,0.28297705126106276,0.9867958468279642,0.6779956120909397
Qwen_2.5_7B_base,neutral_21,factual_questions,neutral,1,13,False,5669,]:,51.78569030761719,-2.032736301422119,-3.3284757137298584,-2.141862154006958,-2.51786208152771,3.381720542907715,0.4778873324394226,-3.394023895263672,4.542232036590576,-3.8246898651123047,0.36294639110565186,-0.5540524376583792,-1.203515800461292,-2.6208019545912267,-2.219280467418515,-1.4433618520385023,-2.1740582715506793,-2.0202596747333454,1.0034212052654772,-2.323720283359053,-0.3903303577946687,-0.8787841190598356
Qwen_2.5_7B_base,neutral_22,factual_questions,neutral,1,11,False,5669,]:,54.20149612426758,-2.199734687805176,-3.2426819801330566,-1.6784366369247437,-2.0342867374420166,4.24285888671875,1.1404139995574951,-2.8895938396453857,5.2487921714782715,-3.9367475509643555,0.33095574378967285,-0.9383387789145213,-1.088899861841669,-1.8346351900721865,-1.6903293690488839,0.1698016028511563,-0.5667753094179329,-1.4020404493261989,1.8076979742626988,-2.4752857617772195,-0.47872732282517094,-1.0136193203780952
Qwen_2.5_7B_base,neutral_23,factual_questions,neutral,1,14,False,5669,]:,51.53373718261719,-1.9164866209030151,-3.3980696201324463,-1.7396379709243774,-2.0651915073394775,3.8088178634643555,0.7946076393127441,-3.015810012817383,4.964360237121582,-3.3870370388031006,0.9355199337005615,-0.2865458744727222,-1.296489617663673,-1.9384586804955795,-1.7241340536384808,-0.6432839154851939,-1.4056980254442046,-1.5567284262680265,1.4839293580211546,-1.7317657066047507,1.1918121641189772,-0.7915177460681977
Qwen_2.5_7B_base,neutral_24,factual_questions,neutral,1,15,False,5669,]:,52.70545196533203,-1.8413771390914917,-2.766371488571167,-1.2427546977996826,-1.4593812227249146,4.1483588218688965,1.5240273475646973,-2.7103068828582764,4.951199531555176,-3.1967051029205322,-0.031980276107788086,-0.11370858793278742,-0.4525739697747077,-1.0955333326736738,-1.0614782351199363,-0.007224599960616534,0.363866774742572,-1.1823099984618566,1.468948538656989,-1.4743290952652588,-1.4815967659564662,-0.28314127885374757
Qwen_2.5_7B_base,neutral_25,factual_questions,neutral,1,13,False,5669,]:,52.04351806640625,-2.2340152263641357,-3.6294209957122803,-1.642916202545166,-2.382908582687378,3.827402114868164,0.7794482707977295,-3.1195969581604004,4.606694221496582,-3.7718846797943115,0.4531705379486084,-1.0172230305796583,-1.6055629491454508,-1.7743774270851098,-2.071663757192345,-0.6084701884962997,-1.4424744994189984,-1.6839275973774657,1.0767984526344423,-2.2522977556241104,-0.14102184350899405,-1.3113929898625547
Qwen_2.5_7B_base,neutral_26,factual_questions,neutral,1,12,False,5669,]:,51.98190689086914,-2.212373733520508,-3.0755348205566406,-1.7776851654052734,-2.174710750579834,4.099006652832031,0.7134954929351807,-2.851733446121216,4.380402088165283,-3.858208656311035,0.21760916709899902,-0.967422967930415,-0.8656000032239175,-2.0030029032056254,-1.8439299131939912,-0.0996756167826917,-1.6024752683313066,-1.355639520401706,0.8192103198506505,-2.369056679389413,-0.7919280304284836,-0.9165114855771663
Qwen_2.5_7B_base,neutral_27,factual_questions,neutral,1,13,False,5669,]:,54.0548210144043,-2.061922073364258,-3.062177896499634,-2.043645143508911,-2.041090250015259,4.127914905548096,0.6975854635238647,-2.8187689781188965,4.809687614440918,-3.8935792446136475,0.473125696182251,-0.621212928003803,-0.8477558516328515,-2.4541841346443727,-1.6977712816534072,-0.04552202211184167,-1.6410728380126514,-1.3152389383044054,1.3078656500938686,-2.4168977542541525,-0.08588149554622075,-0.7344843898183273
Qwen_2.5_7B_base,neutral_28,factual_questions,neutral,1,13,False,5669,]:,52.07841491699219,-1.8823872804641724,-2.9750618934631348,-1.1684151887893677,-1.4505590200424194,4.327552318572998,1.5654175281524658,-2.3856918811798096,4.864089012145996,-2.971467971801758,0.6416565179824829,-0.20807858469644203,-0.7313734302342972,-0.9694219099739929,-1.0518282108661805,0.3284571198402372,0.46427893226024375,-0.7844684490577047,1.3697907123989017,-1.1696808841588395,0.37980502258171045,-0.46972600746536963
Qwen_2.5_7B_base,neutral_29,factual_questions,neutral,1,16,False,5669,]:,50.43037033081055,-1.781137466430664,-3.254424571990967,-1.8393871784210205,-2.09883189201355,3.6827306747436523,0.7482486367225647,-2.757704734802246,4.243336200714111,-3.313159942626953,0.7116590738296509,0.024911214968767994,-1.1045873500904806,-2.1076757581712187,-1.760931046373028,-0.879482020511913,-1.518164494648808,-1.2403998426105114,0.6631883428727288,-1.6318420169359642,0.5732369784951826,-0.5398380675608563
Qwen_2.5_7B_base,neutral_30,factual_questions,neutral,1,12,False,5669,]:,53.29118347167969,-2.268683433532715,-3.310851812362671,-1.5102126598358154,-1.8413560390472412,4.637930870056152,1.281901478767395,-2.5741260051727295,5.205583572387695,-3.6928508281707764,0.43832695484161377,-1.0969993612333233,-1.1799711904687604,-1.5492557819308224,-1.4792952332657903,0.909886735688446,-0.2235281225863494,-1.015409482165634,1.7585136646002402,-2.145399210990884,-0.18203782183153847,-1.1384852758510418
Qwen_2.5_7B_base,neutral_31,factual_questions,neutral,1,16,False,5669,]:,52.17141342163086,-2.1074275970458984,-3.216343402862549,-1.3268407583236694,-1.5662198066711426,4.418512344360352,1.2164385318756104,-2.783226728439331,5.1091742515563965,-3.252901077270508,0.4823176860809326,-0.7259274200495575,-1.053712900869064,-1.238179051794849,-1.178341898699523,0.4988517962712036,-0.38234056654102416,-1.2716790793677766,1.6487710210080735,-1.5503378908491199,-0.060482071720600515,-0.8898201604593108
Qwen_2.5_7B_base,neutral_32,factual_questions,neutral,1,13,False,5669,]:,54.31935501098633,-1.873840093612671,-3.2587151527404785,-1.6950567960739136,-2.1254351139068604,4.360285758972168,0.9551080465316772,-2.855410575866699,5.323328971862793,-3.6419458389282227,0.9336340427398682,-0.18841032780884523,-1.1103193414517578,-1.8628300482801698,-1.7900305519883184,0.38977640748345105,-1.0163256684634634,-1.3601461358931004,1.8925431474115948,-2.076546824920678,1.1866010461426153,-0.6493648346303015
Qwen_2.5_7B_base,neutral_33,factual_questions,neutral,1,15,False,5669,]:,52.945068359375,-2.138950824737549,-3.414661407470703,-1.4259167909622192,-1.5961296558380127,4.4132232666015625,1.4669930934906006,-2.224806070327759,4.87077522277832,-3.109614372253418,0.3982503414154053,-0.7984667187612347,-1.3186553773226324,-1.406254138620535,-1.2110583052789337,0.48894380992746633,0.2255022539150523,-0.5872900687130941,1.37740161997587,-1.3565330854781505,-0.2927780316367959,-1.0585610480419336
Qwen_2.5_7B_base,neutral_34,factual_questions,neutral,1,13,False,5669,]:,53.616939544677734,-2.015838623046875,-3.0220141410827637,-1.3057341575622559,-1.8017027378082275,4.393766403198242,1.3724128007888794,-2.6116526126861572,4.960524559020996,-3.494976043701172,0.3885772228240967,-0.515168546986221,-0.7940991761088811,-1.2023732805997944,-1.4359211086316748,0.45249542597778614,-0.003948575097257932,-1.0614013297383826,1.4795632090731345,-1.8777603949026762,-0.31950691640758655,-0.6546338615475511
Qwen_2.5_7B_base,neutral_35,factual_questions,neutral,1,16,False,5669,]:,51.11695861816406,-1.9091498851776123,-3.4339475631713867,-1.7710251808166504,-2.18037748336792,3.678252696990967,0.8273619413375854,-3.163210391998291,4.773536205291748,-3.2536261081695557,0.3740588426589966,-0.269663032729502,-1.3444206721212777,-1.9917047369571415,-1.8501283775472401,-0.8878705798117721,-1.3262364215663107,-1.737379335600237,1.2667145334237886,-1.5513185433964805,-0.35962428980980765,-0.8070418524253898
Qwen_2.5_7B_base,neutral_36,factual_questions,neutral,1,15,False,5669,]:,52.39140319824219,-1.9792577028274536,-3.2570812702178955,-1.4781211614608765,-2.0100648403167725,3.9172580242156982,1.103589653968811,-2.8771886825561523,5.194594860076904,-3.421569347381592,0.659936785697937,-0.43099079955182706,-1.1081365599003667,-1.4948149526798988,-1.663834637161305,-0.4401438444110712,-0.6561107976237713,-1.3868369408886223,1.7460052232144723,-1.7784729523486356,0.4303172916843141,-0.769563679726097
Qwen_2.5_7B_base,neutral_37,factual_questions,neutral,1,12,False,5669,]:,52.332908630371094,-2.2062039375305176,-3.3435750007629395,-1.708483338356018,-1.9166016578674316,4.556529998779297,0.8422824144363403,-2.840250015258789,4.655645370483398,-3.747793674468994,0.8644025325775146,-0.9532254156148394,-1.2236876578129834,-1.8856071740868343,-1.5616014409937615,0.7573991456470306,-1.290039505443816,-1.3415656608968747,1.1325195017027938,-2.219713067479406,0.9952996535079742,-1.0884565367139114
Qwen_2.5_7B_base,neutral_38,factual_questions,neutral,1,11,False,5669,]:,53.55257034301758,-2.006499767303467,-3.1905627250671387,-2.01289439201355,-2.2317733764648438,3.995882987976074,0.5345918536186218,-2.989699125289917,5.1110520362854,-3.936380624771118,0.4648420810699463,-0.4936785506881648,-1.0192712644010928,-2.402017782299669,-1.9063469470789582,-0.2928563393408121,-2.036493679375585,-1.5247274531258983,1.6509085016840186,-2.474789469679098,-0.10877088656653898,-0.7564749075446289
Qwen_2.5_7B_base,neutral_39,factual_questions,neutral,1,16,False,5669,]:,52.17490005493164,-1.9162518978118896,-2.8548779487609863,-1.056991696357727,-1.309321403503418,4.793066501617432,1.5514216423034668,-2.261293411254883,5.234771728515625,-3.181175708770752,0.33933115005493164,-0.28600574423643327,-0.570813969169426,-0.7804002801597365,-0.8973377197501263,1.2005010524059447,0.4303250554104204,-0.6320082122770903,1.7917385165900699,-1.4533245560767256,-0.4555842933192776,-0.42840985670292964
Qwen_2.5_7B_base,neutral_40,factual_questions,neutral,1,11,False,5669,]:,52.69658660888672,-2.242964029312134,-2.889338493347168,-1.5162163972854614,-1.8466744422912598,4.479988098144531,1.1523127555847168,-2.424802541732788,4.613090991973877,-3.703930377960205,0.10538172721862793,-1.0378154615485438,-0.6168514534646172,-1.5594406739400655,-1.4851126829598293,0.6140138257861671,-0.5379090482056587,-0.8324016798454456,1.0840798907420612,-2.160385039510579,-1.1020363249115632,-0.8273334575065805
Qwen_2.5_7B_base,neutral_41,creative_requests,neutral,1,15,False,5669,]:,50.19267654418945,-1.7855968475341797,-2.843254566192627,-1.5217554569244385,-1.200610637664795,3.636423349380493,0.8886513710021973,-2.4227166175842285,4.1111907958984375,-2.7389650344848633,0.670154333114624,0.01464956343037526,-0.5552857382933991,-1.5688372747622858,-0.7784262001736578,-0.9662291564470487,-1.1775488879953668,-0.8298452135980092,0.5127673468737498,-0.8552051865740209,0.4585505491351329,-0.2703180874315119
Qwen_2.5_7B_base,neutral_42,creative_requests,neutral,1,21,False,5669,]:,49.40066909790039,-1.3885488510131836,-2.586733341217041,-1.0522398948669434,-1.2923524379730225,3.5639877319335938,1.0927860736846924,-2.1166207790374756,3.946798801422119,-2.3104333877563477,0.931177020072937,0.9283118160472997,-0.21258680512180037,-0.7723392039652994,-0.878776490222451,-1.1019222094129344,-0.6823201736119572,-0.4547003741915274,0.3256400867327036,-0.2755876122874503,1.179811769744967,0.35786250546274967
Qwen_2.5_7B_base,neutral_43,creative_requests,neutral,1,21,False,5669,]:,49.008338928222656,-1.3887138366699219,-2.732649326324463,-1.3871206045150757,-1.1258257627487183,3.7098937034606934,1.094616174697876,-2.162510871887207,4.339404106140137,-2.2337074279785156,1.0634024143218994,0.9279321612748143,-0.4075229256465466,-1.340439307001288,-0.6966239697413215,-0.8285977397626352,-0.6778803671506307,-0.5109423394341603,0.7725423536147236,-0.17181064498354004,1.5451786670172116,0.26020461781413384
Qwen_2.5_7B_base,neutral_44,creative_requests,neutral,1,17,False,5669,]:,50.524024963378906,-1.8601059913635254,-2.7522594928741455,-1.3407931327819824,-1.58803129196167,3.9262442588806152,1.1752517223358154,-2.359602928161621,4.311424255371094,-2.9393391609191895,0.8545761108398438,-0.15680626253568905,-0.4337210819844216,-1.2618482126004766,-1.2022000404402091,-0.423310004108069,-0.48225934796287623,-0.7524943584044054,0.7406929145331836,-1.1262245290199997,0.96814715952621,-0.29526367226005534
Qwen_2.5_7B_base,neutral_45,creative_requests,neutral,1,20,False,5669,]:,48.390689849853516,-1.5803245306015015,-2.3672218322753906,-1.3241827487945557,-1.2293431758880615,3.7844765186309814,1.0310496091842651,-1.9797544479370117,3.728611469268799,-2.445802688598633,0.9095712900161743,0.48700950261140147,0.0806690840949731,-1.2336699372240314,-0.8098548241471973,-0.688882358767012,-0.8320922091520238,-0.2869597801194015,0.07727764187401037,-0.4586836015476835,1.12011054065067,0.2838392933531873
Qwen_2.5_7B_base,neutral_46,creative_requests,neutral,1,17,False,5669,]:,50.44551467895508,-1.5261836051940918,-2.7542505264282227,-1.4421149492263794,-1.6016000509262085,4.194841384887695,1.1511390209197998,-2.1656620502471924,4.255232810974121,-2.909708023071289,0.9789446592330933,0.6115952461485383,-0.43638099862467633,-1.4337331038572354,-1.21704200880271,0.07985080724943099,-0.5407565165757876,-0.5148043595955919,0.6767302436813,-1.0861464428999525,1.3118039200357452,0.087607123761931
Qwen_2.5_7B_base,neutral_47,creative_requests,neutral,1,17,False,5669,]:,47.392208099365234,-0.7405036091804504,-2.0645854473114014,-0.9440621733665466,-0.7820532321929932,3.5476632118225098,1.2862982749938965,-1.8463971614837646,3.735714912414551,-2.17795991897583,1.398613452911377,2.4195533803886633,0.48497545786945956,-0.5888237820255077,-0.3205939263350242,-1.1325028001520114,-0.21286153961910723,-0.12351979985797017,0.08536348484748767,-0.09640842863071633,2.471438087883375,1.4522644191290615
Qwen_2.5_7B_base,neutral_48,creative_requests,neutral,1,24,False,5669,]:,49.37556457519531,-1.7570518255233765,-3.085517644882202,-1.0300854444503784,-0.8779469728469849,4.518431186676025,0.9336456060409546,-2.233482837677002,4.23923397064209,-2.2319984436035156,1.0190515518188477,0.08033559972803232,-0.8789365341356774,-0.7347558341212118,-0.4254857494315982,0.6860289508329069,-1.068393331002364,-0.5979241384516869,0.6585187780542535,-0.1694991298702614,1.4226277976011794,-0.39930046720382256
Qwen_2.5_7B_base,neutral_49,creative_requests,neutral,1,17,False,5669,]:,49.705223083496094,-1.6996837854385376,-2.994630813598633,-1.5604443550109863,-1.2306208610534668,4.166342258453369,1.0350909233093262,-2.0560202598571777,3.862459897994995,-2.4772989749908447,1.095073938369751,0.21234737964230313,-0.7575164835211886,-1.6344700996939183,-0.8112523994782753,0.02646362551429378,-0.8222880221506281,-0.38042960937559256,0.22963718846571096,-0.5012844252139329,1.6326938265595519,-0.27258455193944275
Qwen_2.5_7B_base,neutral_50,creative_requests,neutral,1,17,False,5669,]:,50.4227294921875,-1.8336317539215088,-2.7144718170166016,-0.9538314342498779,-1.378429651260376,3.939025640487671,1.0751392841339111,-2.3214340209960938,4.239725589752197,-2.9793894290924072,0.3982323408126831,-0.09588538740338218,-0.3832387244148015,-0.6053966031958803,-0.9729306630308857,-0.39936674590840227,-0.7251311057434756,-0.7057153214305146,0.6590783876471685,-1.180395182378522,-0.2928277711320191,-0.23956205590909185
Qwen_2.5_7B_base,neutral_51,creative_requests,neutral,1,18,False,5669,]:,49.025962829589844,-1.6840089559555054,-3.008681297302246,-1.3791699409484863,-1.1490099430084229,4.237990856170654,0.7101835012435913,-2.3985092639923096,3.910122871398926,-2.861677646636963,0.8720961809158325,0.24841732619874188,-0.7762871945071177,-1.3269516003008044,-0.7219836117560663,0.16068236082237763,-1.610510126520144,-0.8001771729646856,0.2838919084212982,-1.0211821619805277,1.0165588408073687,-0.2639349341541879
Qwen_2.5_7B_base,neutral_52,creative_requests,neutral,1,12,False,5669,]:,51.3905143737793,-2.2268872261047363,-2.722033977508545,-1.0817214250564575,-1.542479157447815,4.099515438079834,1.4841954708099365,-2.2303669452667236,4.333006858825684,-3.3155786991119385,0.5274007320404053,-1.00082051795972,-0.39334137511478956,-0.8223524171955259,-1.1523735720751986,-0.09872251351648473,0.26723504648900004,-0.594105364033154,0.7652603727237944,-1.6351135460688062,0.06409197636868155,-0.6970809465372548
Qwen_2.5_7B_base,neutral_53,creative_requests,neutral,1,17,False,5669,]:,49.322872161865234,-1.5805647373199463,-2.2429304122924805,-0.9926384687423706,-0.8718020915985107,4.390030860900879,1.037808895111084,-1.9499883651733398,3.8129994869232178,-2.7279725074768066,0.7110240459442139,0.48645675379163406,0.24671591719652372,-0.6712298377135414,-0.41876427008926986,0.44549766497735,-0.8156942501783612,-0.2504790739747077,0.1733364468219635,-0.8403370621581692,0.5714822613358855,0.3665863354940789
Qwen_2.5_7B_base,neutral_54,creative_requests,neutral,1,21,False,5669,]:,48.33717346191406,-1.3829923868179321,-2.456324338912964,-0.7489866018295288,-0.5097661018371582,4.095461845397949,1.076701045036316,-1.8999214172363281,3.7275190353393555,-2.221639633178711,0.9302732944488525,0.9410980072325014,-0.038367202163670046,-0.25789265014147594,-0.022757036106577852,-0.10631607571519643,-0.7213422896641479,-0.18911804001692606,0.07603412531012257,-0.15548814931198424,1.177314583564259,0.45136540253441565
Qwen_2.5_7B_base,neutral_55,creative_requests,neutral,1,17,False,5669,]:,51.19704818725586,-1.8878068923950195,-2.760498046875,-1.1583154201507568,-1.34492027759552,4.409527778625488,1.1168065071105957,-2.2444534301757812,4.405673503875732,-3.113626003265381,0.906946063041687,-0.2205498599287439,-0.44472735901759164,-0.9522884070909419,-0.936276974577814,0.4820210823612958,-0.6240468462054728,-0.6113694736796597,0.84797674972971,-1.361959083426815,1.112856479963221,-0.33263860947316776
Qwen_2.5_7B_base,neutral_56,creative_requests,neutral,1,17,False,5669,]:,50.915428161621094,-1.8013650178909302,-3.0774688720703125,-1.5560846328735352,-1.5902140140533447,4.222598075866699,1.093562364578247,-2.0401148796081543,4.197024345397949,-2.731095314025879,1.0426559448242188,-0.02163517336223119,-0.868183794839981,-1.6270741568278848,-1.2045875758303972,0.1318471906851453,-0.6804368997925097,-0.360936298563046,0.6104715994268648,-0.8445608658626507,1.4878517576684023,-0.4449094841011061
Qwen_2.5_7B_base,neutral_57,creative_requests,neutral,1,20,False,5669,]:,50.40959548950195,-1.7140012979507446,-2.9386415481567383,-1.0333194732666016,-0.8024972677230835,4.449357986450195,1.0873174667358398,-1.5312106609344482,3.99019718170166,-1.8935279846191406,0.8640326261520386,0.17940080681384074,-0.6827177547305209,-0.7402421223748654,-0.34295630518871684,0.5566346866970666,-0.6955869585003683,0.2627663701632674,0.3750404241526599,0.28830469372569395,0.9942775233511695,-0.25165847395834007
Qwen_2.5_7B_base,neutral_58,creative_requests,neutral,1,17,False,5669,]:,50.482521057128906,-1.5294139385223389,-2.6205689907073975,-1.3665640354156494,-1.692007303237915,3.835603713989258,1.3022021055221558,-2.2887232303619385,4.1396589279174805,-2.7670130729675293,0.6233477592468262,0.6041618032115363,-0.25778946226885274,-1.3055666234247363,-1.3159325250288296,-0.5931061995752503,-0.17427900836506754,-0.6656256411605396,0.5451725960650327,-0.8931420254351157,0.32921402672838934,0.1731861704713418
Qwen_2.5_7B_base,neutral_59,creative_requests,neutral,1,19,False,5669,]:,48.40536880493164,-1.2614152431488037,-2.980482339859009,-1.319676160812378,-1.2560184001922607,3.5488686561584473,0.6852582097053528,-2.2926549911499023,3.9418134689331055,-2.5370426177978516,0.9226729869842529,1.220863798584614,-0.7386148629748304,-1.2260248474256192,-0.8390330884394771,-1.1302446510826851,-1.6709786305123955,-0.6704443272831218,0.3199652872235605,-0.5820916785106272,1.156313316958638,0.24112446780489183
Qwen_2.5_7B_base,neutral_60,creative_requests,neutral,1,23,False,5669,]:,49.323814392089844,-1.022020697593689,-2.578786849975586,-1.3109257221221924,-1.1775426864624023,3.9170584678649902,1.026749849319458,-2.113370180130005,4.1971306800842285,-2.132636308670044,1.3404459953308105,1.7717436964120918,-0.2019707086519535,-1.2111803819837974,-0.7531936934404767,-0.4405176716996444,-0.842523382891835,-0.4507165062274691,0.6105926401050608,-0.03510522905630443,2.3107090265775643,0.7848864938800691
Qwen_2.5_7B_base,neutral_61,task_assistance,neutral,1,18,False,5669,]:,50.698543548583984,-1.2954645156860352,-2.6198182106018066,-0.8976715803146362,-0.7281081676483154,4.233705043792725,1.3146463632583618,-2.1956143379211426,4.193985939025879,-2.2587809562683105,0.5521725416183472,1.1425117219618337,-0.25678645933505295,-0.5101256070234831,-0.26158698668950037,0.15265378335595947,-0.14408936554993834,-0.551513274694366,0.6070129841736596,-0.20572426083218157,0.13254175681153715,0.4428626313133904
Qwen_2.5_7B_base,neutral_62,task_assistance,neutral,1,25,False,5669,]:,51.051143646240234,-1.3887989521026611,-2.8437716960906982,-0.9454207420349121,-0.7177742719650269,3.937358856201172,1.100865364074707,-1.9726994037628174,4.101987838745117,-2.164156436920166,0.32972490787506104,0.9277362989138644,-0.5559765967765403,-0.591128492264837,-0.25028342140445137,-0.40248911935453763,-0.6627198972238686,-0.2783132613483548,0.5022916289850399,-0.07773830042223688,-0.48212838433629207,0.18587985106866206
Qwen_2.5_7B_base,neutral_63,task_assistance,neutral,1,28,False,5669,]:,49.03765869140625,-1.5288032293319702,-2.813955545425415,-0.8783047199249268,-0.930355429649353,3.059701919555664,1.0986690521240234,-2.409672975540161,3.927143096923828,-1.7974287271499634,0.3340446949005127,0.6055671293672032,-0.516143779725052,-0.47727117538292074,-0.4828118954572681,-2.0465967198373933,-0.6680481276983005,-0.8138591909747389,0.3032660158989983,0.4182853355995317,-0.4701918936846217,0.04471167482107563
Qwen_2.5_7B_base,neutral_64,task_assistance,neutral,1,20,False,5669,]:,50.382442474365234,-2.179753065109253,-3.171515464782715,-1.1932265758514404,-0.9171431064605713,3.9587290287017822,0.773101806640625,-2.515476703643799,3.972620725631714,-2.3409132957458496,0.5290195941925049,-0.8923583066208325,-0.9938251213775084,-1.0115125743220221,-0.468359808624896,-0.36245654903592067,-1.4578709569742416,-0.94353009005161,0.35503315994349965,-0.31681371651621276,0.06856523693246122,-0.9430917139991705
Qwen_2.5_7B_base,neutral_65,task_assistance,neutral,1,25,False,5669,]:,48.76491928100586,-1.746740698814392,-2.7685234546661377,-0.929818868637085,-0.7853131294250488,4.06650447845459,1.061388611793518,-1.7233256101608276,4.009234428405762,-2.072169780731201,0.5448629856109619,0.10406292574024409,-0.4554488838682222,-0.5646610797519661,-0.3241597123961978,-0.16056167566853877,-0.7584900971131694,0.027314192448978033,0.39671050503291144,0.04667977449477881,0.1123438983439909,-0.17569297906398906
Qwen_2.5_7B_base,neutral_66,task_assistance,neutral,1,17,False,5669,]:,48.12818908691406,-0.995530366897583,-1.7635990381240845,-1.16621994972229,-1.043989658355713,2.8751444816589355,1.4229860305786133,-2.254021167755127,3.686009645462036,-2.3436479568481445,0.8162403106689453,1.8327016043437379,0.8870775503472291,-0.9656978509157516,-0.60710886556078,-2.3923266670436476,0.11874156647039795,-0.6230954984264443,0.028784023973903287,-0.3205125276698548,0.8622171871298535,1.3598895773454835
Qwen_2.5_7B_base,neutral_67,task_assistance,neutral,1,24,False,5669,]:,50.00053405761719,-1.404848575592041,-2.557621479034424,-0.6228544116020203,-0.7142590284347534,4.053594589233398,1.3661549091339111,-1.8895485401153564,4.327735900878906,-2.316587209701538,0.4337339401245117,0.8908038996083691,-0.17369488062872565,-0.04391881348873767,-0.24643832890931916,-0.18474566613647433,-0.019130156662352363,-0.17640525260954112,0.7592604460117841,-0.2839110660526338,-0.19472929872858316,0.35855450948982176
Qwen_2.5_7B_base,neutral_68,task_assistance,neutral,1,24,False,5669,]:,49.861534118652344,-1.5323078632354736,-1.9980733394622803,-0.20351877808570862,-0.2514437437057495,4.231708526611328,1.8114254474639893,-1.3312060832977295,4.1494550704956055,-1.8460644483566284,0.5856156349182129,0.5975024829392411,0.5738321534706032,0.6674527577719268,0.25980471303592634,0.14891372395988775,1.061091644689028,0.507887916128447,0.5563235363917507,0.35250228558515506,0.22495213912547765,0.5856673182049221
Qwen_2.5_7B_base,neutral_69,task_assistance,neutral,1,27,False,5669,]:,48.885868072509766,-1.3420873880386353,-2.828336000442505,-1.0544487237930298,-1.0045106410980225,3.792468547821045,1.0071876049041748,-2.184777021408081,4.172051906585693,-2.1216602325439453,0.6065574884414673,1.035226056373806,-0.5353553151188498,-0.7760863172039719,-0.56392537865143,-0.6739109554931022,-0.889981189060651,-0.5382312798061254,0.5820454946833608,-0.020259355553233955,0.28281893610786835,0.24993537062747812
Qwen_2.5_7B_base,neutral_70,task_assistance,neutral,1,27,False,5669,]:,48.82433319091797,-1.431241750717163,-2.284817695617676,-0.32981035113334656,-0.409299373626709,3.8987650871276855,1.477847695350647,-1.9502131938934326,3.9668099880218506,-1.8452810049057007,0.3818243741989136,0.8300695600579193,0.19075669857682814,0.4532085400732549,0.08713687574493942,-0.4747865130349432,0.25183540772798063,-0.250754619485204,0.34841880252423446,0.353561944996739,-0.33816647393015115,0.5104131293173737
Qwen_2.5_7B_base,neutral_71,task_assistance,neutral,1,28,False,5669,]:,49.58222961425781,-1.3557512760162354,-2.7117505073547363,-0.8112607002258301,-0.4424527883529663,3.720156192779541,0.915283203125,-1.6702598333358765,4.142786026000977,-1.8942949771881104,0.07602596282958984,1.003783563832582,-0.379603197108866,-0.363536005211359,0.05087254724135446,-0.8093731019975872,-1.1129403338860544,0.09235053015121658,0.5487321690139528,0.2872672852268913,-1.1831525478035365,0.312090183361858
Qwen_2.5_7B_base,neutral_72,task_assistance,neutral,1,21,False,5669,]:,49.950740814208984,-1.7066469192504883,-3.2378759384155273,-1.2143083810806274,-1.1958853006362915,4.344213485717773,0.8882023692131042,-2.084580898284912,3.996041774749756,-2.225949764251709,0.8782436847686768,0.19632424747781804,-1.0824792416004696,-1.0472762817492725,-0.7732574664034955,0.35966834872921316,-1.1786381617731538,-0.4154329474385584,0.38169331918695615,-0.16131788846068001,1.0335457019276597,-0.44307749706132576
Qwen_2.5_7B_base,neutral_73,task_assistance,neutral,1,19,False,5669,]:,49.78831481933594,-1.3803088665008545,-2.884866237640381,-0.5642406940460205,-0.6108787059783936,4.173007011413574,1.2781034708023071,-2.1072888374328613,4.153812408447266,-2.3328194618225098,0.4995332956314087,0.9472731579430649,-0.6108767538672158,0.055514978973877874,-0.13335742893810823,0.038948653022986085,-0.23274205131601716,-0.44326333619965363,0.5612834902812341,-0.3058662674278222,-0.012911679650037856,0.16819820203792452
Qwen_2.5_7B_base,neutral_74,task_assistance,neutral,1,28,False,5669,]:,51.47650909423828,-2.009887933731079,-2.6143906116485596,-0.5801180601119995,-0.44886040687561035,4.621798992156982,1.0220940113067627,-1.7917933464050293,4.423886775970459,-2.34195613861084,0.06559908390045166,-0.5014751893757236,-0.24953547115215272,0.028580213733144073,0.04386367696511154,0.8796670200379796,-0.8538183986001183,-0.056598473727087026,0.8687089010497704,-0.3182242309003479,-1.2119642327617188,-0.3755053302639381
Qwen_2.5_7B_base,neutral_75,task_assistance,neutral,1,20,False,5669,]:,49.492977142333984,-1.1602892875671387,-2.558816432952881,-1.047509789466858,-0.9269640445709229,4.198895454406738,1.3550896644592285,-1.8163073062896729,4.285696983337402,-2.1799025535583496,0.9306036233901978,1.4535685828534277,-0.17529127653352228,-0.7643149335676909,-0.4791022835339767,0.0874452627033125,-0.04597432780313139,-0.0866422848020844,0.7114075838094812,-0.09903597120088856,1.178227352711699,0.6391386531599528
Qwen_2.5_7B_base,neutral_76,task_assistance,neutral,1,28,False,5669,]:,51.30556869506836,-1.671194314956665,-2.616147041320801,-0.6936801671981812,-0.9460583925247192,4.223812103271484,1.7004197835922241,-1.925926685333252,4.3858537673950195,-2.2595057487487793,0.4759554862976074,0.2779055842029817,-0.2518819692827666,-0.16406941605422395,-0.4999883283796021,0.13412141834752855,0.7917930321253681,-0.2209895681313238,0.825415961437263,-0.20670459090254528,-0.07806218337663298,0.01301180746010755
Qwen_2.5_7B_base,neutral_77,task_assistance,neutral,1,24,False,5669,]:,49.586700439453125,-1.2290382385253906,-2.830467462539673,-1.0928258895874023,-0.8690745830535889,4.0118913650512695,0.877741813659668,-2.2989702224731445,4.037472248077393,-2.111011505126953,0.5200856924057007,1.295367755880497,-0.5382028369442453,-0.8411903115932584,-0.41578082881523887,-0.26286797677933127,-1.204015363250366,-0.6781841464581237,0.42885358988532146,-0.005856242966811297,0.04387896547212692,0.37858245946812585
Qwen_2.5_7B_base,neutral_78,task_assistance,neutral,1,27,False,5669,]:,49.47486114501953,-1.2409868240356445,-2.4908432960510254,-0.7480639219284058,-0.8189455270767212,3.785876750946045,1.4542534351348877,-2.2326412200927734,4.176460266113281,-2.2349369525909424,0.3716233968734741,1.2678724111147737,-0.08448272257152595,-0.256327392627993,-0.36094796865498624,-0.6862593149608107,0.1945959721987267,-0.5968926690433602,0.5870635263870458,-0.17347365885619323,-0.36635394469331417,0.5916948442716239
Qwen_2.5_7B_base,neutral_79,task_assistance,neutral,1,25,False,5669,]:,50.60517883300781,-1.1002964973449707,-2.467585563659668,-0.7852528095245361,-0.5669534206390381,4.237150192260742,1.4243965148925781,-1.9317371845245361,4.0262451171875,-2.0074267387390137,0.5304656028747559,1.5916202751814157,-0.05341160914117609,-0.31941556183712466,-0.08531046332950966,0.15910755195797005,0.12216338708337438,-0.22811079786229535,0.4160737568444057,0.1342490479380048,0.07256086658184616,0.7691043330201198
Qwen_2.5_7B_base,neutral_80,task_assistance,neutral,1,24,False,5669,]:,51.74591827392578,-1.7186287641525269,-2.8873133659362793,-0.7426288723945618,-1.0710386037826538,4.250551223754883,1.5050748586654663,-2.010805368423462,4.90327262878418,-2.4211316108703613,0.47410690784454346,0.16875236826012685,-0.6141459892157459,-0.24710723717793215,-0.6366959186814727,0.18421159525082892,0.3178882292596396,-0.32501515726734526,1.414393388139153,-0.4253143268696913,-0.08317019895561173,-0.22269681047780954
Qwen_2.5_7B_base,neutral_81,philosophical_musing,neutral,1,13,False,5669,]:,52.473289489746094,-1.9818549156188965,-2.4428064823150635,-0.9051777124404907,-1.2563402652740479,4.947535514831543,1.4340059757232666,-2.1670644283294678,4.660841464996338,-3.3261470794677734,0.44379210472106934,-0.43696734473111926,-0.020308053119344305,-0.522859199348285,-0.8393851553730384,1.4898665983960233,0.1454758414116392,-0.5165230856748491,1.1384342114350878,-1.649407983907297,-0.16693644992089937,-0.22863769892523178
Qwen_2.5_7B_base,neutral_82,philosophical_musing,neutral,1,12,False,5669,]:,53.616451263427734,-2.1937127113342285,-3.1542773246765137,-1.2699856758117676,-1.4415605068206787,5.105642795562744,1.1675667762756348,-2.4114882946014404,5.0058207511901855,-3.591604471206665,0.31608736515045166,-0.9244813797188026,-0.970795868243309,-1.1417286522867112,-1.0419853321699293,1.7860476813318928,-0.500902949013936,-0.8160840091262969,1.5311238240680685,-2.0084567744709783,-0.5198118164788837,-0.9476386239810558
Qwen_2.5_7B_base,neutral_83,philosophical_musing,neutral,1,25,False,5669,]:,51.09931182861328,-1.7776697874069214,-3.152522563934326,-1.112512469291687,-1.8221423625946045,4.351526737213135,1.0164828300476074,-2.9321959018707275,5.15131950378418,-2.922774314880371,0.9175393581390381,0.032890823116765916,-0.9684515997159141,-0.8745871231629113,-1.458278662864426,0.37336820326887216,-0.8674310673165483,-1.454252671053185,1.6967449238885723,-1.1038194722342332,1.1421280082017449,-0.4677803882995741
Qwen_2.5_7B_base,neutral_84,philosophical_musing,neutral,1,15,False,5669,]:,50.59122085571289,-1.8864833116531372,-2.481717586517334,-1.2429280281066895,-1.597599983215332,4.2073540687561035,1.2710134983062744,-2.195971965789795,4.094552040100098,-3.160853862762451,0.5079151391983032,-0.2175041179208639,-0.07229125217009005,-1.0958273745889975,-1.212666599189506,0.10329071616089945,-0.2499422525463056,-0.5519515761426634,0.49382746604428635,-1.4258379067749094,0.01024913748990884,-0.14489768504547698
Qwen_2.5_7B_base,neutral_85,philosophical_musing,neutral,1,13,False,5669,]:,53.160804748535156,-1.8706369400024414,-2.8534412384033203,-1.268263816833496,-1.5078026056289673,4.512625694274902,1.1865715980529785,-2.606457471847534,4.621280670166016,-3.503756523132324,0.48733270168304443,-0.18103942915517188,-0.5688945993126213,-1.1388076471801547,-1.1144431846049052,0.6751535691402455,-0.4547974445004848,-1.0550342706994482,1.0934021940963925,-1.8896365777419375,-0.046624516591171436,-0.3749670142338966
Qwen_2.5_7B_base,neutral_86,philosophical_musing,neutral,1,12,False,5669,]:,51.68922424316406,-2.0184292793273926,-2.6827707290649414,-1.418530821800232,-1.8466789722442627,4.347230911254883,1.397932767868042,-2.1645307540893555,4.357107639312744,-3.4551427364349365,0.594070315361023,-0.5211300047287454,-0.340887729784837,-1.393724393785861,-1.4851176379759314,0.36532086744388764,0.05796260571445214,-0.5134178660141443,0.7926942695760777,-1.8238831956112693,0.2483142200507314,-0.4310088672567912
Qwen_2.5_7B_base,neutral_87,philosophical_musing,neutral,1,14,False,5669,]:,51.775840759277344,-2.3875808715820312,-2.6673760414123535,-0.827157199382782,-0.7981562614440918,5.407444000244141,1.3866429328918457,-1.8881688117980957,4.247060298919678,-3.2765731811523438,0.16236305236816406,-1.3705987800199009,-0.3203212326633845,-0.390503228311384,-0.3382079654162589,2.3514094231852276,0.03057358078438579,-0.17471428562200955,0.6674274805261393,-1.5823559869103938,-0.9445847998803925,-0.8454600063416426
Qwen_2.5_7B_base,neutral_88,philosophical_musing,neutral,1,15,False,5669,]:,52.470149993896484,-1.8892269134521484,-2.302539587020874,-0.6035491228103638,-0.9757449626922607,5.232419013977051,1.8470350503921509,-1.8315207958221436,5.073403358459473,-2.8819124698638916,0.5760931968688965,-0.2238175244156273,0.16708117902386724,-0.011168833463900667,-0.5324605048232497,2.023536540079014,1.1474801795441034,-0.10528762841265815,1.6080530454196098,-1.048551107178501,0.19863961675178693,-0.02836817269588003
Qwen_2.5_7B_base,neutral_89,philosophical_musing,neutral,1,12,False,5669,]:,51.518898010253906,-1.6015392541885376,-2.523871660232544,-0.9296700954437256,-1.387221097946167,4.714615821838379,1.6649768352508545,-1.7302095890045166,4.5904974937438965,-3.0914790630340576,0.5737853050231934,0.4381914949372289,-0.12860688879007845,-0.5644086971451409,-0.9825470453332125,1.053540032100258,0.7058087996043817,0.018877327870700313,1.0583617319336232,-1.3320038727142638,0.19226242054304066,0.15479230307357522
Qwen_2.5_7B_base,neutral_90,philosophical_musing,neutral,1,22,False,5669,]:,49.45820236206055,-1.6004548072814941,-2.428600788116455,-0.755378007888794,-1.1526983976364136,4.583359241485596,1.3828985691070557,-1.8831762075424194,4.134230613708496,-2.4520952701568604,0.8663568496704102,0.44068695697863075,-0.0013299890340492224,-0.26873519298196535,-0.7260181684195187,0.8076581477774286,0.02148979229101278,-0.1685954513032943,0.5389935508606247,-0.46719473692502217,1.0006998474463102,0.21967848397229076
Qwen_2.5_7B_base,neutral_91,philosophical_musing,neutral,1,21,False,5669,]:,51.77958679199219,-1.6016188859939575,-2.5765788555145264,-0.6575280427932739,-1.0819008350372314,5.360978603363037,1.9011560678482056,-1.8002554178237915,5.031408309936523,-2.3774337768554688,1.320571780204773,0.4380082511597576,-0.19902094359323008,-0.10274003813640509,-0.6485773953182046,2.2643661731612936,1.2787772179392434,-0.06696941649621865,1.560250119281854,-0.3662100979366643,2.2557923416429797,0.11949365378326376
Qwen_2.5_7B_base,neutral_92,philosophical_musing,neutral,1,15,False,5669,]:,53.07587432861328,-2.0063843727111816,-2.468930721282959,-0.8227146863937378,-1.4110612869262695,5.0159759521484375,1.7937912940979004,-2.062962293624878,5.055309295654297,-3.060516595840454,0.6959179639816284,-0.4934130118010507,-0.05520866933568182,-0.3829668369514083,-1.0086242519166195,1.6180755129215012,1.01831136781317,-0.3889376248889772,1.5874565899271234,-1.290125075043917,0.5297409428247224,-0.27431084056836624
Qwen_2.5_7B_base,neutral_93,philosophical_musing,neutral,1,19,False,5669,]:,51.09944534301758,-1.7509130239486694,-2.5460774898529053,-0.9694019556045532,-1.355366826057434,4.424513816833496,1.6695280075073242,-2.2044436931610107,4.808897018432617,-2.768099784851074,0.783615231513977,0.09446182961525089,-0.15827271516297362,-0.6318108293100372,-0.9477037632896095,0.5100943058386644,0.7168498972516276,-0.5623343530508991,1.3069657153653982,-0.8946118755866675,0.7720671519432072,-0.03190544277386136
Qwen_2.5_7B_base,neutral_94,philosophical_musing,neutral,1,19,False,5669,]:,51.50273513793945,-1.5859379768371582,-2.542354106903076,-0.7685127854347229,-1.296593427658081,4.624272346496582,1.547693133354187,-2.210526466369629,5.017286777496338,-2.786428689956665,0.9698801040649414,0.47409218788483565,-0.1532984703814075,-0.29101736171314546,-0.8834154284551837,0.8843003346038798,0.4212797305868856,-0.5697892762845077,1.5441755915474424,-0.9194029396719804,1.2867566254842546,0.16039685875171406
Qwen_2.5_7B_base,neutral_95,philosophical_musing,neutral,1,15,False,5669,]:,52.57027053833008,-1.9606260061264038,-2.7061004638671875,-0.9386675357818604,-1.204075813293457,5.203878402709961,1.6410330533981323,-2.155703067779541,4.9803361892700195,-3.0764660835266113,0.7442518472671509,-0.38811669333012166,-0.372055034668349,-0.5796721824277815,-0.7822165267013471,1.9700716451441018,0.6477214281355362,-0.5025988330643699,1.5021147700493067,-1.3116978187008648,0.6632977461109317,-0.38008586399923533
Qwen_2.5_7B_base,neutral_96,philosophical_musing,neutral,1,16,False,5669,]:,52.28402328491211,-1.8767203092575073,-2.9742538928985596,-0.8270710706710815,-1.2076292037963867,4.832775115966797,1.5639501810073853,-2.259467363357544,4.774864673614502,-2.932260036468506,0.9341849088668823,-0.19503810162244412,-0.7302939837615606,-0.39035711738716034,-0.7861033456478643,1.2748868766734092,0.4607191629967949,-0.6297702450820835,1.2682267277262729,-1.1166495420301183,1.1881232064566967,-0.4626660426920024
Qwen_2.5_7B_base,neutral_97,philosophical_musing,neutral,1,18,False,5669,]:,50.058494567871094,-1.6700196266174316,-2.3142013549804688,-0.52326899766922,-0.9496207237243652,5.177267551422119,1.957902193069458,-1.5598196983337402,4.7160139083862305,-2.6404457092285156,1.1233561038970947,0.2806087042377155,0.15150166727380365,0.12502040064381026,-0.5038849269631628,1.9202217538814852,1.4164427410975977,0.22770371530429867,1.2012369543528691,-0.7219512419438586,1.7108434673721882,0.21605518575575958
Qwen_2.5_7B_base,neutral_98,philosophical_musing,neutral,1,14,False,5669,]:,52.347496032714844,-1.9698312282562256,-2.4908666610717773,-0.7505656480789185,-0.9872910976409912,5.002265453338623,1.7556933164596558,-1.9380711317062378,4.705106258392334,-2.9986624717712402,0.6835362911224365,-0.40929918023514594,-0.08451393701659181,-0.26057138412385256,-0.5450900584962192,1.5923917470234237,0.9258860611971693,-0.23587355481309158,1.1888207861298516,-1.2064632553712822,0.49552774632568153,-0.24690655862586888
Qwen_2.5_7B_base,neutral_99,philosophical_musing,neutral,1,22,False,5669,]:,49.846763610839844,-1.5893683433532715,-2.348937749862671,-0.9148634672164917,-1.0280554294586182,4.6581196784973145,1.636512041091919,-1.5985866785049438,4.323543548583984,-2.4859437942504883,0.9808788299560547,0.46619844096789836,0.10509566141798796,-0.5392903586467978,-0.5896794660269242,0.9477062663238129,0.6367534982211405,0.18019169220837175,0.754488295147663,-0.512977118641998,1.317148445267507,0.28564705119294315
Qwen_2.5_7B_base,neutral_100,philosophical_musing,neutral,1,17,False,5669,]:,49.45967102050781,-1.6111589670181274,-2.3708314895629883,-0.6742554903030396,-0.7495676279067993,4.51625919342041,1.4431169033050537,-1.7436444759368896,3.996541976928711,-2.6607372760772705,0.6568121910095215,0.4160552077114446,0.07584677084704386,-0.13111690303200282,-0.28506007152099877,0.6819601735343384,0.16757885914393822,0.0024118034629925754,0.3822626988794565,-0.7493969366670774,0.4216833717552103,0.24595098927924425
Qwen_2.5_7B_base,userpain_01,user_physical_pain,user_suffering,1,22,False,5669,]:,50.13921356201172,-2.5103042125701904,-3.782701015472412,-1.1876171827316284,-1.467050313949585,3.501220941543579,0.7179470062255859,-3.215805768966675,4.046929359436035,-2.4495034217834473,0.27645623683929443,-1.6530021296360653,-1.8103370346166165,-1.001996658004588,-1.0698669469854185,-1.2195027273002086,-1.5916759423230438,-1.8018391607974815,0.4396186112784191,-0.4636890894924814,-0.6293210561275252,-1.731669582126341
Qwen_2.5_7B_base,userpain_02,user_physical_pain,user_suffering,1,20,False,5669,]:,50.203216552734375,-2.1246657371520996,-3.6953132152557373,-1.1818044185638428,-1.2945698499679565,3.5656299591064453,0.5988290309906006,-3.199131727218628,4.104367256164551,-2.6705517768859863,0.5538845062255859,-0.7655947601655151,-1.6935915064081126,-0.9921357378992983,-0.8812019706043676,-1.098845838608045,-1.8806549398202448,-1.781403794072061,0.5050001177034161,-0.7626717022415913,0.13727227926782873,-1.229593133286814
Qwen_2.5_7B_base,userpain_03,user_physical_pain,user_suffering,1,21,False,5669,]:,49.552242279052734,-2.865428924560547,-3.972710132598877,-1.3819897174835205,-1.1597235202789307,3.866455078125,0.3273971676826477,-3.3059072494506836,3.8697779178619385,-2.512310266494751,0.1508159637451172,-2.4701931170231224,-2.0641792721870718,-1.331735140510614,-0.7337024856275571,-0.5353125900873494,-2.5391458820377717,-1.912265704284439,0.23796728392882138,-0.5486395272444495,-0.9764918625644833,-2.267186194605097
Qwen_2.5_7B_base,userpain_04,user_physical_pain,user_suffering,1,22,False,5669,]:,51.00812911987305,-2.486696720123291,-3.872507333755493,-1.2390291690826416,-1.301415205001831,3.8912158012390137,0.6222086548805237,-3.4269185066223145,4.278924465179443,-2.6983087062835693,0.3296184539794922,-1.5986780304927253,-1.930313576404182,-1.089213251561094,-0.8886896519102538,-0.4889285288836673,-1.8239362098364325,-2.0605746419477455,0.7036984324533493,-0.8002147966895564,-0.4824225390994331,-1.7644958034484537
Qwen_2.5_7B_base,userpain_05,user_physical_pain,user_suffering,1,27,False,5669,]:,51.4742431640625,-2.550705909729004,-3.5184555053710938,-1.0931378602981567,-1.0784754753112793,4.041116714477539,0.7098380327224731,-2.998436212539673,4.303278923034668,-2.5903382301330566,0.28412067890167236,-1.7459720122676639,-1.457318860718042,-0.8417195465949102,-0.6448306207741484,-0.20812036742054532,-1.6113482296418822,-1.5354354497087708,0.7314210900267099,-0.6541775414280494,-0.6081425719826319,-1.601645436492853
Qwen_2.5_7B_base,userpain_06,user_physical_pain,user_suffering,1,26,False,5669,]:,49.58544921875,-2.0605998039245605,-3.7196614742279053,-1.0154898166656494,-1.261425256729126,3.878072738647461,1.0832643508911133,-2.9408481121063232,4.268796920776367,-1.9976441860198975,0.882818341255188,-0.6181702034832767,-1.7261195062846995,-0.7099954421085102,-0.8449472913426653,-0.5135493211296489,-0.7054197763537489,-1.464856644092328,0.6921702577259757,0.14748060159494344,1.0461864511275893,-1.1721448548839881
Qwen_2.5_7B_base,userpain_07,user_physical_pain,user_suffering,1,23,False,5669,]:,49.87739181518555,-2.558328151702881,-4.045863151550293,-1.3156919479370117,-1.3558048009872437,3.7209181785583496,0.43170976638793945,-3.3494374752044678,4.199850082397461,-2.2591805458068848,0.43796348571777344,-1.7635118433028656,-2.161907877511321,-1.219265927966236,-0.9481828351095741,-0.8079456802362013,-2.2860845775560814,-1.9656154643702397,0.613688133323678,-0.20626473227886893,-0.18304216435428988,-1.9627098604070934
Qwen_2.5_7B_base,userpain_08,user_physical_pain,user_suffering,1,29,False,5669,]:,49.38022232055664,-1.7241278886795044,-3.70095157623291,-1.371145486831665,-1.6099607944488525,3.2608699798583984,0.23436111211776733,-3.4583122730255127,4.1559929847717285,-2.3324294090270996,0.9722294807434082,0.1560981235673858,-1.7011240616260965,-1.3133387134451724,-1.2261872733898675,-1.6697502287901653,-2.764850407447944,-2.099050204084124,0.5637656383592171,-0.305338695061008,1.2932484531124557,-0.7725129690293554
Qwen_2.5_7B_base,userpain_09,user_physical_pain,user_suffering,1,25,False,5669,]:,50.045448303222656,-2.4881091117858887,-3.9631853103637695,-1.3888187408447266,-1.0423924922943115,3.7330050468444824,0.6058369874954224,-3.0312747955322266,4.033510208129883,-2.2423243522644043,0.5670373439788818,-1.6019281386895514,-2.0514546081015514,-1.3433200684069166,-0.6053618311993523,-0.7853034481913896,-1.8636537085512248,-1.5756817496962707,0.42434360336007326,-0.183465608602976,0.17361636844633138,-1.8266913733955514
Qwen_2.5_7B_base,userpain_10,user_physical_pain,user_suffering,1,24,False,5669,]:,49.79424285888672,-2.1195993423461914,-3.5053787231445312,-1.0113122463226318,-1.1077134609222412,3.982072114944458,0.8999921083450317,-2.6583523750305176,3.9709582328796387,-2.168792247772217,0.8186115026473999,-0.753936286299452,-1.4398489639530208,-0.7029085061521153,-0.6768121202285399,-0.3187281354521386,-1.150036374441083,-1.118635609459961,0.3531407459321532,-0.08400854314860269,0.8687692950734575,-1.0968926251262363
Qwen_2.5_7B_base,userpain_11,user_physical_pain,user_suffering,1,25,False,5669,]:,50.058143615722656,-2.612856388092041,-3.9673640727996826,-1.160415530204773,-0.8707346320152283,4.044136047363281,0.6747978329658508,-2.9560203552246094,4.064884185791016,-2.1258249282836914,0.7128036022186279,-1.888988842877434,-2.0570372160471564,-0.9558510868861653,-0.4175966466238717,-0.20246427568519154,-1.6963553981888202,-1.483451436935865,0.46005657404429906,-0.02589238373386334,0.5763995539497371,-1.9730130294622952
Qwen_2.5_7B_base,userpain_12,user_physical_pain,user_suffering,1,29,False,5669,]:,50.213226318359375,-2.443180561065674,-3.7282657623291016,-1.3195881843566895,-1.273501992225647,3.8623526096343994,0.2668202519416809,-3.2877495288848877,4.484763145446777,-2.4249205589294434,0.4899240732192993,-1.4985413410793675,-1.7376143849375738,-1.2258756019417756,-0.8581572338753688,-0.5429977109409685,-2.686104864070196,-1.8900119709505152,0.9380044179253109,-0.43043913130331635,-0.03946400568281779,-1.6180778630084707
Qwen_2.5_7B_base,userpain_13,user_physical_pain,user_suffering,1,30,False,5669,]:,49.13179016113281,-2.287322521209717,-3.7116189002990723,-1.1326261758804321,-1.0811998844146729,3.840681791305542,0.593895435333252,-3.04960036277771,4.029054164886475,-1.8621649742126465,0.5680835247039795,-1.1398904751110215,-1.715375048372388,-0.9087085235789221,-0.6478106717740043,-0.5835934786441622,-1.8926237927520098,-1.598141192509929,0.4192712933253585,0.33072525275071535,0.1765071883806267,-1.4276327617417048
Qwen_2.5_7B_base,userpain_14,user_physical_pain,user_suffering,1,23,False,5669,]:,49.97825241088867,-2.5365467071533203,-4.110252380371094,-1.3870012760162354,-1.5423451662063599,3.96431827545166,0.6374201774597168,-3.154230833053589,4.2814249992370605,-2.483480453491211,0.57662034034729,-1.7133897324578868,-2.24792851781791,-1.3402368751187306,-1.1522270079147088,-0.3519862585627765,-1.7870332106319076,-1.7263741706354188,0.7065447881325407,-0.5096452863107487,0.20009622634037558,-1.9806591251378984
Qwen_2.5_7B_base,userpain_15,user_physical_pain,user_suffering,1,32,False,5669,]:,51.044944763183594,-2.378213882446289,-3.6637308597564697,-0.9032750725746155,-0.8780099153518677,4.268741607666016,0.853887140750885,-2.7319352626800537,4.6544952392578125,-2.160536766052246,0.7637953758239746,-1.3490440449022592,-1.6513991321214418,-0.5196315129730984,-0.4255545980763836,0.2182874934694448,-1.2618865573266997,-1.2088173012510244,1.1312103083583602,-0.07284245465636127,0.7173006736961843,-1.5002215885118506
Qwen_2.5_7B_base,userpain_16,user_physical_pain,user_suffering,1,35,False,5669,]:,50.22391891479492,-2.0953011512756348,-3.6417367458343506,-0.9089668989181519,-0.959968090057373,4.116978645324707,0.9769923686981201,-2.6198339462280273,4.184627056121826,-1.8207175731658936,0.7012548446655273,-0.6980227942718772,-1.6220161468426129,-0.5292872710955161,-0.5152032269013571,-0.06600882943185726,-0.9632345252662355,-1.0714282058706006,0.5963597761424829,0.38678562131066235,0.5444878796568176,-1.160019470557245
Qwen_2.5_7B_base,userpain_17,user_physical_pain,user_suffering,1,32,False,5669,]:,49.61299514770508,-2.247978687286377,-3.591754913330078,-0.9300163984298706,-1.1073291301727295,3.8041422367095947,0.7982134819030762,-2.9011716842651367,4.296698570251465,-2.0421242713928223,0.4870936870574951,-1.049354881822657,-1.5552430340960715,-0.5649961742868292,-0.6763917262308355,-0.6520427290529468,-1.3969502879609972,-1.4162300204133806,0.7239306803446272,0.08731832563531668,-0.047284964855558644,-1.3022989579593642
Qwen_2.5_7B_base,userpain_18,user_physical_pain,user_suffering,2,56,False,5669,]:,43.87495422363281,-1.2078443765640259,-1.9782809019088745,0.10644762217998505,1.2074090242385864,2.9852454662323,0.9003791809082031,-0.7331642508506775,1.4595177173614502,-0.33872711658477783,1.0636415481567383,1.3441377580740446,0.6002738143314664,1.1932875964333098,1.855547307031762,-2.186075388213012,-1.1490973403360851,1.240835832888315,-2.5056297445240325,2.3912763517317495,1.5458394446822294,0.9722057862027556
Qwen_2.5_7B_base,userpain_19,user_physical_pain,user_suffering,2,51,False,5669,]:,43.378421783447266,-1.641959309577942,-2.240880012512207,0.24478474259376526,1.2961784601211548,3.2118330001831055,0.9488246440887451,-0.7778394222259521,1.6130781173706055,-0.43322113156318665,0.8846235871315002,0.3451793674826805,0.24945514400842542,1.4279661852458645,1.9526463241466965,-1.7616108039449838,-1.031569138940929,1.18608285071579,-2.3308320786680117,2.2634669071679445,1.0511747295773388,0.29731725574555296
Qwen_2.5_7B_base,userpain_20,user_physical_pain,user_suffering,2,56,False,5669,]:,44.34391403198242,-1.365380883216858,-2.1355857849121094,0.2843181788921356,1.127060890197754,3.481675863265991,1.3250823020935059,-0.4357128143310547,1.7408170700073242,-0.12366992235183716,1.325385570526123,0.9816245082931299,0.3901227221829614,1.4950317061535008,1.7676597952455586,-1.256116363456307,-0.1187718839811592,1.6053862688372749,-2.185426943239477,2.6821555206467633,2.269093868507927,0.6858736152380456
